{"type": "FeatureCollection", "features": [{"type": "Feature", "properties": {"lsoa_code": "S0000", "overall_norm": 13.6, "overall_score_raw": 8.16, "overall_decile": 9, "income_norm": 56.7, "income_score_raw": 34.02, "income_decile": 5, "employment_norm": 60.7, "employment_score_raw": 36.42, "employment_decile": 4, "education_norm": 19.5, "education_score_raw": 11.7, "education_decile": 9, "health_norm": 31.4, "health_score_raw": 18.84, "health_decile": 7, "crime_norm": 46.0, "crime_score_raw": 27.6, "crime_decile": 6, "housing_norm": 72.7, "housing_score_raw": 43.62, "housing_decile": 3, "environment_norm": 21.8, "environment_score_raw": 13.08, "environment_decile": 8}, "geometry": {"type": "Polygon", "coordinates": [[[-0.18, 51.46], [-0.16896, 51.46], [-0.16896, 51.47104], [-0.18, 51.47104], [-0.18, 51.46]]]}}, {"type": "Feature", "properties": {"lsoa_code": "S0001", "overall_norm": 13.5, "overall_score_raw": 8.1, "overall_decile": 9, "income_norm": 64.5, "income_score_raw": 38.7, "income_decile": 4, "employment_norm": 62.5, "employment_score_raw": 37.5, "employment_decile": 4, "education_norm": 17.6, "education_score_raw": 10.56, "education_decile": 9, "health_norm": 30.4, "health_score_raw": 18.24, "health_decile": 7, "crime_norm": 48.9, "crime_score_raw": 29.34, "crime_decile": 6, "housing_norm": 81.8, "housing_score_raw": 49.08, "housing_decile": 2, "environment_norm": 26.5, "environment_score_raw": 15.9, "environment_decile": 8}, "geometry": {"type": "Polygon", "coordinates": [[[-0.16799999999999998, 51.46], [-0.15696, 51.46], [-0.15696, 51.47104], [-0.16799999999999998, 51.47104], [-0.16799999999999998, 51.46]]]}}, {"type": "Feature", "properties": {"lsoa_code": "S0002", "overall_norm": 14.1, "overall_score_raw": 8.46, "overall_decile": 9, "income_norm": 72.8, "income_score_raw": 43.68, "income_decile": 3, "employment_norm": 63.7, "employment_score_raw": 38.22, "employment_decile": 4, "education_norm": 21.7, "education_score_raw": 13.02, "education_decile": 8, "health_norm": 35.1, "health_score_raw": 21.06, "health_decile": 7, "crime_norm": 56.1, "crime_score_raw": 33.66, "crime_decile": 5, "housing_norm": 89.3, "housing_score_raw": 53.58, "housing_decile": 2, "environment_norm": 31.4, "environment_score_raw": 18.84, "environment_decile": 7}, "geometry": {"type": "Polygon", "coordinates": [[[-0.156, 51.46], [-0.14496, 51.46], [-0.14496, 51.47104], [-0.156, 51.47104], [-0.156, 51.46]]]}}, {"type": "Feature", "properties": {"lsoa_code": "S0003", "overall_norm": 15.3, "overall_score_raw": 9.18, "overall_decile": 9, "income_norm": 80.6, "income_score_raw": 48.36, "income_decile": 2, "employment_norm": 64.3, "employment_score_raw": 38.58, "employment_decile": 4, "education_norm": 30.7, "education_score_raw": 18.42, "education_decile": 7, "health_norm": 44.4, "health_score_raw": 26.64, "health_decile": 6, "crime_norm": 66.4, "crime_score_raw": 39.84, "crime_decile": 4, "housing_norm": 93.9, "housing_score_raw": 56.34, "housing_decile": 1, "environment_norm": 36.3, "environment_score_raw": 21.78, "environment_decile": 7}, "geometry": {"type": "Polygon", "coordinates": [[[-0.144, 51.46], [-0.13296, 51.46], [-0.13296, 51.47104], [-0.144, 51.47104], [-0.144, 51.46]]]}}, {"type": "Feature", "properties": {"lsoa_code": "S0004", "overall_norm": 17.1, "overall_score_raw": 10.26, "overall_decile": 9, "income_norm": 87.1, "income_score_raw": 52.26, "income_decile": 2, "employment_norm": 64.3, "employment_score_raw": 38.58, "employment_decile": 4, "education_norm": 42.4, "education_score_raw": 25.44, "education_decile": 6, "health_norm": 56.2, "health_score_raw": 33.72, "health_decile": 5, "crime_norm": 77.6, "crime_score_raw": 46.56, "crime_decile": 3, "housing_norm": 95.1, "housing_score_raw": 57.06, "housing_decile": 1, "environment_norm": 41.1, "environment_score_raw": 24.66, "environment_decile": 6}, "geometry": {"type": "Polygon", "coordinates": [[[-0.132, 51.46], [-0.12096000000000001, 51.46], [-0.12096000000000001, 51.47104], [-0.132, 51.47104], [-0.132, 51.46]]]}}, {"type": "Feature", "properties": {"lsoa_code": "S0005", "overall_norm": 19.4, "overall_score_raw": 11.64, "overall_decile": 9, "income_norm": 91.5, "income_score_raw": 54.9, "income_decile": 1, "employment_norm": 63.7, "employment_score_raw": 38.22, "employment_decile": 4, "education_norm": 54.3, "education_score_raw": 32.58, "education_decile": 5, "health_norm": 67.7, "health_score_raw": 40.62, "health_decile": 4, "crime_norm": 87.4, "crime_score_raw": 52.44, "crime_decile": 2, "housing_norm": 92.7, "housing_score_raw": 55.62, "housing_decile": 1, "environment_norm": 45.6, "environment_score_raw": 27.36, "environment_decile": 6}, "geometry": {"type": "Polygon", "coordinates": [[[-0.12, 51.46], [-0.10896, 51.46], [-0.10896, 51.47104], [-0.12, 51.47104], [-0.12, 51.46]]]}}, {"type": "Feature", "properties": {"lsoa_code": "S0006", "overall_norm": 22.2, "overall_score_raw": 13.32, "overall_decile": 8, "income_norm": 93.4, "income_score_raw": 56.04, "income_decile": 1, "employment_norm": 62.4, "employment_score_raw": 37.44, "employment_decile": 4, "education_norm": 63.3, "education_score_raw": 37.98, "education_decile": 4, "health_norm": 76.3, "health_score_raw": 45.78, "health_decile": 3, "crime_norm": 94.0, "crime_score_raw": 56.4, "crime_decile": 1, "housing_norm": 87.0, "housing_score_raw": 52.2, "housing_decile": 2, "environment_norm": 49.6, "environment_score_raw": 29.76, "environment_decile": 6}, "geometry": {"type": "Polygon", "coordinates": [[[-0.10799999999999998, 51.46], [-0.09695999999999999, 51.46], [-0.09695999999999999, 51.47104], [-0.10799999999999998, 51.47104], [-0.10799999999999998, 51.46]]]}}, {"type": "Feature", "properties": {"lsoa_code": "S0007", "overall_norm": 25.4, "overall_score_raw": 15.24, "overall_decile": 8, "income_norm": 92.6, "income_score_raw": 55.56, "income_decile": 1, "employment_norm": 60.6, "employment_score_raw": 36.36, "employment_decile": 4, "education_norm": 67.4, "education_score_raw": 40.44, "education_decile": 4, "health_norm": 80.0, "health_score_raw": 48.0, "health_decile": 3, "crime_norm": 96.0, "crime_score_raw": 57.6, "crime_decile": 1, "housing_norm": 78.8, "housing_score_raw": 47.28, "housing_decile": 3, "environment_norm": 52.9, "environment_score_raw": 31.74, "environment_decile": 5}, "geometry": {"type": "Polygon", "coordinates": [[[-0.09599999999999999, 51.46], [-0.08495999999999998, 51.46], [-0.08495999999999998, 51.47104], [-0.09599999999999999, 51.47104], [-0.09599999999999999, 51.46]]]}}, {"type": "Feature", "properties": {"lsoa_code": "S0008", "overall_norm": 28.9, "overall_score_raw": 17.34, "overall_decile": 8, "income_norm": 89.1, "income_score_raw": 53.46, "income_decile": 2, "employment_norm": 58.2, "employment_score_raw": 34.92, "employment_decile": 5, "education_norm": 65.6, "education_score_raw": 39.36, "education_decile": 4, "health_norm": 78.0, "health_score_raw": 46.8, "health_decile": 3, "crime_norm": 92.9, "crime_score_raw": 55.74, "crime_decile": 1, "housing_norm": 69.4, "housing_score_raw": 41.64, "housing_decile": 4, "environment_norm": 55.4, "environment_score_raw": 33.24, "environment_decile": 5}, "geometry": {"type": "Polygon", "coordinates": [[[-0.08399999999999999, 51.46], [-0.07296, 51.46], [-0.07296, 51.47104], [-0.08399999999999999, 51.47104], [-0.08399999999999999, 51.46]]]}}, {"type": "Feature", "properties": {"lsoa_code": "S0009", "overall_norm": 32.7, "overall_score_raw": 19.62, "overall_decile": 7, "income_norm": 83.4, "income_score_raw": 50.04, "income_decile": 2, "employment_norm": 55.3, "employment_score_raw": 33.18, "employment_decile": 5, "education_norm": 58.4, "education_score_raw": 35.04, "education_decile": 5, "health_norm": 70.8, "health_score_raw": 42.48, "health_decile": 3, "crime_norm": 85.5, "crime_score_raw": 51.3, "crime_decile": 2, "housing_norm": 60.1, "housing_score_raw": 36.06, "housing_decile": 4, "environment_norm": 57.0, "environment_score_raw": 34.2, "environment_decile": 5}, "geometry": {"type": "Polygon", "coordinates": [[[-0.072, 51.46], [-0.06095999999999999, 51.46], [-0.06095999999999999, 51.47104], [-0.072, 51.47104], [-0.072, 51.46]]]}}, {"type": "Feature", "properties": {"lsoa_code": "S0010", "overall_norm": 36.6, "overall_score_raw": 21.96, "overall_decile": 7, "income_norm": 76.1, "income_score_raw": 45.66, "income_decile": 3, "employment_norm": 52.1, "employment_score_raw": 31.26, "employment_decile": 5, "education_norm": 47.4, "education_score_raw": 28.44, "education_decile": 6, "health_norm": 59.9, "health_score_raw": 35.94, "health_decile": 5, "crime_norm": 75.2, "crime_score_raw": 45.12, "crime_decile": 3, "housing_norm": 52.2, "housing_score_raw": 31.32, "housing_decile": 5, "environment_norm": 57.7, "environment_score_raw": 34.62, "environment_decile": 5}, "geometry": {"type": "Polygon", "coordinates": [[[-0.06, 51.46], [-0.04896, 51.46], [-0.04896, 51.47104], [-0.06, 51.47104], [-0.06, 51.46]]]}}, {"type": "Feature", "properties": {"lsoa_code": "S0011", "overall_norm": 40.5, "overall_score_raw": 24.3, "overall_decile": 6, "income_norm": 67.9, "income_score_raw": 40.74, "income_decile": 4, "employment_norm": 48.5, "employment_score_raw": 29.1, "employment_decile": 6, "education_norm": 35.2, "education_score_raw": 21.12, "education_decile": 7, "health_norm": 47.9, "health_score_raw": 28.74, "health_decile": 6, "crime_norm": 64.0, "crime_score_raw": 38.4, "crime_decile": 4, "housing_norm": 47.0, "housing_score_raw": 28.2, "housing_decile": 6, "environment_norm": 57.3, "environment_score_raw": 34.38, "environment_decile": 5}, "geometry": {"type": "Polygon", "coordinates": [[[-0.04799999999999999, 51.46], [-0.036959999999999986, 51.46], [-0.036959999999999986, 51.47104], [-0.04799999999999999, 51.47104], [-0.04799999999999999, 51.46]]]}}, {"type": "Feature", "properties": {"lsoa_code": "S0012", "overall_norm": 44.4, "overall_score_raw": 26.64, "overall_decile": 6, "income_norm": 59.8, "income_score_raw": 35.88, "income_decile": 5, "employment_norm": 44.7, "employment_score_raw": 26.82, "employment_decile": 6, "education_norm": 24.8, "education_score_raw": 14.88, "education_decile": 8, "health_norm": 37.6, "health_score_raw": 22.56, "health_decile": 7, "crime_norm": 54.2, "crime_score_raw": 32.52, "crime_decile": 5, "housing_norm": 45.2, "housing_score_raw": 27.12, "housing_decile": 6, "environment_norm": 56.0, "environment_score_raw": 33.6, "environment_decile": 5}, "geometry": {"type": "Polygon", "coordinates": [[[-0.035999999999999976, 51.46], [-0.024959999999999975, 51.46], [-0.024959999999999975, 51.47104], [-0.035999999999999976, 51.47104], [-0.035999999999999976, 51.46]]]}}, {"type": "Feature", "properties": {"lsoa_code": "S0013", "overall_norm": 48.2, "overall_score_raw": 28.92, "overall_decile": 6, "income_norm": 52.6, "income_score_raw": 31.56, "income_decile": 5, "employment_norm": 40.7, "employment_score_raw": 24.42, "employment_decile": 6, "education_norm": 18.6, "education_score_raw": 11.16, "education_decile": 9, "health_norm": 31.3, "health_score_raw": 18.78, "health_decile": 7, "crime_norm": 47.8, "crime_score_raw": 28.68, "crime_decile": 6, "housing_norm": 47.0, "housing_score_raw": 28.2, "housing_decile": 6, "environment_norm": 53.8, "environment_score_raw": 32.28, "environment_decile": 5}, "geometry": {"type": "Polygon", "coordinates": [[[-0.023999999999999994, 51.46], [-0.012959999999999992, 51.46], [-0.012959999999999992, 51.47104], [-0.023999999999999994, 51.47104], [-0.023999999999999994, 51.46]]]}}, {"type": "Feature", "properties": {"lsoa_code": "S0014", "overall_norm": 51.7, "overall_score_raw": 31.02, "overall_decile": 5, "income_norm": 47.2, "income_score_raw": 28.32, "income_decile": 6, "employment_norm": 36.8, "employment_score_raw": 22.08, "employment_decile": 7, "education_norm": 18.0, "education_score_raw": 10.8, "education_decile": 9, "health_norm": 30.5, "health_score_raw": 18.3, "health_decile": 7, "crime_norm": 46.1, "crime_score_raw": 27.66, "crime_decile": 6, "housing_norm": 52.2, "housing_score_raw": 31.32, "housing_decile": 5, "environment_norm": 50.8, "environment_score_raw": 30.48, "environment_decile": 5}, "geometry": {"type": "Polygon", "coordinates": [[[-0.011999999999999983, 51.46], [-0.0009599999999999817, 51.46], [-0.0009599999999999817, 51.47104], [-0.011999999999999983, 51.47104], [-0.011999999999999983, 51.46]]]}}, {"type": "Feature", "properties": {"lsoa_code": "S0015", "overall_norm": 54.9, "overall_score_raw": 32.94, "overall_decile": 5, "income_norm": 44.1, "income_score_raw": 26.46, "income_decile": 6, "employment_norm": 32.9, "employment_score_raw": 19.74, "employment_decile": 7, "education_norm": 23.3, "education_score_raw": 13.98, "education_decile": 8, "health_norm": 35.3, "health_score_raw": 21.18, "health_decile": 7, "crime_norm": 49.3, "crime_score_raw": 29.58, "crime_decile": 6, "housing_norm": 60.0, "housing_score_raw": 36.0, "housing_decile": 5, "environment_norm": 47.0, "environment_score_raw": 28.2, "environment_decile": 6}, "geometry": {"type": "Polygon", "coordinates": [[[0.0, 51.46], [0.011040000000000001, 51.46], [0.011040000000000001, 51.47104], [0.0, 51.47104], [0.0, 51.46]]]}}, {"type": "Feature", "properties": {"lsoa_code": "S0016", "overall_norm": 57.6, "overall_score_raw": 34.56, "overall_decile": 5, "income_norm": 43.6, "income_score_raw": 26.16, "income_decile": 6, "employment_norm": 29.1, "employment_score_raw": 17.46, "employment_decile": 8, "education_norm": 33.1, "education_score_raw": 19.86, "education_decile": 7, "health_norm": 44.6, "health_score_raw": 26.76, "health_decile": 6, "crime_norm": 56.8, "crime_score_raw": 34.08, "crime_decile": 5, "housing_norm": 69.3, "housing_score_raw": 41.58, "housing_decile": 4, "environment_norm": 42.7, "environment_score_raw": 25.62, "environment_decile": 6}, "geometry": {"type": "Polygon", "coordinates": [[[0.01200000000000001, 51.46], [0.023040000000000012, 51.46], [0.023040000000000012, 51.47104], [0.01200000000000001, 51.47104], [0.01200000000000001, 51.46]]]}}, {"type": "Feature", "properties": {"lsoa_code": "S0017", "overall_norm": 59.9, "overall_score_raw": 35.94, "overall_decile": 5, "income_norm": 45.9, "income_score_raw": 27.54, "income_decile": 6, "employment_norm": 25.6, "employment_score_raw": 15.36, "employment_decile": 8, "education_norm": 45.1, "education_score_raw": 27.06, "education_decile": 6, "health_norm": 56.4, "health_score_raw": 33.84, "health_decile": 5, "crime_norm": 67.2, "crime_score_raw": 40.32, "crime_decile": 4, "housing_norm": 78.8, "housing_score_raw": 47.28, "housing_decile": 3, "environment_norm": 38.0, "environment_score_raw": 22.8, "environment_decile": 7}, "geometry": {"type": "Polygon", "coordinates": [[[0.02400000000000002, 51.46], [0.03504000000000002, 51.46], [0.03504000000000002, 51.47104], [0.02400000000000002, 51.47104], [0.02400000000000002, 51.46]]]}}, {"type": "Feature", "properties": {"lsoa_code": "S0018", "overall_norm": 61.7, "overall_score_raw": 37.02, "overall_decile": 4, "income_norm": 50.7, "income_score_raw": 30.42, "income_decile": 5, "employment_norm": 22.5, "employment_score_raw": 13.5, "employment_decile": 8, "education_norm": 56.6, "education_score_raw": 33.96, "education_decile": 5, "health_norm": 67.9, "health_score_raw": 40.74, "health_decile": 4, "crime_norm": 78.4, "crime_score_raw": 47.04, "crime_decile": 3, "housing_norm": 86.9, "housing_score_raw": 52.14, "housing_decile": 2, "environment_norm": 33.1, "environment_score_raw": 19.86, "environment_decile": 7}, "geometry": {"type": "Polygon", "coordinates": [[[0.036000000000000004, 51.46], [0.047040000000000005, 51.46], [0.047040000000000005, 51.47104], [0.036000000000000004, 51.47104], [0.036000000000000004, 51.46]]]}}, {"type": "Feature", "properties": {"lsoa_code": "S0019", "overall_norm": 62.9, "overall_score_raw": 37.74, "overall_decile": 4, "income_norm": 57.4, "income_score_raw": 34.44, "income_decile": 5, "employment_norm": 19.8, "employment_score_raw": 11.88, "employment_decile": 9, "education_norm": 64.7, "education_score_raw": 38.82, "education_decile": 4, "health_norm": 76.4, "health_score_raw": 45.84, "health_decile": 3, "crime_norm": 88.1, "crime_score_raw": 52.86, "crime_decile": 2, "housing_norm": 92.7, "housing_score_raw": 55.62, "housing_decile": 1, "environment_norm": 28.1, "environment_score_raw": 16.86, "environment_decile": 8}, "geometry": {"type": "Polygon", "coordinates": [[[0.048000000000000015, 51.46], [0.059040000000000016, 51.46], [0.059040000000000016, 51.47104], [0.048000000000000015, 51.47104], [0.048000000000000015, 51.46]]]}}, {"type": "Feature", "properties": {"lsoa_code": "S0020", "overall_norm": 63.4, "overall_score_raw": 38.04, "overall_decile": 4, "income_norm": 65.3, "income_score_raw": 39.18, "income_decile": 4, "employment_norm": 17.6, "employment_score_raw": 10.56, "employment_decile": 9, "education_norm": 67.5, "education_score_raw": 40.5, "education_decile": 4, "health_norm": 80.0, "health_score_raw": 48.0, "health_decile": 3, "crime_norm": 94.3, "crime_score_raw": 56.58, "crime_decile": 1, "housing_norm": 95.1, "housing_score_raw": 57.06, "housing_decile": 1, "environment_norm": 23.4, "environment_score_raw": 14.04, "environment_decile": 8}, "geometry": {"type": "Polygon", "coordinates": [[[0.06, 51.46], [0.07103999999999999, 51.46], [0.07103999999999999, 51.47104], [0.06, 51.47104], [0.06, 51.46]]]}}, {"type": "Feature", "properties": {"lsoa_code": "S0021", "overall_norm": 63.4, "overall_score_raw": 38.04, "overall_decile": 4, "income_norm": 73.6, "income_score_raw": 44.16, "income_decile": 3, "employment_norm": 15.9, "employment_score_raw": 9.54, "employment_decile": 9, "education_norm": 64.5, "education_score_raw": 38.7, "education_decile": 4, "health_norm": 77.9, "health_score_raw": 46.74, "health_decile": 3, "crime_norm": 95.9, "crime_score_raw": 57.54, "crime_decile": 1, "housing_norm": 93.9, "housing_score_raw": 56.34, "housing_decile": 1, "environment_norm": 19.0, "environment_score_raw": 11.4, "environment_decile": 9}, "geometry": {"type": "Polygon", "coordinates": [[[0.07200000000000001, 51.46], [0.08304, 51.46], [0.08304, 51.47104], [0.07200000000000001, 51.47104], [0.07200000000000001, 51.46]]]}}, {"type": "Feature", "properties": {"lsoa_code": "S0022", "overall_norm": 62.7, "overall_score_raw": 37.62, "overall_decile": 4, "income_norm": 81.3, "income_score_raw": 48.78, "income_decile": 2, "employment_norm": 14.9, "employment_score_raw": 8.94, "employment_decile": 9, "education_norm": 56.2, "education_score_raw": 33.72, "education_decile": 5, "health_norm": 70.6, "health_score_raw": 42.36, "health_decile": 3, "crime_norm": 92.5, "crime_score_raw": 55.5, "crime_decile": 1, "housing_norm": 89.3, "housing_score_raw": 53.58, "housing_decile": 2, "environment_norm": 15.1, "environment_score_raw": 9.06, "environment_decile": 9}, "geometry": {"type": "Polygon", "coordinates": [[[0.08400000000000002, 51.46], [0.09504000000000001, 51.46], [0.09504000000000001, 51.47104], [0.08400000000000002, 51.47104], [0.08400000000000002, 51.46]]]}}, {"type": "Feature", "properties": {"lsoa_code": "S0023", "overall_norm": 61.4, "overall_score_raw": 36.84, "overall_decile": 4, "income_norm": 87.6, "income_score_raw": 52.56, "income_decile": 2, "employment_norm": 14.4, "employment_score_raw": 8.64, "employment_decile": 9, "education_norm": 44.7, "education_score_raw": 26.82, "education_decile": 6, "health_norm": 59.7, "health_score_raw": 35.82, "health_decile": 5, "crime_norm": 84.8, "crime_score_raw": 50.88, "crime_decile": 2, "housing_norm": 81.9, "housing_score_raw": 49.14, "housing_decile": 2, "environment_norm": 12.0, "environment_score_raw": 7.2, "environment_decile": 9}, "geometry": {"type": "Polygon", "coordinates": [[[0.09600000000000003, 51.46], [0.10704000000000002, 51.46], [0.10704000000000002, 51.47104], [0.09600000000000003, 51.47104], [0.09600000000000003, 51.46]]]}}, {"type": "Feature", "properties": {"lsoa_code": "S0100", "overall_norm": 20.2, "overall_score_raw": 12.12, "overall_decile": 8, "income_norm": 59.4, "income_score_raw": 35.64, "income_decile": 5, "employment_norm": 69.0, "employment_score_raw": 41.4, "employment_decile": 4, "education_norm": 26.5, "education_score_raw": 15.9, "education_decile": 8, "health_norm": 20.2, "health_score_raw": 12.12, "health_decile": 8, "crime_norm": 48.6, "crime_score_raw": 29.16, "crime_decile": 6, "housing_norm": 77.1, "housing_score_raw": 46.26, "housing_decile": 3, "environment_norm": 28.6, "environment_score_raw": 17.16, "environment_decile": 8}, "geometry": {"type": "Polygon", "coordinates": [[[-0.18, 51.472], [-0.16896, 51.472], [-0.16896, 51.48304], [-0.18, 51.48304], [-0.18, 51.472]]]}}, {"type": "Feature", "properties": {"lsoa_code": "S0101", "overall_norm": 20.2, "overall_score_raw": 12.12, "overall_decile": 8, "income_norm": 67.2, "income_score_raw": 40.32, "income_decile": 4, "employment_norm": 70.8, "employment_score_raw": 42.48, "employment_decile": 3, "education_norm": 24.6, "education_score_raw": 14.76, "education_decile": 8, "health_norm": 19.3, "health_score_raw": 11.58, "health_decile": 9, "crime_norm": 51.5, "crime_score_raw": 30.9, "crime_decile": 5, "housing_norm": 86.3, "housing_score_raw": 51.78, "housing_decile": 2, "environment_norm": 33.3, "environment_score_raw": 19.98, "environment_decile": 7}, "geometry": {"type": "Polygon", "coordinates": [[[-0.16799999999999998, 51.472], [-0.15696, 51.472], [-0.15696, 51.48304], [-0.16799999999999998, 51.48304], [-0.16799999999999998, 51.472]]]}}, {"type": "Feature", "properties": {"lsoa_code": "S0102", "overall_norm": 20.8, "overall_score_raw": 12.48, "overall_decile": 8, "income_norm": 75.5, "income_score_raw": 45.3, "income_decile": 3, "employment_norm": 72.0, "employment_score_raw": 43.2, "employment_decile": 3, "education_norm": 28.6, "education_score_raw": 17.16, "education_decile": 8, "health_norm": 24.0, "health_score_raw": 14.4, "health_decile": 8, "crime_norm": 58.8, "crime_score_raw": 35.28, "crime_decile": 5, "housing_norm": 93.7, "housing_score_raw": 56.22, "housing_decile": 1, "environment_norm": 38.2, "environment_score_raw": 22.92, "environment_decile": 7}, "geometry": {"type": "Polygon", "coordinates": [[[-0.156, 51.472], [-0.14496, 51.472], [-0.14496, 51.48304], [-0.156, 51.48304], [-0.156, 51.472]]]}}, {"type": "Feature", "properties": {"lsoa_code": "S0103", "overall_norm": 21.9, "overall_score_raw": 13.14, "overall_decile": 8, "income_norm": 83.3, "income_score_raw": 49.98, "income_decile": 2, "employment_norm": 72.7, "employment_score_raw": 43.62, "employment_decile": 3, "education_norm": 37.6, "education_score_raw": 22.56, "education_decile": 7, "health_norm": 33.3, "health_score_raw": 19.98, "health_decile": 7, "crime_norm": 69.0, "crime_score_raw": 41.4, "crime_decile": 4, "housing_norm": 98.4, "housing_score_raw": 59.04, "housing_decile": 1, "environment_norm": 43.2, "environment_score_raw": 25.92, "environment_decile": 6}, "geometry": {"type": "Polygon", "coordinates": [[[-0.144, 51.472], [-0.13296, 51.472], [-0.13296, 51.48304], [-0.144, 51.48304], [-0.144, 51.472]]]}}, {"type": "Feature", "properties": {"lsoa_code": "S0104", "overall_norm": 23.7, "overall_score_raw": 14.22, "overall_decile": 8, "income_norm": 89.7, "income_score_raw": 53.82, "income_decile": 2, "employment_norm": 72.6, "employment_score_raw": 43.56, "employment_decile": 3, "education_norm": 49.4, "education_score_raw": 29.64, "education_decile": 6, "health_norm": 45.1, "health_score_raw": 27.06, "health_decile": 6, "crime_norm": 80.2, "crime_score_raw": 48.12, "crime_decile": 2, "housing_norm": 99.6, "housing_score_raw": 59.76, "housing_decile": 1, "environment_norm": 48.0, "environment_score_raw": 28.8, "environment_decile": 6}, "geometry": {"type": "Polygon", "coordinates": [[[-0.132, 51.472], [-0.12096000000000001, 51.472], [-0.12096000000000001, 51.48304], [-0.132, 51.48304], [-0.132, 51.472]]]}}, {"type": "Feature", "properties": {"lsoa_code": "S0105", "overall_norm": 26.0, "overall_score_raw": 15.6, "overall_decile": 8, "income_norm": 94.2, "income_score_raw": 56.52, "income_decile": 1, "employment_norm": 72.0, "employment_score_raw": 43.2, "employment_decile": 3, "education_norm": 61.2, "education_score_raw": 36.72, "education_decile": 4, "health_norm": 56.6, "health_score_raw": 33.96, "health_decile": 5, "crime_norm": 90.1, "crime_score_raw": 54.06, "crime_decile": 1, "housing_norm": 97.1, "housing_score_raw": 58.26, "housing_decile": 1, "environment_norm": 52.4, "environment_score_raw": 31.44, "environment_decile": 5}, "geometry": {"type": "Polygon", "coordinates": [[[-0.12, 51.472], [-0.10896, 51.472], [-0.10896, 51.48304], [-0.12, 51.48304], [-0.12, 51.472]]]}}, {"type": "Feature", "properties": {"lsoa_code": "S0106", "overall_norm": 28.8, "overall_score_raw": 17.28, "overall_decile": 8, "income_norm": 96.1, "income_score_raw": 57.66, "income_decile": 1, "employment_norm": 70.7, "employment_score_raw": 42.42, "employment_decile": 3, "education_norm": 70.2, "education_score_raw": 42.12, "education_decile": 3, "health_norm": 65.2, "health_score_raw": 39.12, "health_decile": 4, "crime_norm": 96.6, "crime_score_raw": 57.96, "crime_decile": 1, "housing_norm": 91.4, "housing_score_raw": 54.84, "housing_decile": 1, "environment_norm": 56.4, "environment_score_raw": 33.84, "environment_decile": 5}, "geometry": {"type": "Polygon", "coordinates": [[[-0.10799999999999998, 51.472], [-0.09695999999999999, 51.472], [-0.09695999999999999, 51.48304], [-0.10799999999999998, 51.48304], [-0.10799999999999998, 51.472]]]}}, {"type": "Feature", "properties": {"lsoa_code": "S0107", "overall_norm": 32.0, "overall_score_raw": 19.2, "overall_decile": 7, "income_norm": 95.3, "income_score_raw": 57.18, "income_decile": 1, "employment_norm": 68.9, "employment_score_raw": 41.34, "employment_decile": 4, "education_norm": 74.4, "education_score_raw": 44.64, "education_decile": 3, "health_norm": 68.9, "health_score_raw": 41.34, "health_decile": 4, "crime_norm": 98.6, "crime_score_raw": 59.16, "crime_decile": 1, "housing_norm": 83.2, "housing_score_raw": 49.92, "housing_decile": 2, "environment_norm": 59.7, "environment_score_raw": 35.82, "environment_decile": 5}, "geometry": {"type": "Polygon", "coordinates": [[[-0.09599999999999999, 51.472], [-0.08495999999999998, 51.472], [-0.08495999999999998, 51.48304], [-0.09599999999999999, 51.48304], [-0.09599999999999999, 51.472]]]}}, {"type": "Feature", "properties": {"lsoa_code": "S0108", "overall_norm": 35.5, "overall_score_raw": 21.3, "overall_decile": 7, "income_norm": 91.8, "income_score_raw": 55.08, "income_decile": 1, "employment_norm": 66.5, "employment_score_raw": 39.9, "employment_decile": 4, "education_norm": 72.6, "education_score_raw": 43.56, "education_decile": 3, "health_norm": 66.9, "health_score_raw": 40.14, "health_decile": 4, "crime_norm": 95.6, "crime_score_raw": 57.36, "crime_decile": 1, "housing_norm": 73.8, "housing_score_raw": 44.28, "housing_decile": 3, "environment_norm": 62.2, "environment_score_raw": 37.32, "environment_decile": 4}, "geometry": {"type": "Polygon", "coordinates": [[[-0.08399999999999999, 51.472], [-0.07296, 51.472], [-0.07296, 51.48304], [-0.08399999999999999, 51.48304], [-0.08399999999999999, 51.472]]]}}, {"type": "Feature", "properties": {"lsoa_code": "S0109", "overall_norm": 39.3, "overall_score_raw": 23.58, "overall_decile": 7, "income_norm": 86.1, "income_score_raw": 51.66, "income_decile": 2, "employment_norm": 63.6, "employment_score_raw": 38.16, "employment_decile": 4, "education_norm": 65.3, "education_score_raw": 39.18, "education_decile": 4, "health_norm": 59.6, "health_score_raw": 35.76, "health_decile": 5, "crime_norm": 88.1, "crime_score_raw": 52.86, "crime_decile": 2, "housing_norm": 64.5, "housing_score_raw": 38.7, "housing_decile": 4, "environment_norm": 63.8, "environment_score_raw": 38.28, "environment_decile": 4}, "geometry": {"type": "Polygon", "coordinates": [[[-0.072, 51.472], [-0.06095999999999999, 51.472], [-0.06095999999999999, 51.48304], [-0.072, 51.48304], [-0.072, 51.472]]]}}, {"type": "Feature", "properties": {"lsoa_code": "S0110", "overall_norm": 43.2, "overall_score_raw": 25.92, "overall_decile": 6, "income_norm": 78.8, "income_score_raw": 47.28, "income_decile": 3, "employment_norm": 60.4, "employment_score_raw": 36.24, "employment_decile": 4, "education_norm": 54.3, "education_score_raw": 32.58, "education_decile": 5, "health_norm": 48.8, "health_score_raw": 29.28, "health_decile": 6, "crime_norm": 77.8, "crime_score_raw": 46.68, "crime_decile": 3, "housing_norm": 56.7, "housing_score_raw": 34.02, "housing_decile": 5, "environment_norm": 64.5, "environment_score_raw": 38.7, "environment_decile": 4}, "geometry": {"type": "Polygon", "coordinates": [[[-0.06, 51.472], [-0.04896, 51.472], [-0.04896, 51.48304], [-0.06, 51.48304], [-0.06, 51.472]]]}}, {"type": "Feature", "properties": {"lsoa_code": "S0111", "overall_norm": 47.2, "overall_score_raw": 28.32, "overall_decile": 6, "income_norm": 70.6, "income_score_raw": 42.36, "income_decile": 3, "employment_norm": 56.8, "employment_score_raw": 34.08, "employment_decile": 5, "education_norm": 42.2, "education_score_raw": 25.32, "education_decile": 6, "health_norm": 36.8, "health_score_raw": 22.08, "health_decile": 7, "crime_norm": 66.6, "crime_score_raw": 39.96, "crime_decile": 4, "housing_norm": 51.5, "housing_score_raw": 30.9, "housing_decile": 5, "environment_norm": 64.2, "environment_score_raw": 38.52, "environment_decile": 4}, "geometry": {"type": "Polygon", "coordinates": [[[-0.04799999999999999, 51.472], [-0.036959999999999986, 51.472], [-0.036959999999999986, 51.48304], [-0.04799999999999999, 51.48304], [-0.04799999999999999, 51.472]]]}}, {"type": "Feature", "properties": {"lsoa_code": "S0112", "overall_norm": 51.1, "overall_score_raw": 30.66, "overall_decile": 5, "income_norm": 62.4, "income_score_raw": 37.44, "income_decile": 4, "employment_norm": 53.0, "employment_score_raw": 31.8, "employment_decile": 5, "education_norm": 31.8, "education_score_raw": 19.08, "education_decile": 7, "health_norm": 26.5, "health_score_raw": 15.9, "health_decile": 8, "crime_norm": 56.9, "crime_score_raw": 34.14, "crime_decile": 5, "housing_norm": 49.6, "housing_score_raw": 29.76, "housing_decile": 6, "environment_norm": 62.9, "environment_score_raw": 37.74, "environment_decile": 4}, "geometry": {"type": "Polygon", "coordinates": [[[-0.035999999999999976, 51.472], [-0.024959999999999975, 51.472], [-0.024959999999999975, 51.48304], [-0.035999999999999976, 51.48304], [-0.035999999999999976, 51.472]]]}}, {"type": "Feature", "properties": {"lsoa_code": "S0113", "overall_norm": 54.8, "overall_score_raw": 32.88, "overall_decile": 5, "income_norm": 55.3, "income_score_raw": 33.18, "income_decile": 5, "employment_norm": 49.1, "employment_score_raw": 29.46, "employment_decile": 6, "education_norm": 25.5, "education_score_raw": 15.3, "education_decile": 8, "health_norm": 20.2, "health_score_raw": 12.12, "health_decile": 8, "crime_norm": 50.4, "crime_score_raw": 30.24, "crime_decile": 5, "housing_norm": 51.5, "housing_score_raw": 30.9, "housing_decile": 5, "environment_norm": 60.7, "environment_score_raw": 36.42, "environment_decile": 4}, "geometry": {"type": "Polygon", "coordinates": [[[-0.023999999999999994, 51.472], [-0.012959999999999992, 51.472], [-0.012959999999999992, 51.48304], [-0.023999999999999994, 51.48304], [-0.023999999999999994, 51.472]]]}}, {"type": "Feature", "properties": {"lsoa_code": "S0114", "overall_norm": 58.3, "overall_score_raw": 34.98, "overall_decile": 5, "income_norm": 49.8, "income_score_raw": 29.88, "income_decile": 6, "employment_norm": 45.1, "employment_score_raw": 27.06, "employment_decile": 6, "education_norm": 25.0, "education_score_raw": 15.0, "education_decile": 8, "health_norm": 19.3, "health_score_raw": 11.58, "health_decile": 9, "crime_norm": 48.7, "crime_score_raw": 29.22, "crime_decile": 6, "housing_norm": 56.7, "housing_score_raw": 34.02, "housing_decile": 5, "environment_norm": 57.6, "environment_score_raw": 34.56, "environment_decile": 5}, "geometry": {"type": "Polygon", "coordinates": [[[-0.011999999999999983, 51.472], [-0.0009599999999999817, 51.472], [-0.0009599999999999817, 51.48304], [-0.011999999999999983, 51.48304], [-0.011999999999999983, 51.472]]]}}, {"type": "Feature", "properties": {"lsoa_code": "S0115", "overall_norm": 61.5, "overall_score_raw": 36.9, "overall_decile": 4, "income_norm": 46.7, "income_score_raw": 28.02, "income_decile": 6, "employment_norm": 41.2, "employment_score_raw": 24.72, "employment_decile": 6, "education_norm": 30.2, "education_score_raw": 18.12, "education_decile": 7, "health_norm": 24.2, "health_score_raw": 14.52, "health_decile": 8, "crime_norm": 51.9, "crime_score_raw": 31.14, "crime_decile": 5, "housing_norm": 64.5, "housing_score_raw": 38.7, "housing_decile": 4, "environment_norm": 53.9, "environment_score_raw": 32.34, "environment_decile": 5}, "geometry": {"type": "Polygon", "coordinates": [[[0.0, 51.472], [0.011040000000000001, 51.472], [0.011040000000000001, 51.48304], [0.0, 51.48304], [0.0, 51.472]]]}}, {"type": "Feature", "properties": {"lsoa_code": "S0116", "overall_norm": 64.3, "overall_score_raw": 38.58, "overall_decile": 4, "income_norm": 46.3, "income_score_raw": 27.78, "income_decile": 6, "employment_norm": 37.4, "employment_score_raw": 22.44, "employment_decile": 7, "education_norm": 40.0, "education_score_raw": 24.0, "education_decile": 7, "health_norm": 33.5, "health_score_raw": 20.1, "health_decile": 7, "crime_norm": 59.5, "crime_score_raw": 35.7, "crime_decile": 5, "housing_norm": 73.8, "housing_score_raw": 44.28, "housing_decile": 3, "environment_norm": 49.6, "environment_score_raw": 29.76, "environment_decile": 6}, "geometry": {"type": "Polygon", "coordinates": [[[0.01200000000000001, 51.472], [0.023040000000000012, 51.472], [0.023040000000000012, 51.48304], [0.01200000000000001, 51.48304], [0.01200000000000001, 51.472]]]}}, {"type": "Feature", "properties": {"lsoa_code": "S0117", "overall_norm": 66.6, "overall_score_raw": 39.96, "overall_decile": 4, "income_norm": 48.6, "income_score_raw": 29.16, "income_decile": 6, "employment_norm": 33.9, "employment_score_raw": 20.34, "employment_decile": 7, "education_norm": 52.1, "education_score_raw": 31.26, "education_decile": 5, "health_norm": 45.3, "health_score_raw": 27.18, "health_decile": 6, "crime_norm": 69.9, "crime_score_raw": 41.94, "crime_decile": 4, "housing_norm": 83.2, "housing_score_raw": 49.92, "housing_decile": 2, "environment_norm": 44.8, "environment_score_raw": 26.88, "environment_decile": 6}, "geometry": {"type": "Polygon", "coordinates": [[[0.02400000000000002, 51.472], [0.03504000000000002, 51.472], [0.03504000000000002, 51.48304], [0.02400000000000002, 51.48304], [0.02400000000000002, 51.472]]]}}, {"type": "Feature", "properties": {"lsoa_code": "S0118", "overall_norm": 68.3, "overall_score_raw": 40.98, "overall_decile": 4, "income_norm": 53.4, "income_score_raw": 32.04, "income_decile": 5, "employment_norm": 30.8, "employment_score_raw": 18.48, "employment_decile": 7, "education_norm": 63.5, "education_score_raw": 38.1, "education_decile": 4, "health_norm": 56.8, "health_score_raw": 34.08, "health_decile": 5, "crime_norm": 81.0, "crime_score_raw": 48.6, "crime_decile": 2, "housing_norm": 91.4, "housing_score_raw": 54.84, "housing_decile": 1, "environment_norm": 39.9, "environment_score_raw": 23.94, "environment_decile": 7}, "geometry": {"type": "Polygon", "coordinates": [[[0.036000000000000004, 51.472], [0.047040000000000005, 51.472], [0.047040000000000005, 51.48304], [0.036000000000000004, 51.48304], [0.036000000000000004, 51.472]]]}}, {"type": "Feature", "properties": {"lsoa_code": "S0119", "overall_norm": 69.5, "overall_score_raw": 41.7, "overall_decile": 4, "income_norm": 60.1, "income_score_raw": 36.06, "income_decile": 4, "employment_norm": 28.1, "employment_score_raw": 16.86, "employment_decile": 8, "education_norm": 71.6, "education_score_raw": 42.96, "education_decile": 3, "health_norm": 65.3, "health_score_raw": 39.18, "health_decile": 4, "crime_norm": 90.7, "crime_score_raw": 54.42, "crime_decile": 1, "housing_norm": 97.1, "housing_score_raw": 58.26, "housing_decile": 1, "environment_norm": 35.0, "environment_score_raw": 21.0, "environment_decile": 7}, "geometry": {"type": "Polygon", "coordinates": [[[0.048000000000000015, 51.472], [0.059040000000000016, 51.472], [0.059040000000000016, 51.48304], [0.048000000000000015, 51.48304], [0.048000000000000015, 51.472]]]}}, {"type": "Feature", "properties": {"lsoa_code": "S0120", "overall_norm": 70.0, "overall_score_raw": 42.0, "overall_decile": 4, "income_norm": 68.0, "income_score_raw": 40.8, "income_decile": 4, "employment_norm": 25.9, "employment_score_raw": 15.54, "employment_decile": 8, "education_norm": 74.5, "education_score_raw": 44.7, "education_decile": 3, "health_norm": 68.9, "health_score_raw": 41.34, "health_decile": 4, "crime_norm": 96.9, "crime_score_raw": 58.14, "crime_decile": 1, "housing_norm": 99.6, "housing_score_raw": 59.76, "housing_decile": 1, "environment_norm": 30.2, "environment_score_raw": 18.12, "environment_decile": 7}, "geometry": {"type": "Polygon", "coordinates": [[[0.06, 51.472], [0.07103999999999999, 51.472], [0.07103999999999999, 51.48304], [0.06, 51.48304], [0.06, 51.472]]]}}, {"type": "Feature", "properties": {"lsoa_code": "S0121", "overall_norm": 70.0, "overall_score_raw": 42.0, "overall_decile": 4, "income_norm": 76.3, "income_score_raw": 45.78, "income_decile": 3, "employment_norm": 24.2, "employment_score_raw": 14.52, "employment_decile": 8, "education_norm": 71.4, "education_score_raw": 42.84, "education_decile": 3, "health_norm": 66.8, "health_score_raw": 40.08, "health_decile": 4, "crime_norm": 98.5, "crime_score_raw": 59.1, "crime_decile": 1, "housing_norm": 98.4, "housing_score_raw": 59.04, "housing_decile": 1, "environment_norm": 25.8, "environment_score_raw": 15.48, "environment_decile": 8}, "geometry": {"type": "Polygon", "coordinates": [[[0.07200000000000001, 51.472], [0.08304, 51.472], [0.08304, 51.48304], [0.07200000000000001, 51.48304], [0.07200000000000001, 51.472]]]}}, {"type": "Feature", "properties": {"lsoa_code": "S0122", "overall_norm": 69.3, "overall_score_raw": 41.58, "overall_decile": 4, "income_norm": 84.0, "income_score_raw": 50.4, "income_decile": 2, "employment_norm": 23.2, "employment_score_raw": 13.92, "employment_decile": 8, "education_norm": 63.2, "education_score_raw": 37.92, "education_decile": 4, "health_norm": 59.5, "health_score_raw": 35.7, "health_decile": 5, "crime_norm": 95.1, "crime_score_raw": 57.06, "crime_decile": 1, "housing_norm": 93.7, "housing_score_raw": 56.22, "housing_decile": 1, "environment_norm": 22.0, "environment_score_raw": 13.2, "environment_decile": 8}, "geometry": {"type": "Polygon", "coordinates": [[[0.08400000000000002, 51.472], [0.09504000000000001, 51.472], [0.09504000000000001, 51.48304], [0.08400000000000002, 51.48304], [0.08400000000000002, 51.472]]]}}, {"type": "Feature", "properties": {"lsoa_code": "S0123", "overall_norm": 68.0, "overall_score_raw": 40.8, "overall_decile": 4, "income_norm": 90.3, "income_score_raw": 54.18, "income_decile": 1, "employment_norm": 22.7, "employment_score_raw": 13.62, "employment_decile": 8, "education_norm": 51.7, "education_score_raw": 31.02, "education_decile": 5, "health_norm": 48.6, "health_score_raw": 29.16, "health_decile": 6, "crime_norm": 87.4, "crime_score_raw": 52.44, "crime_decile": 2, "housing_norm": 86.3, "housing_score_raw": 51.78, "housing_decile": 2, "environment_norm": 18.8, "environment_score_raw": 11.28, "environment_decile": 9}, "geometry": {"type": "Polygon", "coordinates": [[[0.09600000000000003, 51.472], [0.10704000000000002, 51.472], [0.10704000000000002, 51.48304], [0.09600000000000003, 51.48304], [0.09600000000000003, 51.472]]]}}, {"type": "Feature", "properties": {"lsoa_code": "S0200", "overall_norm": 27.2, "overall_score_raw": 16.32, "overall_decile": 8, "income_norm": 61.4, "income_score_raw": 36.84, "income_decile": 4, "employment_norm": 77.6, "employment_score_raw": 46.56, "employment_decile": 3, "education_norm": 33.4, "education_score_raw": 20.04, "education_decile": 7, "health_norm": 10.3, "health_score_raw": 6.18, "health_decile": 9, "crime_norm": 49.9, "crime_score_raw": 29.94, "crime_decile": 6, "housing_norm": 76.5, "housing_score_raw": 45.9, "housing_decile": 3, "environment_norm": 36.6, "environment_score_raw": 21.96, "environment_decile": 7}, "geometry": {"type": "Polygon", "coordinates": [[[-0.18, 51.484], [-0.16896, 51.484], [-0.16896, 51.49504], [-0.18, 51.49504], [-0.18, 51.484]]]}}, {"type": "Feature", "properties": {"lsoa_code": "S0201", "overall_norm": 27.2, "overall_score_raw": 16.32, "overall_decile": 8, "income_norm": 69.2, "income_score_raw": 41.52, "income_decile": 4, "employment_norm": 79.4, "employment_score_raw": 47.64, "employment_decile": 3, "education_norm": 31.6, "education_score_raw": 18.96, "education_decile": 7, "health_norm": 9.4, "health_score_raw": 5.64, "health_decile": 10, "crime_norm": 52.8, "crime_score_raw": 31.68, "crime_decile": 5, "housing_norm": 85.6, "housing_score_raw": 51.36, "housing_decile": 2, "environment_norm": 41.3, "environment_score_raw": 24.78, "environment_decile": 6}, "geometry": {"type": "Polygon", "coordinates": [[[-0.16799999999999998, 51.484], [-0.15696, 51.484], [-0.15696, 51.49504], [-0.16799999999999998, 51.49504], [-0.16799999999999998, 51.484]]]}}, {"type": "Feature", "properties": {"lsoa_code": "S0202", "overall_norm": 27.8, "overall_score_raw": 16.68, "overall_decile": 8, "income_norm": 77.5, "income_score_raw": 46.5, "income_decile": 3, "employment_norm": 80.6, "employment_score_raw": 48.36, "employment_decile": 2, "education_norm": 35.6, "education_score_raw": 21.36, "education_decile": 7, "health_norm": 14.1, "health_score_raw": 8.46, "health_decile": 9, "crime_norm": 60.0, "crime_score_raw": 36.0, "crime_decile": 5, "housing_norm": 93.0, "housing_score_raw": 55.8, "housing_decile": 1, "environment_norm": 46.2, "environment_score_raw": 27.72, "environment_decile": 6}, "geometry": {"type": "Polygon", "coordinates": [[[-0.156, 51.484], [-0.14496, 51.484], [-0.14496, 51.49504], [-0.156, 51.49504], [-0.156, 51.484]]]}}, {"type": "Feature", "properties": {"lsoa_code": "S0203", "overall_norm": 29.0, "overall_score_raw": 17.4, "overall_decile": 8, "income_norm": 85.3, "income_score_raw": 51.18, "income_decile": 2, "employment_norm": 81.2, "employment_score_raw": 48.72, "employment_decile": 2, "education_norm": 44.6, "education_score_raw": 26.76, "education_decile": 6, "health_norm": 23.4, "health_score_raw": 14.04, "health_decile": 8, "crime_norm": 70.3, "crime_score_raw": 42.18, "crime_decile": 3, "housing_norm": 97.7, "housing_score_raw": 58.62, "housing_decile": 1, "environment_norm": 51.1, "environment_score_raw": 30.66, "environment_decile": 5}, "geometry": {"type": "Polygon", "coordinates": [[[-0.144, 51.484], [-0.13296, 51.484], [-0.13296, 51.49504], [-0.144, 51.49504], [-0.144, 51.484]]]}}, {"type": "Feature", "properties": {"lsoa_code": "S0204", "overall_norm": 30.7, "overall_score_raw": 18.42, "overall_decile": 7, "income_norm": 91.8, "income_score_raw": 55.08, "income_decile": 1, "employment_norm": 81.2, "employment_score_raw": 48.72, "employment_decile": 2, "education_norm": 56.4, "education_score_raw": 33.84, "education_decile": 5, "health_norm": 35.1, "health_score_raw": 21.06, "health_decile": 7, "crime_norm": 81.5, "crime_score_raw": 48.9, "crime_decile": 2, "housing_norm": 98.9, "housing_score_raw": 59.34, "housing_decile": 1, "environment_norm": 55.9, "environment_score_raw": 33.54, "environment_decile": 5}, "geometry": {"type": "Polygon", "coordinates": [[[-0.132, 51.484], [-0.12096000000000001, 51.484], [-0.12096000000000001, 51.49504], [-0.132, 51.49504], [-0.132, 51.484]]]}}, {"type": "Feature", "properties": {"lsoa_code": "S0205", "overall_norm": 33.1, "overall_score_raw": 19.86, "overall_decile": 7, "income_norm": 96.2, "income_score_raw": 57.72, "income_decile": 1, "employment_norm": 80.6, "employment_score_raw": 48.36, "employment_decile": 2, "education_norm": 68.2, "education_score_raw": 40.92, "education_decile": 4, "health_norm": 46.6, "health_score_raw": 27.96, "health_decile": 6, "crime_norm": 91.3, "crime_score_raw": 54.78, "crime_decile": 1, "housing_norm": 96.5, "housing_score_raw": 57.9, "housing_decile": 1, "environment_norm": 60.4, "environment_score_raw": 36.24, "environment_decile": 4}, "geometry": {"type": "Polygon", "coordinates": [[[-0.12, 51.484], [-0.10896, 51.484], [-0.10896, 51.49504], [-0.12, 51.49504], [-0.12, 51.484]]]}}, {"type": "Feature", "properties": {"lsoa_code": "S0206", "overall_norm": 35.8, "overall_score_raw": 21.48, "overall_decile": 7, "income_norm": 98.1, "income_score_raw": 58.86, "income_decile": 1, "employment_norm": 79.3, "employment_score_raw": 47.58, "employment_decile": 3, "education_norm": 77.2, "education_score_raw": 46.32, "education_decile": 3, "health_norm": 55.2, "health_score_raw": 33.12, "health_decile": 5, "crime_norm": 97.9, "crime_score_raw": 58.74, "crime_decile": 1, "housing_norm": 90.7, "housing_score_raw": 54.42, "housing_decile": 1, "environment_norm": 64.4, "environment_score_raw": 38.64, "environment_decile": 4}, "geometry": {"type": "Polygon", "coordinates": [[[-0.10799999999999998, 51.484], [-0.09695999999999999, 51.484], [-0.09695999999999999, 51.49504], [-0.10799999999999998, 51.49504], [-0.10799999999999998, 51.484]]]}}, {"type": "Feature", "properties": {"lsoa_code": "S0207", "overall_norm": 39.0, "overall_score_raw": 23.4, "overall_decile": 7, "income_norm": 97.3, "income_score_raw": 58.38, "income_decile": 1, "employment_norm": 77.5, "employment_score_raw": 46.5, "employment_decile": 3, "education_norm": 81.4, "education_score_raw": 48.84, "education_decile": 2, "health_norm": 59.0, "health_score_raw": 35.4, "health_decile": 5, "crime_norm": 99.9, "crime_score_raw": 59.94, "crime_decile": 1, "housing_norm": 82.6, "housing_score_raw": 49.56, "housing_decile": 2, "environment_norm": 67.7, "environment_score_raw": 40.62, "environment_decile": 4}, "geometry": {"type": "Polygon", "coordinates": [[[-0.09599999999999999, 51.484], [-0.08495999999999998, 51.484], [-0.08495999999999998, 51.49504], [-0.09599999999999999, 51.49504], [-0.09599999999999999, 51.484]]]}}, {"type": "Feature", "properties": {"lsoa_code": "S0208", "overall_norm": 42.6, "overall_score_raw": 25.56, "overall_decile": 6, "income_norm": 93.9, "income_score_raw": 56.34, "income_decile": 1, "employment_norm": 75.1, "employment_score_raw": 45.06, "employment_decile": 3, "education_norm": 79.6, "education_score_raw": 47.76, "education_decile": 3, "health_norm": 57.0, "health_score_raw": 34.2, "health_decile": 5, "crime_norm": 96.8, "crime_score_raw": 58.08, "crime_decile": 1, "housing_norm": 73.1, "housing_score_raw": 43.86, "housing_decile": 3, "environment_norm": 70.2, "environment_score_raw": 42.12, "environment_decile": 3}, "geometry": {"type": "Polygon", "coordinates": [[[-0.08399999999999999, 51.484], [-0.07296, 51.484], [-0.07296, 51.49504], [-0.08399999999999999, 51.49504], [-0.08399999999999999, 51.484]]]}}, {"type": "Feature", "properties": {"lsoa_code": "S0209", "overall_norm": 46.3, "overall_score_raw": 27.78, "overall_decile": 6, "income_norm": 88.1, "income_score_raw": 52.86, "income_decile": 2, "employment_norm": 72.2, "employment_score_raw": 43.32, "employment_decile": 3, "education_norm": 72.3, "education_score_raw": 43.38, "education_decile": 3, "health_norm": 49.7, "health_score_raw": 29.82, "health_decile": 6, "crime_norm": 89.4, "crime_score_raw": 53.64, "crime_decile": 2, "housing_norm": 63.8, "housing_score_raw": 38.28, "housing_decile": 4, "environment_norm": 71.8, "environment_score_raw": 43.08, "environment_decile": 3}, "geometry": {"type": "Polygon", "coordinates": [[[-0.072, 51.484], [-0.06095999999999999, 51.484], [-0.06095999999999999, 51.49504], [-0.072, 51.49504], [-0.072, 51.484]]]}}, {"type": "Feature", "properties": {"lsoa_code": "S0210", "overall_norm": 50.2, "overall_score_raw": 30.12, "overall_decile": 5, "income_norm": 80.8, "income_score_raw": 48.48, "income_decile": 2, "employment_norm": 69.0, "employment_score_raw": 41.4, "employment_decile": 4, "education_norm": 61.3, "education_score_raw": 36.78, "education_decile": 4, "health_norm": 38.8, "health_score_raw": 23.28, "health_decile": 7, "crime_norm": 79.1, "crime_score_raw": 47.46, "crime_decile": 3, "housing_norm": 56.0, "housing_score_raw": 33.6, "housing_decile": 5, "environment_norm": 72.5, "environment_score_raw": 43.5, "environment_decile": 3}, "geometry": {"type": "Polygon", "coordinates": [[[-0.06, 51.484], [-0.04896, 51.484], [-0.04896, 51.49504], [-0.06, 51.49504], [-0.06, 51.484]]]}}, {"type": "Feature", "properties": {"lsoa_code": "S0211", "overall_norm": 54.2, "overall_score_raw": 32.52, "overall_decile": 5, "income_norm": 72.6, "income_score_raw": 43.56, "income_decile": 3, "employment_norm": 65.4, "employment_score_raw": 39.24, "employment_decile": 4, "education_norm": 49.2, "education_score_raw": 29.52, "education_decile": 6, "health_norm": 26.9, "health_score_raw": 16.14, "health_decile": 8, "crime_norm": 67.9, "crime_score_raw": 40.74, "crime_decile": 4, "housing_norm": 50.8, "housing_score_raw": 30.48, "housing_decile": 5, "environment_norm": 72.2, "environment_score_raw": 43.32, "environment_decile": 3}, "geometry": {"type": "Polygon", "coordinates": [[[-0.04799999999999999, 51.484], [-0.036959999999999986, 51.484], [-0.036959999999999986, 51.49504], [-0.04799999999999999, 51.49504], [-0.04799999999999999, 51.484]]]}}, {"type": "Feature", "properties": {"lsoa_code": "S0212", "overall_norm": 58.1, "overall_score_raw": 34.86, "overall_decile": 5, "income_norm": 64.5, "income_score_raw": 38.7, "income_decile": 4, "employment_norm": 61.6, "employment_score_raw": 36.96, "employment_decile": 4, "education_norm": 38.8, "education_score_raw": 23.28, "education_decile": 7, "health_norm": 16.6, "health_score_raw": 9.96, "health_decile": 9, "crime_norm": 58.1, "crime_score_raw": 34.86, "crime_decile": 5, "housing_norm": 49.0, "housing_score_raw": 29.4, "housing_decile": 6, "environment_norm": 70.9, "environment_score_raw": 42.54, "environment_decile": 3}, "geometry": {"type": "Polygon", "coordinates": [[[-0.035999999999999976, 51.484], [-0.024959999999999975, 51.484], [-0.024959999999999975, 51.49504], [-0.035999999999999976, 51.49504], [-0.035999999999999976, 51.484]]]}}, {"type": "Feature", "properties": {"lsoa_code": "S0213", "overall_norm": 61.8, "overall_score_raw": 37.08, "overall_decile": 4, "income_norm": 57.3, "income_score_raw": 34.38, "income_decile": 5, "employment_norm": 57.6, "employment_score_raw": 34.56, "employment_decile": 5, "education_norm": 32.5, "education_score_raw": 19.5, "education_decile": 7, "health_norm": 10.2, "health_score_raw": 6.12, "health_decile": 9, "crime_norm": 51.7, "crime_score_raw": 31.02, "crime_decile": 5, "housing_norm": 50.8, "housing_score_raw": 30.48, "housing_decile": 5, "environment_norm": 68.7, "environment_score_raw": 41.22, "environment_decile": 4}, "geometry": {"type": "Polygon", "coordinates": [[[-0.023999999999999994, 51.484], [-0.012959999999999992, 51.484], [-0.012959999999999992, 51.49504], [-0.023999999999999994, 51.49504], [-0.023999999999999994, 51.484]]]}}, {"type": "Feature", "properties": {"lsoa_code": "S0214", "overall_norm": 65.3, "overall_score_raw": 39.18, "overall_decile": 4, "income_norm": 51.9, "income_score_raw": 31.14, "income_decile": 5, "employment_norm": 53.7, "employment_score_raw": 32.22, "employment_decile": 5, "education_norm": 32.0, "education_score_raw": 19.2, "education_decile": 7, "health_norm": 9.4, "health_score_raw": 5.64, "health_decile": 10, "crime_norm": 49.9, "crime_score_raw": 29.94, "crime_decile": 6, "housing_norm": 56.0, "housing_score_raw": 33.6, "housing_decile": 5, "environment_norm": 65.6, "environment_score_raw": 39.36, "environment_decile": 4}, "geometry": {"type": "Polygon", "coordinates": [[[-0.011999999999999983, 51.484], [-0.0009599999999999817, 51.484], [-0.0009599999999999817, 51.49504], [-0.011999999999999983, 51.49504], [-0.011999999999999983, 51.484]]]}}, {"type": "Feature", "properties": {"lsoa_code": "S0215", "overall_norm": 68.5, "overall_score_raw": 41.1, "overall_decile": 4, "income_norm": 48.8, "income_score_raw": 29.28, "income_decile": 6, "employment_norm": 49.8, "employment_score_raw": 29.88, "employment_decile": 6, "education_norm": 37.2, "education_score_raw": 22.32, "education_decile": 7, "health_norm": 14.2, "health_score_raw": 8.52, "health_decile": 9, "crime_norm": 53.2, "crime_score_raw": 31.92, "crime_decile": 5, "housing_norm": 63.8, "housing_score_raw": 38.28, "housing_decile": 4, "environment_norm": 61.9, "environment_score_raw": 37.14, "environment_decile": 4}, "geometry": {"type": "Polygon", "coordinates": [[[0.0, 51.484], [0.011040000000000001, 51.484], [0.011040000000000001, 51.49504], [0.0, 51.49504], [0.0, 51.484]]]}}, {"type": "Feature", "properties": {"lsoa_code": "S0216", "overall_norm": 71.3, "overall_score_raw": 42.78, "overall_decile": 3, "income_norm": 48.3, "income_score_raw": 28.98, "income_decile": 6, "employment_norm": 46.0, "employment_score_raw": 27.6, "employment_decile": 6, "education_norm": 47.0, "education_score_raw": 28.2, "education_decile": 6, "health_norm": 23.6, "health_score_raw": 14.16, "health_decile": 8, "crime_norm": 60.7, "crime_score_raw": 36.42, "crime_decile": 4, "housing_norm": 73.1, "housing_score_raw": 43.86, "housing_decile": 3, "environment_norm": 57.5, "environment_score_raw": 34.5, "environment_decile": 5}, "geometry": {"type": "Polygon", "coordinates": [[[0.01200000000000001, 51.484], [0.023040000000000012, 51.484], [0.023040000000000012, 51.49504], [0.01200000000000001, 51.49504], [0.01200000000000001, 51.484]]]}}, {"type": "Feature", "properties": {"lsoa_code": "S0217", "overall_norm": 73.6, "overall_score_raw": 44.16, "overall_decile": 3, "income_norm": 50.6, "income_score_raw": 30.36, "income_decile": 5, "employment_norm": 42.5, "employment_score_raw": 25.5, "employment_decile": 6, "education_norm": 59.1, "education_score_raw": 35.46, "education_decile": 5, "health_norm": 35.4, "health_score_raw": 21.24, "health_decile": 7, "crime_norm": 71.1, "crime_score_raw": 42.66, "crime_decile": 3, "housing_norm": 82.5, "housing_score_raw": 49.5, "housing_decile": 2, "environment_norm": 52.8, "environment_score_raw": 31.68, "environment_decile": 5}, "geometry": {"type": "Polygon", "coordinates": [[[0.02400000000000002, 51.484], [0.03504000000000002, 51.484], [0.03504000000000002, 51.49504], [0.02400000000000002, 51.49504], [0.02400000000000002, 51.484]]]}}, {"type": "Feature", "properties": {"lsoa_code": "S0218", "overall_norm": 75.3, "overall_score_raw": 45.18, "overall_decile": 3, "income_norm": 55.4, "income_score_raw": 33.24, "income_decile": 5, "employment_norm": 39.4, "employment_score_raw": 23.64, "employment_decile": 7, "education_norm": 70.5, "education_score_raw": 42.3, "education_decile": 3, "health_norm": 46.8, "health_score_raw": 28.08, "health_decile": 6, "crime_norm": 82.3, "crime_score_raw": 49.38, "crime_decile": 2, "housing_norm": 90.7, "housing_score_raw": 54.42, "housing_decile": 1, "environment_norm": 47.9, "environment_score_raw": 28.74, "environment_decile": 6}, "geometry": {"type": "Polygon", "coordinates": [[[0.036000000000000004, 51.484], [0.047040000000000005, 51.484], [0.047040000000000005, 51.49504], [0.036000000000000004, 51.49504], [0.036000000000000004, 51.484]]]}}, {"type": "Feature", "properties": {"lsoa_code": "S0219", "overall_norm": 76.5, "overall_score_raw": 45.9, "overall_decile": 3, "income_norm": 62.1, "income_score_raw": 37.26, "income_decile": 4, "employment_norm": 36.7, "employment_score_raw": 22.02, "employment_decile": 7, "education_norm": 78.6, "education_score_raw": 47.16, "education_decile": 3, "health_norm": 55.4, "health_score_raw": 33.24, "health_decile": 5, "crime_norm": 92.0, "crime_score_raw": 55.2, "crime_decile": 1, "housing_norm": 96.4, "housing_score_raw": 57.84, "housing_decile": 1, "environment_norm": 43.0, "environment_score_raw": 25.8, "environment_decile": 6}, "geometry": {"type": "Polygon", "coordinates": [[[0.048000000000000015, 51.484], [0.059040000000000016, 51.484], [0.059040000000000016, 51.49504], [0.048000000000000015, 51.49504], [0.048000000000000015, 51.484]]]}}, {"type": "Feature", "properties": {"lsoa_code": "S0220", "overall_norm": 77.1, "overall_score_raw": 46.26, "overall_decile": 3, "income_norm": 70.1, "income_score_raw": 42.06, "income_decile": 3, "employment_norm": 34.5, "employment_score_raw": 20.7, "employment_decile": 7, "education_norm": 81.5, "education_score_raw": 48.9, "education_decile": 2, "health_norm": 59.0, "health_score_raw": 35.4, "health_decile": 5, "crime_norm": 98.2, "crime_score_raw": 58.92, "crime_decile": 1, "housing_norm": 98.9, "housing_score_raw": 59.34, "housing_decile": 1, "environment_norm": 38.2, "environment_score_raw": 22.92, "environment_decile": 7}, "geometry": {"type": "Polygon", "coordinates": [[[0.06, 51.484], [0.07103999999999999, 51.484], [0.07103999999999999, 51.49504], [0.06, 51.49504], [0.06, 51.484]]]}}, {"type": "Feature", "properties": {"lsoa_code": "S0221", "overall_norm": 77.0, "overall_score_raw": 46.2, "overall_decile": 3, "income_norm": 78.3, "income_score_raw": 46.98, "income_decile": 3, "employment_norm": 32.8, "employment_score_raw": 19.68, "employment_decile": 7, "education_norm": 78.4, "education_score_raw": 47.04, "education_decile": 3, "health_norm": 56.9, "health_score_raw": 34.14, "health_decile": 5, "crime_norm": 99.8, "crime_score_raw": 59.88, "crime_decile": 1, "housing_norm": 97.7, "housing_score_raw": 58.62, "housing_decile": 1, "environment_norm": 33.8, "environment_score_raw": 20.28, "environment_decile": 7}, "geometry": {"type": "Polygon", "coordinates": [[[0.07200000000000001, 51.484], [0.08304, 51.484], [0.08304, 51.49504], [0.07200000000000001, 51.49504], [0.07200000000000001, 51.484]]]}}, {"type": "Feature", "properties": {"lsoa_code": "S0222", "overall_norm": 76.3, "overall_score_raw": 45.78, "overall_decile": 3, "income_norm": 86.0, "income_score_raw": 51.6, "income_decile": 2, "employment_norm": 31.8, "employment_score_raw": 19.08, "employment_decile": 7, "education_norm": 70.2, "education_score_raw": 42.12, "education_decile": 3, "health_norm": 49.5, "health_score_raw": 29.7, "health_decile": 6, "crime_norm": 96.4, "crime_score_raw": 57.84, "crime_decile": 1, "housing_norm": 93.1, "housing_score_raw": 55.86, "housing_decile": 1, "environment_norm": 29.9, "environment_score_raw": 17.94, "environment_decile": 8}, "geometry": {"type": "Polygon", "coordinates": [[[0.08400000000000002, 51.484], [0.09504000000000001, 51.484], [0.09504000000000001, 51.49504], [0.08400000000000002, 51.49504], [0.08400000000000002, 51.484]]]}}, {"type": "Feature", "properties": {"lsoa_code": "S0223", "overall_norm": 75.0, "overall_score_raw": 45.0, "overall_decile": 3, "income_norm": 92.3, "income_score_raw": 55.38, "income_decile": 1, "employment_norm": 31.3, "employment_score_raw": 18.78, "employment_decile": 7, "education_norm": 58.7, "education_score_raw": 35.22, "education_decile": 5, "health_norm": 38.6, "health_score_raw": 23.16, "health_decile": 7, "crime_norm": 88.7, "crime_score_raw": 53.22, "crime_decile": 2, "housing_norm": 85.6, "housing_score_raw": 51.36, "housing_decile": 2, "environment_norm": 26.8, "environment_score_raw": 16.08, "environment_decile": 8}, "geometry": {"type": "Polygon", "coordinates": [[[0.09600000000000003, 51.484], [0.10704000000000002, 51.484], [0.10704000000000002, 51.49504], [0.09600000000000003, 51.49504], [0.09600000000000003, 51.484]]]}}, {"type": "Feature", "properties": {"lsoa_code": "S0300", "overall_norm": 34.1, "overall_score_raw": 20.46, "overall_decile": 7, "income_norm": 62.7, "income_score_raw": 37.62, "income_decile": 4, "employment_norm": 85.4, "employment_score_raw": 51.24, "employment_decile": 2, "education_norm": 39.9, "education_score_raw": 23.94, "education_decile": 7, "health_norm": 3.5, "health_score_raw": 2.1, "health_decile": 10, "crime_norm": 49.7, "crime_score_raw": 29.82, "crime_decile": 6, "housing_norm": 70.8, "housing_score_raw": 42.48, "housing_decile": 3, "environment_norm": 44.9, "environment_score_raw": 26.94, "environment_decile": 6}, "geometry": {"type": "Polygon", "coordinates": [[[-0.18, 51.496], [-0.16896, 51.496], [-0.16896, 51.50704], [-0.18, 51.50704], [-0.18, 51.496]]]}}, {"type": "Feature", "properties": {"lsoa_code": "S0301", "overall_norm": 34.0, "overall_score_raw": 20.4, "overall_decile": 7, "income_norm": 70.5, "income_score_raw": 42.3, "income_decile": 3, "employment_norm": 87.2, "employment_score_raw": 52.32, "employment_decile": 2, "education_norm": 38.1, "education_score_raw": 22.86, "education_decile": 7, "health_norm": 2.6, "health_score_raw": 1.56, "health_decile": 10, "crime_norm": 52.6, "crime_score_raw": 31.56, "crime_decile": 5, "housing_norm": 79.9, "housing_score_raw": 47.94, "housing_decile": 3, "environment_norm": 49.5, "environment_score_raw": 29.7, "environment_decile": 6}, "geometry": {"type": "Polygon", "coordinates": [[[-0.16799999999999998, 51.496], [-0.15696, 51.496], [-0.15696, 51.50704], [-0.16799999999999998, 51.50704], [-0.16799999999999998, 51.496]]]}}, {"type": "Feature", "properties": {"lsoa_code": "S0302", "overall_norm": 34.6, "overall_score_raw": 20.76, "overall_decile": 7, "income_norm": 78.8, "income_score_raw": 47.28, "income_decile": 3, "employment_norm": 88.5, "employment_score_raw": 53.1, "employment_decile": 2, "education_norm": 42.1, "education_score_raw": 25.26, "education_decile": 6, "health_norm": 7.3, "health_score_raw": 4.38, "health_decile": 10, "crime_norm": 59.9, "crime_score_raw": 35.94, "crime_decile": 5, "housing_norm": 87.4, "housing_score_raw": 52.44, "housing_decile": 2, "environment_norm": 54.4, "environment_score_raw": 32.64, "environment_decile": 5}, "geometry": {"type": "Polygon", "coordinates": [[[-0.156, 51.496], [-0.14496, 51.496], [-0.14496, 51.50704], [-0.156, 51.50704], [-0.156, 51.496]]]}}, {"type": "Feature", "properties": {"lsoa_code": "S0303", "overall_norm": 35.8, "overall_score_raw": 21.48, "overall_decile": 7, "income_norm": 86.6, "income_score_raw": 51.96, "income_decile": 2, "employment_norm": 89.1, "employment_score_raw": 53.46, "employment_decile": 2, "education_norm": 51.1, "education_score_raw": 30.66, "education_decile": 5, "health_norm": 16.6, "health_score_raw": 9.96, "health_decile": 9, "crime_norm": 70.1, "crime_score_raw": 42.06, "crime_decile": 3, "housing_norm": 92.0, "housing_score_raw": 55.2, "housing_decile": 1, "environment_norm": 59.4, "environment_score_raw": 35.64, "environment_decile": 5}, "geometry": {"type": "Polygon", "coordinates": [[[-0.144, 51.496], [-0.13296, 51.496], [-0.13296, 51.50704], [-0.144, 51.50704], [-0.144, 51.496]]]}}, {"type": "Feature", "properties": {"lsoa_code": "S0304", "overall_norm": 37.6, "overall_score_raw": 22.56, "overall_decile": 7, "income_norm": 93.1, "income_score_raw": 55.86, "income_decile": 1, "employment_norm": 89.1, "employment_score_raw": 53.46, "employment_decile": 2, "education_norm": 62.9, "education_score_raw": 37.74, "education_decile": 4, "health_norm": 28.4, "health_score_raw": 17.04, "health_decile": 8, "crime_norm": 81.3, "crime_score_raw": 48.78, "crime_decile": 2, "housing_norm": 93.2, "housing_score_raw": 55.92, "housing_decile": 1, "environment_norm": 64.2, "environment_score_raw": 38.52, "environment_decile": 4}, "geometry": {"type": "Polygon", "coordinates": [[[-0.132, 51.496], [-0.12096000000000001, 51.496], [-0.12096000000000001, 51.50704], [-0.132, 51.50704], [-0.132, 51.496]]]}}, {"type": "Feature", "properties": {"lsoa_code": "S0305", "overall_norm": 39.9, "overall_score_raw": 23.94, "overall_decile": 7, "income_norm": 97.5, "income_score_raw": 58.5, "income_decile": 1, "employment_norm": 88.4, "employment_score_raw": 53.04, "employment_decile": 2, "education_norm": 74.7, "education_score_raw": 44.82, "education_decile": 3, "health_norm": 39.9, "health_score_raw": 23.94, "health_decile": 7, "crime_norm": 91.2, "crime_score_raw": 54.72, "crime_decile": 1, "housing_norm": 90.8, "housing_score_raw": 54.48, "housing_decile": 1, "environment_norm": 68.7, "environment_score_raw": 41.22, "environment_decile": 4}, "geometry": {"type": "Polygon", "coordinates": [[[-0.12, 51.496], [-0.10896, 51.496], [-0.10896, 51.50704], [-0.12, 51.50704], [-0.12, 51.496]]]}}, {"type": "Feature", "properties": {"lsoa_code": "S0306", "overall_norm": 42.7, "overall_score_raw": 25.62, "overall_decile": 6, "income_norm": 99.4, "income_score_raw": 59.64, "income_decile": 1, "employment_norm": 87.2, "employment_score_raw": 52.32, "employment_decile": 2, "education_norm": 83.7, "education_score_raw": 50.22, "education_decile": 2, "health_norm": 48.5, "health_score_raw": 29.1, "health_decile": 6, "crime_norm": 97.7, "crime_score_raw": 58.62, "crime_decile": 1, "housing_norm": 85.1, "housing_score_raw": 51.06, "housing_decile": 2, "environment_norm": 72.6, "environment_score_raw": 43.56, "environment_decile": 3}, "geometry": {"type": "Polygon", "coordinates": [[[-0.10799999999999998, 51.496], [-0.09695999999999999, 51.496], [-0.09695999999999999, 51.50704], [-0.10799999999999998, 51.50704], [-0.10799999999999998, 51.496]]]}}, {"type": "Feature", "properties": {"lsoa_code": "S0307", "overall_norm": 45.9, "overall_score_raw": 27.54, "overall_decile": 6, "income_norm": 98.6, "income_score_raw": 59.16, "income_decile": 1, "employment_norm": 85.3, "employment_score_raw": 51.18, "employment_decile": 2, "education_norm": 87.8, "education_score_raw": 52.68, "education_decile": 2, "health_norm": 52.2, "health_score_raw": 31.32, "health_decile": 5, "crime_norm": 99.7, "crime_score_raw": 59.82, "crime_decile": 1, "housing_norm": 76.9, "housing_score_raw": 46.14, "housing_decile": 3, "environment_norm": 75.9, "environment_score_raw": 45.54, "environment_decile": 3}, "geometry": {"type": "Polygon", "coordinates": [[[-0.09599999999999999, 51.496], [-0.08495999999999998, 51.496], [-0.08495999999999998, 51.50704], [-0.09599999999999999, 51.50704], [-0.09599999999999999, 51.496]]]}}, {"type": "Feature", "properties": {"lsoa_code": "S0308", "overall_norm": 49.4, "overall_score_raw": 29.64, "overall_decile": 6, "income_norm": 95.1, "income_score_raw": 57.06, "income_decile": 1, "employment_norm": 82.9, "employment_score_raw": 49.74, "employment_decile": 2, "education_norm": 86.1, "education_score_raw": 51.66, "education_decile": 2, "health_norm": 50.2, "health_score_raw": 30.12, "health_decile": 5, "crime_norm": 96.7, "crime_score_raw": 58.02, "crime_decile": 1, "housing_norm": 67.5, "housing_score_raw": 40.5, "housing_decile": 4, "environment_norm": 78.5, "environment_score_raw": 47.1, "environment_decile": 3}, "geometry": {"type": "Polygon", "coordinates": [[[-0.08399999999999999, 51.496], [-0.07296, 51.496], [-0.07296, 51.50704], [-0.08399999999999999, 51.50704], [-0.08399999999999999, 51.496]]]}}, {"type": "Feature", "properties": {"lsoa_code": "S0309", "overall_norm": 53.2, "overall_score_raw": 31.92, "overall_decile": 5, "income_norm": 89.4, "income_score_raw": 53.64, "income_decile": 2, "employment_norm": 80.1, "employment_score_raw": 48.06, "employment_decile": 2, "education_norm": 78.8, "education_score_raw": 47.28, "education_decile": 3, "health_norm": 42.9, "health_score_raw": 25.74, "health_decile": 6, "crime_norm": 89.2, "crime_score_raw": 53.52, "crime_decile": 2, "housing_norm": 58.1, "housing_score_raw": 34.86, "housing_decile": 5, "environment_norm": 80.1, "environment_score_raw": 48.06, "environment_decile": 2}, "geometry": {"type": "Polygon", "coordinates": [[[-0.072, 51.496], [-0.06095999999999999, 51.496], [-0.06095999999999999, 51.50704], [-0.072, 51.50704], [-0.072, 51.496]]]}}, {"type": "Feature", "properties": {"lsoa_code": "S0310", "overall_norm": 57.1, "overall_score_raw": 34.26, "overall_decile": 5, "income_norm": 82.1, "income_score_raw": 49.26, "income_decile": 2, "employment_norm": 76.8, "employment_score_raw": 46.08, "employment_decile": 3, "education_norm": 67.8, "education_score_raw": 40.68, "education_decile": 4, "health_norm": 32.1, "health_score_raw": 19.26, "health_decile": 7, "crime_norm": 78.9, "crime_score_raw": 47.34, "crime_decile": 3, "housing_norm": 50.3, "housing_score_raw": 30.18, "housing_decile": 5, "environment_norm": 80.7, "environment_score_raw": 48.42, "environment_decile": 2}, "geometry": {"type": "Polygon", "coordinates": [[[-0.06, 51.496], [-0.04896, 51.496], [-0.04896, 51.50704], [-0.06, 51.50704], [-0.06, 51.496]]]}}, {"type": "Feature", "properties": {"lsoa_code": "S0311", "overall_norm": 61.0, "overall_score_raw": 36.6, "overall_decile": 4, "income_norm": 73.9, "income_score_raw": 44.34, "income_decile": 3, "employment_norm": 73.2, "employment_score_raw": 43.92, "employment_decile": 3, "education_norm": 55.7, "education_score_raw": 33.42, "education_decile": 5, "health_norm": 20.1, "health_score_raw": 12.06, "health_decile": 8, "crime_norm": 67.8, "crime_score_raw": 40.68, "crime_decile": 4, "housing_norm": 45.1, "housing_score_raw": 27.06, "housing_decile": 6, "environment_norm": 80.4, "environment_score_raw": 48.24, "environment_decile": 2}, "geometry": {"type": "Polygon", "coordinates": [[[-0.04799999999999999, 51.496], [-0.036959999999999986, 51.496], [-0.036959999999999986, 51.50704], [-0.04799999999999999, 51.50704], [-0.04799999999999999, 51.496]]]}}, {"type": "Feature", "properties": {"lsoa_code": "S0312", "overall_norm": 64.9, "overall_score_raw": 38.94, "overall_decile": 4, "income_norm": 65.8, "income_score_raw": 39.48, "income_decile": 4, "employment_norm": 69.4, "employment_score_raw": 41.64, "employment_decile": 4, "education_norm": 45.2, "education_score_raw": 27.12, "education_decile": 6, "health_norm": 9.8, "health_score_raw": 5.88, "health_decile": 10, "crime_norm": 58.0, "crime_score_raw": 34.8, "crime_decile": 5, "housing_norm": 43.3, "housing_score_raw": 25.98, "housing_decile": 6, "environment_norm": 79.1, "environment_score_raw": 47.46, "environment_decile": 3}, "geometry": {"type": "Polygon", "coordinates": [[[-0.035999999999999976, 51.496], [-0.024959999999999975, 51.496], [-0.024959999999999975, 51.50704], [-0.035999999999999976, 51.50704], [-0.035999999999999976, 51.496]]]}}, {"type": "Feature", "properties": {"lsoa_code": "S0313", "overall_norm": 68.7, "overall_score_raw": 41.22, "overall_decile": 4, "income_norm": 58.6, "income_score_raw": 35.16, "income_decile": 5, "employment_norm": 65.5, "employment_score_raw": 39.3, "employment_decile": 4, "education_norm": 39.0, "education_score_raw": 23.4, "education_decile": 7, "health_norm": 3.5, "health_score_raw": 2.1, "health_decile": 10, "crime_norm": 51.6, "crime_score_raw": 30.96, "crime_decile": 5, "housing_norm": 45.1, "housing_score_raw": 27.06, "housing_decile": 6, "environment_norm": 76.9, "environment_score_raw": 46.14, "environment_decile": 3}, "geometry": {"type": "Polygon", "coordinates": [[[-0.023999999999999994, 51.496], [-0.012959999999999992, 51.496], [-0.012959999999999992, 51.50704], [-0.023999999999999994, 51.50704], [-0.023999999999999994, 51.496]]]}}, {"type": "Feature", "properties": {"lsoa_code": "S0314", "overall_norm": 72.2, "overall_score_raw": 43.32, "overall_decile": 3, "income_norm": 53.2, "income_score_raw": 31.92, "income_decile": 5, "employment_norm": 61.5, "employment_score_raw": 36.9, "employment_decile": 4, "education_norm": 38.4, "education_score_raw": 23.04, "education_decile": 7, "health_norm": 2.6, "health_score_raw": 1.56, "health_decile": 10, "crime_norm": 49.8, "crime_score_raw": 29.88, "crime_decile": 6, "housing_norm": 50.3, "housing_score_raw": 30.18, "housing_decile": 5, "environment_norm": 73.9, "environment_score_raw": 44.34, "environment_decile": 3}, "geometry": {"type": "Polygon", "coordinates": [[[-0.011999999999999983, 51.496], [-0.0009599999999999817, 51.496], [-0.0009599999999999817, 51.50704], [-0.011999999999999983, 51.50704], [-0.011999999999999983, 51.496]]]}}, {"type": "Feature", "properties": {"lsoa_code": "S0315", "overall_norm": 75.4, "overall_score_raw": 45.24, "overall_decile": 3, "income_norm": 50.1, "income_score_raw": 30.06, "income_decile": 5, "employment_norm": 57.6, "employment_score_raw": 34.56, "employment_decile": 5, "education_norm": 43.7, "education_score_raw": 26.22, "education_decile": 6, "health_norm": 7.5, "health_score_raw": 4.5, "health_decile": 10, "crime_norm": 53.0, "crime_score_raw": 31.8, "crime_decile": 5, "housing_norm": 58.1, "housing_score_raw": 34.86, "housing_decile": 5, "environment_norm": 70.1, "environment_score_raw": 42.06, "environment_decile": 3}, "geometry": {"type": "Polygon", "coordinates": [[[0.0, 51.496], [0.011040000000000001, 51.496], [0.011040000000000001, 51.50704], [0.0, 51.50704], [0.0, 51.496]]]}}, {"type": "Feature", "properties": {"lsoa_code": "S0316", "overall_norm": 78.1, "overall_score_raw": 46.86, "overall_decile": 3, "income_norm": 49.6, "income_score_raw": 29.76, "income_decile": 6, "employment_norm": 53.8, "employment_score_raw": 32.28, "employment_decile": 5, "education_norm": 53.5, "education_score_raw": 32.1, "education_decile": 5, "health_norm": 16.8, "health_score_raw": 10.08, "health_decile": 9, "crime_norm": 60.6, "crime_score_raw": 36.36, "crime_decile": 4, "housing_norm": 67.4, "housing_score_raw": 40.44, "housing_decile": 4, "environment_norm": 65.8, "environment_score_raw": 39.48, "environment_decile": 4}, "geometry": {"type": "Polygon", "coordinates": [[[0.01200000000000001, 51.496], [0.023040000000000012, 51.496], [0.023040000000000012, 51.50704], [0.01200000000000001, 51.50704], [0.01200000000000001, 51.496]]]}}, {"type": "Feature", "properties": {"lsoa_code": "S0317", "overall_norm": 80.4, "overall_score_raw": 48.24, "overall_decile": 2, "income_norm": 51.9, "income_score_raw": 31.14, "income_decile": 5, "employment_norm": 50.4, "employment_score_raw": 30.24, "employment_decile": 5, "education_norm": 65.6, "education_score_raw": 39.36, "education_decile": 4, "health_norm": 28.6, "health_score_raw": 17.16, "health_decile": 8, "crime_norm": 71.0, "crime_score_raw": 42.6, "crime_decile": 3, "housing_norm": 76.9, "housing_score_raw": 46.14, "housing_decile": 3, "environment_norm": 61.1, "environment_score_raw": 36.66, "environment_decile": 4}, "geometry": {"type": "Polygon", "coordinates": [[[0.02400000000000002, 51.496], [0.03504000000000002, 51.496], [0.03504000000000002, 51.50704], [0.02400000000000002, 51.50704], [0.02400000000000002, 51.496]]]}}, {"type": "Feature", "properties": {"lsoa_code": "S0318", "overall_norm": 82.2, "overall_score_raw": 49.32, "overall_decile": 2, "income_norm": 56.7, "income_score_raw": 34.02, "income_decile": 5, "employment_norm": 47.2, "employment_score_raw": 28.32, "employment_decile": 6, "education_norm": 77.0, "education_score_raw": 46.2, "education_decile": 3, "health_norm": 40.1, "health_score_raw": 24.06, "health_decile": 6, "crime_norm": 82.1, "crime_score_raw": 49.26, "crime_decile": 2, "housing_norm": 85.0, "housing_score_raw": 51.0, "housing_decile": 2, "environment_norm": 56.2, "environment_score_raw": 33.72, "environment_decile": 5}, "geometry": {"type": "Polygon", "coordinates": [[[0.036000000000000004, 51.496], [0.047040000000000005, 51.496], [0.047040000000000005, 51.50704], [0.036000000000000004, 51.50704], [0.036000000000000004, 51.496]]]}}, {"type": "Feature", "properties": {"lsoa_code": "S0319", "overall_norm": 83.3, "overall_score_raw": 49.98, "overall_decile": 2, "income_norm": 63.4, "income_score_raw": 38.04, "income_decile": 4, "employment_norm": 44.5, "employment_score_raw": 26.7, "employment_decile": 6, "education_norm": 85.1, "education_score_raw": 51.06, "education_decile": 2, "health_norm": 48.6, "health_score_raw": 29.16, "health_decile": 6, "crime_norm": 91.8, "crime_score_raw": 55.08, "crime_decile": 1, "housing_norm": 90.8, "housing_score_raw": 54.48, "housing_decile": 1, "environment_norm": 51.2, "environment_score_raw": 30.72, "environment_decile": 5}, "geometry": {"type": "Polygon", "coordinates": [[[0.048000000000000015, 51.496], [0.059040000000000016, 51.496], [0.059040000000000016, 51.50704], [0.048000000000000015, 51.50704], [0.048000000000000015, 51.496]]]}}, {"type": "Feature", "properties": {"lsoa_code": "S0320", "overall_norm": 83.9, "overall_score_raw": 50.34, "overall_decile": 2, "income_norm": 71.3, "income_score_raw": 42.78, "income_decile": 3, "employment_norm": 42.3, "employment_score_raw": 25.38, "employment_decile": 6, "education_norm": 87.9, "education_score_raw": 52.74, "education_decile": 2, "health_norm": 52.2, "health_score_raw": 31.32, "health_decile": 5, "crime_norm": 98.1, "crime_score_raw": 58.86, "crime_decile": 1, "housing_norm": 93.2, "housing_score_raw": 55.92, "housing_decile": 1, "environment_norm": 46.5, "environment_score_raw": 27.9, "environment_decile": 6}, "geometry": {"type": "Polygon", "coordinates": [[[0.06, 51.496], [0.07103999999999999, 51.496], [0.07103999999999999, 51.50704], [0.06, 51.50704], [0.06, 51.496]]]}}, {"type": "Feature", "properties": {"lsoa_code": "S0321", "overall_norm": 83.8, "overall_score_raw": 50.28, "overall_decile": 2, "income_norm": 79.6, "income_score_raw": 47.76, "income_decile": 3, "employment_norm": 40.7, "employment_score_raw": 24.42, "employment_decile": 6, "education_norm": 84.9, "education_score_raw": 50.94, "education_decile": 2, "health_norm": 50.1, "health_score_raw": 30.06, "health_decile": 5, "crime_norm": 99.7, "crime_score_raw": 59.82, "crime_decile": 1, "housing_norm": 92.0, "housing_score_raw": 55.2, "housing_decile": 1, "environment_norm": 42.1, "environment_score_raw": 25.26, "environment_decile": 6}, "geometry": {"type": "Polygon", "coordinates": [[[0.07200000000000001, 51.496], [0.08304, 51.496], [0.08304, 51.50704], [0.07200000000000001, 51.50704], [0.07200000000000001, 51.496]]]}}, {"type": "Feature", "properties": {"lsoa_code": "S0322", "overall_norm": 83.2, "overall_score_raw": 49.92, "overall_decile": 2, "income_norm": 87.3, "income_score_raw": 52.38, "income_decile": 2, "employment_norm": 39.6, "employment_score_raw": 23.76, "employment_decile": 7, "education_norm": 76.6, "education_score_raw": 45.96, "education_decile": 3, "health_norm": 42.8, "health_score_raw": 25.68, "health_decile": 6, "crime_norm": 96.3, "crime_score_raw": 57.78, "crime_decile": 1, "housing_norm": 87.4, "housing_score_raw": 52.44, "housing_decile": 2, "environment_norm": 38.2, "environment_score_raw": 22.92, "environment_decile": 7}, "geometry": {"type": "Polygon", "coordinates": [[[0.08400000000000002, 51.496], [0.09504000000000001, 51.496], [0.09504000000000001, 51.50704], [0.08400000000000002, 51.50704], [0.08400000000000002, 51.496]]]}}, {"type": "Feature", "properties": {"lsoa_code": "S0323", "overall_norm": 81.9, "overall_score_raw": 49.14, "overall_decile": 2, "income_norm": 93.6, "income_score_raw": 56.16, "income_decile": 1, "employment_norm": 39.2, "employment_score_raw": 23.52, "employment_decile": 7, "education_norm": 65.1, "education_score_raw": 39.06, "education_decile": 4, "health_norm": 31.9, "health_score_raw": 19.14, "health_decile": 7, "crime_norm": 88.5, "crime_score_raw": 53.1, "crime_decile": 2, "housing_norm": 80.0, "housing_score_raw": 48.0, "housing_decile": 3, "environment_norm": 35.0, "environment_score_raw": 21.0, "environment_decile": 7}, "geometry": {"type": "Polygon", "coordinates": [[[0.09600000000000003, 51.496], [0.10704000000000002, 51.496], [0.10704000000000002, 51.50704], [0.09600000000000003, 51.50704], [0.09600000000000003, 51.496]]]}}, {"type": "Feature", "properties": {"lsoa_code": "S0400", "overall_norm": 40.2, "overall_score_raw": 24.12, "overall_decile": 6, "income_norm": 63.2, "income_score_raw": 37.92, "income_decile": 4, "employment_norm": 91.6, "employment_score_raw": 54.96, "employment_decile": 1, "education_norm": 45.4, "education_score_raw": 27.24, "education_decile": 6, "health_norm": 1.3, "health_score_raw": 0.78, "health_decile": 10, "crime_norm": 48.2, "crime_score_raw": 28.92, "crime_decile": 6, "housing_norm": 61.3, "housing_score_raw": 36.78, "housing_decile": 4, "environment_norm": 52.5, "environment_score_raw": 31.5, "environment_decile": 5}, "geometry": {"type": "Polygon", "coordinates": [[[-0.18, 51.508], [-0.16896, 51.508], [-0.16896, 51.519040000000004], [-0.18, 51.519040000000004], [-0.18, 51.508]]]}}, {"type": "Feature", "properties": {"lsoa_code": "S0401", "overall_norm": 40.2, "overall_score_raw": 24.12, "overall_decile": 6, "income_norm": 71.0, "income_score_raw": 42.6, "income_decile": 3, "employment_norm": 93.4, "employment_score_raw": 56.04, "employment_decile": 1, "education_norm": 43.5, "education_score_raw": 26.1, "education_decile": 6, "health_norm": 0.3, "health_score_raw": 0.18, "health_decile": 10, "crime_norm": 51.0, "crime_score_raw": 30.6, "crime_decile": 5, "housing_norm": 70.5, "housing_score_raw": 42.3, "housing_decile": 3, "environment_norm": 57.2, "environment_score_raw": 34.32, "environment_decile": 5}, "geometry": {"type": "Polygon", "coordinates": [[[-0.16799999999999998, 51.508], [-0.15696, 51.508], [-0.15696, 51.519040000000004], [-0.16799999999999998, 51.519040000000004], [-0.16799999999999998, 51.508]]]}}, {"type": "Feature", "properties": {"lsoa_code": "S0402", "overall_norm": 40.8, "overall_score_raw": 24.48, "overall_decile": 6, "income_norm": 79.3, "income_score_raw": 47.58, "income_decile": 3, "employment_norm": 94.6, "employment_score_raw": 56.76, "employment_decile": 1, "education_norm": 47.5, "education_score_raw": 28.5, "education_decile": 6, "health_norm": 5.1, "health_score_raw": 3.06, "health_decile": 10, "crime_norm": 58.3, "crime_score_raw": 34.98, "crime_decile": 5, "housing_norm": 77.9, "housing_score_raw": 46.74, "housing_decile": 3, "environment_norm": 62.1, "environment_score_raw": 37.26, "environment_decile": 4}, "geometry": {"type": "Polygon", "coordinates": [[[-0.156, 51.508], [-0.14496, 51.508], [-0.14496, 51.519040000000004], [-0.156, 51.519040000000004], [-0.156, 51.508]]]}}, {"type": "Feature", "properties": {"lsoa_code": "S0403", "overall_norm": 42.0, "overall_score_raw": 25.2, "overall_decile": 6, "income_norm": 87.1, "income_score_raw": 52.26, "income_decile": 2, "employment_norm": 95.2, "employment_score_raw": 57.12, "employment_decile": 1, "education_norm": 56.5, "education_score_raw": 33.9, "education_decile": 5, "health_norm": 14.4, "health_score_raw": 8.64, "health_decile": 9, "crime_norm": 68.6, "crime_score_raw": 41.16, "crime_decile": 4, "housing_norm": 82.6, "housing_score_raw": 49.56, "housing_decile": 2, "environment_norm": 67.0, "environment_score_raw": 40.2, "environment_decile": 4}, "geometry": {"type": "Polygon", "coordinates": [[[-0.144, 51.508], [-0.13296, 51.508], [-0.13296, 51.519040000000004], [-0.144, 51.519040000000004], [-0.144, 51.508]]]}}, {"type": "Feature", "properties": {"lsoa_code": "S0404", "overall_norm": 43.7, "overall_score_raw": 26.22, "overall_decile": 6, "income_norm": 93.6, "income_score_raw": 56.16, "income_decile": 1, "employment_norm": 95.2, "employment_score_raw": 57.12, "employment_decile": 1, "education_norm": 68.3, "education_score_raw": 40.98, "education_decile": 4, "health_norm": 26.1, "health_score_raw": 15.66, "health_decile": 8, "crime_norm": 79.7, "crime_score_raw": 47.82, "crime_decile": 3, "housing_norm": 83.7, "housing_score_raw": 50.22, "housing_decile": 2, "environment_norm": 71.8, "environment_score_raw": 43.08, "environment_decile": 3}, "geometry": {"type": "Polygon", "coordinates": [[[-0.132, 51.508], [-0.12096000000000001, 51.508], [-0.12096000000000001, 51.519040000000004], [-0.132, 51.519040000000004], [-0.132, 51.508]]]}}, {"type": "Feature", "properties": {"lsoa_code": "S0405", "overall_norm": 46.0, "overall_score_raw": 27.6, "overall_decile": 6, "income_norm": 98.0, "income_score_raw": 58.8, "income_decile": 1, "employment_norm": 94.6, "employment_score_raw": 56.76, "employment_decile": 1, "education_norm": 80.1, "education_score_raw": 48.06, "education_decile": 2, "health_norm": 37.6, "health_score_raw": 22.56, "health_decile": 7, "crime_norm": 89.6, "crime_score_raw": 53.76, "crime_decile": 2, "housing_norm": 81.3, "housing_score_raw": 48.78, "housing_decile": 2, "environment_norm": 76.3, "environment_score_raw": 45.78, "environment_decile": 3}, "geometry": {"type": "Polygon", "coordinates": [[[-0.12, 51.508], [-0.10896, 51.508], [-0.10896, 51.519040000000004], [-0.12, 51.519040000000004], [-0.12, 51.508]]]}}, {"type": "Feature", "properties": {"lsoa_code": "S0406", "overall_norm": 48.8, "overall_score_raw": 29.28, "overall_decile": 6, "income_norm": 99.9, "income_score_raw": 59.94, "income_decile": 1, "employment_norm": 93.3, "employment_score_raw": 55.98, "employment_decile": 1, "education_norm": 89.2, "education_score_raw": 53.52, "education_decile": 2, "health_norm": 46.2, "health_score_raw": 27.72, "health_decile": 6, "crime_norm": 96.2, "crime_score_raw": 57.72, "crime_decile": 1, "housing_norm": 75.6, "housing_score_raw": 45.36, "housing_decile": 3, "environment_norm": 80.3, "environment_score_raw": 48.18, "environment_decile": 2}, "geometry": {"type": "Polygon", "coordinates": [[[-0.10799999999999998, 51.508], [-0.09695999999999999, 51.508], [-0.09695999999999999, 51.519040000000004], [-0.10799999999999998, 51.519040000000004], [-0.10799999999999998, 51.508]]]}}, {"type": "Feature", "properties": {"lsoa_code": "S0407", "overall_norm": 52.0, "overall_score_raw": 31.2, "overall_decile": 5, "income_norm": 99.1, "income_score_raw": 59.46, "income_decile": 1, "employment_norm": 91.5, "employment_score_raw": 54.9, "employment_decile": 1, "education_norm": 93.3, "education_score_raw": 55.98, "education_decile": 1, "health_norm": 49.9, "health_score_raw": 29.94, "health_decile": 6, "crime_norm": 98.1, "crime_score_raw": 58.86, "crime_decile": 1, "housing_norm": 67.4, "housing_score_raw": 40.44, "housing_decile": 4, "environment_norm": 83.6, "environment_score_raw": 50.16, "environment_decile": 2}, "geometry": {"type": "Polygon", "coordinates": [[[-0.09599999999999999, 51.508], [-0.08495999999999998, 51.508], [-0.08495999999999998, 51.519040000000004], [-0.09599999999999999, 51.519040000000004], [-0.09599999999999999, 51.508]]]}}, {"type": "Feature", "properties": {"lsoa_code": "S0408", "overall_norm": 55.5, "overall_score_raw": 33.3, "overall_decile": 5, "income_norm": 95.7, "income_score_raw": 57.42, "income_decile": 1, "employment_norm": 89.1, "employment_score_raw": 53.46, "employment_decile": 2, "education_norm": 91.5, "education_score_raw": 54.9, "education_decile": 1, "health_norm": 47.9, "health_score_raw": 28.74, "health_decile": 6, "crime_norm": 95.1, "crime_score_raw": 57.06, "crime_decile": 1, "housing_norm": 58.0, "housing_score_raw": 34.8, "housing_decile": 5, "environment_norm": 86.1, "environment_score_raw": 51.66, "environment_decile": 2}, "geometry": {"type": "Polygon", "coordinates": [[[-0.08399999999999999, 51.508], [-0.07296, 51.508], [-0.07296, 51.519040000000004], [-0.08399999999999999, 51.519040000000004], [-0.08399999999999999, 51.508]]]}}, {"type": "Feature", "properties": {"lsoa_code": "S0409", "overall_norm": 59.3, "overall_score_raw": 35.58, "overall_decile": 5, "income_norm": 89.9, "income_score_raw": 53.94, "income_decile": 2, "employment_norm": 86.2, "employment_score_raw": 51.72, "employment_decile": 2, "education_norm": 84.3, "education_score_raw": 50.58, "education_decile": 2, "health_norm": 40.7, "health_score_raw": 24.42, "health_decile": 6, "crime_norm": 87.7, "crime_score_raw": 52.62, "crime_decile": 2, "housing_norm": 48.7, "housing_score_raw": 29.22, "housing_decile": 6, "environment_norm": 87.7, "environment_score_raw": 52.62, "environment_decile": 2}, "geometry": {"type": "Polygon", "coordinates": [[[-0.072, 51.508], [-0.06095999999999999, 51.508], [-0.06095999999999999, 51.519040000000004], [-0.072, 51.519040000000004], [-0.072, 51.508]]]}}, {"type": "Feature", "properties": {"lsoa_code": "S0410", "overall_norm": 63.2, "overall_score_raw": 37.92, "overall_decile": 4, "income_norm": 82.6, "income_score_raw": 49.56, "income_decile": 2, "employment_norm": 83.0, "employment_score_raw": 49.8, "employment_decile": 2, "education_norm": 73.3, "education_score_raw": 43.98, "education_decile": 3, "health_norm": 29.8, "health_score_raw": 17.88, "health_decile": 8, "crime_norm": 77.4, "crime_score_raw": 46.44, "crime_decile": 3, "housing_norm": 40.8, "housing_score_raw": 24.48, "housing_decile": 6, "environment_norm": 88.4, "environment_score_raw": 53.04, "environment_decile": 2}, "geometry": {"type": "Polygon", "coordinates": [[[-0.06, 51.508], [-0.04896, 51.508], [-0.04896, 51.519040000000004], [-0.06, 51.519040000000004], [-0.06, 51.508]]]}}, {"type": "Feature", "properties": {"lsoa_code": "S0411", "overall_norm": 67.2, "overall_score_raw": 40.32, "overall_decile": 4, "income_norm": 74.4, "income_score_raw": 44.64, "income_decile": 3, "employment_norm": 79.4, "employment_score_raw": 47.64, "employment_decile": 3, "education_norm": 61.1, "education_score_raw": 36.66, "education_decile": 4, "health_norm": 17.8, "health_score_raw": 10.68, "health_decile": 9, "crime_norm": 66.2, "crime_score_raw": 39.72, "crime_decile": 4, "housing_norm": 35.6, "housing_score_raw": 21.36, "housing_decile": 7, "environment_norm": 88.0, "environment_score_raw": 52.8, "environment_decile": 2}, "geometry": {"type": "Polygon", "coordinates": [[[-0.04799999999999999, 51.508], [-0.036959999999999986, 51.508], [-0.036959999999999986, 51.519040000000004], [-0.04799999999999999, 51.519040000000004], [-0.04799999999999999, 51.508]]]}}, {"type": "Feature", "properties": {"lsoa_code": "S0412", "overall_norm": 71.1, "overall_score_raw": 42.66, "overall_decile": 3, "income_norm": 66.3, "income_score_raw": 39.78, "income_decile": 4, "employment_norm": 75.6, "employment_score_raw": 45.36, "employment_decile": 3, "education_norm": 50.7, "education_score_raw": 30.42, "education_decile": 5, "health_norm": 7.5, "health_score_raw": 4.5, "health_decile": 10, "crime_norm": 56.4, "crime_score_raw": 33.84, "crime_decile": 5, "housing_norm": 33.8, "housing_score_raw": 20.28, "housing_decile": 7, "environment_norm": 86.7, "environment_score_raw": 52.02, "environment_decile": 2}, "geometry": {"type": "Polygon", "coordinates": [[[-0.035999999999999976, 51.508], [-0.024959999999999975, 51.508], [-0.024959999999999975, 51.519040000000004], [-0.035999999999999976, 51.519040000000004], [-0.035999999999999976, 51.508]]]}}, {"type": "Feature", "properties": {"lsoa_code": "S0413", "overall_norm": 74.8, "overall_score_raw": 44.88, "overall_decile": 3, "income_norm": 59.1, "income_score_raw": 35.46, "income_decile": 5, "employment_norm": 71.6, "employment_score_raw": 42.96, "employment_decile": 3, "education_norm": 44.5, "education_score_raw": 26.7, "education_decile": 6, "health_norm": 1.2, "health_score_raw": 0.72, "health_decile": 10, "crime_norm": 50.0, "crime_score_raw": 30.0, "crime_decile": 6, "housing_norm": 35.6, "housing_score_raw": 21.36, "housing_decile": 7, "environment_norm": 84.5, "environment_score_raw": 50.7, "environment_decile": 2}, "geometry": {"type": "Polygon", "coordinates": [[[-0.023999999999999994, 51.508], [-0.012959999999999992, 51.508], [-0.012959999999999992, 51.519040000000004], [-0.023999999999999994, 51.519040000000004], [-0.023999999999999994, 51.508]]]}}, {"type": "Feature", "properties": {"lsoa_code": "S0414", "overall_norm": 78.3, "overall_score_raw": 46.98, "overall_decile": 3, "income_norm": 53.7, "income_score_raw": 32.22, "income_decile": 5, "employment_norm": 67.7, "employment_score_raw": 40.62, "employment_decile": 4, "education_norm": 43.9, "education_score_raw": 26.34, "education_decile": 6, "health_norm": 0.4, "health_score_raw": 0.24, "health_decile": 10, "crime_norm": 48.2, "crime_score_raw": 28.92, "crime_decile": 6, "housing_norm": 40.8, "housing_score_raw": 24.48, "housing_decile": 6, "environment_norm": 81.5, "environment_score_raw": 48.9, "environment_decile": 2}, "geometry": {"type": "Polygon", "coordinates": [[[-0.011999999999999983, 51.508], [-0.0009599999999999817, 51.508], [-0.0009599999999999817, 51.519040000000004], [-0.011999999999999983, 51.519040000000004], [-0.011999999999999983, 51.508]]]}}, {"type": "Feature", "properties": {"lsoa_code": "S0415", "overall_norm": 81.5, "overall_score_raw": 48.9, "overall_decile": 2, "income_norm": 50.6, "income_score_raw": 30.36, "income_decile": 5, "employment_norm": 63.7, "employment_score_raw": 38.22, "employment_decile": 4, "education_norm": 49.1, "education_score_raw": 29.46, "education_decile": 6, "health_norm": 5.2, "health_score_raw": 3.12, "health_decile": 10, "crime_norm": 51.4, "crime_score_raw": 30.84, "crime_decile": 5, "housing_norm": 48.6, "housing_score_raw": 29.16, "housing_decile": 6, "environment_norm": 77.7, "environment_score_raw": 46.62, "environment_decile": 3}, "geometry": {"type": "Polygon", "coordinates": [[[0.0, 51.508], [0.011040000000000001, 51.508], [0.011040000000000001, 51.519040000000004], [0.0, 51.519040000000004], [0.0, 51.508]]]}}, {"type": "Feature", "properties": {"lsoa_code": "S0416", "overall_norm": 84.3, "overall_score_raw": 50.58, "overall_decile": 2, "income_norm": 50.2, "income_score_raw": 30.12, "income_decile": 5, "employment_norm": 60.0, "employment_score_raw": 36.0, "employment_decile": 5, "education_norm": 59.0, "education_score_raw": 35.4, "education_decile": 5, "health_norm": 14.6, "health_score_raw": 8.76, "health_decile": 9, "crime_norm": 59.0, "crime_score_raw": 35.4, "crime_decile": 5, "housing_norm": 57.9, "housing_score_raw": 34.74, "housing_decile": 5, "environment_norm": 73.4, "environment_score_raw": 44.04, "environment_decile": 3}, "geometry": {"type": "Polygon", "coordinates": [[[0.01200000000000001, 51.508], [0.023040000000000012, 51.508], [0.023040000000000012, 51.519040000000004], [0.01200000000000001, 51.519040000000004], [0.01200000000000001, 51.508]]]}}, {"type": "Feature", "properties": {"lsoa_code": "S0417", "overall_norm": 86.6, "overall_score_raw": 51.96, "overall_decile": 2, "income_norm": 52.5, "income_score_raw": 31.5, "income_decile": 5, "employment_norm": 56.5, "employment_score_raw": 33.9, "employment_decile": 5, "education_norm": 71.0, "education_score_raw": 42.6, "education_decile": 3, "health_norm": 26.3, "health_score_raw": 15.78, "health_decile": 8, "crime_norm": 69.4, "crime_score_raw": 41.64, "crime_decile": 4, "housing_norm": 67.4, "housing_score_raw": 40.44, "housing_decile": 4, "environment_norm": 68.7, "environment_score_raw": 41.22, "environment_decile": 4}, "geometry": {"type": "Polygon", "coordinates": [[[0.02400000000000002, 51.508], [0.03504000000000002, 51.508], [0.03504000000000002, 51.519040000000004], [0.02400000000000002, 51.519040000000004], [0.02400000000000002, 51.508]]]}}, {"type": "Feature", "properties": {"lsoa_code": "S0418", "overall_norm": 88.3, "overall_score_raw": 52.98, "overall_decile": 2, "income_norm": 57.2, "income_score_raw": 34.32, "income_decile": 5, "employment_norm": 53.4, "employment_score_raw": 32.04, "employment_decile": 5, "education_norm": 82.4, "education_score_raw": 49.44, "education_decile": 2, "health_norm": 37.8, "health_score_raw": 22.68, "health_decile": 7, "crime_norm": 80.6, "crime_score_raw": 48.36, "crime_decile": 2, "housing_norm": 75.6, "housing_score_raw": 45.36, "housing_decile": 3, "environment_norm": 63.8, "environment_score_raw": 38.28, "environment_decile": 4}, "geometry": {"type": "Polygon", "coordinates": [[[0.036000000000000004, 51.508], [0.047040000000000005, 51.508], [0.047040000000000005, 51.519040000000004], [0.036000000000000004, 51.519040000000004], [0.036000000000000004, 51.508]]]}}, {"type": "Feature", "properties": {"lsoa_code": "S0419", "overall_norm": 89.5, "overall_score_raw": 53.7, "overall_decile": 2, "income_norm": 63.9, "income_score_raw": 38.34, "income_decile": 4, "employment_norm": 50.7, "employment_score_raw": 30.42, "employment_decile": 5, "education_norm": 90.5, "education_score_raw": 54.3, "education_decile": 1, "health_norm": 46.3, "health_score_raw": 27.78, "health_decile": 6, "crime_norm": 90.2, "crime_score_raw": 54.12, "crime_decile": 1, "housing_norm": 81.3, "housing_score_raw": 48.78, "housing_decile": 2, "environment_norm": 58.8, "environment_score_raw": 35.28, "environment_decile": 5}, "geometry": {"type": "Polygon", "coordinates": [[[0.048000000000000015, 51.508], [0.059040000000000016, 51.508], [0.059040000000000016, 51.519040000000004], [0.048000000000000015, 51.519040000000004], [0.048000000000000015, 51.508]]]}}, {"type": "Feature", "properties": {"lsoa_code": "S0420", "overall_norm": 90.1, "overall_score_raw": 54.06, "overall_decile": 1, "income_norm": 71.9, "income_score_raw": 43.14, "income_decile": 3, "employment_norm": 48.5, "employment_score_raw": 29.1, "employment_decile": 6, "education_norm": 93.4, "education_score_raw": 56.04, "education_decile": 1, "health_norm": 50.0, "health_score_raw": 30.0, "health_decile": 6, "crime_norm": 96.5, "crime_score_raw": 57.9, "crime_decile": 1, "housing_norm": 83.7, "housing_score_raw": 50.22, "housing_decile": 2, "environment_norm": 54.1, "environment_score_raw": 32.46, "environment_decile": 5}, "geometry": {"type": "Polygon", "coordinates": [[[0.06, 51.508], [0.07103999999999999, 51.508], [0.07103999999999999, 51.519040000000004], [0.06, 51.519040000000004], [0.06, 51.508]]]}}, {"type": "Feature", "properties": {"lsoa_code": "S0421", "overall_norm": 90.0, "overall_score_raw": 54.0, "overall_decile": 2, "income_norm": 80.1, "income_score_raw": 48.06, "income_decile": 2, "employment_norm": 46.8, "employment_score_raw": 28.08, "employment_decile": 6, "education_norm": 90.3, "education_score_raw": 54.18, "education_decile": 1, "health_norm": 47.9, "health_score_raw": 28.74, "health_decile": 6, "crime_norm": 98.1, "crime_score_raw": 58.86, "crime_decile": 1, "housing_norm": 82.6, "housing_score_raw": 49.56, "housing_decile": 2, "environment_norm": 49.7, "environment_score_raw": 29.82, "environment_decile": 6}, "geometry": {"type": "Polygon", "coordinates": [[[0.07200000000000001, 51.508], [0.08304, 51.508], [0.08304, 51.519040000000004], [0.07200000000000001, 51.519040000000004], [0.07200000000000001, 51.508]]]}}, {"type": "Feature", "properties": {"lsoa_code": "S0422", "overall_norm": 89.3, "overall_score_raw": 53.58, "overall_decile": 2, "income_norm": 87.8, "income_score_raw": 52.68, "income_decile": 2, "employment_norm": 45.8, "employment_score_raw": 27.48, "employment_decile": 6, "education_norm": 82.1, "education_score_raw": 49.26, "education_decile": 2, "health_norm": 40.5, "health_score_raw": 24.3, "health_decile": 6, "crime_norm": 94.7, "crime_score_raw": 56.82, "crime_decile": 1, "housing_norm": 77.9, "housing_score_raw": 46.74, "housing_decile": 3, "environment_norm": 45.8, "environment_score_raw": 27.48, "environment_decile": 6}, "geometry": {"type": "Polygon", "coordinates": [[[0.08400000000000002, 51.508], [0.09504000000000001, 51.508], [0.09504000000000001, 51.519040000000004], [0.08400000000000002, 51.519040000000004], [0.08400000000000002, 51.508]]]}}, {"type": "Feature", "properties": {"lsoa_code": "S0423", "overall_norm": 88.0, "overall_score_raw": 52.8, "overall_decile": 2, "income_norm": 94.1, "income_score_raw": 56.46, "income_decile": 1, "employment_norm": 45.3, "employment_score_raw": 27.18, "employment_decile": 6, "education_norm": 70.6, "education_score_raw": 42.36, "education_decile": 3, "health_norm": 29.6, "health_score_raw": 17.76, "health_decile": 8, "crime_norm": 87.0, "crime_score_raw": 52.2, "crime_decile": 2, "housing_norm": 70.5, "housing_score_raw": 42.3, "housing_decile": 3, "environment_norm": 42.7, "environment_score_raw": 25.62, "environment_decile": 6}, "geometry": {"type": "Polygon", "coordinates": [[[0.09600000000000003, 51.508], [0.10704000000000002, 51.508], [0.10704000000000002, 51.519040000000004], [0.09600000000000003, 51.519040000000004], [0.09600000000000003, 51.508]]]}}, {"type": "Feature", "properties": {"lsoa_code": "S0500", "overall_norm": 45.1, "overall_score_raw": 27.06, "overall_decile": 6, "income_norm": 62.9, "income_score_raw": 37.74, "income_decile": 4, "employment_norm": 95.3, "employment_score_raw": 57.18, "employment_decile": 1, "education_norm": 49.4, "education_score_raw": 29.64, "education_decile": 6, "health_norm": 4.0, "health_score_raw": 2.4, "health_decile": 10, "crime_norm": 45.3, "crime_score_raw": 27.18, "crime_decile": 6, "housing_norm": 50.0, "housing_score_raw": 30.0, "housing_decile": 6, "environment_norm": 58.7, "environment_score_raw": 35.22, "environment_decile": 5}, "geometry": {"type": "Polygon", "coordinates": [[[-0.18, 51.52], [-0.16896, 51.52], [-0.16896, 51.531040000000004], [-0.18, 51.531040000000004], [-0.18, 51.52]]]}}, {"type": "Feature", "properties": {"lsoa_code": "S0501", "overall_norm": 45.1, "overall_score_raw": 27.06, "overall_decile": 6, "income_norm": 70.8, "income_score_raw": 42.48, "income_decile": 3, "employment_norm": 97.1, "employment_score_raw": 58.26, "employment_decile": 1, "education_norm": 47.5, "education_score_raw": 28.5, "education_decile": 6, "health_norm": 3.0, "health_score_raw": 1.8, "health_decile": 10, "crime_norm": 48.1, "crime_score_raw": 28.86, "crime_decile": 6, "housing_norm": 59.1, "housing_score_raw": 35.46, "housing_decile": 5, "environment_norm": 63.3, "environment_score_raw": 37.98, "environment_decile": 4}, "geometry": {"type": "Polygon", "coordinates": [[[-0.16799999999999998, 51.52], [-0.15696, 51.52], [-0.15696, 51.531040000000004], [-0.16799999999999998, 51.531040000000004], [-0.16799999999999998, 51.52]]]}}, {"type": "Feature", "properties": {"lsoa_code": "S0502", "overall_norm": 45.7, "overall_score_raw": 27.42, "overall_decile": 6, "income_norm": 79.0, "income_score_raw": 47.4, "income_decile": 3, "employment_norm": 98.4, "employment_score_raw": 59.04, "employment_decile": 1, "education_norm": 51.5, "education_score_raw": 30.9, "education_decile": 5, "health_norm": 7.7, "health_score_raw": 4.62, "health_decile": 10, "crime_norm": 55.4, "crime_score_raw": 33.24, "crime_decile": 5, "housing_norm": 66.6, "housing_score_raw": 39.96, "housing_decile": 4, "environment_norm": 68.2, "environment_score_raw": 40.92, "environment_decile": 4}, "geometry": {"type": "Polygon", "coordinates": [[[-0.156, 51.52], [-0.14496, 51.52], [-0.14496, 51.531040000000004], [-0.156, 51.531040000000004], [-0.156, 51.52]]]}}, {"type": "Feature", "properties": {"lsoa_code": "S0503", "overall_norm": 46.9, "overall_score_raw": 28.14, "overall_decile": 6, "income_norm": 86.8, "income_score_raw": 52.08, "income_decile": 2, "employment_norm": 99.0, "employment_score_raw": 59.4, "employment_decile": 1, "education_norm": 60.5, "education_score_raw": 36.3, "education_decile": 4, "health_norm": 17.0, "health_score_raw": 10.2, "health_decile": 9, "crime_norm": 65.7, "crime_score_raw": 39.42, "crime_decile": 4, "housing_norm": 71.2, "housing_score_raw": 42.72, "housing_decile": 3, "environment_norm": 73.2, "environment_score_raw": 43.92, "environment_decile": 3}, "geometry": {"type": "Polygon", "coordinates": [[[-0.144, 51.52], [-0.13296, 51.52], [-0.13296, 51.531040000000004], [-0.144, 51.531040000000004], [-0.144, 51.52]]]}}, {"type": "Feature", "properties": {"lsoa_code": "S0504", "overall_norm": 48.7, "overall_score_raw": 29.22, "overall_decile": 6, "income_norm": 93.3, "income_score_raw": 55.98, "income_decile": 1, "employment_norm": 99.0, "employment_score_raw": 59.4, "employment_decile": 1, "education_norm": 72.3, "education_score_raw": 43.38, "education_decile": 3, "health_norm": 28.8, "health_score_raw": 17.28, "health_decile": 8, "crime_norm": 76.9, "crime_score_raw": 46.14, "crime_decile": 3, "housing_norm": 72.4, "housing_score_raw": 43.44, "housing_decile": 3, "environment_norm": 78.0, "environment_score_raw": 46.8, "environment_decile": 3}, "geometry": {"type": "Polygon", "coordinates": [[[-0.132, 51.52], [-0.12096000000000001, 51.52], [-0.12096000000000001, 51.531040000000004], [-0.132, 51.531040000000004], [-0.132, 51.52]]]}}, {"type": "Feature", "properties": {"lsoa_code": "S0505", "overall_norm": 51.0, "overall_score_raw": 30.6, "overall_decile": 5, "income_norm": 97.7, "income_score_raw": 58.62, "income_decile": 1, "employment_norm": 98.3, "employment_score_raw": 58.98, "employment_decile": 1, "education_norm": 84.1, "education_score_raw": 50.46, "education_decile": 2, "health_norm": 40.3, "health_score_raw": 24.18, "health_decile": 6, "crime_norm": 86.7, "crime_score_raw": 52.02, "crime_decile": 2, "housing_norm": 70.0, "housing_score_raw": 42.0, "housing_decile": 4, "environment_norm": 82.5, "environment_score_raw": 49.5, "environment_decile": 2}, "geometry": {"type": "Polygon", "coordinates": [[[-0.12, 51.52], [-0.10896, 51.52], [-0.10896, 51.531040000000004], [-0.12, 51.531040000000004], [-0.12, 51.52]]]}}, {"type": "Feature", "properties": {"lsoa_code": "S0506", "overall_norm": 53.8, "overall_score_raw": 32.28, "overall_decile": 5, "income_norm": 99.7, "income_score_raw": 59.82, "income_decile": 1, "employment_norm": 97.1, "employment_score_raw": 58.26, "employment_decile": 1, "education_norm": 93.1, "education_score_raw": 55.86, "education_decile": 1, "health_norm": 48.9, "health_score_raw": 29.34, "health_decile": 6, "crime_norm": 93.3, "crime_score_raw": 55.98, "crime_decile": 1, "housing_norm": 64.3, "housing_score_raw": 38.58, "housing_decile": 4, "environment_norm": 86.4, "environment_score_raw": 51.84, "environment_decile": 2}, "geometry": {"type": "Polygon", "coordinates": [[[-0.10799999999999998, 51.52], [-0.09695999999999999, 51.52], [-0.09695999999999999, 51.531040000000004], [-0.10799999999999998, 51.531040000000004], [-0.10799999999999998, 51.52]]]}}, {"type": "Feature", "properties": {"lsoa_code": "S0507", "overall_norm": 57.0, "overall_score_raw": 34.2, "overall_decile": 5, "income_norm": 98.8, "income_score_raw": 59.28, "income_decile": 1, "employment_norm": 95.2, "employment_score_raw": 57.12, "employment_decile": 1, "education_norm": 97.3, "education_score_raw": 58.38, "education_decile": 1, "health_norm": 52.6, "health_score_raw": 31.56, "health_decile": 5, "crime_norm": 95.3, "crime_score_raw": 57.18, "crime_decile": 1, "housing_norm": 56.1, "housing_score_raw": 33.66, "housing_decile": 5, "environment_norm": 89.7, "environment_score_raw": 53.82, "environment_decile": 2}, "geometry": {"type": "Polygon", "coordinates": [[[-0.09599999999999999, 51.52], [-0.08495999999999998, 51.52], [-0.08495999999999998, 51.531040000000004], [-0.09599999999999999, 51.531040000000004], [-0.09599999999999999, 51.52]]]}}, {"type": "Feature", "properties": {"lsoa_code": "S0508", "overall_norm": 60.5, "overall_score_raw": 36.3, "overall_decile": 4, "income_norm": 95.4, "income_score_raw": 57.24, "income_decile": 1, "employment_norm": 92.8, "employment_score_raw": 55.68, "employment_decile": 1, "education_norm": 95.5, "education_score_raw": 57.3, "education_decile": 1, "health_norm": 50.6, "health_score_raw": 30.36, "health_decile": 5, "crime_norm": 92.2, "crime_score_raw": 55.32, "crime_decile": 1, "housing_norm": 46.7, "housing_score_raw": 28.02, "housing_decile": 6, "environment_norm": 92.2, "environment_score_raw": 55.32, "environment_decile": 1}, "geometry": {"type": "Polygon", "coordinates": [[[-0.08399999999999999, 51.52], [-0.07296, 51.52], [-0.07296, 51.531040000000004], [-0.08399999999999999, 51.531040000000004], [-0.08399999999999999, 51.52]]]}}, {"type": "Feature", "properties": {"lsoa_code": "S0509", "overall_norm": 64.3, "overall_score_raw": 38.58, "overall_decile": 4, "income_norm": 89.7, "income_score_raw": 53.82, "income_decile": 2, "employment_norm": 90.0, "employment_score_raw": 54.0, "employment_decile": 2, "education_norm": 88.2, "education_score_raw": 52.92, "education_decile": 2, "health_norm": 43.4, "health_score_raw": 26.04, "health_decile": 6, "crime_norm": 84.8, "crime_score_raw": 50.88, "crime_decile": 2, "housing_norm": 37.4, "housing_score_raw": 22.44, "housing_decile": 7, "environment_norm": 93.9, "environment_score_raw": 56.34, "environment_decile": 1}, "geometry": {"type": "Polygon", "coordinates": [[[-0.072, 51.52], [-0.06095999999999999, 51.52], [-0.06095999999999999, 51.531040000000004], [-0.072, 51.531040000000004], [-0.072, 51.52]]]}}, {"type": "Feature", "properties": {"lsoa_code": "S0510", "overall_norm": 68.2, "overall_score_raw": 40.92, "overall_decile": 4, "income_norm": 82.3, "income_score_raw": 49.38, "income_decile": 2, "employment_norm": 86.7, "employment_score_raw": 52.02, "employment_decile": 2, "education_norm": 77.2, "education_score_raw": 46.32, "education_decile": 3, "health_norm": 32.5, "health_score_raw": 19.5, "health_decile": 7, "crime_norm": 74.5, "crime_score_raw": 44.7, "crime_decile": 3, "housing_norm": 29.5, "housing_score_raw": 17.7, "housing_decile": 8, "environment_norm": 94.5, "environment_score_raw": 56.7, "environment_decile": 1}, "geometry": {"type": "Polygon", "coordinates": [[[-0.06, 51.52], [-0.04896, 51.52], [-0.04896, 51.531040000000004], [-0.06, 51.531040000000004], [-0.06, 51.52]]]}}, {"type": "Feature", "properties": {"lsoa_code": "S0511", "overall_norm": 72.1, "overall_score_raw": 43.26, "overall_decile": 3, "income_norm": 74.1, "income_score_raw": 44.46, "income_decile": 3, "employment_norm": 83.1, "employment_score_raw": 49.86, "employment_decile": 2, "education_norm": 65.1, "education_score_raw": 39.06, "education_decile": 4, "health_norm": 20.5, "health_score_raw": 12.3, "health_decile": 8, "crime_norm": 63.3, "crime_score_raw": 37.98, "crime_decile": 4, "housing_norm": 24.3, "housing_score_raw": 14.58, "housing_decile": 8, "environment_norm": 94.2, "environment_score_raw": 56.52, "environment_decile": 1}, "geometry": {"type": "Polygon", "coordinates": [[[-0.04799999999999999, 51.52], [-0.036959999999999986, 51.52], [-0.036959999999999986, 51.531040000000004], [-0.04799999999999999, 51.531040000000004], [-0.04799999999999999, 51.52]]]}}, {"type": "Feature", "properties": {"lsoa_code": "S0512", "overall_norm": 76.0, "overall_score_raw": 45.6, "overall_decile": 3, "income_norm": 66.0, "income_score_raw": 39.6, "income_decile": 4, "employment_norm": 79.3, "employment_score_raw": 47.58, "employment_decile": 3, "education_norm": 54.7, "education_score_raw": 32.82, "education_decile": 5, "health_norm": 10.2, "health_score_raw": 6.12, "health_decile": 9, "crime_norm": 53.5, "crime_score_raw": 32.1, "crime_decile": 5, "housing_norm": 22.5, "housing_score_raw": 13.5, "housing_decile": 8, "environment_norm": 92.9, "environment_score_raw": 55.74, "environment_decile": 1}, "geometry": {"type": "Polygon", "coordinates": [[[-0.035999999999999976, 51.52], [-0.024959999999999975, 51.52], [-0.024959999999999975, 51.531040000000004], [-0.035999999999999976, 51.531040000000004], [-0.035999999999999976, 51.52]]]}}, {"type": "Feature", "properties": {"lsoa_code": "S0513", "overall_norm": 79.8, "overall_score_raw": 47.88, "overall_decile": 3, "income_norm": 58.8, "income_score_raw": 35.28, "income_decile": 5, "employment_norm": 75.4, "employment_score_raw": 45.24, "employment_decile": 3, "education_norm": 48.4, "education_score_raw": 29.04, "education_decile": 6, "health_norm": 3.9, "health_score_raw": 2.34, "health_decile": 10, "crime_norm": 47.1, "crime_score_raw": 28.26, "crime_decile": 6, "housing_norm": 24.3, "housing_score_raw": 14.58, "housing_decile": 8, "environment_norm": 90.7, "environment_score_raw": 54.42, "environment_decile": 1}, "geometry": {"type": "Polygon", "coordinates": [[[-0.023999999999999994, 51.52], [-0.012959999999999992, 51.52], [-0.012959999999999992, 51.531040000000004], [-0.023999999999999994, 51.531040000000004], [-0.023999999999999994, 51.52]]]}}, {"type": "Feature", "properties": {"lsoa_code": "S0514", "overall_norm": 83.3, "overall_score_raw": 49.98, "overall_decile": 2, "income_norm": 53.4, "income_score_raw": 32.04, "income_decile": 5, "employment_norm": 71.4, "employment_score_raw": 42.84, "employment_decile": 3, "education_norm": 47.9, "education_score_raw": 28.74, "education_decile": 6, "health_norm": 3.1, "health_score_raw": 1.86, "health_decile": 10, "crime_norm": 45.3, "crime_score_raw": 27.18, "crime_decile": 6, "housing_norm": 29.5, "housing_score_raw": 17.7, "housing_decile": 8, "environment_norm": 87.7, "environment_score_raw": 52.62, "environment_decile": 2}, "geometry": {"type": "Polygon", "coordinates": [[[-0.011999999999999983, 51.52], [-0.0009599999999999817, 51.52], [-0.0009599999999999817, 51.531040000000004], [-0.011999999999999983, 51.531040000000004], [-0.011999999999999983, 51.52]]]}}, {"type": "Feature", "properties": {"lsoa_code": "S0515", "overall_norm": 86.4, "overall_score_raw": 51.84, "overall_decile": 2, "income_norm": 50.3, "income_score_raw": 30.18, "income_decile": 5, "employment_norm": 67.5, "employment_score_raw": 40.5, "employment_decile": 4, "education_norm": 53.1, "education_score_raw": 31.86, "education_decile": 5, "health_norm": 7.9, "health_score_raw": 4.74, "health_decile": 10, "crime_norm": 48.6, "crime_score_raw": 29.16, "crime_decile": 6, "housing_norm": 37.3, "housing_score_raw": 22.38, "housing_decile": 7, "environment_norm": 83.9, "environment_score_raw": 50.34, "environment_decile": 2}, "geometry": {"type": "Polygon", "coordinates": [[[0.0, 51.52], [0.011040000000000001, 51.52], [0.011040000000000001, 51.531040000000004], [0.0, 51.531040000000004], [0.0, 51.52]]]}}, {"type": "Feature", "properties": {"lsoa_code": "S0516", "overall_norm": 89.2, "overall_score_raw": 53.52, "overall_decile": 2, "income_norm": 49.9, "income_score_raw": 29.94, "income_decile": 6, "employment_norm": 63.7, "employment_score_raw": 38.22, "employment_decile": 4, "education_norm": 62.9, "education_score_raw": 37.74, "education_decile": 4, "health_norm": 17.2, "health_score_raw": 10.32, "health_decile": 9, "crime_norm": 56.1, "crime_score_raw": 33.66, "crime_decile": 5, "housing_norm": 46.6, "housing_score_raw": 27.96, "housing_decile": 6, "environment_norm": 79.6, "environment_score_raw": 47.76, "environment_decile": 3}, "geometry": {"type": "Polygon", "coordinates": [[[0.01200000000000001, 51.52], [0.023040000000000012, 51.52], [0.023040000000000012, 51.531040000000004], [0.01200000000000001, 51.531040000000004], [0.01200000000000001, 51.52]]]}}, {"type": "Feature", "properties": {"lsoa_code": "S0517", "overall_norm": 91.5, "overall_score_raw": 54.9, "overall_decile": 1, "income_norm": 52.2, "income_score_raw": 31.32, "income_decile": 5, "employment_norm": 60.3, "employment_score_raw": 36.18, "employment_decile": 4, "education_norm": 75.0, "education_score_raw": 45.0, "education_decile": 3, "health_norm": 29.0, "health_score_raw": 17.4, "health_decile": 8, "crime_norm": 66.5, "crime_score_raw": 39.9, "crime_decile": 4, "housing_norm": 56.1, "housing_score_raw": 33.66, "housing_decile": 5, "environment_norm": 74.9, "environment_score_raw": 44.94, "environment_decile": 3}, "geometry": {"type": "Polygon", "coordinates": [[[0.02400000000000002, 51.52], [0.03504000000000002, 51.52], [0.03504000000000002, 51.531040000000004], [0.02400000000000002, 51.531040000000004], [0.02400000000000002, 51.52]]]}}, {"type": "Feature", "properties": {"lsoa_code": "S0518", "overall_norm": 93.3, "overall_score_raw": 55.98, "overall_decile": 1, "income_norm": 56.9, "income_score_raw": 34.14, "income_decile": 5, "employment_norm": 57.1, "employment_score_raw": 34.26, "employment_decile": 5, "education_norm": 86.4, "education_score_raw": 51.84, "education_decile": 2, "health_norm": 40.5, "health_score_raw": 24.3, "health_decile": 6, "crime_norm": 77.7, "crime_score_raw": 46.62, "crime_decile": 3, "housing_norm": 64.2, "housing_score_raw": 38.52, "housing_decile": 4, "environment_norm": 69.9, "environment_score_raw": 41.94, "environment_decile": 4}, "geometry": {"type": "Polygon", "coordinates": [[[0.036000000000000004, 51.52], [0.047040000000000005, 51.52], [0.047040000000000005, 51.531040000000004], [0.036000000000000004, 51.531040000000004], [0.036000000000000004, 51.52]]]}}, {"type": "Feature", "properties": {"lsoa_code": "S0519", "overall_norm": 94.4, "overall_score_raw": 56.64, "overall_decile": 1, "income_norm": 63.7, "income_score_raw": 38.22, "income_decile": 4, "employment_norm": 54.4, "employment_score_raw": 32.64, "employment_decile": 5, "education_norm": 94.5, "education_score_raw": 56.7, "education_decile": 1, "health_norm": 49.0, "health_score_raw": 29.4, "health_decile": 6, "crime_norm": 87.3, "crime_score_raw": 52.38, "crime_decile": 2, "housing_norm": 70.0, "housing_score_raw": 42.0, "housing_decile": 4, "environment_norm": 65.0, "environment_score_raw": 39.0, "environment_decile": 4}, "geometry": {"type": "Polygon", "coordinates": [[[0.048000000000000015, 51.52], [0.059040000000000016, 51.52], [0.059040000000000016, 51.531040000000004], [0.048000000000000015, 51.531040000000004], [0.048000000000000015, 51.52]]]}}, {"type": "Feature", "properties": {"lsoa_code": "S0520", "overall_norm": 95.0, "overall_score_raw": 57.0, "overall_decile": 1, "income_norm": 71.6, "income_score_raw": 42.96, "income_decile": 3, "employment_norm": 52.2, "employment_score_raw": 31.32, "employment_decile": 5, "education_norm": 97.4, "education_score_raw": 58.44, "education_decile": 1, "health_norm": 52.6, "health_score_raw": 31.56, "health_decile": 5, "crime_norm": 93.6, "crime_score_raw": 56.16, "crime_decile": 1, "housing_norm": 72.4, "housing_score_raw": 43.44, "housing_decile": 3, "environment_norm": 60.2, "environment_score_raw": 36.12, "environment_decile": 4}, "geometry": {"type": "Polygon", "coordinates": [[[0.06, 51.52], [0.07103999999999999, 51.52], [0.07103999999999999, 51.531040000000004], [0.06, 51.531040000000004], [0.06, 51.52]]]}}, {"type": "Feature", "properties": {"lsoa_code": "S0521", "overall_norm": 94.9, "overall_score_raw": 56.94, "overall_decile": 1, "income_norm": 79.9, "income_score_raw": 47.94, "income_decile": 3, "employment_norm": 50.6, "employment_score_raw": 30.36, "employment_decile": 5, "education_norm": 94.3, "education_score_raw": 56.58, "education_decile": 1, "health_norm": 50.5, "health_score_raw": 30.3, "health_decile": 5, "crime_norm": 95.2, "crime_score_raw": 57.12, "crime_decile": 1, "housing_norm": 71.2, "housing_score_raw": 42.72, "housing_decile": 3, "environment_norm": 55.8, "environment_score_raw": 33.48, "environment_decile": 5}, "geometry": {"type": "Polygon", "coordinates": [[[0.07200000000000001, 51.52], [0.08304, 51.52], [0.08304, 51.531040000000004], [0.07200000000000001, 51.531040000000004], [0.07200000000000001, 51.52]]]}}, {"type": "Feature", "properties": {"lsoa_code": "S0522", "overall_norm": 94.3, "overall_score_raw": 56.58, "overall_decile": 1, "income_norm": 87.6, "income_score_raw": 52.56, "income_decile": 2, "employment_norm": 49.5, "employment_score_raw": 29.7, "employment_decile": 6, "education_norm": 86.1, "education_score_raw": 51.66, "education_decile": 2, "health_norm": 43.2, "health_score_raw": 25.92, "health_decile": 6, "crime_norm": 91.8, "crime_score_raw": 55.08, "crime_decile": 1, "housing_norm": 66.6, "housing_score_raw": 39.96, "housing_decile": 4, "environment_norm": 52.0, "environment_score_raw": 31.2, "environment_decile": 5}, "geometry": {"type": "Polygon", "coordinates": [[[0.08400000000000002, 51.52], [0.09504000000000001, 51.52], [0.09504000000000001, 51.531040000000004], [0.08400000000000002, 51.531040000000004], [0.08400000000000002, 51.52]]]}}, {"type": "Feature", "properties": {"lsoa_code": "S0523", "overall_norm": 93.0, "overall_score_raw": 55.8, "overall_decile": 1, "income_norm": 93.9, "income_score_raw": 56.34, "income_decile": 1, "employment_norm": 49.1, "employment_score_raw": 29.46, "employment_decile": 6, "education_norm": 74.6, "education_score_raw": 44.76, "education_decile": 3, "health_norm": 32.3, "health_score_raw": 19.38, "health_decile": 7, "crime_norm": 84.1, "crime_score_raw": 50.46, "crime_decile": 2, "housing_norm": 59.2, "housing_score_raw": 35.52, "housing_decile": 5, "environment_norm": 48.8, "environment_score_raw": 29.28, "environment_decile": 6}, "geometry": {"type": "Polygon", "coordinates": [[[0.09600000000000003, 51.52], [0.10704000000000002, 51.52], [0.10704000000000002, 51.531040000000004], [0.09600000000000003, 51.531040000000004], [0.09600000000000003, 51.52]]]}}, {"type": "Feature", "properties": {"lsoa_code": "S0600", "overall_norm": 48.5, "overall_score_raw": 29.1, "overall_decile": 6, "income_norm": 61.9, "income_score_raw": 37.14, "income_decile": 4, "employment_norm": 96.2, "employment_score_raw": 57.72, "employment_decile": 1, "education_norm": 51.6, "education_score_raw": 30.96, "education_decile": 5, "health_norm": 11.1, "health_score_raw": 6.66, "health_decile": 9, "crime_norm": 41.2, "crime_score_raw": 24.72, "crime_decile": 6, "housing_norm": 39.2, "housing_score_raw": 23.52, "housing_decile": 7, "environment_norm": 62.7, "environment_score_raw": 37.62, "environment_decile": 4}, "geometry": {"type": "Polygon", "coordinates": [[[-0.18, 51.532000000000004], [-0.16896, 51.532000000000004], [-0.16896, 51.543040000000005], [-0.18, 51.543040000000005], [-0.18, 51.532000000000004]]]}}, {"type": "Feature", "properties": {"lsoa_code": "S0601", "overall_norm": 48.5, "overall_score_raw": 29.1, "overall_decile": 6, "income_norm": 69.7, "income_score_raw": 41.82, "income_decile": 4, "employment_norm": 98.0, "employment_score_raw": 58.8, "employment_decile": 1, "education_norm": 49.7, "education_score_raw": 29.82, "education_decile": 6, "health_norm": 10.1, "health_score_raw": 6.06, "health_decile": 9, "crime_norm": 44.1, "crime_score_raw": 26.46, "crime_decile": 6, "housing_norm": 48.4, "housing_score_raw": 29.04, "housing_decile": 6, "environment_norm": 67.4, "environment_score_raw": 40.44, "environment_decile": 4}, "geometry": {"type": "Polygon", "coordinates": [[[-0.16799999999999998, 51.532000000000004], [-0.15696, 51.532000000000004], [-0.15696, 51.543040000000005], [-0.16799999999999998, 51.543040000000005], [-0.16799999999999998, 51.532000000000004]]]}}, {"type": "Feature", "properties": {"lsoa_code": "S0602", "overall_norm": 49.1, "overall_score_raw": 29.46, "overall_decile": 6, "income_norm": 78.0, "income_score_raw": 46.8, "income_decile": 3, "employment_norm": 99.3, "employment_score_raw": 59.58, "employment_decile": 1, "education_norm": 53.7, "education_score_raw": 32.22, "education_decile": 5, "health_norm": 14.8, "health_score_raw": 8.88, "health_decile": 9, "crime_norm": 51.4, "crime_score_raw": 30.84, "crime_decile": 5, "housing_norm": 55.8, "housing_score_raw": 33.48, "housing_decile": 5, "environment_norm": 72.3, "environment_score_raw": 43.38, "environment_decile": 3}, "geometry": {"type": "Polygon", "coordinates": [[[-0.156, 51.532000000000004], [-0.14496, 51.532000000000004], [-0.14496, 51.543040000000005], [-0.156, 51.543040000000005], [-0.156, 51.532000000000004]]]}}, {"type": "Feature", "properties": {"lsoa_code": "S0603", "overall_norm": 50.3, "overall_score_raw": 30.18, "overall_decile": 5, "income_norm": 85.8, "income_score_raw": 51.48, "income_decile": 2, "employment_norm": 99.9, "employment_score_raw": 59.94, "employment_decile": 1, "education_norm": 62.7, "education_score_raw": 37.62, "education_decile": 4, "health_norm": 24.1, "health_score_raw": 14.46, "health_decile": 8, "crime_norm": 61.6, "crime_score_raw": 36.96, "crime_decile": 4, "housing_norm": 60.4, "housing_score_raw": 36.24, "housing_decile": 4, "environment_norm": 77.2, "environment_score_raw": 46.32, "environment_decile": 3}, "geometry": {"type": "Polygon", "coordinates": [[[-0.144, 51.532000000000004], [-0.13296, 51.532000000000004], [-0.13296, 51.543040000000005], [-0.144, 51.543040000000005], [-0.144, 51.532000000000004]]]}}, {"type": "Feature", "properties": {"lsoa_code": "S0604", "overall_norm": 52.0, "overall_score_raw": 31.2, "overall_decile": 5, "income_norm": 92.3, "income_score_raw": 55.38, "income_decile": 1, "employment_norm": 99.8, "employment_score_raw": 59.88, "employment_decile": 1, "education_norm": 74.5, "education_score_raw": 44.7, "education_decile": 3, "health_norm": 35.9, "health_score_raw": 21.54, "health_decile": 7, "crime_norm": 72.8, "crime_score_raw": 43.68, "crime_decile": 3, "housing_norm": 61.6, "housing_score_raw": 36.96, "housing_decile": 4, "environment_norm": 82.0, "environment_score_raw": 49.2, "environment_decile": 2}, "geometry": {"type": "Polygon", "coordinates": [[[-0.132, 51.532000000000004], [-0.12096000000000001, 51.532000000000004], [-0.12096000000000001, 51.543040000000005], [-0.132, 51.543040000000005], [-0.132, 51.532000000000004]]]}}, {"type": "Feature", "properties": {"lsoa_code": "S0605", "overall_norm": 54.4, "overall_score_raw": 32.64, "overall_decile": 5, "income_norm": 96.7, "income_score_raw": 58.02, "income_decile": 1, "employment_norm": 99.2, "employment_score_raw": 59.52, "employment_decile": 1, "education_norm": 86.3, "education_score_raw": 51.78, "education_decile": 2, "health_norm": 47.4, "health_score_raw": 28.44, "health_decile": 6, "crime_norm": 82.7, "crime_score_raw": 49.62, "crime_decile": 2, "housing_norm": 59.2, "housing_score_raw": 35.52, "housing_decile": 5, "environment_norm": 86.5, "environment_score_raw": 51.9, "environment_decile": 2}, "geometry": {"type": "Polygon", "coordinates": [[[-0.12, 51.532000000000004], [-0.10896, 51.532000000000004], [-0.10896, 51.543040000000005], [-0.12, 51.543040000000005], [-0.12, 51.532000000000004]]]}}, {"type": "Feature", "properties": {"lsoa_code": "S0606", "overall_norm": 57.1, "overall_score_raw": 34.26, "overall_decile": 5, "income_norm": 98.6, "income_score_raw": 59.16, "income_decile": 1, "employment_norm": 97.9, "employment_score_raw": 58.74, "employment_decile": 1, "education_norm": 95.4, "education_score_raw": 57.24, "education_decile": 1, "health_norm": 56.0, "health_score_raw": 33.6, "health_decile": 5, "crime_norm": 89.2, "crime_score_raw": 53.52, "crime_decile": 2, "housing_norm": 53.5, "housing_score_raw": 32.1, "housing_decile": 5, "environment_norm": 90.5, "environment_score_raw": 54.3, "environment_decile": 1}, "geometry": {"type": "Polygon", "coordinates": [[[-0.10799999999999998, 51.532000000000004], [-0.09695999999999999, 51.532000000000004], [-0.09695999999999999, 51.543040000000005], [-0.10799999999999998, 51.543040000000005], [-0.10799999999999998, 51.532000000000004]]]}}, {"type": "Feature", "properties": {"lsoa_code": "S0607", "overall_norm": 60.3, "overall_score_raw": 36.18, "overall_decile": 4, "income_norm": 97.8, "income_score_raw": 58.68, "income_decile": 1, "employment_norm": 96.1, "employment_score_raw": 57.66, "employment_decile": 1, "education_norm": 99.5, "education_score_raw": 59.7, "education_decile": 1, "health_norm": 59.7, "health_score_raw": 35.82, "health_decile": 5, "crime_norm": 91.2, "crime_score_raw": 54.72, "crime_decile": 1, "housing_norm": 45.3, "housing_score_raw": 27.18, "housing_decile": 6, "environment_norm": 93.8, "environment_score_raw": 56.28, "environment_decile": 1}, "geometry": {"type": "Polygon", "coordinates": [[[-0.09599999999999999, 51.532000000000004], [-0.08495999999999998, 51.532000000000004], [-0.08495999999999998, 51.543040000000005], [-0.09599999999999999, 51.543040000000005], [-0.09599999999999999, 51.532000000000004]]]}}, {"type": "Feature", "properties": {"lsoa_code": "S0608", "overall_norm": 63.9, "overall_score_raw": 38.34, "overall_decile": 4, "income_norm": 94.3, "income_score_raw": 56.58, "income_decile": 1, "employment_norm": 93.7, "employment_score_raw": 56.22, "employment_decile": 1, "education_norm": 97.7, "education_score_raw": 58.62, "education_decile": 1, "health_norm": 57.7, "health_score_raw": 34.62, "health_decile": 5, "crime_norm": 88.2, "crime_score_raw": 52.92, "crime_decile": 2, "housing_norm": 35.9, "housing_score_raw": 21.54, "housing_decile": 7, "environment_norm": 96.3, "environment_score_raw": 57.78, "environment_decile": 1}, "geometry": {"type": "Polygon", "coordinates": [[[-0.08399999999999999, 51.532000000000004], [-0.07296, 51.532000000000004], [-0.07296, 51.543040000000005], [-0.08399999999999999, 51.543040000000005], [-0.08399999999999999, 51.532000000000004]]]}}, {"type": "Feature", "properties": {"lsoa_code": "S0609", "overall_norm": 67.6, "overall_score_raw": 40.56, "overall_decile": 4, "income_norm": 88.6, "income_score_raw": 53.16, "income_decile": 2, "employment_norm": 90.9, "employment_score_raw": 54.54, "employment_decile": 1, "education_norm": 90.5, "education_score_raw": 54.3, "education_decile": 1, "health_norm": 50.5, "health_score_raw": 30.3, "health_decile": 5, "crime_norm": 80.7, "crime_score_raw": 48.42, "crime_decile": 2, "housing_norm": 26.6, "housing_score_raw": 15.96, "housing_decile": 8, "environment_norm": 97.9, "environment_score_raw": 58.74, "environment_decile": 1}, "geometry": {"type": "Polygon", "coordinates": [[[-0.072, 51.532000000000004], [-0.06095999999999999, 51.532000000000004], [-0.06095999999999999, 51.543040000000005], [-0.072, 51.543040000000005], [-0.072, 51.532000000000004]]]}}, {"type": "Feature", "properties": {"lsoa_code": "S0610", "overall_norm": 71.5, "overall_score_raw": 42.9, "overall_decile": 3, "income_norm": 81.3, "income_score_raw": 48.78, "income_decile": 2, "employment_norm": 87.6, "employment_score_raw": 52.56, "employment_decile": 2, "education_norm": 79.5, "education_score_raw": 47.7, "education_decile": 3, "health_norm": 39.6, "health_score_raw": 23.76, "health_decile": 7, "crime_norm": 70.4, "crime_score_raw": 42.24, "crime_decile": 3, "housing_norm": 18.7, "housing_score_raw": 11.22, "housing_decile": 9, "environment_norm": 98.5, "environment_score_raw": 59.1, "environment_decile": 1}, "geometry": {"type": "Polygon", "coordinates": [[[-0.06, 51.532000000000004], [-0.04896, 51.532000000000004], [-0.04896, 51.543040000000005], [-0.06, 51.543040000000005], [-0.06, 51.532000000000004]]]}}, {"type": "Feature", "properties": {"lsoa_code": "S0611", "overall_norm": 75.5, "overall_score_raw": 45.3, "overall_decile": 3, "income_norm": 73.1, "income_score_raw": 43.86, "income_decile": 3, "employment_norm": 84.0, "employment_score_raw": 50.4, "employment_decile": 2, "education_norm": 67.3, "education_score_raw": 40.38, "education_decile": 4, "health_norm": 27.6, "health_score_raw": 16.56, "health_decile": 8, "crime_norm": 59.2, "crime_score_raw": 35.52, "crime_decile": 5, "housing_norm": 13.5, "housing_score_raw": 8.1, "housing_decile": 9, "environment_norm": 98.2, "environment_score_raw": 58.92, "environment_decile": 1}, "geometry": {"type": "Polygon", "coordinates": [[[-0.04799999999999999, 51.532000000000004], [-0.036959999999999986, 51.532000000000004], [-0.036959999999999986, 51.543040000000005], [-0.04799999999999999, 51.543040000000005], [-0.04799999999999999, 51.532000000000004]]]}}, {"type": "Feature", "properties": {"lsoa_code": "S0612", "overall_norm": 79.4, "overall_score_raw": 47.64, "overall_decile": 3, "income_norm": 64.9, "income_score_raw": 38.94, "income_decile": 4, "employment_norm": 80.2, "employment_score_raw": 48.12, "employment_decile": 2, "education_norm": 56.9, "education_score_raw": 34.14, "education_decile": 5, "health_norm": 17.3, "health_score_raw": 10.38, "health_decile": 9, "crime_norm": 49.5, "crime_score_raw": 29.7, "crime_decile": 6, "housing_norm": 11.7, "housing_score_raw": 7.02, "housing_decile": 9, "environment_norm": 96.9, "environment_score_raw": 58.14, "environment_decile": 1}, "geometry": {"type": "Polygon", "coordinates": [[[-0.035999999999999976, 51.532000000000004], [-0.024959999999999975, 51.532000000000004], [-0.024959999999999975, 51.543040000000005], [-0.035999999999999976, 51.543040000000005], [-0.035999999999999976, 51.532000000000004]]]}}, {"type": "Feature", "properties": {"lsoa_code": "S0613", "overall_norm": 83.1, "overall_score_raw": 49.86, "overall_decile": 2, "income_norm": 57.8, "income_score_raw": 34.68, "income_decile": 5, "employment_norm": 76.3, "employment_score_raw": 45.78, "employment_decile": 3, "education_norm": 50.7, "education_score_raw": 30.42, "education_decile": 5, "health_norm": 11.0, "health_score_raw": 6.6, "health_decile": 9, "crime_norm": 43.1, "crime_score_raw": 25.86, "crime_decile": 6, "housing_norm": 13.5, "housing_score_raw": 8.1, "housing_decile": 9, "environment_norm": 94.7, "environment_score_raw": 56.82, "environment_decile": 1}, "geometry": {"type": "Polygon", "coordinates": [[[-0.023999999999999994, 51.532000000000004], [-0.012959999999999992, 51.532000000000004], [-0.012959999999999992, 51.543040000000005], [-0.023999999999999994, 51.543040000000005], [-0.023999999999999994, 51.532000000000004]]]}}, {"type": "Feature", "properties": {"lsoa_code": "S0614", "overall_norm": 86.6, "overall_score_raw": 51.96, "overall_decile": 2, "income_norm": 52.3, "income_score_raw": 31.38, "income_decile": 5, "employment_norm": 72.3, "employment_score_raw": 43.38, "employment_decile": 3, "education_norm": 50.1, "education_score_raw": 30.06, "education_decile": 5, "health_norm": 10.2, "health_score_raw": 6.12, "health_decile": 9, "crime_norm": 41.3, "crime_score_raw": 24.78, "crime_decile": 6, "housing_norm": 18.7, "housing_score_raw": 11.22, "housing_decile": 9, "environment_norm": 91.7, "environment_score_raw": 55.02, "environment_decile": 1}, "geometry": {"type": "Polygon", "coordinates": [[[-0.011999999999999983, 51.532000000000004], [-0.0009599999999999817, 51.532000000000004], [-0.0009599999999999817, 51.543040000000005], [-0.011999999999999983, 51.543040000000005], [-0.011999999999999983, 51.532000000000004]]]}}, {"type": "Feature", "properties": {"lsoa_code": "S0615", "overall_norm": 89.8, "overall_score_raw": 53.88, "overall_decile": 2, "income_norm": 49.3, "income_score_raw": 29.58, "income_decile": 6, "employment_norm": 68.4, "employment_score_raw": 41.04, "employment_decile": 4, "education_norm": 55.3, "education_score_raw": 33.18, "education_decile": 5, "health_norm": 15.0, "health_score_raw": 9.0, "health_decile": 9, "crime_norm": 44.5, "crime_score_raw": 26.7, "crime_decile": 6, "housing_norm": 26.5, "housing_score_raw": 15.9, "housing_decile": 8, "environment_norm": 87.9, "environment_score_raw": 52.74, "environment_decile": 2}, "geometry": {"type": "Polygon", "coordinates": [[[0.0, 51.532000000000004], [0.011040000000000001, 51.532000000000004], [0.011040000000000001, 51.543040000000005], [0.0, 51.543040000000005], [0.0, 51.532000000000004]]]}}, {"type": "Feature", "properties": {"lsoa_code": "S0616", "overall_norm": 92.6, "overall_score_raw": 55.56, "overall_decile": 1, "income_norm": 48.8, "income_score_raw": 29.28, "income_decile": 6, "employment_norm": 64.6, "employment_score_raw": 38.76, "employment_decile": 4, "education_norm": 65.2, "education_score_raw": 39.12, "education_decile": 4, "health_norm": 24.3, "health_score_raw": 14.58, "health_decile": 8, "crime_norm": 52.1, "crime_score_raw": 31.26, "crime_decile": 5, "housing_norm": 35.8, "housing_score_raw": 21.48, "housing_decile": 7, "environment_norm": 83.6, "environment_score_raw": 50.16, "environment_decile": 2}, "geometry": {"type": "Polygon", "coordinates": [[[0.01200000000000001, 51.532000000000004], [0.023040000000000012, 51.532000000000004], [0.023040000000000012, 51.543040000000005], [0.01200000000000001, 51.543040000000005], [0.01200000000000001, 51.532000000000004]]]}}, {"type": "Feature", "properties": {"lsoa_code": "S0617", "overall_norm": 94.9, "overall_score_raw": 56.94, "overall_decile": 1, "income_norm": 51.1, "income_score_raw": 30.66, "income_decile": 5, "employment_norm": 61.2, "employment_score_raw": 36.72, "employment_decile": 4, "education_norm": 77.2, "education_score_raw": 46.32, "education_decile": 3, "health_norm": 36.1, "health_score_raw": 21.66, "health_decile": 7, "crime_norm": 62.5, "crime_score_raw": 37.5, "crime_decile": 4, "housing_norm": 45.3, "housing_score_raw": 27.18, "housing_decile": 6, "environment_norm": 78.9, "environment_score_raw": 47.34, "environment_decile": 3}, "geometry": {"type": "Polygon", "coordinates": [[[0.02400000000000002, 51.532000000000004], [0.03504000000000002, 51.532000000000004], [0.03504000000000002, 51.543040000000005], [0.02400000000000002, 51.543040000000005], [0.02400000000000002, 51.532000000000004]]]}}, {"type": "Feature", "properties": {"lsoa_code": "S0618", "overall_norm": 96.6, "overall_score_raw": 57.96, "overall_decile": 1, "income_norm": 55.9, "income_score_raw": 33.54, "income_decile": 5, "employment_norm": 58.0, "employment_score_raw": 34.8, "employment_decile": 5, "education_norm": 88.6, "education_score_raw": 53.16, "education_decile": 2, "health_norm": 47.6, "health_score_raw": 28.56, "health_decile": 6, "crime_norm": 73.6, "crime_score_raw": 44.16, "crime_decile": 3, "housing_norm": 53.5, "housing_score_raw": 32.1, "housing_decile": 5, "environment_norm": 74.0, "environment_score_raw": 44.4, "environment_decile": 3}, "geometry": {"type": "Polygon", "coordinates": [[[0.036000000000000004, 51.532000000000004], [0.047040000000000005, 51.532000000000004], [0.047040000000000005, 51.543040000000005], [0.036000000000000004, 51.543040000000005], [0.036000000000000004, 51.532000000000004]]]}}, {"type": "Feature", "properties": {"lsoa_code": "S0619", "overall_norm": 97.8, "overall_score_raw": 58.68, "overall_decile": 1, "income_norm": 62.6, "income_score_raw": 37.56, "income_decile": 4, "employment_norm": 55.3, "employment_score_raw": 33.18, "employment_decile": 5, "education_norm": 96.7, "education_score_raw": 58.02, "education_decile": 1, "health_norm": 56.1, "health_score_raw": 33.66, "health_decile": 5, "crime_norm": 83.3, "crime_score_raw": 49.98, "crime_decile": 2, "housing_norm": 59.2, "housing_score_raw": 35.52, "housing_decile": 5, "environment_norm": 69.0, "environment_score_raw": 41.4, "environment_decile": 4}, "geometry": {"type": "Polygon", "coordinates": [[[0.048000000000000015, 51.532000000000004], [0.059040000000000016, 51.532000000000004], [0.059040000000000016, 51.543040000000005], [0.048000000000000015, 51.543040000000005], [0.048000000000000015, 51.532000000000004]]]}}, {"type": "Feature", "properties": {"lsoa_code": "S0620", "overall_norm": 98.4, "overall_score_raw": 59.04, "overall_decile": 1, "income_norm": 70.5, "income_score_raw": 42.3, "income_decile": 3, "employment_norm": 53.1, "employment_score_raw": 31.86, "employment_decile": 5, "education_norm": 99.6, "education_score_raw": 59.76, "education_decile": 1, "health_norm": 59.7, "health_score_raw": 35.82, "health_decile": 5, "crime_norm": 89.6, "crime_score_raw": 53.76, "crime_decile": 2, "housing_norm": 61.6, "housing_score_raw": 36.96, "housing_decile": 4, "environment_norm": 64.3, "environment_score_raw": 38.58, "environment_decile": 4}, "geometry": {"type": "Polygon", "coordinates": [[[0.06, 51.532000000000004], [0.07103999999999999, 51.532000000000004], [0.07103999999999999, 51.543040000000005], [0.06, 51.543040000000005], [0.06, 51.532000000000004]]]}}, {"type": "Feature", "properties": {"lsoa_code": "S0621", "overall_norm": 98.3, "overall_score_raw": 58.98, "overall_decile": 1, "income_norm": 78.8, "income_score_raw": 47.28, "income_decile": 3, "employment_norm": 51.5, "employment_score_raw": 30.9, "employment_decile": 5, "education_norm": 96.5, "education_score_raw": 57.9, "education_decile": 1, "health_norm": 57.6, "health_score_raw": 34.56, "health_decile": 5, "crime_norm": 91.1, "crime_score_raw": 54.66, "crime_decile": 1, "housing_norm": 60.5, "housing_score_raw": 36.3, "housing_decile": 4, "environment_norm": 59.9, "environment_score_raw": 35.94, "environment_decile": 5}, "geometry": {"type": "Polygon", "coordinates": [[[0.07200000000000001, 51.532000000000004], [0.08304, 51.532000000000004], [0.08304, 51.543040000000005], [0.07200000000000001, 51.543040000000005], [0.07200000000000001, 51.532000000000004]]]}}, {"type": "Feature", "properties": {"lsoa_code": "S0622", "overall_norm": 97.6, "overall_score_raw": 58.56, "overall_decile": 1, "income_norm": 86.5, "income_score_raw": 51.9, "income_decile": 2, "employment_norm": 50.4, "employment_score_raw": 30.24, "employment_decile": 5, "education_norm": 88.3, "education_score_raw": 52.98, "education_decile": 2, "health_norm": 50.3, "health_score_raw": 30.18, "health_decile": 5, "crime_norm": 87.7, "crime_score_raw": 52.62, "crime_decile": 2, "housing_norm": 55.8, "housing_score_raw": 33.48, "housing_decile": 5, "environment_norm": 56.0, "environment_score_raw": 33.6, "environment_decile": 5}, "geometry": {"type": "Polygon", "coordinates": [[[0.08400000000000002, 51.532000000000004], [0.09504000000000001, 51.532000000000004], [0.09504000000000001, 51.543040000000005], [0.08400000000000002, 51.543040000000005], [0.08400000000000002, 51.532000000000004]]]}}, {"type": "Feature", "properties": {"lsoa_code": "S0623", "overall_norm": 96.3, "overall_score_raw": 57.78, "overall_decile": 1, "income_norm": 92.8, "income_score_raw": 55.68, "income_decile": 1, "employment_norm": 50.0, "employment_score_raw": 30.0, "employment_decile": 6, "education_norm": 76.8, "education_score_raw": 46.08, "education_decile": 3, "health_norm": 39.4, "health_score_raw": 23.64, "health_decile": 7, "crime_norm": 80.0, "crime_score_raw": 48.0, "crime_decile": 3, "housing_norm": 48.4, "housing_score_raw": 29.04, "housing_decile": 6, "environment_norm": 52.8, "environment_score_raw": 31.68, "environment_decile": 5}, "geometry": {"type": "Polygon", "coordinates": [[[0.09600000000000003, 51.532000000000004], [0.10704000000000002, 51.532000000000004], [0.10704000000000002, 51.543040000000005], [0.09600000000000003, 51.543040000000005], [0.09600000000000003, 51.532000000000004]]]}}, {"type": "Feature", "properties": {"lsoa_code": "S0700", "overall_norm": 50.0, "overall_score_raw": 30.0, "overall_decile": 6, "income_norm": 60.1, "income_score_raw": 36.06, "income_decile": 4, "employment_norm": 94.1, "employment_score_raw": 56.46, "employment_decile": 1, "education_norm": 51.8, "education_score_raw": 31.08, "education_decile": 5, "health_norm": 21.2, "health_score_raw": 12.72, "health_decile": 8, "crime_norm": 36.3, "crime_score_raw": 21.78, "crime_decile": 7, "housing_norm": 31.2, "housing_score_raw": 18.72, "housing_decile": 7, "environment_norm": 64.1, "environment_score_raw": 38.46, "environment_decile": 4}, "geometry": {"type": "Polygon", "coordinates": [[[-0.18, 51.544000000000004], [-0.16896, 51.544000000000004], [-0.16896, 51.555040000000005], [-0.18, 51.555040000000005], [-0.18, 51.544000000000004]]]}}, {"type": "Feature", "properties": {"lsoa_code": "S0701", "overall_norm": 50.0, "overall_score_raw": 30.0, "overall_decile": 6, "income_norm": 67.9, "income_score_raw": 40.74, "income_decile": 4, "employment_norm": 96.0, "employment_score_raw": 57.6, "employment_decile": 1, "education_norm": 50.0, "education_score_raw": 30.0, "education_decile": 6, "health_norm": 20.2, "health_score_raw": 12.12, "health_decile": 8, "crime_norm": 39.1, "crime_score_raw": 23.46, "crime_decile": 7, "housing_norm": 40.3, "housing_score_raw": 24.18, "housing_decile": 6, "environment_norm": 68.8, "environment_score_raw": 41.28, "environment_decile": 4}, "geometry": {"type": "Polygon", "coordinates": [[[-0.16799999999999998, 51.544000000000004], [-0.15696, 51.544000000000004], [-0.15696, 51.555040000000005], [-0.16799999999999998, 51.555040000000005], [-0.16799999999999998, 51.544000000000004]]]}}, {"type": "Feature", "properties": {"lsoa_code": "S0702", "overall_norm": 50.6, "overall_score_raw": 30.36, "overall_decile": 5, "income_norm": 76.2, "income_score_raw": 45.72, "income_decile": 3, "employment_norm": 97.2, "employment_score_raw": 58.32, "employment_decile": 1, "education_norm": 54.0, "education_score_raw": 32.4, "education_decile": 5, "health_norm": 25.0, "health_score_raw": 15.0, "health_decile": 8, "crime_norm": 46.4, "crime_score_raw": 27.84, "crime_decile": 6, "housing_norm": 47.8, "housing_score_raw": 28.68, "housing_decile": 6, "environment_norm": 73.7, "environment_score_raw": 44.22, "environment_decile": 3}, "geometry": {"type": "Polygon", "coordinates": [[[-0.156, 51.544000000000004], [-0.14496, 51.544000000000004], [-0.14496, 51.555040000000005], [-0.156, 51.555040000000005], [-0.156, 51.544000000000004]]]}}, {"type": "Feature", "properties": {"lsoa_code": "S0703", "overall_norm": 51.8, "overall_score_raw": 31.08, "overall_decile": 5, "income_norm": 84.0, "income_score_raw": 50.4, "income_decile": 2, "employment_norm": 97.8, "employment_score_raw": 58.68, "employment_decile": 1, "education_norm": 63.0, "education_score_raw": 37.8, "education_decile": 4, "health_norm": 34.3, "health_score_raw": 20.58, "health_decile": 7, "crime_norm": 56.7, "crime_score_raw": 34.02, "crime_decile": 5, "housing_norm": 52.4, "housing_score_raw": 31.44, "housing_decile": 5, "environment_norm": 78.6, "environment_score_raw": 47.16, "environment_decile": 3}, "geometry": {"type": "Polygon", "coordinates": [[[-0.144, 51.544000000000004], [-0.13296, 51.544000000000004], [-0.13296, 51.555040000000005], [-0.144, 51.555040000000005], [-0.144, 51.544000000000004]]]}}, {"type": "Feature", "properties": {"lsoa_code": "S0704", "overall_norm": 53.6, "overall_score_raw": 32.16, "overall_decile": 5, "income_norm": 90.5, "income_score_raw": 54.3, "income_decile": 1, "employment_norm": 97.8, "employment_score_raw": 58.68, "employment_decile": 1, "education_norm": 74.8, "education_score_raw": 44.88, "education_decile": 3, "health_norm": 46.0, "health_score_raw": 27.6, "health_decile": 6, "crime_norm": 67.8, "crime_score_raw": 40.68, "crime_decile": 4, "housing_norm": 53.6, "housing_score_raw": 32.16, "housing_decile": 5, "environment_norm": 83.5, "environment_score_raw": 50.1, "environment_decile": 2}, "geometry": {"type": "Polygon", "coordinates": [[[-0.132, 51.544000000000004], [-0.12096000000000001, 51.544000000000004], [-0.12096000000000001, 51.555040000000005], [-0.132, 51.555040000000005], [-0.132, 51.544000000000004]]]}}, {"type": "Feature", "properties": {"lsoa_code": "S0705", "overall_norm": 55.9, "overall_score_raw": 33.54, "overall_decile": 5, "income_norm": 94.9, "income_score_raw": 56.94, "income_decile": 1, "employment_norm": 97.1, "employment_score_raw": 58.26, "employment_decile": 1, "education_norm": 86.6, "education_score_raw": 51.96, "education_decile": 2, "health_norm": 57.5, "health_score_raw": 34.5, "health_decile": 5, "crime_norm": 77.7, "crime_score_raw": 46.62, "crime_decile": 3, "housing_norm": 51.2, "housing_score_raw": 30.72, "housing_decile": 5, "environment_norm": 87.9, "environment_score_raw": 52.74, "environment_decile": 2}, "geometry": {"type": "Polygon", "coordinates": [[[-0.12, 51.544000000000004], [-0.10896, 51.544000000000004], [-0.10896, 51.555040000000005], [-0.12, 51.555040000000005], [-0.12, 51.544000000000004]]]}}, {"type": "Feature", "properties": {"lsoa_code": "S0706", "overall_norm": 58.7, "overall_score_raw": 35.22, "overall_decile": 5, "income_norm": 96.8, "income_score_raw": 58.08, "income_decile": 1, "employment_norm": 95.9, "employment_score_raw": 57.54, "employment_decile": 1, "education_norm": 95.6, "education_score_raw": 57.36, "education_decile": 1, "health_norm": 66.1, "health_score_raw": 39.66, "health_decile": 4, "crime_norm": 84.3, "crime_score_raw": 50.58, "crime_decile": 2, "housing_norm": 45.4, "housing_score_raw": 27.24, "housing_decile": 6, "environment_norm": 91.9, "environment_score_raw": 55.14, "environment_decile": 1}, "geometry": {"type": "Polygon", "coordinates": [[[-0.10799999999999998, 51.544000000000004], [-0.09695999999999999, 51.544000000000004], [-0.09695999999999999, 51.555040000000005], [-0.10799999999999998, 51.555040000000005], [-0.10799999999999998, 51.544000000000004]]]}}, {"type": "Feature", "properties": {"lsoa_code": "S0707", "overall_norm": 61.8, "overall_score_raw": 37.08, "overall_decile": 4, "income_norm": 96.0, "income_score_raw": 57.6, "income_decile": 1, "employment_norm": 94.0, "employment_score_raw": 56.4, "employment_decile": 1, "education_norm": 99.7, "education_score_raw": 59.82, "education_decile": 1, "health_norm": 69.8, "health_score_raw": 41.88, "health_decile": 4, "crime_norm": 86.2, "crime_score_raw": 51.72, "crime_decile": 2, "housing_norm": 37.3, "housing_score_raw": 22.38, "housing_decile": 7, "environment_norm": 95.2, "environment_score_raw": 57.12, "environment_decile": 1}, "geometry": {"type": "Polygon", "coordinates": [[[-0.09599999999999999, 51.544000000000004], [-0.08495999999999998, 51.544000000000004], [-0.08495999999999998, 51.555040000000005], [-0.09599999999999999, 51.555040000000005], [-0.09599999999999999, 51.544000000000004]]]}}, {"type": "Feature", "properties": {"lsoa_code": "S0708", "overall_norm": 65.4, "overall_score_raw": 39.24, "overall_decile": 4, "income_norm": 92.5, "income_score_raw": 55.5, "income_decile": 1, "employment_norm": 91.6, "employment_score_raw": 54.96, "employment_decile": 1, "education_norm": 98.0, "education_score_raw": 58.8, "education_decile": 1, "health_norm": 67.8, "health_score_raw": 40.68, "health_decile": 4, "crime_norm": 83.2, "crime_score_raw": 49.92, "crime_decile": 2, "housing_norm": 27.8, "housing_score_raw": 16.68, "housing_decile": 8, "environment_norm": 97.7, "environment_score_raw": 58.62, "environment_decile": 1}, "geometry": {"type": "Polygon", "coordinates": [[[-0.08399999999999999, 51.544000000000004], [-0.07296, 51.544000000000004], [-0.07296, 51.555040000000005], [-0.08399999999999999, 51.555040000000005], [-0.08399999999999999, 51.544000000000004]]]}}, {"type": "Feature", "properties": {"lsoa_code": "S0709", "overall_norm": 69.1, "overall_score_raw": 41.46, "overall_decile": 4, "income_norm": 86.8, "income_score_raw": 52.08, "income_decile": 2, "employment_norm": 88.8, "employment_score_raw": 53.28, "employment_decile": 2, "education_norm": 90.7, "education_score_raw": 54.42, "education_decile": 1, "health_norm": 60.6, "health_score_raw": 36.36, "health_decile": 4, "crime_norm": 75.8, "crime_score_raw": 45.48, "crime_decile": 3, "housing_norm": 18.5, "housing_score_raw": 11.1, "housing_decile": 9, "environment_norm": 99.3, "environment_score_raw": 59.58, "environment_decile": 1}, "geometry": {"type": "Polygon", "coordinates": [[[-0.072, 51.544000000000004], [-0.06095999999999999, 51.544000000000004], [-0.06095999999999999, 51.555040000000005], [-0.072, 51.555040000000005], [-0.072, 51.544000000000004]]]}}, {"type": "Feature", "properties": {"lsoa_code": "S0710", "overall_norm": 73.0, "overall_score_raw": 43.8, "overall_decile": 3, "income_norm": 79.5, "income_score_raw": 47.7, "income_decile": 3, "employment_norm": 85.5, "employment_score_raw": 51.3, "employment_decile": 2, "education_norm": 79.7, "education_score_raw": 47.82, "education_decile": 3, "health_norm": 49.7, "health_score_raw": 29.82, "health_decile": 6, "crime_norm": 65.4, "crime_score_raw": 39.24, "crime_decile": 4, "housing_norm": 10.7, "housing_score_raw": 6.42, "housing_decile": 9, "environment_norm": 100.0, "environment_score_raw": 60.0, "environment_decile": 1}, "geometry": {"type": "Polygon", "coordinates": [[[-0.06, 51.544000000000004], [-0.04896, 51.544000000000004], [-0.04896, 51.555040000000005], [-0.06, 51.555040000000005], [-0.06, 51.544000000000004]]]}}, {"type": "Feature", "properties": {"lsoa_code": "S0711", "overall_norm": 77.0, "overall_score_raw": 46.2, "overall_decile": 3, "income_norm": 71.3, "income_score_raw": 42.78, "income_decile": 3, "employment_norm": 81.9, "employment_score_raw": 49.14, "employment_decile": 2, "education_norm": 67.6, "education_score_raw": 40.56, "education_decile": 4, "health_norm": 37.7, "health_score_raw": 22.62, "health_decile": 7, "crime_norm": 54.3, "crime_score_raw": 32.58, "crime_decile": 5, "housing_norm": 5.5, "housing_score_raw": 3.3, "housing_decile": 10, "environment_norm": 99.7, "environment_score_raw": 59.82, "environment_decile": 1}, "geometry": {"type": "Polygon", "coordinates": [[[-0.04799999999999999, 51.544000000000004], [-0.036959999999999986, 51.544000000000004], [-0.036959999999999986, 51.555040000000005], [-0.04799999999999999, 51.555040000000005], [-0.04799999999999999, 51.544000000000004]]]}}, {"type": "Feature", "properties": {"lsoa_code": "S0712", "overall_norm": 80.9, "overall_score_raw": 48.54, "overall_decile": 2, "income_norm": 63.1, "income_score_raw": 37.86, "income_decile": 4, "employment_norm": 78.1, "employment_score_raw": 46.86, "employment_decile": 3, "education_norm": 57.1, "education_score_raw": 34.26, "education_decile": 5, "health_norm": 27.4, "health_score_raw": 16.44, "health_decile": 8, "crime_norm": 44.5, "crime_score_raw": 26.7, "crime_decile": 6, "housing_norm": 3.7, "housing_score_raw": 2.22, "housing_decile": 10, "environment_norm": 98.4, "environment_score_raw": 59.04, "environment_decile": 1}, "geometry": {"type": "Polygon", "coordinates": [[[-0.035999999999999976, 51.544000000000004], [-0.024959999999999975, 51.544000000000004], [-0.024959999999999975, 51.555040000000005], [-0.035999999999999976, 51.555040000000005], [-0.035999999999999976, 51.544000000000004]]]}}, {"type": "Feature", "properties": {"lsoa_code": "S0713", "overall_norm": 84.6, "overall_score_raw": 50.76, "overall_decile": 2, "income_norm": 56.0, "income_score_raw": 33.6, "income_decile": 5, "employment_norm": 74.2, "employment_score_raw": 44.52, "employment_decile": 3, "education_norm": 50.9, "education_score_raw": 30.54, "education_decile": 5, "health_norm": 21.1, "health_score_raw": 12.66, "health_decile": 8, "crime_norm": 38.1, "crime_score_raw": 22.86, "crime_decile": 7, "housing_norm": 5.5, "housing_score_raw": 3.3, "housing_decile": 10, "environment_norm": 96.2, "environment_score_raw": 57.72, "environment_decile": 1}, "geometry": {"type": "Polygon", "coordinates": [[[-0.023999999999999994, 51.544000000000004], [-0.012959999999999992, 51.544000000000004], [-0.012959999999999992, 51.555040000000005], [-0.023999999999999994, 51.555040000000005], [-0.023999999999999994, 51.544000000000004]]]}}, {"type": "Feature", "properties": {"lsoa_code": "S0714", "overall_norm": 88.1, "overall_score_raw": 52.86, "overall_decile": 2, "income_norm": 50.5, "income_score_raw": 30.3, "income_decile": 5, "employment_norm": 70.2, "employment_score_raw": 42.12, "employment_decile": 3, "education_norm": 50.4, "education_score_raw": 30.24, "education_decile": 5, "health_norm": 20.3, "health_score_raw": 12.18, "health_decile": 8, "crime_norm": 36.3, "crime_score_raw": 21.78, "crime_decile": 7, "housing_norm": 10.7, "housing_score_raw": 6.42, "housing_decile": 9, "environment_norm": 93.1, "environment_score_raw": 55.86, "environment_decile": 1}, "geometry": {"type": "Polygon", "coordinates": [[[-0.011999999999999983, 51.544000000000004], [-0.0009599999999999817, 51.544000000000004], [-0.0009599999999999817, 51.555040000000005], [-0.011999999999999983, 51.555040000000005], [-0.011999999999999983, 51.544000000000004]]]}}, {"type": "Feature", "properties": {"lsoa_code": "S0715", "overall_norm": 91.3, "overall_score_raw": 54.78, "overall_decile": 1, "income_norm": 47.5, "income_score_raw": 28.5, "income_decile": 6, "employment_norm": 66.3, "employment_score_raw": 39.78, "employment_decile": 4, "education_norm": 55.6, "education_score_raw": 33.36, "education_decile": 5, "health_norm": 25.1, "health_score_raw": 15.06, "health_decile": 8, "crime_norm": 39.5, "crime_score_raw": 23.7, "crime_decile": 7, "housing_norm": 18.5, "housing_score_raw": 11.1, "housing_decile": 9, "environment_norm": 89.4, "environment_score_raw": 53.64, "environment_decile": 2}, "geometry": {"type": "Polygon", "coordinates": [[[0.0, 51.544000000000004], [0.011040000000000001, 51.544000000000004], [0.011040000000000001, 51.555040000000005], [0.0, 51.555040000000005], [0.0, 51.544000000000004]]]}}, {"type": "Feature", "properties": {"lsoa_code": "S0716", "overall_norm": 94.1, "overall_score_raw": 56.46, "overall_decile": 1, "income_norm": 47.0, "income_score_raw": 28.2, "income_decile": 6, "employment_norm": 62.6, "employment_score_raw": 37.56, "employment_decile": 4, "education_norm": 65.4, "education_score_raw": 39.24, "education_decile": 4, "health_norm": 34.5, "health_score_raw": 20.7, "health_decile": 7, "crime_norm": 47.1, "crime_score_raw": 28.26, "crime_decile": 6, "housing_norm": 27.8, "housing_score_raw": 16.68, "housing_decile": 8, "environment_norm": 85.0, "environment_score_raw": 51.0, "environment_decile": 2}, "geometry": {"type": "Polygon", "coordinates": [[[0.01200000000000001, 51.544000000000004], [0.023040000000000012, 51.544000000000004], [0.023040000000000012, 51.555040000000005], [0.01200000000000001, 51.555040000000005], [0.01200000000000001, 51.544000000000004]]]}}, {"type": "Feature", "properties": {"lsoa_code": "S0717", "overall_norm": 96.4, "overall_score_raw": 57.84, "overall_decile": 1, "income_norm": 49.3, "income_score_raw": 29.58, "income_decile": 6, "employment_norm": 59.1, "employment_score_raw": 35.46, "employment_decile": 5, "education_norm": 77.5, "education_score_raw": 46.5, "education_decile": 3, "health_norm": 46.2, "health_score_raw": 27.72, "health_decile": 6, "crime_norm": 57.5, "crime_score_raw": 34.5, "crime_decile": 5, "housing_norm": 37.3, "housing_score_raw": 22.38, "housing_decile": 7, "environment_norm": 80.3, "environment_score_raw": 48.18, "environment_decile": 2}, "geometry": {"type": "Polygon", "coordinates": [[[0.02400000000000002, 51.544000000000004], [0.03504000000000002, 51.544000000000004], [0.03504000000000002, 51.555040000000005], [0.02400000000000002, 51.555040000000005], [0.02400000000000002, 51.544000000000004]]]}}, {"type": "Feature", "properties": {"lsoa_code": "S0718", "overall_norm": 98.1, "overall_score_raw": 58.86, "overall_decile": 1, "income_norm": 54.1, "income_score_raw": 32.46, "income_decile": 5, "employment_norm": 55.9, "employment_score_raw": 33.54, "employment_decile": 5, "education_norm": 88.9, "education_score_raw": 53.34, "education_decile": 2, "health_norm": 57.7, "health_score_raw": 34.62, "health_decile": 5, "crime_norm": 68.6, "crime_score_raw": 41.16, "crime_decile": 4, "housing_norm": 45.4, "housing_score_raw": 27.24, "housing_decile": 6, "environment_norm": 75.4, "environment_score_raw": 45.24, "environment_decile": 3}, "geometry": {"type": "Polygon", "coordinates": [[[0.036000000000000004, 51.544000000000004], [0.047040000000000005, 51.544000000000004], [0.047040000000000005, 51.555040000000005], [0.036000000000000004, 51.555040000000005], [0.036000000000000004, 51.544000000000004]]]}}, {"type": "Feature", "properties": {"lsoa_code": "S0719", "overall_norm": 99.3, "overall_score_raw": 59.58, "overall_decile": 1, "income_norm": 60.8, "income_score_raw": 36.48, "income_decile": 4, "employment_norm": 53.2, "employment_score_raw": 31.92, "employment_decile": 5, "education_norm": 97.0, "education_score_raw": 58.2, "education_decile": 1, "health_norm": 66.2, "health_score_raw": 39.72, "health_decile": 4, "crime_norm": 78.3, "crime_score_raw": 46.98, "crime_decile": 3, "housing_norm": 51.2, "housing_score_raw": 30.72, "housing_decile": 5, "environment_norm": 70.5, "environment_score_raw": 42.3, "environment_decile": 3}, "geometry": {"type": "Polygon", "coordinates": [[[0.048000000000000015, 51.544000000000004], [0.059040000000000016, 51.544000000000004], [0.059040000000000016, 51.555040000000005], [0.048000000000000015, 51.555040000000005], [0.048000000000000015, 51.544000000000004]]]}}, {"type": "Feature", "properties": {"lsoa_code": "S0720", "overall_norm": 99.9, "overall_score_raw": 59.94, "overall_decile": 1, "income_norm": 68.7, "income_score_raw": 41.22, "income_decile": 4, "employment_norm": 51.0, "employment_score_raw": 30.6, "employment_decile": 5, "education_norm": 99.9, "education_score_raw": 59.94, "education_decile": 1, "health_norm": 69.8, "health_score_raw": 41.88, "health_decile": 4, "crime_norm": 84.6, "crime_score_raw": 50.76, "crime_decile": 2, "housing_norm": 53.6, "housing_score_raw": 32.16, "housing_decile": 5, "environment_norm": 65.7, "environment_score_raw": 39.42, "environment_decile": 4}, "geometry": {"type": "Polygon", "coordinates": [[[0.06, 51.544000000000004], [0.07103999999999999, 51.544000000000004], [0.07103999999999999, 51.555040000000005], [0.06, 51.555040000000005], [0.06, 51.544000000000004]]]}}, {"type": "Feature", "properties": {"lsoa_code": "S0721", "overall_norm": 99.8, "overall_score_raw": 59.88, "overall_decile": 1, "income_norm": 77.0, "income_score_raw": 46.2, "income_decile": 3, "employment_norm": 49.4, "employment_score_raw": 29.64, "employment_decile": 6, "education_norm": 96.8, "education_score_raw": 58.08, "education_decile": 1, "health_norm": 67.7, "health_score_raw": 40.62, "health_decile": 4, "crime_norm": 86.2, "crime_score_raw": 51.72, "crime_decile": 2, "housing_norm": 52.4, "housing_score_raw": 31.44, "housing_decile": 5, "environment_norm": 61.3, "environment_score_raw": 36.78, "environment_decile": 4}, "geometry": {"type": "Polygon", "coordinates": [[[0.07200000000000001, 51.544000000000004], [0.08304, 51.544000000000004], [0.08304, 51.555040000000005], [0.07200000000000001, 51.555040000000005], [0.07200000000000001, 51.544000000000004]]]}}, {"type": "Feature", "properties": {"lsoa_code": "S0722", "overall_norm": 99.1, "overall_score_raw": 59.46, "overall_decile": 1, "income_norm": 84.7, "income_score_raw": 50.82, "income_decile": 2, "employment_norm": 48.3, "employment_score_raw": 28.98, "employment_decile": 6, "education_norm": 88.6, "education_score_raw": 53.16, "education_decile": 2, "health_norm": 60.4, "health_score_raw": 36.24, "health_decile": 4, "crime_norm": 82.8, "crime_score_raw": 49.68, "crime_decile": 2, "housing_norm": 47.8, "housing_score_raw": 28.68, "housing_decile": 6, "environment_norm": 57.5, "environment_score_raw": 34.5, "environment_decile": 5}, "geometry": {"type": "Polygon", "coordinates": [[[0.08400000000000002, 51.544000000000004], [0.09504000000000001, 51.544000000000004], [0.09504000000000001, 51.555040000000005], [0.08400000000000002, 51.555040000000005], [0.08400000000000002, 51.544000000000004]]]}}, {"type": "Feature", "properties": {"lsoa_code": "S0723", "overall_norm": 97.8, "overall_score_raw": 58.68, "overall_decile": 1, "income_norm": 91.0, "income_score_raw": 54.6, "income_decile": 1, "employment_norm": 47.9, "employment_score_raw": 28.74, "employment_decile": 6, "education_norm": 77.1, "education_score_raw": 46.26, "education_decile": 3, "health_norm": 49.5, "health_score_raw": 29.7, "health_decile": 6, "crime_norm": 75.1, "crime_score_raw": 45.06, "crime_decile": 3, "housing_norm": 40.4, "housing_score_raw": 24.24, "housing_decile": 6, "environment_norm": 54.3, "environment_score_raw": 32.58, "environment_decile": 5}, "geometry": {"type": "Polygon", "coordinates": [[[0.09600000000000003, 51.544000000000004], [0.10704000000000002, 51.544000000000004], [0.10704000000000002, 51.555040000000005], [0.09600000000000003, 51.555040000000005], [0.09600000000000003, 51.544000000000004]]]}}, {"type": "Feature", "properties": {"lsoa_code": "S0800", "overall_norm": 49.6, "overall_score_raw": 29.76, "overall_decile": 6, "income_norm": 57.6, "income_score_raw": 34.56, "income_decile": 5, "employment_norm": 89.3, "employment_score_raw": 53.58, "employment_decile": 2, "education_norm": 50.1, "education_score_raw": 30.06, "education_decile": 5, "health_norm": 32.3, "health_score_raw": 19.38, "health_decile": 7, "crime_norm": 30.6, "crime_score_raw": 18.36, "crime_decile": 7, "housing_norm": 27.6, "housing_score_raw": 16.56, "housing_decile": 8, "environment_norm": 62.8, "environment_score_raw": 37.68, "environment_decile": 4}, "geometry": {"type": "Polygon", "coordinates": [[[-0.18, 51.556], [-0.16896, 51.556], [-0.16896, 51.56704], [-0.18, 51.56704], [-0.18, 51.556]]]}}, {"type": "Feature", "properties": {"lsoa_code": "S0801", "overall_norm": 49.5, "overall_score_raw": 29.7, "overall_decile": 6, "income_norm": 65.4, "income_score_raw": 39.24, "income_decile": 4, "employment_norm": 91.2, "employment_score_raw": 54.72, "employment_decile": 1, "education_norm": 48.3, "education_score_raw": 28.98, "education_decile": 6, "health_norm": 31.4, "health_score_raw": 18.84, "health_decile": 7, "crime_norm": 33.5, "crime_score_raw": 20.1, "crime_decile": 7, "housing_norm": 36.8, "housing_score_raw": 22.08, "housing_decile": 7, "environment_norm": 67.5, "environment_score_raw": 40.5, "environment_decile": 4}, "geometry": {"type": "Polygon", "coordinates": [[[-0.16799999999999998, 51.556], [-0.15696, 51.556], [-0.15696, 51.56704], [-0.16799999999999998, 51.56704], [-0.16799999999999998, 51.556]]]}}, {"type": "Feature", "properties": {"lsoa_code": "S0802", "overall_norm": 50.1, "overall_score_raw": 30.06, "overall_decile": 5, "income_norm": 73.7, "income_score_raw": 44.22, "income_decile": 3, "employment_norm": 92.4, "employment_score_raw": 55.44, "employment_decile": 1, "education_norm": 52.3, "education_score_raw": 31.38, "education_decile": 5, "health_norm": 36.1, "health_score_raw": 21.66, "health_decile": 7, "crime_norm": 40.8, "crime_score_raw": 24.48, "crime_decile": 6, "housing_norm": 44.2, "housing_score_raw": 26.52, "housing_decile": 6, "environment_norm": 72.4, "environment_score_raw": 43.44, "environment_decile": 3}, "geometry": {"type": "Polygon", "coordinates": [[[-0.156, 51.556], [-0.14496, 51.556], [-0.14496, 51.56704], [-0.156, 51.56704], [-0.156, 51.556]]]}}, {"type": "Feature", "properties": {"lsoa_code": "S0803", "overall_norm": 51.3, "overall_score_raw": 30.78, "overall_decile": 5, "income_norm": 81.5, "income_score_raw": 48.9, "income_decile": 2, "employment_norm": 93.0, "employment_score_raw": 55.8, "employment_decile": 1, "education_norm": 61.3, "education_score_raw": 36.78, "education_decile": 4, "health_norm": 45.4, "health_score_raw": 27.24, "health_decile": 6, "crime_norm": 51.0, "crime_score_raw": 30.6, "crime_decile": 5, "housing_norm": 48.8, "housing_score_raw": 29.28, "housing_decile": 6, "environment_norm": 77.3, "environment_score_raw": 46.38, "environment_decile": 3}, "geometry": {"type": "Polygon", "coordinates": [[[-0.144, 51.556], [-0.13296, 51.556], [-0.13296, 51.56704], [-0.144, 51.56704], [-0.144, 51.556]]]}}, {"type": "Feature", "properties": {"lsoa_code": "S0804", "overall_norm": 53.1, "overall_score_raw": 31.86, "overall_decile": 5, "income_norm": 88.0, "income_score_raw": 52.8, "income_decile": 2, "employment_norm": 93.0, "employment_score_raw": 55.8, "employment_decile": 1, "education_norm": 73.1, "education_score_raw": 43.86, "education_decile": 3, "health_norm": 57.1, "health_score_raw": 34.26, "health_decile": 5, "crime_norm": 62.2, "crime_score_raw": 37.32, "crime_decile": 4, "housing_norm": 50.0, "housing_score_raw": 30.0, "housing_decile": 6, "environment_norm": 82.2, "environment_score_raw": 49.32, "environment_decile": 2}, "geometry": {"type": "Polygon", "coordinates": [[[-0.132, 51.556], [-0.12096000000000001, 51.556], [-0.12096000000000001, 51.56704], [-0.132, 51.56704], [-0.132, 51.556]]]}}, {"type": "Feature", "properties": {"lsoa_code": "S0805", "overall_norm": 55.4, "overall_score_raw": 33.24, "overall_decile": 5, "income_norm": 92.4, "income_score_raw": 55.44, "income_decile": 1, "employment_norm": 92.3, "employment_score_raw": 55.38, "employment_decile": 1, "education_norm": 84.9, "education_score_raw": 50.94, "education_decile": 2, "health_norm": 68.6, "health_score_raw": 41.16, "health_decile": 4, "crime_norm": 72.1, "crime_score_raw": 43.26, "crime_decile": 3, "housing_norm": 47.6, "housing_score_raw": 28.56, "housing_decile": 6, "environment_norm": 86.6, "environment_score_raw": 51.96, "environment_decile": 2}, "geometry": {"type": "Polygon", "coordinates": [[[-0.12, 51.556], [-0.10896, 51.556], [-0.10896, 51.56704], [-0.12, 51.56704], [-0.12, 51.556]]]}}, {"type": "Feature", "properties": {"lsoa_code": "S0806", "overall_norm": 58.2, "overall_score_raw": 34.92, "overall_decile": 5, "income_norm": 94.3, "income_score_raw": 56.58, "income_decile": 1, "employment_norm": 91.1, "employment_score_raw": 54.66, "employment_decile": 1, "education_norm": 93.9, "education_score_raw": 56.34, "education_decile": 1, "health_norm": 77.2, "health_score_raw": 46.32, "health_decile": 3, "crime_norm": 78.6, "crime_score_raw": 47.16, "crime_decile": 3, "housing_norm": 41.9, "housing_score_raw": 25.14, "housing_decile": 6, "environment_norm": 90.6, "environment_score_raw": 54.36, "environment_decile": 1}, "geometry": {"type": "Polygon", "coordinates": [[[-0.10799999999999998, 51.556], [-0.09695999999999999, 51.556], [-0.09695999999999999, 51.56704], [-0.10799999999999998, 51.56704], [-0.10799999999999998, 51.556]]]}}, {"type": "Feature", "properties": {"lsoa_code": "S0807", "overall_norm": 61.4, "overall_score_raw": 36.84, "overall_decile": 4, "income_norm": 93.5, "income_score_raw": 56.1, "income_decile": 1, "employment_norm": 89.2, "employment_score_raw": 53.52, "employment_decile": 2, "education_norm": 98.0, "education_score_raw": 58.8, "education_decile": 1, "health_norm": 81.0, "health_score_raw": 48.6, "health_decile": 2, "crime_norm": 80.6, "crime_score_raw": 48.36, "crime_decile": 2, "housing_norm": 33.7, "housing_score_raw": 20.22, "housing_decile": 7, "environment_norm": 93.9, "environment_score_raw": 56.34, "environment_decile": 1}, "geometry": {"type": "Polygon", "coordinates": [[[-0.09599999999999999, 51.556], [-0.08495999999999998, 51.556], [-0.08495999999999998, 51.56704], [-0.09599999999999999, 51.56704], [-0.09599999999999999, 51.556]]]}}, {"type": "Feature", "properties": {"lsoa_code": "S0808", "overall_norm": 64.9, "overall_score_raw": 38.94, "overall_decile": 4, "income_norm": 90.1, "income_score_raw": 54.06, "income_decile": 1, "employment_norm": 86.8, "employment_score_raw": 52.08, "employment_decile": 2, "education_norm": 96.3, "education_score_raw": 57.78, "education_decile": 1, "health_norm": 79.0, "health_score_raw": 47.4, "health_decile": 3, "crime_norm": 77.6, "crime_score_raw": 46.56, "crime_decile": 3, "housing_norm": 24.3, "housing_score_raw": 14.58, "housing_decile": 8, "environment_norm": 96.4, "environment_score_raw": 57.84, "environment_decile": 1}, "geometry": {"type": "Polygon", "coordinates": [[[-0.08399999999999999, 51.556], [-0.07296, 51.556], [-0.07296, 51.56704], [-0.08399999999999999, 51.56704], [-0.08399999999999999, 51.556]]]}}, {"type": "Feature", "properties": {"lsoa_code": "S0809", "overall_norm": 68.7, "overall_score_raw": 41.22, "overall_decile": 4, "income_norm": 84.3, "income_score_raw": 50.58, "income_decile": 2, "employment_norm": 84.0, "employment_score_raw": 50.4, "employment_decile": 2, "education_norm": 89.0, "education_score_raw": 53.4, "education_decile": 2, "health_norm": 71.7, "health_score_raw": 43.02, "health_decile": 3, "crime_norm": 70.1, "crime_score_raw": 42.06, "crime_decile": 3, "housing_norm": 15.0, "housing_score_raw": 9.0, "housing_decile": 9, "environment_norm": 98.0, "environment_score_raw": 58.8, "environment_decile": 1}, "geometry": {"type": "Polygon", "coordinates": [[[-0.072, 51.556], [-0.06095999999999999, 51.556], [-0.06095999999999999, 51.56704], [-0.072, 51.56704], [-0.072, 51.556]]]}}, {"type": "Feature", "properties": {"lsoa_code": "S0810", "overall_norm": 72.6, "overall_score_raw": 43.56, "overall_decile": 3, "income_norm": 77.0, "income_score_raw": 46.2, "income_decile": 3, "employment_norm": 80.7, "employment_score_raw": 48.42, "employment_decile": 2, "education_norm": 78.0, "education_score_raw": 46.8, "education_decile": 3, "health_norm": 60.8, "health_score_raw": 36.48, "health_decile": 4, "crime_norm": 59.8, "crime_score_raw": 35.88, "crime_decile": 5, "housing_norm": 7.1, "housing_score_raw": 4.26, "housing_decile": 10, "environment_norm": 98.7, "environment_score_raw": 59.22, "environment_decile": 1}, "geometry": {"type": "Polygon", "coordinates": [[[-0.06, 51.556], [-0.04896, 51.556], [-0.04896, 51.56704], [-0.06, 51.56704], [-0.06, 51.556]]]}}, {"type": "Feature", "properties": {"lsoa_code": "S0811", "overall_norm": 76.5, "overall_score_raw": 45.9, "overall_decile": 3, "income_norm": 68.8, "income_score_raw": 41.28, "income_decile": 4, "employment_norm": 77.1, "employment_score_raw": 46.26, "employment_decile": 3, "education_norm": 65.9, "education_score_raw": 39.54, "education_decile": 4, "health_norm": 48.9, "health_score_raw": 29.34, "health_decile": 6, "crime_norm": 48.6, "crime_score_raw": 29.16, "crime_decile": 6, "housing_norm": 1.9, "housing_score_raw": 1.14, "housing_decile": 10, "environment_norm": 98.4, "environment_score_raw": 59.04, "environment_decile": 1}, "geometry": {"type": "Polygon", "coordinates": [[[-0.04799999999999999, 51.556], [-0.036959999999999986, 51.556], [-0.036959999999999986, 51.56704], [-0.04799999999999999, 51.56704], [-0.04799999999999999, 51.556]]]}}, {"type": "Feature", "properties": {"lsoa_code": "S0812", "overall_norm": 80.4, "overall_score_raw": 48.24, "overall_decile": 2, "income_norm": 60.7, "income_score_raw": 36.42, "income_decile": 4, "employment_norm": 73.3, "employment_score_raw": 43.98, "employment_decile": 3, "education_norm": 55.4, "education_score_raw": 33.24, "education_decile": 5, "health_norm": 38.5, "health_score_raw": 23.1, "health_decile": 7, "crime_norm": 38.9, "crime_score_raw": 23.34, "crime_decile": 7, "housing_norm": 0.1, "housing_score_raw": 0.06, "housing_decile": 10, "environment_norm": 97.1, "environment_score_raw": 58.26, "environment_decile": 1}, "geometry": {"type": "Polygon", "coordinates": [[[-0.035999999999999976, 51.556], [-0.024959999999999975, 51.556], [-0.024959999999999975, 51.56704], [-0.035999999999999976, 51.56704], [-0.035999999999999976, 51.556]]]}}, {"type": "Feature", "properties": {"lsoa_code": "S0813", "overall_norm": 84.2, "overall_score_raw": 50.52, "overall_decile": 2, "income_norm": 53.5, "income_score_raw": 32.1, "income_decile": 5, "employment_norm": 69.4, "employment_score_raw": 41.64, "employment_decile": 4, "education_norm": 49.2, "education_score_raw": 29.52, "education_decile": 6, "health_norm": 32.2, "health_score_raw": 19.32, "health_decile": 7, "crime_norm": 32.5, "crime_score_raw": 19.5, "crime_decile": 7, "housing_norm": 1.9, "housing_score_raw": 1.14, "housing_decile": 10, "environment_norm": 94.9, "environment_score_raw": 56.94, "environment_decile": 1}, "geometry": {"type": "Polygon", "coordinates": [[[-0.023999999999999994, 51.556], [-0.012959999999999992, 51.556], [-0.012959999999999992, 51.56704], [-0.023999999999999994, 51.56704], [-0.023999999999999994, 51.556]]]}}, {"type": "Feature", "properties": {"lsoa_code": "S0814", "overall_norm": 87.7, "overall_score_raw": 52.62, "overall_decile": 2, "income_norm": 48.1, "income_score_raw": 28.86, "income_decile": 6, "employment_norm": 65.4, "employment_score_raw": 39.24, "employment_decile": 4, "education_norm": 48.7, "education_score_raw": 29.22, "education_decile": 6, "health_norm": 31.4, "health_score_raw": 18.84, "health_decile": 7, "crime_norm": 30.7, "crime_score_raw": 18.42, "crime_decile": 7, "housing_norm": 7.1, "housing_score_raw": 4.26, "housing_decile": 10, "environment_norm": 91.8, "environment_score_raw": 55.08, "environment_decile": 1}, "geometry": {"type": "Polygon", "coordinates": [[[-0.011999999999999983, 51.556], [-0.0009599999999999817, 51.556], [-0.0009599999999999817, 51.56704], [-0.011999999999999983, 51.56704], [-0.011999999999999983, 51.556]]]}}, {"type": "Feature", "properties": {"lsoa_code": "S0815", "overall_norm": 90.9, "overall_score_raw": 54.54, "overall_decile": 1, "income_norm": 45.0, "income_score_raw": 27.0, "income_decile": 6, "employment_norm": 61.5, "employment_score_raw": 36.9, "employment_decile": 4, "education_norm": 53.9, "education_score_raw": 32.34, "education_decile": 5, "health_norm": 36.2, "health_score_raw": 21.72, "health_decile": 7, "crime_norm": 33.9, "crime_score_raw": 20.34, "crime_decile": 7, "housing_norm": 14.9, "housing_score_raw": 8.94, "housing_decile": 9, "environment_norm": 88.1, "environment_score_raw": 52.86, "environment_decile": 2}, "geometry": {"type": "Polygon", "coordinates": [[[0.0, 51.556], [0.011040000000000001, 51.556], [0.011040000000000001, 51.56704], [0.0, 51.56704], [0.0, 51.556]]]}}, {"type": "Feature", "properties": {"lsoa_code": "S0816", "overall_norm": 93.6, "overall_score_raw": 56.16, "overall_decile": 1, "income_norm": 44.5, "income_score_raw": 26.7, "income_decile": 6, "employment_norm": 57.8, "employment_score_raw": 34.68, "employment_decile": 5, "education_norm": 63.7, "education_score_raw": 38.22, "education_decile": 4, "health_norm": 45.6, "health_score_raw": 27.36, "health_decile": 6, "crime_norm": 41.5, "crime_score_raw": 24.9, "crime_decile": 6, "housing_norm": 24.2, "housing_score_raw": 14.52, "housing_decile": 8, "environment_norm": 83.7, "environment_score_raw": 50.22, "environment_decile": 2}, "geometry": {"type": "Polygon", "coordinates": [[[0.01200000000000001, 51.556], [0.023040000000000012, 51.556], [0.023040000000000012, 51.56704], [0.01200000000000001, 51.56704], [0.01200000000000001, 51.556]]]}}, {"type": "Feature", "properties": {"lsoa_code": "S0817", "overall_norm": 95.9, "overall_score_raw": 57.54, "overall_decile": 1, "income_norm": 46.8, "income_score_raw": 28.08, "income_decile": 6, "employment_norm": 54.3, "employment_score_raw": 32.58, "employment_decile": 5, "education_norm": 75.8, "education_score_raw": 45.48, "education_decile": 3, "health_norm": 57.3, "health_score_raw": 34.38, "health_decile": 5, "crime_norm": 51.9, "crime_score_raw": 31.14, "crime_decile": 5, "housing_norm": 33.7, "housing_score_raw": 20.22, "housing_decile": 7, "environment_norm": 79.0, "environment_score_raw": 47.4, "environment_decile": 3}, "geometry": {"type": "Polygon", "coordinates": [[[0.02400000000000002, 51.556], [0.03504000000000002, 51.556], [0.03504000000000002, 51.56704], [0.02400000000000002, 51.56704], [0.02400000000000002, 51.556]]]}}, {"type": "Feature", "properties": {"lsoa_code": "S0818", "overall_norm": 97.7, "overall_score_raw": 58.62, "overall_decile": 1, "income_norm": 51.6, "income_score_raw": 30.96, "income_decile": 5, "employment_norm": 51.2, "employment_score_raw": 30.72, "employment_decile": 5, "education_norm": 87.2, "education_score_raw": 52.32, "education_decile": 2, "health_norm": 68.8, "health_score_raw": 41.28, "health_decile": 4, "crime_norm": 63.0, "crime_score_raw": 37.8, "crime_decile": 4, "housing_norm": 41.9, "housing_score_raw": 25.14, "housing_decile": 6, "environment_norm": 74.1, "environment_score_raw": 44.46, "environment_decile": 3}, "geometry": {"type": "Polygon", "coordinates": [[[0.036000000000000004, 51.556], [0.047040000000000005, 51.556], [0.047040000000000005, 51.56704], [0.036000000000000004, 51.56704], [0.036000000000000004, 51.556]]]}}, {"type": "Feature", "properties": {"lsoa_code": "S0819", "overall_norm": 98.9, "overall_score_raw": 59.34, "overall_decile": 1, "income_norm": 58.3, "income_score_raw": 34.98, "income_decile": 5, "employment_norm": 48.4, "employment_score_raw": 29.04, "employment_decile": 6, "education_norm": 95.3, "education_score_raw": 57.18, "education_decile": 1, "health_norm": 77.3, "health_score_raw": 46.38, "health_decile": 3, "crime_norm": 72.7, "crime_score_raw": 43.62, "crime_decile": 3, "housing_norm": 47.6, "housing_score_raw": 28.56, "housing_decile": 6, "environment_norm": 69.2, "environment_score_raw": 41.52, "environment_decile": 4}, "geometry": {"type": "Polygon", "coordinates": [[[0.048000000000000015, 51.556], [0.059040000000000016, 51.556], [0.059040000000000016, 51.56704], [0.048000000000000015, 51.56704], [0.048000000000000015, 51.556]]]}}, {"type": "Feature", "properties": {"lsoa_code": "S0820", "overall_norm": 99.4, "overall_score_raw": 59.64, "overall_decile": 1, "income_norm": 66.2, "income_score_raw": 39.72, "income_decile": 4, "employment_norm": 46.2, "employment_score_raw": 27.72, "employment_decile": 6, "education_norm": 98.2, "education_score_raw": 58.92, "education_decile": 1, "health_norm": 81.0, "health_score_raw": 48.6, "health_decile": 2, "crime_norm": 79.0, "crime_score_raw": 47.4, "crime_decile": 3, "housing_norm": 50.0, "housing_score_raw": 30.0, "housing_decile": 6, "environment_norm": 64.4, "environment_score_raw": 38.64, "environment_decile": 4}, "geometry": {"type": "Polygon", "coordinates": [[[0.06, 51.556], [0.07103999999999999, 51.556], [0.07103999999999999, 51.56704], [0.06, 51.56704], [0.06, 51.556]]]}}, {"type": "Feature", "properties": {"lsoa_code": "S0821", "overall_norm": 99.4, "overall_score_raw": 59.64, "overall_decile": 1, "income_norm": 74.5, "income_score_raw": 44.7, "income_decile": 3, "employment_norm": 44.6, "employment_score_raw": 26.76, "employment_decile": 6, "education_norm": 95.1, "education_score_raw": 57.06, "education_decile": 1, "health_norm": 78.9, "health_score_raw": 47.34, "health_decile": 3, "crime_norm": 80.5, "crime_score_raw": 48.3, "crime_decile": 2, "housing_norm": 48.9, "housing_score_raw": 29.34, "housing_decile": 6, "environment_norm": 60.0, "environment_score_raw": 36.0, "environment_decile": 5}, "geometry": {"type": "Polygon", "coordinates": [[[0.07200000000000001, 51.556], [0.08304, 51.556], [0.08304, 51.56704], [0.07200000000000001, 51.56704], [0.07200000000000001, 51.556]]]}}, {"type": "Feature", "properties": {"lsoa_code": "S0822", "overall_norm": 98.7, "overall_score_raw": 59.22, "overall_decile": 1, "income_norm": 82.2, "income_score_raw": 49.32, "income_decile": 2, "employment_norm": 43.5, "employment_score_raw": 26.1, "employment_decile": 6, "education_norm": 86.8, "education_score_raw": 52.08, "education_decile": 2, "health_norm": 71.5, "health_score_raw": 42.9, "health_decile": 3, "crime_norm": 77.1, "crime_score_raw": 46.26, "crime_decile": 3, "housing_norm": 44.2, "housing_score_raw": 26.52, "housing_decile": 6, "environment_norm": 56.2, "environment_score_raw": 33.72, "environment_decile": 5}, "geometry": {"type": "Polygon", "coordinates": [[[0.08400000000000002, 51.556], [0.09504000000000001, 51.556], [0.09504000000000001, 51.56704], [0.08400000000000002, 51.56704], [0.08400000000000002, 51.556]]]}}, {"type": "Feature", "properties": {"lsoa_code": "S0823", "overall_norm": 97.4, "overall_score_raw": 58.44, "overall_decile": 1, "income_norm": 88.5, "income_score_raw": 53.1, "income_decile": 2, "employment_norm": 43.1, "employment_score_raw": 25.86, "employment_decile": 6, "education_norm": 75.3, "education_score_raw": 45.18, "education_decile": 3, "health_norm": 60.6, "health_score_raw": 36.36, "health_decile": 4, "crime_norm": 69.4, "crime_score_raw": 41.64, "crime_decile": 4, "housing_norm": 36.8, "housing_score_raw": 22.08, "housing_decile": 7, "environment_norm": 53.0, "environment_score_raw": 31.8, "environment_decile": 5}, "geometry": {"type": "Polygon", "coordinates": [[[0.09600000000000003, 51.556], [0.10704000000000002, 51.556], [0.10704000000000002, 51.56704], [0.09600000000000003, 51.56704], [0.09600000000000003, 51.556]]]}}, {"type": "Feature", "properties": {"lsoa_code": "S0900", "overall_norm": 47.2, "overall_score_raw": 28.32, "overall_decile": 6, "income_norm": 54.5, "income_score_raw": 32.7, "income_decile": 5, "employment_norm": 82.4, "employment_score_raw": 49.44, "employment_decile": 2, "education_norm": 46.6, "education_score_raw": 27.96, "education_decile": 6, "health_norm": 42.2, "health_score_raw": 25.32, "health_decile": 6, "crime_norm": 24.7, "crime_score_raw": 14.82, "crime_decile": 8, "housing_norm": 29.2, "housing_score_raw": 17.52, "housing_decile": 8, "environment_norm": 58.9, "environment_score_raw": 35.34, "environment_decile": 5}, "geometry": {"type": "Polygon", "coordinates": [[[-0.18, 51.568], [-0.16896, 51.568], [-0.16896, 51.57904], [-0.18, 51.57904], [-0.18, 51.568]]]}}, {"type": "Feature", "properties": {"lsoa_code": "S0901", "overall_norm": 47.1, "overall_score_raw": 28.26, "overall_decile": 6, "income_norm": 62.3, "income_score_raw": 37.38, "income_decile": 4, "employment_norm": 84.2, "employment_score_raw": 50.52, "employment_decile": 2, "education_norm": 44.7, "education_score_raw": 26.82, "education_decile": 6, "health_norm": 41.3, "health_score_raw": 24.78, "health_decile": 6, "crime_norm": 27.6, "crime_score_raw": 16.56, "crime_decile": 8, "housing_norm": 38.4, "housing_score_raw": 23.04, "housing_decile": 7, "environment_norm": 63.6, "environment_score_raw": 38.16, "environment_decile": 4}, "geometry": {"type": "Polygon", "coordinates": [[[-0.16799999999999998, 51.568], [-0.15696, 51.568], [-0.15696, 51.57904], [-0.16799999999999998, 51.57904], [-0.16799999999999998, 51.568]]]}}, {"type": "Feature", "properties": {"lsoa_code": "S0902", "overall_norm": 47.7, "overall_score_raw": 28.62, "overall_decile": 6, "income_norm": 70.6, "income_score_raw": 42.36, "income_decile": 3, "employment_norm": 85.4, "employment_score_raw": 51.24, "employment_decile": 2, "education_norm": 48.8, "education_score_raw": 29.28, "education_decile": 6, "health_norm": 46.0, "health_score_raw": 27.6, "health_decile": 6, "crime_norm": 34.8, "crime_score_raw": 20.88, "crime_decile": 7, "housing_norm": 45.8, "housing_score_raw": 27.48, "housing_decile": 6, "environment_norm": 68.5, "environment_score_raw": 41.1, "environment_decile": 4}, "geometry": {"type": "Polygon", "coordinates": [[[-0.156, 51.568], [-0.14496, 51.568], [-0.14496, 51.57904], [-0.156, 51.57904], [-0.156, 51.568]]]}}, {"type": "Feature", "properties": {"lsoa_code": "S0903", "overall_norm": 48.9, "overall_score_raw": 29.34, "overall_decile": 6, "income_norm": 78.4, "income_score_raw": 47.04, "income_decile": 3, "employment_norm": 86.1, "employment_score_raw": 51.66, "employment_decile": 2, "education_norm": 57.7, "education_score_raw": 34.62, "education_decile": 5, "health_norm": 55.3, "health_score_raw": 33.18, "health_decile": 5, "crime_norm": 45.1, "crime_score_raw": 27.06, "crime_decile": 6, "housing_norm": 50.5, "housing_score_raw": 30.3, "housing_decile": 5, "environment_norm": 73.5, "environment_score_raw": 44.1, "environment_decile": 3}, "geometry": {"type": "Polygon", "coordinates": [[[-0.144, 51.568], [-0.13296, 51.568], [-0.13296, 51.57904], [-0.144, 51.57904], [-0.144, 51.568]]]}}, {"type": "Feature", "properties": {"lsoa_code": "S0904", "overall_norm": 50.7, "overall_score_raw": 30.42, "overall_decile": 5, "income_norm": 84.9, "income_score_raw": 50.94, "income_decile": 2, "employment_norm": 86.0, "employment_score_raw": 51.6, "employment_decile": 2, "education_norm": 69.5, "education_score_raw": 41.7, "education_decile": 4, "health_norm": 67.1, "health_score_raw": 40.26, "health_decile": 4, "crime_norm": 56.3, "crime_score_raw": 33.78, "crime_decile": 5, "housing_norm": 51.7, "housing_score_raw": 31.02, "housing_decile": 5, "environment_norm": 78.3, "environment_score_raw": 46.98, "environment_decile": 3}, "geometry": {"type": "Polygon", "coordinates": [[[-0.132, 51.568], [-0.12096000000000001, 51.568], [-0.12096000000000001, 51.57904], [-0.132, 51.57904], [-0.132, 51.568]]]}}, {"type": "Feature", "properties": {"lsoa_code": "S0905", "overall_norm": 53.0, "overall_score_raw": 31.8, "overall_decile": 5, "income_norm": 89.3, "income_score_raw": 53.58, "income_decile": 2, "employment_norm": 85.4, "employment_score_raw": 51.24, "employment_decile": 2, "education_norm": 81.3, "education_score_raw": 48.78, "education_decile": 2, "health_norm": 78.6, "health_score_raw": 47.16, "health_decile": 3, "crime_norm": 66.1, "crime_score_raw": 39.66, "crime_decile": 4, "housing_norm": 49.2, "housing_score_raw": 29.52, "housing_decile": 6, "environment_norm": 82.7, "environment_score_raw": 49.62, "environment_decile": 2}, "geometry": {"type": "Polygon", "coordinates": [[[-0.12, 51.568], [-0.10896, 51.568], [-0.10896, 51.57904], [-0.12, 51.57904], [-0.12, 51.568]]]}}, {"type": "Feature", "properties": {"lsoa_code": "S0906", "overall_norm": 55.8, "overall_score_raw": 33.48, "overall_decile": 5, "income_norm": 91.2, "income_score_raw": 54.72, "income_decile": 1, "employment_norm": 84.1, "employment_score_raw": 50.46, "employment_decile": 2, "education_norm": 90.4, "education_score_raw": 54.24, "education_decile": 1, "health_norm": 87.2, "health_score_raw": 52.32, "health_decile": 2, "crime_norm": 72.7, "crime_score_raw": 43.62, "crime_decile": 3, "housing_norm": 43.5, "housing_score_raw": 26.1, "housing_decile": 6, "environment_norm": 86.7, "environment_score_raw": 52.02, "environment_decile": 2}, "geometry": {"type": "Polygon", "coordinates": [[[-0.10799999999999998, 51.568], [-0.09695999999999999, 51.568], [-0.09695999999999999, 51.57904], [-0.10799999999999998, 51.57904], [-0.10799999999999998, 51.568]]]}}, {"type": "Feature", "properties": {"lsoa_code": "S0907", "overall_norm": 59.0, "overall_score_raw": 35.4, "overall_decile": 5, "income_norm": 90.4, "income_score_raw": 54.24, "income_decile": 1, "employment_norm": 82.3, "employment_score_raw": 49.38, "employment_decile": 2, "education_norm": 94.5, "education_score_raw": 56.7, "education_decile": 1, "health_norm": 90.9, "health_score_raw": 54.54, "health_decile": 1, "crime_norm": 74.7, "crime_score_raw": 44.82, "crime_decile": 3, "housing_norm": 35.3, "housing_score_raw": 21.18, "housing_decile": 7, "environment_norm": 90.0, "environment_score_raw": 54.0, "environment_decile": 2}, "geometry": {"type": "Polygon", "coordinates": [[[-0.09599999999999999, 51.568], [-0.08495999999999998, 51.568], [-0.08495999999999998, 51.57904], [-0.09599999999999999, 51.57904], [-0.09599999999999999, 51.568]]]}}, {"type": "Feature", "properties": {"lsoa_code": "S0908", "overall_norm": 62.5, "overall_score_raw": 37.5, "overall_decile": 4, "income_norm": 86.9, "income_score_raw": 52.14, "income_decile": 2, "employment_norm": 79.9, "employment_score_raw": 47.94, "employment_decile": 3, "education_norm": 92.7, "education_score_raw": 55.62, "education_decile": 1, "health_norm": 88.9, "health_score_raw": 53.34, "health_decile": 2, "crime_norm": 71.6, "crime_score_raw": 42.96, "crime_decile": 3, "housing_norm": 25.9, "housing_score_raw": 15.54, "housing_decile": 8, "environment_norm": 92.5, "environment_score_raw": 55.5, "environment_decile": 1}, "geometry": {"type": "Polygon", "coordinates": [[[-0.08399999999999999, 51.568], [-0.07296, 51.568], [-0.07296, 51.57904], [-0.08399999999999999, 51.57904], [-0.08399999999999999, 51.568]]]}}, {"type": "Feature", "properties": {"lsoa_code": "S0909", "overall_norm": 66.3, "overall_score_raw": 39.78, "overall_decile": 4, "income_norm": 81.2, "income_score_raw": 48.72, "income_decile": 2, "employment_norm": 77.0, "employment_score_raw": 46.2, "employment_decile": 3, "education_norm": 85.5, "education_score_raw": 51.3, "education_decile": 2, "health_norm": 81.6, "health_score_raw": 48.96, "health_decile": 2, "crime_norm": 64.2, "crime_score_raw": 38.52, "crime_decile": 4, "housing_norm": 16.6, "housing_score_raw": 9.96, "housing_decile": 9, "environment_norm": 94.1, "environment_score_raw": 56.46, "environment_decile": 1}, "geometry": {"type": "Polygon", "coordinates": [[[-0.072, 51.568], [-0.06095999999999999, 51.568], [-0.06095999999999999, 51.57904], [-0.072, 51.57904], [-0.072, 51.568]]]}}, {"type": "Feature", "properties": {"lsoa_code": "S0910", "overall_norm": 70.2, "overall_score_raw": 42.12, "overall_decile": 3, "income_norm": 73.9, "income_score_raw": 44.34, "income_decile": 3, "employment_norm": 73.8, "employment_score_raw": 44.28, "employment_decile": 3, "education_norm": 74.5, "education_score_raw": 44.7, "education_decile": 3, "health_norm": 70.8, "health_score_raw": 42.48, "health_decile": 3, "crime_norm": 53.9, "crime_score_raw": 32.34, "crime_decile": 5, "housing_norm": 8.7, "housing_score_raw": 5.22, "housing_decile": 10, "environment_norm": 94.8, "environment_score_raw": 56.88, "environment_decile": 1}, "geometry": {"type": "Polygon", "coordinates": [[[-0.06, 51.568], [-0.04896, 51.568], [-0.04896, 51.57904], [-0.06, 51.57904], [-0.06, 51.568]]]}}, {"type": "Feature", "properties": {"lsoa_code": "S0911", "overall_norm": 74.1, "overall_score_raw": 44.46, "overall_decile": 3, "income_norm": 65.7, "income_score_raw": 39.42, "income_decile": 4, "employment_norm": 70.2, "employment_score_raw": 42.12, "employment_decile": 3, "education_norm": 62.3, "education_score_raw": 37.38, "education_decile": 4, "health_norm": 58.8, "health_score_raw": 35.28, "health_decile": 5, "crime_norm": 42.7, "crime_score_raw": 25.62, "crime_decile": 6, "housing_norm": 3.5, "housing_score_raw": 2.1, "housing_decile": 10, "environment_norm": 94.5, "environment_score_raw": 56.7, "environment_decile": 1}, "geometry": {"type": "Polygon", "coordinates": [[[-0.04799999999999999, 51.568], [-0.036959999999999986, 51.568], [-0.036959999999999986, 51.57904], [-0.04799999999999999, 51.57904], [-0.04799999999999999, 51.568]]]}}, {"type": "Feature", "properties": {"lsoa_code": "S0912", "overall_norm": 78.0, "overall_score_raw": 46.8, "overall_decile": 3, "income_norm": 57.6, "income_score_raw": 34.56, "income_decile": 5, "employment_norm": 66.4, "employment_score_raw": 39.84, "employment_decile": 4, "education_norm": 51.9, "education_score_raw": 31.14, "education_decile": 5, "health_norm": 48.5, "health_score_raw": 29.1, "health_decile": 6, "crime_norm": 32.9, "crime_score_raw": 19.74, "crime_decile": 7, "housing_norm": 1.7, "housing_score_raw": 1.02, "housing_decile": 10, "environment_norm": 93.2, "environment_score_raw": 55.92, "environment_decile": 1}, "geometry": {"type": "Polygon", "coordinates": [[[-0.035999999999999976, 51.568], [-0.024959999999999975, 51.568], [-0.024959999999999975, 51.57904], [-0.035999999999999976, 51.57904], [-0.035999999999999976, 51.568]]]}}, {"type": "Feature", "properties": {"lsoa_code": "S0913", "overall_norm": 81.8, "overall_score_raw": 49.08, "overall_decile": 2, "income_norm": 50.4, "income_score_raw": 30.24, "income_decile": 5, "employment_norm": 62.5, "employment_score_raw": 37.5, "employment_decile": 4, "education_norm": 45.7, "education_score_raw": 27.42, "education_decile": 6, "health_norm": 42.2, "health_score_raw": 25.32, "health_decile": 6, "crime_norm": 26.5, "crime_score_raw": 15.9, "crime_decile": 8, "housing_norm": 3.5, "housing_score_raw": 2.1, "housing_decile": 10, "environment_norm": 91.0, "environment_score_raw": 54.6, "environment_decile": 1}, "geometry": {"type": "Polygon", "coordinates": [[[-0.023999999999999994, 51.568], [-0.012959999999999992, 51.568], [-0.012959999999999992, 51.57904], [-0.023999999999999994, 51.57904], [-0.023999999999999994, 51.568]]]}}, {"type": "Feature", "properties": {"lsoa_code": "S0914", "overall_norm": 85.3, "overall_score_raw": 51.18, "overall_decile": 2, "income_norm": 45.0, "income_score_raw": 27.0, "income_decile": 6, "employment_norm": 58.5, "employment_score_raw": 35.1, "employment_decile": 5, "education_norm": 45.1, "education_score_raw": 27.06, "education_decile": 6, "health_norm": 41.3, "health_score_raw": 24.78, "health_decile": 6, "crime_norm": 24.7, "crime_score_raw": 14.82, "crime_decile": 8, "housing_norm": 8.7, "housing_score_raw": 5.22, "housing_decile": 10, "environment_norm": 87.9, "environment_score_raw": 52.74, "environment_decile": 2}, "geometry": {"type": "Polygon", "coordinates": [[[-0.011999999999999983, 51.568], [-0.0009599999999999817, 51.568], [-0.0009599999999999817, 51.57904], [-0.011999999999999983, 51.57904], [-0.011999999999999983, 51.568]]]}}, {"type": "Feature", "properties": {"lsoa_code": "S0915", "overall_norm": 88.5, "overall_score_raw": 53.1, "overall_decile": 2, "income_norm": 41.9, "income_score_raw": 25.14, "income_decile": 6, "employment_norm": 54.6, "employment_score_raw": 32.76, "employment_decile": 5, "education_norm": 50.4, "education_score_raw": 30.24, "education_decile": 5, "health_norm": 46.1, "health_score_raw": 27.66, "health_decile": 6, "crime_norm": 28.0, "crime_score_raw": 16.8, "crime_decile": 8, "housing_norm": 16.5, "housing_score_raw": 9.9, "housing_decile": 9, "environment_norm": 84.2, "environment_score_raw": 50.52, "environment_decile": 2}, "geometry": {"type": "Polygon", "coordinates": [[[0.0, 51.568], [0.011040000000000001, 51.568], [0.011040000000000001, 51.57904], [0.0, 51.57904], [0.0, 51.568]]]}}, {"type": "Feature", "properties": {"lsoa_code": "S0916", "overall_norm": 91.3, "overall_score_raw": 54.78, "overall_decile": 1, "income_norm": 41.4, "income_score_raw": 24.84, "income_decile": 6, "employment_norm": 50.8, "employment_score_raw": 30.48, "employment_decile": 5, "education_norm": 60.2, "education_score_raw": 36.12, "education_decile": 4, "health_norm": 55.5, "health_score_raw": 33.3, "health_decile": 5, "crime_norm": 35.5, "crime_score_raw": 21.3, "crime_decile": 7, "housing_norm": 25.9, "housing_score_raw": 15.54, "housing_decile": 8, "environment_norm": 79.9, "environment_score_raw": 47.94, "environment_decile": 3}, "geometry": {"type": "Polygon", "coordinates": [[[0.01200000000000001, 51.568], [0.023040000000000012, 51.568], [0.023040000000000012, 51.57904], [0.01200000000000001, 51.57904], [0.01200000000000001, 51.568]]]}}, {"type": "Feature", "properties": {"lsoa_code": "S0917", "overall_norm": 93.5, "overall_score_raw": 56.1, "overall_decile": 1, "income_norm": 43.7, "income_score_raw": 26.22, "income_decile": 6, "employment_norm": 47.3, "employment_score_raw": 28.38, "employment_decile": 6, "education_norm": 72.2, "education_score_raw": 43.32, "education_decile": 3, "health_norm": 67.3, "health_score_raw": 40.38, "health_decile": 4, "crime_norm": 45.9, "crime_score_raw": 27.54, "crime_decile": 6, "housing_norm": 35.3, "housing_score_raw": 21.18, "housing_decile": 7, "environment_norm": 75.1, "environment_score_raw": 45.06, "environment_decile": 3}, "geometry": {"type": "Polygon", "coordinates": [[[0.02400000000000002, 51.568], [0.03504000000000002, 51.568], [0.03504000000000002, 51.57904], [0.02400000000000002, 51.57904], [0.02400000000000002, 51.568]]]}}, {"type": "Feature", "properties": {"lsoa_code": "S0918", "overall_norm": 95.3, "overall_score_raw": 57.18, "overall_decile": 1, "income_norm": 48.5, "income_score_raw": 29.1, "income_decile": 6, "employment_norm": 44.2, "employment_score_raw": 26.52, "employment_decile": 6, "education_norm": 83.6, "education_score_raw": 50.16, "education_decile": 2, "health_norm": 78.7, "health_score_raw": 47.22, "health_decile": 3, "crime_norm": 57.1, "crime_score_raw": 34.26, "crime_decile": 5, "housing_norm": 43.5, "housing_score_raw": 26.1, "housing_decile": 6, "environment_norm": 70.2, "environment_score_raw": 42.12, "environment_decile": 3}, "geometry": {"type": "Polygon", "coordinates": [[[0.036000000000000004, 51.568], [0.047040000000000005, 51.568], [0.047040000000000005, 51.57904], [0.036000000000000004, 51.57904], [0.036000000000000004, 51.568]]]}}, {"type": "Feature", "properties": {"lsoa_code": "S0919", "overall_norm": 96.5, "overall_score_raw": 57.9, "overall_decile": 1, "income_norm": 55.2, "income_score_raw": 33.12, "income_decile": 5, "employment_norm": 41.5, "employment_score_raw": 24.9, "employment_decile": 6, "education_norm": 91.8, "education_score_raw": 55.08, "education_decile": 1, "health_norm": 87.3, "health_score_raw": 52.38, "health_decile": 2, "crime_norm": 66.8, "crime_score_raw": 40.08, "crime_decile": 4, "housing_norm": 49.2, "housing_score_raw": 29.52, "housing_decile": 6, "environment_norm": 65.3, "environment_score_raw": 39.18, "environment_decile": 4}, "geometry": {"type": "Polygon", "coordinates": [[[0.048000000000000015, 51.568], [0.059040000000000016, 51.568], [0.059040000000000016, 51.57904], [0.048000000000000015, 51.57904], [0.048000000000000015, 51.568]]]}}, {"type": "Feature", "properties": {"lsoa_code": "S0920", "overall_norm": 97.0, "overall_score_raw": 58.2, "overall_decile": 1, "income_norm": 63.1, "income_score_raw": 37.86, "income_decile": 4, "employment_norm": 39.3, "employment_score_raw": 23.58, "employment_decile": 7, "education_norm": 94.6, "education_score_raw": 56.76, "education_decile": 1, "health_norm": 90.9, "health_score_raw": 54.54, "health_decile": 1, "crime_norm": 73.0, "crime_score_raw": 43.8, "crime_decile": 3, "housing_norm": 51.6, "housing_score_raw": 30.96, "housing_decile": 5, "environment_norm": 60.5, "environment_score_raw": 36.3, "environment_decile": 4}, "geometry": {"type": "Polygon", "coordinates": [[[0.06, 51.568], [0.07103999999999999, 51.568], [0.07103999999999999, 51.57904], [0.06, 51.57904], [0.06, 51.568]]]}}, {"type": "Feature", "properties": {"lsoa_code": "S0921", "overall_norm": 97.0, "overall_score_raw": 58.2, "overall_decile": 1, "income_norm": 71.4, "income_score_raw": 42.84, "income_decile": 3, "employment_norm": 37.6, "employment_score_raw": 22.56, "employment_decile": 7, "education_norm": 91.6, "education_score_raw": 54.96, "education_decile": 1, "health_norm": 88.8, "health_score_raw": 53.28, "health_decile": 2, "crime_norm": 74.6, "crime_score_raw": 44.76, "crime_decile": 3, "housing_norm": 50.5, "housing_score_raw": 30.3, "housing_decile": 5, "environment_norm": 56.1, "environment_score_raw": 33.66, "environment_decile": 5}, "geometry": {"type": "Polygon", "coordinates": [[[0.07200000000000001, 51.568], [0.08304, 51.568], [0.08304, 51.57904], [0.07200000000000001, 51.57904], [0.07200000000000001, 51.568]]]}}, {"type": "Feature", "properties": {"lsoa_code": "S0922", "overall_norm": 96.3, "overall_score_raw": 57.78, "overall_decile": 1, "income_norm": 79.1, "income_score_raw": 47.46, "income_decile": 3, "employment_norm": 36.6, "employment_score_raw": 21.96, "employment_decile": 7, "education_norm": 83.3, "education_score_raw": 49.98, "education_decile": 2, "health_norm": 81.5, "health_score_raw": 48.9, "health_decile": 2, "crime_norm": 71.2, "crime_score_raw": 42.72, "crime_decile": 3, "housing_norm": 45.8, "housing_score_raw": 27.48, "housing_decile": 6, "environment_norm": 52.3, "environment_score_raw": 31.38, "environment_decile": 5}, "geometry": {"type": "Polygon", "coordinates": [[[0.08400000000000002, 51.568], [0.09504000000000001, 51.568], [0.09504000000000001, 51.57904], [0.08400000000000002, 51.57904], [0.08400000000000002, 51.568]]]}}, {"type": "Feature", "properties": {"lsoa_code": "S0923", "overall_norm": 95.0, "overall_score_raw": 57.0, "overall_decile": 1, "income_norm": 85.4, "income_score_raw": 51.24, "income_decile": 2, "employment_norm": 36.1, "employment_score_raw": 21.66, "employment_decile": 7, "education_norm": 71.8, "education_score_raw": 43.08, "education_decile": 3, "health_norm": 70.5, "health_score_raw": 42.3, "health_decile": 3, "crime_norm": 63.5, "crime_score_raw": 38.1, "crime_decile": 4, "housing_norm": 38.4, "housing_score_raw": 23.04, "housing_decile": 7, "environment_norm": 49.1, "environment_score_raw": 29.46, "environment_decile": 6}, "geometry": {"type": "Polygon", "coordinates": [[[0.09600000000000003, 51.568], [0.10704000000000002, 51.568], [0.10704000000000002, 51.57904], [0.09600000000000003, 51.57904], [0.09600000000000003, 51.568]]]}}, {"type": "Feature", "properties": {"lsoa_code": "S1000", "overall_norm": 43.1, "overall_score_raw": 25.86, "overall_decile": 6, "income_norm": 50.9, "income_score_raw": 30.54, "income_decile": 5, "employment_norm": 74.1, "employment_score_raw": 44.46, "employment_decile": 3, "education_norm": 41.5, "education_score_raw": 24.9, "education_decile": 6, "health_norm": 49.0, "health_score_raw": 29.4, "health_decile": 6, "crime_norm": 18.8, "crime_score_raw": 11.28, "crime_decile": 9, "housing_norm": 35.7, "housing_score_raw": 21.42, "housing_decile": 7, "environment_norm": 52.9, "environment_score_raw": 31.74, "environment_decile": 5}, "geometry": {"type": "Polygon", "coordinates": [[[-0.18, 51.58], [-0.16896, 51.58], [-0.16896, 51.59104], [-0.18, 51.59104], [-0.18, 51.58]]]}}, {"type": "Feature", "properties": {"lsoa_code": "S1001", "overall_norm": 43.0, "overall_score_raw": 25.8, "overall_decile": 6, "income_norm": 58.7, "income_score_raw": 35.22, "income_decile": 5, "employment_norm": 76.0, "employment_score_raw": 45.6, "employment_decile": 3, "education_norm": 39.6, "education_score_raw": 23.76, "education_decile": 7, "health_norm": 48.1, "health_score_raw": 28.86, "health_decile": 6, "crime_norm": 21.6, "crime_score_raw": 12.96, "crime_decile": 8, "housing_norm": 44.8, "housing_score_raw": 26.88, "housing_decile": 6, "environment_norm": 57.5, "environment_score_raw": 34.5, "environment_decile": 5}, "geometry": {"type": "Polygon", "coordinates": [[[-0.16799999999999998, 51.58], [-0.15696, 51.58], [-0.15696, 51.59104], [-0.16799999999999998, 51.59104], [-0.16799999999999998, 51.58]]]}}, {"type": "Feature", "properties": {"lsoa_code": "S1002", "overall_norm": 43.6, "overall_score_raw": 26.16, "overall_decile": 6, "income_norm": 67.0, "income_score_raw": 40.2, "income_decile": 4, "employment_norm": 77.2, "employment_score_raw": 46.32, "employment_decile": 3, "education_norm": 43.7, "education_score_raw": 26.22, "education_decile": 6, "health_norm": 52.8, "health_score_raw": 31.68, "health_decile": 5, "crime_norm": 28.9, "crime_score_raw": 17.34, "crime_decile": 8, "housing_norm": 52.3, "housing_score_raw": 31.38, "housing_decile": 5, "environment_norm": 62.4, "environment_score_raw": 37.44, "environment_decile": 4}, "geometry": {"type": "Polygon", "coordinates": [[[-0.156, 51.58], [-0.14496, 51.58], [-0.14496, 51.59104], [-0.156, 51.59104], [-0.156, 51.58]]]}}, {"type": "Feature", "properties": {"lsoa_code": "S1003", "overall_norm": 44.8, "overall_score_raw": 26.88, "overall_decile": 6, "income_norm": 74.8, "income_score_raw": 44.88, "income_decile": 3, "employment_norm": 77.8, "employment_score_raw": 46.68, "employment_decile": 3, "education_norm": 52.6, "education_score_raw": 31.56, "education_decile": 5, "health_norm": 62.1, "health_score_raw": 37.26, "health_decile": 4, "crime_norm": 39.2, "crime_score_raw": 23.52, "crime_decile": 7, "housing_norm": 56.9, "housing_score_raw": 34.14, "housing_decile": 5, "environment_norm": 67.4, "environment_score_raw": 40.44, "environment_decile": 4}, "geometry": {"type": "Polygon", "coordinates": [[[-0.144, 51.58], [-0.13296, 51.58], [-0.13296, 51.59104], [-0.144, 51.59104], [-0.144, 51.58]]]}}, {"type": "Feature", "properties": {"lsoa_code": "S1004", "overall_norm": 46.6, "overall_score_raw": 27.96, "overall_decile": 6, "income_norm": 81.2, "income_score_raw": 48.72, "income_decile": 2, "employment_norm": 77.8, "employment_score_raw": 46.68, "employment_decile": 3, "education_norm": 64.4, "education_score_raw": 38.64, "education_decile": 4, "health_norm": 73.8, "health_score_raw": 44.28, "health_decile": 3, "crime_norm": 50.3, "crime_score_raw": 30.18, "crime_decile": 5, "housing_norm": 58.1, "housing_score_raw": 34.86, "housing_decile": 5, "environment_norm": 72.2, "environment_score_raw": 43.32, "environment_decile": 3}, "geometry": {"type": "Polygon", "coordinates": [[[-0.132, 51.58], [-0.12096000000000001, 51.58], [-0.12096000000000001, 51.59104], [-0.132, 51.59104], [-0.132, 51.58]]]}}, {"type": "Feature", "properties": {"lsoa_code": "S1005", "overall_norm": 48.9, "overall_score_raw": 29.34, "overall_decile": 6, "income_norm": 85.7, "income_score_raw": 51.42, "income_decile": 2, "employment_norm": 77.1, "employment_score_raw": 46.26, "employment_decile": 3, "education_norm": 76.2, "education_score_raw": 45.72, "education_decile": 3, "health_norm": 85.3, "health_score_raw": 51.18, "health_decile": 2, "crime_norm": 60.2, "crime_score_raw": 36.12, "crime_decile": 4, "housing_norm": 55.7, "housing_score_raw": 33.42, "housing_decile": 5, "environment_norm": 76.7, "environment_score_raw": 46.02, "environment_decile": 3}, "geometry": {"type": "Polygon", "coordinates": [[[-0.12, 51.58], [-0.10896, 51.58], [-0.10896, 51.59104], [-0.12, 51.59104], [-0.12, 51.58]]]}}, {"type": "Feature", "properties": {"lsoa_code": "S1006", "overall_norm": 51.7, "overall_score_raw": 31.02, "overall_decile": 5, "income_norm": 87.6, "income_score_raw": 52.56, "income_decile": 2, "employment_norm": 75.9, "employment_score_raw": 45.54, "employment_decile": 3, "education_norm": 85.3, "education_score_raw": 51.18, "education_decile": 2, "health_norm": 93.9, "health_score_raw": 56.34, "health_decile": 1, "crime_norm": 66.8, "crime_score_raw": 40.08, "crime_decile": 4, "housing_norm": 49.9, "housing_score_raw": 29.94, "housing_decile": 6, "environment_norm": 80.6, "environment_score_raw": 48.36, "environment_decile": 2}, "geometry": {"type": "Polygon", "coordinates": [[[-0.10799999999999998, 51.58], [-0.09695999999999999, 51.58], [-0.09695999999999999, 51.59104], [-0.10799999999999998, 51.59104], [-0.10799999999999998, 51.58]]]}}, {"type": "Feature", "properties": {"lsoa_code": "S1007", "overall_norm": 54.9, "overall_score_raw": 32.94, "overall_decile": 5, "income_norm": 86.8, "income_score_raw": 52.08, "income_decile": 2, "employment_norm": 74.0, "employment_score_raw": 44.4, "employment_decile": 3, "education_norm": 89.4, "education_score_raw": 53.64, "education_decile": 2, "health_norm": 97.7, "health_score_raw": 58.62, "health_decile": 1, "crime_norm": 68.7, "crime_score_raw": 41.22, "crime_decile": 4, "housing_norm": 41.8, "housing_score_raw": 25.08, "housing_decile": 6, "environment_norm": 83.9, "environment_score_raw": 50.34, "environment_decile": 2}, "geometry": {"type": "Polygon", "coordinates": [[[-0.09599999999999999, 51.58], [-0.08495999999999998, 51.58], [-0.08495999999999998, 51.59104], [-0.09599999999999999, 51.59104], [-0.09599999999999999, 51.58]]]}}, {"type": "Feature", "properties": {"lsoa_code": "S1008", "overall_norm": 58.4, "overall_score_raw": 35.04, "overall_decile": 5, "income_norm": 83.3, "income_score_raw": 49.98, "income_decile": 2, "employment_norm": 71.6, "employment_score_raw": 42.96, "employment_decile": 3, "education_norm": 87.6, "education_score_raw": 52.56, "education_decile": 2, "health_norm": 95.7, "health_score_raw": 57.42, "health_decile": 1, "crime_norm": 65.7, "crime_score_raw": 39.42, "crime_decile": 4, "housing_norm": 32.3, "housing_score_raw": 19.38, "housing_decile": 7, "environment_norm": 86.5, "environment_score_raw": 51.9, "environment_decile": 2}, "geometry": {"type": "Polygon", "coordinates": [[[-0.08399999999999999, 51.58], [-0.07296, 51.58], [-0.07296, 51.59104], [-0.08399999999999999, 51.59104], [-0.08399999999999999, 51.58]]]}}, {"type": "Feature", "properties": {"lsoa_code": "S1009", "overall_norm": 62.2, "overall_score_raw": 37.32, "overall_decile": 4, "income_norm": 77.6, "income_score_raw": 46.56, "income_decile": 3, "employment_norm": 68.8, "employment_score_raw": 41.28, "employment_decile": 4, "education_norm": 80.4, "education_score_raw": 48.24, "education_decile": 2, "health_norm": 88.4, "health_score_raw": 53.04, "health_decile": 2, "crime_norm": 58.3, "crime_score_raw": 34.98, "crime_decile": 5, "housing_norm": 23.0, "housing_score_raw": 13.8, "housing_decile": 8, "environment_norm": 88.1, "environment_score_raw": 52.86, "environment_decile": 2}, "geometry": {"type": "Polygon", "coordinates": [[[-0.072, 51.58], [-0.06095999999999999, 51.58], [-0.06095999999999999, 51.59104], [-0.072, 51.59104], [-0.072, 51.58]]]}}, {"type": "Feature", "properties": {"lsoa_code": "S1010", "overall_norm": 66.1, "overall_score_raw": 39.66, "overall_decile": 4, "income_norm": 70.3, "income_score_raw": 42.18, "income_decile": 3, "employment_norm": 65.5, "employment_score_raw": 39.3, "employment_decile": 4, "education_norm": 69.4, "education_score_raw": 41.64, "education_decile": 4, "health_norm": 77.5, "health_score_raw": 46.5, "health_decile": 3, "crime_norm": 47.9, "crime_score_raw": 28.74, "crime_decile": 6, "housing_norm": 15.2, "housing_score_raw": 9.12, "housing_decile": 9, "environment_norm": 88.7, "environment_score_raw": 53.22, "environment_decile": 2}, "geometry": {"type": "Polygon", "coordinates": [[[-0.06, 51.58], [-0.04896, 51.58], [-0.04896, 51.59104], [-0.06, 51.59104], [-0.06, 51.58]]]}}, {"type": "Feature", "properties": {"lsoa_code": "S1011", "overall_norm": 70.0, "overall_score_raw": 42.0, "overall_decile": 4, "income_norm": 62.1, "income_score_raw": 37.26, "income_decile": 4, "employment_norm": 61.9, "employment_score_raw": 37.14, "employment_decile": 4, "education_norm": 57.2, "education_score_raw": 34.32, "education_decile": 5, "health_norm": 65.6, "health_score_raw": 39.36, "health_decile": 4, "crime_norm": 36.8, "crime_score_raw": 22.08, "crime_decile": 7, "housing_norm": 10.0, "housing_score_raw": 6.0, "housing_decile": 10, "environment_norm": 88.4, "environment_score_raw": 53.04, "environment_decile": 2}, "geometry": {"type": "Polygon", "coordinates": [[[-0.04799999999999999, 51.58], [-0.036959999999999986, 51.58], [-0.036959999999999986, 51.59104], [-0.04799999999999999, 51.59104], [-0.04799999999999999, 51.58]]]}}, {"type": "Feature", "properties": {"lsoa_code": "S1012", "overall_norm": 73.9, "overall_score_raw": 44.34, "overall_decile": 3, "income_norm": 53.9, "income_score_raw": 32.34, "income_decile": 5, "employment_norm": 58.1, "employment_score_raw": 34.86, "employment_decile": 5, "education_norm": 46.8, "education_score_raw": 28.08, "education_decile": 6, "health_norm": 55.2, "health_score_raw": 33.12, "health_decile": 5, "crime_norm": 27.0, "crime_score_raw": 16.2, "crime_decile": 8, "housing_norm": 8.2, "housing_score_raw": 4.92, "housing_decile": 10, "environment_norm": 87.1, "environment_score_raw": 52.26, "environment_decile": 2}, "geometry": {"type": "Polygon", "coordinates": [[[-0.035999999999999976, 51.58], [-0.024959999999999975, 51.58], [-0.024959999999999975, 51.59104], [-0.035999999999999976, 51.59104], [-0.035999999999999976, 51.58]]]}}, {"type": "Feature", "properties": {"lsoa_code": "S1013", "overall_norm": 77.7, "overall_score_raw": 46.62, "overall_decile": 3, "income_norm": 46.8, "income_score_raw": 28.08, "income_decile": 6, "employment_norm": 54.2, "employment_score_raw": 32.52, "employment_decile": 5, "education_norm": 40.6, "education_score_raw": 24.36, "education_decile": 6, "health_norm": 48.9, "health_score_raw": 29.34, "health_decile": 6, "crime_norm": 20.6, "crime_score_raw": 12.36, "crime_decile": 8, "housing_norm": 10.0, "housing_score_raw": 6.0, "housing_decile": 10, "environment_norm": 84.9, "environment_score_raw": 50.94, "environment_decile": 2}, "geometry": {"type": "Polygon", "coordinates": [[[-0.023999999999999994, 51.58], [-0.012959999999999992, 51.58], [-0.012959999999999992, 51.59104], [-0.023999999999999994, 51.59104], [-0.023999999999999994, 51.58]]]}}, {"type": "Feature", "properties": {"lsoa_code": "S1014", "overall_norm": 81.2, "overall_score_raw": 48.72, "overall_decile": 2, "income_norm": 41.3, "income_score_raw": 24.78, "income_decile": 6, "employment_norm": 50.2, "employment_score_raw": 30.12, "employment_decile": 5, "education_norm": 40.0, "education_score_raw": 24.0, "education_decile": 7, "health_norm": 48.1, "health_score_raw": 28.86, "health_decile": 6, "crime_norm": 18.8, "crime_score_raw": 11.28, "crime_decile": 9, "housing_norm": 15.2, "housing_score_raw": 9.12, "housing_decile": 9, "environment_norm": 81.9, "environment_score_raw": 49.14, "environment_decile": 2}, "geometry": {"type": "Polygon", "coordinates": [[[-0.011999999999999983, 51.58], [-0.0009599999999999817, 51.58], [-0.0009599999999999817, 51.59104], [-0.011999999999999983, 51.59104], [-0.011999999999999983, 51.58]]]}}, {"type": "Feature", "properties": {"lsoa_code": "S1015", "overall_norm": 84.4, "overall_score_raw": 50.64, "overall_decile": 2, "income_norm": 38.2, "income_score_raw": 22.92, "income_decile": 7, "employment_norm": 46.3, "employment_score_raw": 27.78, "employment_decile": 6, "education_norm": 45.3, "education_score_raw": 27.18, "education_decile": 6, "health_norm": 52.9, "health_score_raw": 31.74, "health_decile": 5, "crime_norm": 22.0, "crime_score_raw": 13.2, "crime_decile": 8, "housing_norm": 23.0, "housing_score_raw": 13.8, "housing_decile": 8, "environment_norm": 78.1, "environment_score_raw": 46.86, "environment_decile": 3}, "geometry": {"type": "Polygon", "coordinates": [[[0.0, 51.58], [0.011040000000000001, 51.58], [0.011040000000000001, 51.59104], [0.0, 51.59104], [0.0, 51.58]]]}}, {"type": "Feature", "properties": {"lsoa_code": "S1016", "overall_norm": 87.1, "overall_score_raw": 52.26, "overall_decile": 2, "income_norm": 37.8, "income_score_raw": 22.68, "income_decile": 7, "employment_norm": 42.6, "employment_score_raw": 25.56, "employment_decile": 6, "education_norm": 55.1, "education_score_raw": 33.06, "education_decile": 5, "health_norm": 62.3, "health_score_raw": 37.38, "health_decile": 4, "crime_norm": 29.6, "crime_score_raw": 17.76, "crime_decile": 8, "housing_norm": 32.3, "housing_score_raw": 19.38, "housing_decile": 7, "environment_norm": 73.8, "environment_score_raw": 44.28, "environment_decile": 3}, "geometry": {"type": "Polygon", "coordinates": [[[0.01200000000000001, 51.58], [0.023040000000000012, 51.58], [0.023040000000000012, 51.59104], [0.01200000000000001, 51.59104], [0.01200000000000001, 51.58]]]}}, {"type": "Feature", "properties": {"lsoa_code": "S1017", "overall_norm": 89.4, "overall_score_raw": 53.64, "overall_decile": 2, "income_norm": 40.1, "income_score_raw": 24.06, "income_decile": 6, "employment_norm": 39.1, "employment_score_raw": 23.46, "employment_decile": 7, "education_norm": 67.1, "education_score_raw": 40.26, "education_decile": 4, "health_norm": 74.0, "health_score_raw": 44.4, "health_decile": 3, "crime_norm": 40.0, "crime_score_raw": 24.0, "crime_decile": 7, "housing_norm": 41.7, "housing_score_raw": 25.02, "housing_decile": 6, "environment_norm": 69.1, "environment_score_raw": 41.46, "environment_decile": 4}, "geometry": {"type": "Polygon", "coordinates": [[[0.02400000000000002, 51.58], [0.03504000000000002, 51.58], [0.03504000000000002, 51.59104], [0.02400000000000002, 51.59104], [0.02400000000000002, 51.58]]]}}, {"type": "Feature", "properties": {"lsoa_code": "S1018", "overall_norm": 91.2, "overall_score_raw": 54.72, "overall_decile": 1, "income_norm": 44.9, "income_score_raw": 26.94, "income_decile": 6, "employment_norm": 36.0, "employment_score_raw": 21.6, "employment_decile": 7, "education_norm": 78.5, "education_score_raw": 47.1, "education_decile": 3, "health_norm": 85.5, "health_score_raw": 51.3, "health_decile": 2, "crime_norm": 51.2, "crime_score_raw": 30.72, "crime_decile": 5, "housing_norm": 49.9, "housing_score_raw": 29.94, "housing_decile": 6, "environment_norm": 64.2, "environment_score_raw": 38.52, "environment_decile": 4}, "geometry": {"type": "Polygon", "coordinates": [[[0.036000000000000004, 51.58], [0.047040000000000005, 51.58], [0.047040000000000005, 51.59104], [0.036000000000000004, 51.59104], [0.036000000000000004, 51.58]]]}}, {"type": "Feature", "properties": {"lsoa_code": "S1019", "overall_norm": 92.3, "overall_score_raw": 55.38, "overall_decile": 1, "income_norm": 51.6, "income_score_raw": 30.96, "income_decile": 5, "employment_norm": 33.2, "employment_score_raw": 19.92, "employment_decile": 7, "education_norm": 86.7, "education_score_raw": 52.02, "education_decile": 2, "health_norm": 94.0, "health_score_raw": 56.4, "health_decile": 1, "crime_norm": 60.8, "crime_score_raw": 36.48, "crime_decile": 4, "housing_norm": 55.7, "housing_score_raw": 33.42, "housing_decile": 5, "environment_norm": 59.2, "environment_score_raw": 35.52, "environment_decile": 5}, "geometry": {"type": "Polygon", "coordinates": [[[0.048000000000000015, 51.58], [0.059040000000000016, 51.58], [0.059040000000000016, 51.59104], [0.048000000000000015, 51.59104], [0.048000000000000015, 51.58]]]}}, {"type": "Feature", "properties": {"lsoa_code": "S1020", "overall_norm": 92.9, "overall_score_raw": 55.74, "overall_decile": 1, "income_norm": 59.5, "income_score_raw": 35.7, "income_decile": 5, "employment_norm": 31.0, "employment_score_raw": 18.6, "employment_decile": 7, "education_norm": 89.5, "education_score_raw": 53.7, "education_decile": 2, "health_norm": 97.7, "health_score_raw": 58.62, "health_decile": 1, "crime_norm": 67.1, "crime_score_raw": 40.26, "crime_decile": 4, "housing_norm": 58.1, "housing_score_raw": 34.86, "housing_decile": 5, "environment_norm": 54.5, "environment_score_raw": 32.7, "environment_decile": 5}, "geometry": {"type": "Polygon", "coordinates": [[[0.06, 51.58], [0.07103999999999999, 51.58], [0.07103999999999999, 51.59104], [0.06, 51.59104], [0.06, 51.58]]]}}, {"type": "Feature", "properties": {"lsoa_code": "S1021", "overall_norm": 92.8, "overall_score_raw": 55.68, "overall_decile": 1, "income_norm": 67.8, "income_score_raw": 40.68, "income_decile": 4, "employment_norm": 29.4, "employment_score_raw": 17.64, "employment_decile": 8, "education_norm": 86.5, "education_score_raw": 51.9, "education_decile": 2, "health_norm": 95.6, "health_score_raw": 57.36, "health_decile": 1, "crime_norm": 68.7, "crime_score_raw": 41.22, "crime_decile": 4, "housing_norm": 56.9, "housing_score_raw": 34.14, "housing_decile": 5, "environment_norm": 50.1, "environment_score_raw": 30.06, "environment_decile": 5}, "geometry": {"type": "Polygon", "coordinates": [[[0.07200000000000001, 51.58], [0.08304, 51.58], [0.08304, 51.59104], [0.07200000000000001, 51.59104], [0.07200000000000001, 51.58]]]}}, {"type": "Feature", "properties": {"lsoa_code": "S1022", "overall_norm": 92.2, "overall_score_raw": 55.32, "overall_decile": 1, "income_norm": 75.5, "income_score_raw": 45.3, "income_decile": 3, "employment_norm": 28.3, "employment_score_raw": 16.98, "employment_decile": 8, "education_norm": 78.2, "education_score_raw": 46.92, "education_decile": 3, "health_norm": 88.2, "health_score_raw": 52.92, "health_decile": 2, "crime_norm": 65.3, "crime_score_raw": 39.18, "crime_decile": 4, "housing_norm": 52.3, "housing_score_raw": 31.38, "housing_decile": 5, "environment_norm": 46.2, "environment_score_raw": 27.72, "environment_decile": 6}, "geometry": {"type": "Polygon", "coordinates": [[[0.08400000000000002, 51.58], [0.09504000000000001, 51.58], [0.09504000000000001, 51.59104], [0.08400000000000002, 51.59104], [0.08400000000000002, 51.58]]]}}, {"type": "Feature", "properties": {"lsoa_code": "S1023", "overall_norm": 90.9, "overall_score_raw": 54.54, "overall_decile": 1, "income_norm": 81.8, "income_score_raw": 49.08, "income_decile": 2, "employment_norm": 27.9, "employment_score_raw": 16.74, "employment_decile": 8, "education_norm": 66.7, "education_score_raw": 40.02, "education_decile": 4, "health_norm": 77.3, "health_score_raw": 46.38, "health_decile": 3, "crime_norm": 57.6, "crime_score_raw": 34.56, "crime_decile": 5, "housing_norm": 44.8, "housing_score_raw": 26.88, "housing_decile": 6, "environment_norm": 43.0, "environment_score_raw": 25.8, "environment_decile": 6}, "geometry": {"type": "Polygon", "coordinates": [[[0.09600000000000003, 51.58], [0.10704000000000002, 51.58], [0.10704000000000002, 51.59104], [0.09600000000000003, 51.59104], [0.09600000000000003, 51.58]]]}}, {"type": "Feature", "properties": {"lsoa_code": "S1100", "overall_norm": 37.5, "overall_score_raw": 22.5, "overall_decile": 7, "income_norm": 46.8, "income_score_raw": 28.08, "income_decile": 6, "employment_norm": 65.5, "employment_score_raw": 39.3, "employment_decile": 4, "education_norm": 35.2, "education_score_raw": 21.12, "education_decile": 7, "health_norm": 51.3, "health_score_raw": 30.78, "health_decile": 5, "crime_norm": 13.2, "crime_score_raw": 7.92, "crime_decile": 9, "housing_norm": 45.6, "housing_score_raw": 27.36, "housing_decile": 6, "environment_norm": 45.3, "environment_score_raw": 27.18, "environment_decile": 6}, "geometry": {"type": "Polygon", "coordinates": [[[-0.18, 51.592], [-0.16896, 51.592], [-0.16896, 51.60304], [-0.18, 51.60304], [-0.18, 51.592]]]}}, {"type": "Feature", "properties": {"lsoa_code": "S1101", "overall_norm": 37.5, "overall_score_raw": 22.5, "overall_decile": 7, "income_norm": 54.7, "income_score_raw": 32.82, "income_decile": 5, "employment_norm": 67.4, "employment_score_raw": 40.44, "employment_decile": 4, "education_norm": 33.4, "education_score_raw": 20.04, "education_decile": 7, "health_norm": 50.3, "health_score_raw": 30.18, "health_decile": 5, "crime_norm": 16.1, "crime_score_raw": 9.66, "crime_decile": 9, "housing_norm": 54.8, "housing_score_raw": 32.88, "housing_decile": 5, "environment_norm": 50.0, "environment_score_raw": 30.0, "environment_decile": 6}, "geometry": {"type": "Polygon", "coordinates": [[[-0.16799999999999998, 51.592], [-0.15696, 51.592], [-0.15696, 51.60304], [-0.16799999999999998, 51.60304], [-0.16799999999999998, 51.592]]]}}, {"type": "Feature", "properties": {"lsoa_code": "S1102", "overall_norm": 38.1, "overall_score_raw": 22.86, "overall_decile": 7, "income_norm": 63.0, "income_score_raw": 37.8, "income_decile": 4, "employment_norm": 68.6, "employment_score_raw": 41.16, "employment_decile": 4, "education_norm": 37.4, "education_score_raw": 22.44, "education_decile": 7, "health_norm": 55.0, "health_score_raw": 33.0, "health_decile": 5, "crime_norm": 23.3, "crime_score_raw": 13.98, "crime_decile": 8, "housing_norm": 62.2, "housing_score_raw": 37.32, "housing_decile": 4, "environment_norm": 54.9, "environment_score_raw": 32.94, "environment_decile": 5}, "geometry": {"type": "Polygon", "coordinates": [[[-0.156, 51.592], [-0.14496, 51.592], [-0.14496, 51.60304], [-0.156, 51.60304], [-0.156, 51.592]]]}}, {"type": "Feature", "properties": {"lsoa_code": "S1103", "overall_norm": 39.3, "overall_score_raw": 23.58, "overall_decile": 7, "income_norm": 70.8, "income_score_raw": 42.48, "income_decile": 3, "employment_norm": 69.2, "employment_score_raw": 41.52, "employment_decile": 4, "education_norm": 46.4, "education_score_raw": 27.84, "education_decile": 6, "health_norm": 64.4, "health_score_raw": 38.64, "health_decile": 4, "crime_norm": 33.6, "crime_score_raw": 20.16, "crime_decile": 7, "housing_norm": 66.9, "housing_score_raw": 40.14, "housing_decile": 4, "environment_norm": 59.8, "environment_score_raw": 35.88, "environment_decile": 5}, "geometry": {"type": "Polygon", "coordinates": [[[-0.144, 51.592], [-0.13296, 51.592], [-0.13296, 51.60304], [-0.144, 51.60304], [-0.144, 51.592]]]}}, {"type": "Feature", "properties": {"lsoa_code": "S1104", "overall_norm": 41.0, "overall_score_raw": 24.6, "overall_decile": 6, "income_norm": 77.2, "income_score_raw": 46.32, "income_decile": 3, "employment_norm": 69.2, "employment_score_raw": 41.52, "employment_decile": 4, "education_norm": 58.2, "education_score_raw": 34.92, "education_decile": 5, "health_norm": 76.1, "health_score_raw": 45.66, "health_decile": 3, "crime_norm": 44.8, "crime_score_raw": 26.88, "crime_decile": 6, "housing_norm": 68.1, "housing_score_raw": 40.86, "housing_decile": 4, "environment_norm": 64.6, "environment_score_raw": 38.76, "environment_decile": 4}, "geometry": {"type": "Polygon", "coordinates": [[[-0.132, 51.592], [-0.12096000000000001, 51.592], [-0.12096000000000001, 51.60304], [-0.132, 51.60304], [-0.132, 51.592]]]}}, {"type": "Feature", "properties": {"lsoa_code": "S1105", "overall_norm": 43.3, "overall_score_raw": 25.98, "overall_decile": 6, "income_norm": 81.7, "income_score_raw": 49.02, "income_decile": 2, "employment_norm": 68.5, "employment_score_raw": 41.1, "employment_decile": 4, "education_norm": 70.0, "education_score_raw": 42.0, "education_decile": 4, "health_norm": 87.6, "health_score_raw": 52.56, "health_decile": 2, "crime_norm": 54.6, "crime_score_raw": 32.76, "crime_decile": 5, "housing_norm": 65.6, "housing_score_raw": 39.36, "housing_decile": 4, "environment_norm": 69.1, "environment_score_raw": 41.46, "environment_decile": 4}, "geometry": {"type": "Polygon", "coordinates": [[[-0.12, 51.592], [-0.10896, 51.592], [-0.10896, 51.60304], [-0.12, 51.60304], [-0.12, 51.592]]]}}, {"type": "Feature", "properties": {"lsoa_code": "S1106", "overall_norm": 46.1, "overall_score_raw": 27.66, "overall_decile": 6, "income_norm": 83.6, "income_score_raw": 50.16, "income_decile": 2, "employment_norm": 67.3, "employment_score_raw": 40.38, "employment_decile": 4, "education_norm": 79.0, "education_score_raw": 47.4, "education_decile": 3, "health_norm": 96.2, "health_score_raw": 57.72, "health_decile": 1, "crime_norm": 61.2, "crime_score_raw": 36.72, "crime_decile": 4, "housing_norm": 59.9, "housing_score_raw": 35.94, "housing_decile": 5, "environment_norm": 73.1, "environment_score_raw": 43.86, "environment_decile": 3}, "geometry": {"type": "Polygon", "coordinates": [[[-0.10799999999999998, 51.592], [-0.09695999999999999, 51.592], [-0.09695999999999999, 51.60304], [-0.10799999999999998, 51.60304], [-0.10799999999999998, 51.592]]]}}, {"type": "Feature", "properties": {"lsoa_code": "S1107", "overall_norm": 49.3, "overall_score_raw": 29.58, "overall_decile": 6, "income_norm": 82.8, "income_score_raw": 49.68, "income_decile": 2, "employment_norm": 65.4, "employment_score_raw": 39.24, "employment_decile": 4, "education_norm": 83.1, "education_score_raw": 49.86, "education_decile": 2, "health_norm": 99.9, "health_score_raw": 59.94, "health_decile": 1, "crime_norm": 63.2, "crime_score_raw": 37.92, "crime_decile": 4, "housing_norm": 51.7, "housing_score_raw": 31.02, "housing_decile": 5, "environment_norm": 76.4, "environment_score_raw": 45.84, "environment_decile": 3}, "geometry": {"type": "Polygon", "coordinates": [[[-0.09599999999999999, 51.592], [-0.08495999999999998, 51.592], [-0.08495999999999998, 51.60304], [-0.09599999999999999, 51.60304], [-0.09599999999999999, 51.592]]]}}, {"type": "Feature", "properties": {"lsoa_code": "S1108", "overall_norm": 52.8, "overall_score_raw": 31.68, "overall_decile": 5, "income_norm": 79.3, "income_score_raw": 47.58, "income_decile": 3, "employment_norm": 63.0, "employment_score_raw": 37.8, "employment_decile": 4, "education_norm": 81.4, "education_score_raw": 48.84, "education_decile": 2, "health_norm": 97.9, "health_score_raw": 58.74, "health_decile": 1, "crime_norm": 60.1, "crime_score_raw": 36.06, "crime_decile": 4, "housing_norm": 42.3, "housing_score_raw": 25.38, "housing_decile": 6, "environment_norm": 78.9, "environment_score_raw": 47.34, "environment_decile": 3}, "geometry": {"type": "Polygon", "coordinates": [[[-0.08399999999999999, 51.592], [-0.07296, 51.592], [-0.07296, 51.60304], [-0.08399999999999999, 51.60304], [-0.08399999999999999, 51.592]]]}}, {"type": "Feature", "properties": {"lsoa_code": "S1109", "overall_norm": 56.6, "overall_score_raw": 33.96, "overall_decile": 5, "income_norm": 73.6, "income_score_raw": 44.16, "income_decile": 3, "employment_norm": 60.2, "employment_score_raw": 36.12, "employment_decile": 4, "education_norm": 74.1, "education_score_raw": 44.46, "education_decile": 3, "health_norm": 90.7, "health_score_raw": 54.42, "health_decile": 1, "crime_norm": 52.7, "crime_score_raw": 31.62, "crime_decile": 5, "housing_norm": 33.0, "housing_score_raw": 19.8, "housing_decile": 7, "environment_norm": 80.5, "environment_score_raw": 48.3, "environment_decile": 2}, "geometry": {"type": "Polygon", "coordinates": [[[-0.072, 51.592], [-0.06095999999999999, 51.592], [-0.06095999999999999, 51.60304], [-0.072, 51.60304], [-0.072, 51.592]]]}}, {"type": "Feature", "properties": {"lsoa_code": "S1110", "overall_norm": 60.5, "overall_score_raw": 36.3, "overall_decile": 4, "income_norm": 66.2, "income_score_raw": 39.72, "income_decile": 4, "employment_norm": 56.9, "employment_score_raw": 34.14, "employment_decile": 5, "education_norm": 63.1, "education_score_raw": 37.86, "education_decile": 4, "health_norm": 79.8, "health_score_raw": 47.88, "health_decile": 3, "crime_norm": 42.4, "crime_score_raw": 25.44, "crime_decile": 6, "housing_norm": 25.2, "housing_score_raw": 15.12, "housing_decile": 8, "environment_norm": 81.2, "environment_score_raw": 48.72, "environment_decile": 2}, "geometry": {"type": "Polygon", "coordinates": [[[-0.06, 51.592], [-0.04896, 51.592], [-0.04896, 51.60304], [-0.06, 51.60304], [-0.06, 51.592]]]}}, {"type": "Feature", "properties": {"lsoa_code": "S1111", "overall_norm": 64.5, "overall_score_raw": 38.7, "overall_decile": 4, "income_norm": 58.1, "income_score_raw": 34.86, "income_decile": 5, "employment_norm": 53.3, "employment_score_raw": 31.98, "employment_decile": 5, "education_norm": 51.0, "education_score_raw": 30.6, "education_decile": 5, "health_norm": 67.8, "health_score_raw": 40.68, "health_decile": 4, "crime_norm": 31.2, "crime_score_raw": 18.72, "crime_decile": 7, "housing_norm": 20.0, "housing_score_raw": 12.0, "housing_decile": 9, "environment_norm": 80.8, "environment_score_raw": 48.48, "environment_decile": 2}, "geometry": {"type": "Polygon", "coordinates": [[[-0.04799999999999999, 51.592], [-0.036959999999999986, 51.592], [-0.036959999999999986, 51.60304], [-0.04799999999999999, 51.60304], [-0.04799999999999999, 51.592]]]}}, {"type": "Feature", "properties": {"lsoa_code": "S1112", "overall_norm": 68.4, "overall_score_raw": 41.04, "overall_decile": 4, "income_norm": 49.9, "income_score_raw": 29.94, "income_decile": 6, "employment_norm": 49.5, "employment_score_raw": 29.7, "employment_decile": 6, "education_norm": 40.5, "education_score_raw": 24.3, "education_decile": 6, "health_norm": 57.5, "health_score_raw": 34.5, "health_decile": 5, "crime_norm": 21.4, "crime_score_raw": 12.84, "crime_decile": 8, "housing_norm": 18.1, "housing_score_raw": 10.86, "housing_decile": 9, "environment_norm": 79.5, "environment_score_raw": 47.7, "environment_decile": 3}, "geometry": {"type": "Polygon", "coordinates": [[[-0.035999999999999976, 51.592], [-0.024959999999999975, 51.592], [-0.024959999999999975, 51.60304], [-0.035999999999999976, 51.60304], [-0.035999999999999976, 51.592]]]}}, {"type": "Feature", "properties": {"lsoa_code": "S1113", "overall_norm": 72.1, "overall_score_raw": 43.26, "overall_decile": 3, "income_norm": 42.8, "income_score_raw": 25.68, "income_decile": 6, "employment_norm": 45.6, "employment_score_raw": 27.36, "employment_decile": 6, "education_norm": 34.3, "education_score_raw": 20.58, "education_decile": 7, "health_norm": 51.2, "health_score_raw": 30.72, "health_decile": 5, "crime_norm": 15.0, "crime_score_raw": 9.0, "crime_decile": 9, "housing_norm": 19.9, "housing_score_raw": 11.94, "housing_decile": 9, "environment_norm": 77.3, "environment_score_raw": 46.38, "environment_decile": 3}, "geometry": {"type": "Polygon", "coordinates": [[[-0.023999999999999994, 51.592], [-0.012959999999999992, 51.592], [-0.012959999999999992, 51.60304], [-0.023999999999999994, 51.60304], [-0.023999999999999994, 51.592]]]}}, {"type": "Feature", "properties": {"lsoa_code": "S1114", "overall_norm": 75.6, "overall_score_raw": 45.36, "overall_decile": 3, "income_norm": 37.3, "income_score_raw": 22.38, "income_decile": 7, "employment_norm": 41.6, "employment_score_raw": 24.96, "employment_decile": 6, "education_norm": 33.8, "education_score_raw": 20.28, "education_decile": 7, "health_norm": 50.4, "health_score_raw": 30.24, "health_decile": 5, "crime_norm": 13.3, "crime_score_raw": 7.98, "crime_decile": 9, "housing_norm": 25.1, "housing_score_raw": 15.06, "housing_decile": 8, "environment_norm": 74.3, "environment_score_raw": 44.58, "environment_decile": 3}, "geometry": {"type": "Polygon", "coordinates": [[[-0.011999999999999983, 51.592], [-0.0009599999999999817, 51.592], [-0.0009599999999999817, 51.60304], [-0.011999999999999983, 51.60304], [-0.011999999999999983, 51.592]]]}}, {"type": "Feature", "properties": {"lsoa_code": "S1115", "overall_norm": 78.8, "overall_score_raw": 47.28, "overall_decile": 3, "income_norm": 34.2, "income_score_raw": 20.52, "income_decile": 7, "employment_norm": 37.7, "employment_score_raw": 22.62, "employment_decile": 7, "education_norm": 39.0, "education_score_raw": 23.4, "education_decile": 7, "health_norm": 55.2, "health_score_raw": 33.12, "health_decile": 5, "crime_norm": 16.5, "crime_score_raw": 9.9, "crime_decile": 9, "housing_norm": 33.0, "housing_score_raw": 19.8, "housing_decile": 7, "environment_norm": 70.5, "environment_score_raw": 42.3, "environment_decile": 3}, "geometry": {"type": "Polygon", "coordinates": [[[0.0, 51.592], [0.011040000000000001, 51.592], [0.011040000000000001, 51.60304], [0.0, 51.60304], [0.0, 51.592]]]}}, {"type": "Feature", "properties": {"lsoa_code": "S1116", "overall_norm": 81.6, "overall_score_raw": 48.96, "overall_decile": 2, "income_norm": 33.8, "income_score_raw": 20.28, "income_decile": 7, "employment_norm": 34.0, "employment_score_raw": 20.4, "employment_decile": 7, "education_norm": 48.8, "education_score_raw": 29.28, "education_decile": 6, "health_norm": 64.5, "health_score_raw": 38.7, "health_decile": 4, "crime_norm": 24.0, "crime_score_raw": 14.4, "crime_decile": 8, "housing_norm": 42.3, "housing_score_raw": 25.38, "housing_decile": 6, "environment_norm": 66.2, "environment_score_raw": 39.72, "environment_decile": 4}, "geometry": {"type": "Polygon", "coordinates": [[[0.01200000000000001, 51.592], [0.023040000000000012, 51.592], [0.023040000000000012, 51.60304], [0.01200000000000001, 51.60304], [0.01200000000000001, 51.592]]]}}, {"type": "Feature", "properties": {"lsoa_code": "S1117", "overall_norm": 83.9, "overall_score_raw": 50.34, "overall_decile": 2, "income_norm": 36.1, "income_score_raw": 21.66, "income_decile": 7, "employment_norm": 30.5, "employment_score_raw": 18.3, "employment_decile": 7, "education_norm": 60.9, "education_score_raw": 36.54, "education_decile": 4, "health_norm": 76.3, "health_score_raw": 45.78, "health_decile": 3, "crime_norm": 34.4, "crime_score_raw": 20.64, "crime_decile": 7, "housing_norm": 51.7, "housing_score_raw": 31.02, "housing_decile": 5, "environment_norm": 61.5, "environment_score_raw": 36.9, "environment_decile": 4}, "geometry": {"type": "Polygon", "coordinates": [[[0.02400000000000002, 51.592], [0.03504000000000002, 51.592], [0.03504000000000002, 51.60304], [0.02400000000000002, 51.60304], [0.02400000000000002, 51.592]]]}}, {"type": "Feature", "properties": {"lsoa_code": "S1118", "overall_norm": 85.6, "overall_score_raw": 51.36, "overall_decile": 2, "income_norm": 40.9, "income_score_raw": 24.54, "income_decile": 6, "employment_norm": 27.3, "employment_score_raw": 16.38, "employment_decile": 8, "education_norm": 72.3, "education_score_raw": 43.38, "education_decile": 3, "health_norm": 87.8, "health_score_raw": 52.68, "health_decile": 2, "crime_norm": 45.6, "crime_score_raw": 27.36, "crime_decile": 6, "housing_norm": 59.9, "housing_score_raw": 35.94, "housing_decile": 5, "environment_norm": 56.6, "environment_score_raw": 33.96, "environment_decile": 5}, "geometry": {"type": "Polygon", "coordinates": [[[0.036000000000000004, 51.592], [0.047040000000000005, 51.592], [0.047040000000000005, 51.60304], [0.036000000000000004, 51.60304], [0.036000000000000004, 51.592]]]}}, {"type": "Feature", "properties": {"lsoa_code": "S1119", "overall_norm": 86.8, "overall_score_raw": 52.08, "overall_decile": 2, "income_norm": 47.6, "income_score_raw": 28.56, "income_decile": 6, "employment_norm": 24.6, "employment_score_raw": 14.76, "employment_decile": 8, "education_norm": 80.4, "education_score_raw": 48.24, "education_decile": 2, "health_norm": 96.3, "health_score_raw": 57.78, "health_decile": 1, "crime_norm": 55.3, "crime_score_raw": 33.18, "crime_decile": 5, "housing_norm": 65.6, "housing_score_raw": 39.36, "housing_decile": 4, "environment_norm": 51.6, "environment_score_raw": 30.96, "environment_decile": 5}, "geometry": {"type": "Polygon", "coordinates": [[[0.048000000000000015, 51.592], [0.059040000000000016, 51.592], [0.059040000000000016, 51.60304], [0.048000000000000015, 51.60304], [0.048000000000000015, 51.592]]]}}, {"type": "Feature", "properties": {"lsoa_code": "S1120", "overall_norm": 87.4, "overall_score_raw": 52.44, "overall_decile": 2, "income_norm": 55.5, "income_score_raw": 33.3, "income_decile": 5, "employment_norm": 22.4, "employment_score_raw": 13.44, "employment_decile": 8, "education_norm": 83.3, "education_score_raw": 49.98, "education_decile": 2, "health_norm": 99.9, "health_score_raw": 59.94, "health_decile": 1, "crime_norm": 61.5, "crime_score_raw": 36.9, "crime_decile": 4, "housing_norm": 68.1, "housing_score_raw": 40.86, "housing_decile": 4, "environment_norm": 46.9, "environment_score_raw": 28.14, "environment_decile": 6}, "geometry": {"type": "Polygon", "coordinates": [[[0.06, 51.592], [0.07103999999999999, 51.592], [0.07103999999999999, 51.60304], [0.06, 51.60304], [0.06, 51.592]]]}}, {"type": "Feature", "properties": {"lsoa_code": "S1121", "overall_norm": 87.3, "overall_score_raw": 52.38, "overall_decile": 2, "income_norm": 63.8, "income_score_raw": 38.28, "income_decile": 4, "employment_norm": 20.8, "employment_score_raw": 12.48, "employment_decile": 8, "education_norm": 80.2, "education_score_raw": 48.12, "education_decile": 2, "health_norm": 97.8, "health_score_raw": 58.68, "health_decile": 1, "crime_norm": 63.1, "crime_score_raw": 37.86, "crime_decile": 4, "housing_norm": 66.9, "housing_score_raw": 40.14, "housing_decile": 4, "environment_norm": 42.5, "environment_score_raw": 25.5, "environment_decile": 6}, "geometry": {"type": "Polygon", "coordinates": [[[0.07200000000000001, 51.592], [0.08304, 51.592], [0.08304, 51.60304], [0.07200000000000001, 51.60304], [0.07200000000000001, 51.592]]]}}, {"type": "Feature", "properties": {"lsoa_code": "S1122", "overall_norm": 86.6, "overall_score_raw": 51.96, "overall_decile": 2, "income_norm": 71.5, "income_score_raw": 42.9, "income_decile": 3, "employment_norm": 19.7, "employment_score_raw": 11.82, "employment_decile": 9, "education_norm": 71.9, "education_score_raw": 43.14, "education_decile": 3, "health_norm": 90.5, "health_score_raw": 54.3, "health_decile": 1, "crime_norm": 59.7, "crime_score_raw": 35.82, "crime_decile": 5, "housing_norm": 62.2, "housing_score_raw": 37.32, "housing_decile": 4, "environment_norm": 38.6, "environment_score_raw": 23.16, "environment_decile": 7}, "geometry": {"type": "Polygon", "coordinates": [[[0.08400000000000002, 51.592], [0.09504000000000001, 51.592], [0.09504000000000001, 51.60304], [0.08400000000000002, 51.60304], [0.08400000000000002, 51.592]]]}}, {"type": "Feature", "properties": {"lsoa_code": "S1123", "overall_norm": 85.3, "overall_score_raw": 51.18, "overall_decile": 2, "income_norm": 77.8, "income_score_raw": 46.68, "income_decile": 3, "employment_norm": 19.3, "employment_score_raw": 11.58, "employment_decile": 9, "education_norm": 60.5, "education_score_raw": 36.3, "education_decile": 4, "health_norm": 79.6, "health_score_raw": 47.76, "health_decile": 3, "crime_norm": 52.0, "crime_score_raw": 31.2, "crime_decile": 5, "housing_norm": 54.8, "housing_score_raw": 32.88, "housing_decile": 5, "environment_norm": 35.5, "environment_score_raw": 21.3, "environment_decile": 7}, "geometry": {"type": "Polygon", "coordinates": [[[0.09600000000000003, 51.592], [0.10704000000000002, 51.592], [0.10704000000000002, 51.60304], [0.09600000000000003, 51.60304], [0.09600000000000003, 51.592]]]}}, {"type": "Feature", "properties": {"lsoa_code": "S1200", "overall_norm": 31.0, "overall_score_raw": 18.6, "overall_decile": 7, "income_norm": 42.6, "income_score_raw": 25.56, "income_decile": 6, "employment_norm": 57.6, "employment_score_raw": 34.56, "employment_decile": 5, "education_norm": 28.3, "education_score_raw": 16.98, "education_decile": 8, "health_norm": 48.6, "health_score_raw": 29.16, "health_decile": 6, "crime_norm": 8.3, "crime_score_raw": 4.98, "crime_decile": 10, "housing_norm": 57.0, "housing_score_raw": 34.2, "housing_decile": 5, "environment_norm": 37.1, "environment_score_raw": 22.26, "environment_decile": 7}, "geometry": {"type": "Polygon", "coordinates": [[[-0.18, 51.604], [-0.16896, 51.604], [-0.16896, 51.61504], [-0.18, 51.61504], [-0.18, 51.604]]]}}, {"type": "Feature", "properties": {"lsoa_code": "S1201", "overall_norm": 30.9, "overall_score_raw": 18.54, "overall_decile": 7, "income_norm": 50.4, "income_score_raw": 30.24, "income_decile": 5, "employment_norm": 59.4, "employment_score_raw": 35.64, "employment_decile": 5, "education_norm": 26.5, "education_score_raw": 15.9, "education_decile": 8, "health_norm": 47.6, "health_score_raw": 28.56, "health_decile": 6, "crime_norm": 11.2, "crime_score_raw": 6.72, "crime_decile": 9, "housing_norm": 66.2, "housing_score_raw": 39.72, "housing_decile": 4, "environment_norm": 41.7, "environment_score_raw": 25.02, "environment_decile": 6}, "geometry": {"type": "Polygon", "coordinates": [[[-0.16799999999999998, 51.604], [-0.15696, 51.604], [-0.15696, 51.61504], [-0.16799999999999998, 51.61504], [-0.16799999999999998, 51.604]]]}}, {"type": "Feature", "properties": {"lsoa_code": "S1202", "overall_norm": 31.5, "overall_score_raw": 18.9, "overall_decile": 7, "income_norm": 58.7, "income_score_raw": 35.22, "income_decile": 5, "employment_norm": 60.7, "employment_score_raw": 36.42, "employment_decile": 4, "education_norm": 30.5, "education_score_raw": 18.3, "education_decile": 7, "health_norm": 52.4, "health_score_raw": 31.44, "health_decile": 5, "crime_norm": 18.4, "crime_score_raw": 11.04, "crime_decile": 9, "housing_norm": 73.6, "housing_score_raw": 44.16, "housing_decile": 3, "environment_norm": 46.6, "environment_score_raw": 27.96, "environment_decile": 6}, "geometry": {"type": "Polygon", "coordinates": [[[-0.156, 51.604], [-0.14496, 51.604], [-0.14496, 51.61504], [-0.156, 51.61504], [-0.156, 51.604]]]}}, {"type": "Feature", "properties": {"lsoa_code": "S1203", "overall_norm": 32.7, "overall_score_raw": 19.62, "overall_decile": 7, "income_norm": 66.5, "income_score_raw": 39.9, "income_decile": 4, "employment_norm": 61.3, "employment_score_raw": 36.78, "employment_decile": 4, "education_norm": 39.5, "education_score_raw": 23.7, "education_decile": 7, "health_norm": 61.7, "health_score_raw": 37.02, "health_decile": 4, "crime_norm": 28.7, "crime_score_raw": 17.22, "crime_decile": 8, "housing_norm": 78.3, "housing_score_raw": 46.98, "housing_decile": 3, "environment_norm": 51.6, "environment_score_raw": 30.96, "environment_decile": 5}, "geometry": {"type": "Polygon", "coordinates": [[[-0.144, 51.604], [-0.13296, 51.604], [-0.13296, 51.61504], [-0.144, 51.61504], [-0.144, 51.604]]]}}, {"type": "Feature", "properties": {"lsoa_code": "S1204", "overall_norm": 34.5, "overall_score_raw": 20.7, "overall_decile": 7, "income_norm": 72.9, "income_score_raw": 43.74, "income_decile": 3, "employment_norm": 61.3, "employment_score_raw": 36.78, "employment_decile": 4, "education_norm": 51.3, "education_score_raw": 30.78, "education_decile": 5, "health_norm": 73.4, "health_score_raw": 44.04, "health_decile": 3, "crime_norm": 39.9, "crime_score_raw": 23.94, "crime_decile": 7, "housing_norm": 79.5, "housing_score_raw": 47.7, "housing_decile": 3, "environment_norm": 56.4, "environment_score_raw": 33.84, "environment_decile": 5}, "geometry": {"type": "Polygon", "coordinates": [[[-0.132, 51.604], [-0.12096000000000001, 51.604], [-0.12096000000000001, 51.61504], [-0.132, 51.61504], [-0.132, 51.604]]]}}, {"type": "Feature", "properties": {"lsoa_code": "S1205", "overall_norm": 36.8, "overall_score_raw": 22.08, "overall_decile": 7, "income_norm": 77.4, "income_score_raw": 46.44, "income_decile": 3, "employment_norm": 60.6, "employment_score_raw": 36.36, "employment_decile": 4, "education_norm": 63.1, "education_score_raw": 37.86, "education_decile": 4, "health_norm": 84.9, "health_score_raw": 50.94, "health_decile": 2, "crime_norm": 49.7, "crime_score_raw": 29.82, "crime_decile": 6, "housing_norm": 77.0, "housing_score_raw": 46.2, "housing_decile": 3, "environment_norm": 60.9, "environment_score_raw": 36.54, "environment_decile": 4}, "geometry": {"type": "Polygon", "coordinates": [[[-0.12, 51.604], [-0.10896, 51.604], [-0.10896, 51.61504], [-0.12, 51.61504], [-0.12, 51.604]]]}}, {"type": "Feature", "properties": {"lsoa_code": "S1206", "overall_norm": 39.6, "overall_score_raw": 23.76, "overall_decile": 7, "income_norm": 79.3, "income_score_raw": 47.58, "income_decile": 3, "employment_norm": 59.3, "employment_score_raw": 35.58, "employment_decile": 5, "education_norm": 72.1, "education_score_raw": 43.26, "education_decile": 3, "health_norm": 93.5, "health_score_raw": 56.1, "health_decile": 1, "crime_norm": 56.3, "crime_score_raw": 33.78, "crime_decile": 5, "housing_norm": 71.3, "housing_score_raw": 42.78, "housing_decile": 3, "environment_norm": 64.8, "environment_score_raw": 38.88, "environment_decile": 4}, "geometry": {"type": "Polygon", "coordinates": [[[-0.10799999999999998, 51.604], [-0.09695999999999999, 51.604], [-0.09695999999999999, 51.61504], [-0.10799999999999998, 51.61504], [-0.10799999999999998, 51.604]]]}}, {"type": "Feature", "properties": {"lsoa_code": "S1207", "overall_norm": 42.8, "overall_score_raw": 25.68, "overall_decile": 6, "income_norm": 78.5, "income_score_raw": 47.1, "income_decile": 3, "employment_norm": 57.5, "employment_score_raw": 34.5, "employment_decile": 5, "education_norm": 76.2, "education_score_raw": 45.72, "education_decile": 3, "health_norm": 97.2, "health_score_raw": 58.32, "health_decile": 1, "crime_norm": 58.3, "crime_score_raw": 34.98, "crime_decile": 5, "housing_norm": 63.1, "housing_score_raw": 37.86, "housing_decile": 4, "environment_norm": 68.1, "environment_score_raw": 40.86, "environment_decile": 4}, "geometry": {"type": "Polygon", "coordinates": [[[-0.09599999999999999, 51.604], [-0.08495999999999998, 51.604], [-0.08495999999999998, 51.61504], [-0.09599999999999999, 51.61504], [-0.09599999999999999, 51.604]]]}}, {"type": "Feature", "properties": {"lsoa_code": "S1208", "overall_norm": 46.3, "overall_score_raw": 27.78, "overall_decile": 6, "income_norm": 75.0, "income_score_raw": 45.0, "income_decile": 3, "employment_norm": 55.1, "employment_score_raw": 33.06, "employment_decile": 5, "education_norm": 74.5, "education_score_raw": 44.7, "education_decile": 3, "health_norm": 95.3, "health_score_raw": 57.18, "health_decile": 1, "crime_norm": 55.2, "crime_score_raw": 33.12, "crime_decile": 5, "housing_norm": 53.7, "housing_score_raw": 32.22, "housing_decile": 5, "environment_norm": 70.6, "environment_score_raw": 42.36, "environment_decile": 3}, "geometry": {"type": "Polygon", "coordinates": [[[-0.08399999999999999, 51.604], [-0.07296, 51.604], [-0.07296, 51.61504], [-0.08399999999999999, 51.61504], [-0.08399999999999999, 51.604]]]}}, {"type": "Feature", "properties": {"lsoa_code": "S1209", "overall_norm": 50.1, "overall_score_raw": 30.06, "overall_decile": 5, "income_norm": 69.3, "income_score_raw": 41.58, "income_decile": 4, "employment_norm": 52.3, "employment_score_raw": 31.38, "employment_decile": 5, "education_norm": 67.2, "education_score_raw": 40.32, "education_decile": 4, "health_norm": 88.0, "health_score_raw": 52.8, "health_decile": 2, "crime_norm": 47.8, "crime_score_raw": 28.68, "crime_decile": 6, "housing_norm": 44.4, "housing_score_raw": 26.64, "housing_decile": 6, "environment_norm": 72.3, "environment_score_raw": 43.38, "environment_decile": 3}, "geometry": {"type": "Polygon", "coordinates": [[[-0.072, 51.604], [-0.06095999999999999, 51.604], [-0.06095999999999999, 51.61504], [-0.072, 51.61504], [-0.072, 51.604]]]}}, {"type": "Feature", "properties": {"lsoa_code": "S1210", "overall_norm": 54.0, "overall_score_raw": 32.4, "overall_decile": 5, "income_norm": 62.0, "income_score_raw": 37.2, "income_decile": 4, "employment_norm": 49.0, "employment_score_raw": 29.4, "employment_decile": 6, "education_norm": 56.2, "education_score_raw": 33.72, "education_decile": 5, "health_norm": 77.1, "health_score_raw": 46.26, "health_decile": 3, "crime_norm": 37.5, "crime_score_raw": 22.5, "crime_decile": 7, "housing_norm": 36.6, "housing_score_raw": 21.96, "housing_decile": 7, "environment_norm": 72.9, "environment_score_raw": 43.74, "environment_decile": 3}, "geometry": {"type": "Polygon", "coordinates": [[[-0.06, 51.604], [-0.04896, 51.604], [-0.04896, 51.61504], [-0.06, 51.61504], [-0.06, 51.604]]]}}, {"type": "Feature", "properties": {"lsoa_code": "S1211", "overall_norm": 57.9, "overall_score_raw": 34.74, "overall_decile": 5, "income_norm": 53.8, "income_score_raw": 32.28, "income_decile": 5, "employment_norm": 45.4, "employment_score_raw": 27.24, "employment_decile": 6, "education_norm": 44.1, "education_score_raw": 26.46, "education_decile": 6, "health_norm": 65.2, "health_score_raw": 39.12, "health_decile": 4, "crime_norm": 26.3, "crime_score_raw": 15.78, "crime_decile": 8, "housing_norm": 31.4, "housing_score_raw": 18.84, "housing_decile": 7, "environment_norm": 72.6, "environment_score_raw": 43.56, "environment_decile": 3}, "geometry": {"type": "Polygon", "coordinates": [[[-0.04799999999999999, 51.604], [-0.036959999999999986, 51.604], [-0.036959999999999986, 51.61504], [-0.04799999999999999, 51.61504], [-0.04799999999999999, 51.604]]]}}, {"type": "Feature", "properties": {"lsoa_code": "S1212", "overall_norm": 61.8, "overall_score_raw": 37.08, "overall_decile": 4, "income_norm": 45.6, "income_score_raw": 27.36, "income_decile": 6, "employment_norm": 41.6, "employment_score_raw": 24.96, "employment_decile": 6, "education_norm": 33.6, "education_score_raw": 20.16, "education_decile": 7, "health_norm": 54.8, "health_score_raw": 32.88, "health_decile": 5, "crime_norm": 16.5, "crime_score_raw": 9.9, "crime_decile": 9, "housing_norm": 29.5, "housing_score_raw": 17.7, "housing_decile": 8, "environment_norm": 71.3, "environment_score_raw": 42.78, "environment_decile": 3}, "geometry": {"type": "Polygon", "coordinates": [[[-0.035999999999999976, 51.604], [-0.024959999999999975, 51.604], [-0.024959999999999975, 51.61504], [-0.035999999999999976, 51.61504], [-0.035999999999999976, 51.604]]]}}, {"type": "Feature", "properties": {"lsoa_code": "S1213", "overall_norm": 65.6, "overall_score_raw": 39.36, "overall_decile": 4, "income_norm": 38.5, "income_score_raw": 23.1, "income_decile": 7, "employment_norm": 37.7, "employment_score_raw": 22.62, "employment_decile": 7, "education_norm": 27.4, "education_score_raw": 16.44, "education_decile": 8, "health_norm": 48.5, "health_score_raw": 29.1, "health_decile": 6, "crime_norm": 10.1, "crime_score_raw": 6.06, "crime_decile": 9, "housing_norm": 31.3, "housing_score_raw": 18.78, "housing_decile": 7, "environment_norm": 69.1, "environment_score_raw": 41.46, "environment_decile": 4}, "geometry": {"type": "Polygon", "coordinates": [[[-0.023999999999999994, 51.604], [-0.012959999999999992, 51.604], [-0.012959999999999992, 51.61504], [-0.023999999999999994, 51.61504], [-0.023999999999999994, 51.604]]]}}, {"type": "Feature", "properties": {"lsoa_code": "S1214", "overall_norm": 69.1, "overall_score_raw": 41.46, "overall_decile": 4, "income_norm": 33.0, "income_score_raw": 19.8, "income_decile": 7, "employment_norm": 33.7, "employment_score_raw": 20.22, "employment_decile": 7, "education_norm": 26.9, "education_score_raw": 16.14, "education_decile": 8, "health_norm": 47.7, "health_score_raw": 28.62, "health_decile": 6, "crime_norm": 8.4, "crime_score_raw": 5.04, "crime_decile": 10, "housing_norm": 36.5, "housing_score_raw": 21.9, "housing_decile": 7, "environment_norm": 66.0, "environment_score_raw": 39.6, "environment_decile": 4}, "geometry": {"type": "Polygon", "coordinates": [[[-0.011999999999999983, 51.604], [-0.0009599999999999817, 51.604], [-0.0009599999999999817, 51.61504], [-0.011999999999999983, 51.61504], [-0.011999999999999983, 51.604]]]}}, {"type": "Feature", "properties": {"lsoa_code": "S1215", "overall_norm": 72.3, "overall_score_raw": 43.38, "overall_decile": 3, "income_norm": 29.9, "income_score_raw": 17.94, "income_decile": 8, "employment_norm": 29.8, "employment_score_raw": 17.88, "employment_decile": 8, "education_norm": 32.1, "education_score_raw": 19.26, "education_decile": 7, "health_norm": 52.5, "health_score_raw": 31.5, "health_decile": 5, "crime_norm": 11.6, "crime_score_raw": 6.96, "crime_decile": 9, "housing_norm": 44.4, "housing_score_raw": 26.64, "housing_decile": 6, "environment_norm": 62.3, "environment_score_raw": 37.38, "environment_decile": 4}, "geometry": {"type": "Polygon", "coordinates": [[[0.0, 51.604], [0.011040000000000001, 51.604], [0.011040000000000001, 51.61504], [0.0, 51.61504], [0.0, 51.604]]]}}, {"type": "Feature", "properties": {"lsoa_code": "S1216", "overall_norm": 75.0, "overall_score_raw": 45.0, "overall_decile": 3, "income_norm": 29.5, "income_score_raw": 17.7, "income_decile": 8, "employment_norm": 26.0, "employment_score_raw": 15.6, "employment_decile": 8, "education_norm": 41.9, "education_score_raw": 25.14, "education_decile": 6, "health_norm": 61.9, "health_score_raw": 37.14, "health_decile": 4, "crime_norm": 19.1, "crime_score_raw": 11.46, "crime_decile": 9, "housing_norm": 53.7, "housing_score_raw": 32.22, "housing_decile": 5, "environment_norm": 58.0, "environment_score_raw": 34.8, "environment_decile": 5}, "geometry": {"type": "Polygon", "coordinates": [[[0.01200000000000001, 51.604], [0.023040000000000012, 51.604], [0.023040000000000012, 51.61504], [0.01200000000000001, 51.61504], [0.01200000000000001, 51.604]]]}}, {"type": "Feature", "properties": {"lsoa_code": "S1217", "overall_norm": 77.3, "overall_score_raw": 46.38, "overall_decile": 3, "income_norm": 31.8, "income_score_raw": 19.08, "income_decile": 7, "employment_norm": 22.6, "employment_score_raw": 13.56, "employment_decile": 8, "education_norm": 54.0, "education_score_raw": 32.4, "education_decile": 5, "health_norm": 73.6, "health_score_raw": 44.16, "health_decile": 3, "crime_norm": 29.5, "crime_score_raw": 17.7, "crime_decile": 8, "housing_norm": 63.1, "housing_score_raw": 37.86, "housing_decile": 4, "environment_norm": 53.3, "environment_score_raw": 31.98, "environment_decile": 5}, "geometry": {"type": "Polygon", "coordinates": [[[0.02400000000000002, 51.604], [0.03504000000000002, 51.604], [0.03504000000000002, 51.61504], [0.02400000000000002, 51.61504], [0.02400000000000002, 51.604]]]}}, {"type": "Feature", "properties": {"lsoa_code": "S1218", "overall_norm": 79.1, "overall_score_raw": 47.46, "overall_decile": 3, "income_norm": 36.6, "income_score_raw": 21.96, "income_decile": 7, "employment_norm": 19.4, "employment_score_raw": 11.64, "employment_decile": 9, "education_norm": 65.4, "education_score_raw": 39.24, "education_decile": 4, "health_norm": 85.1, "health_score_raw": 51.06, "health_decile": 2, "crime_norm": 40.7, "crime_score_raw": 24.42, "crime_decile": 6, "housing_norm": 71.3, "housing_score_raw": 42.78, "housing_decile": 3, "environment_norm": 48.3, "environment_score_raw": 28.98, "environment_decile": 6}, "geometry": {"type": "Polygon", "coordinates": [[[0.036000000000000004, 51.604], [0.047040000000000005, 51.604], [0.047040000000000005, 51.61504], [0.036000000000000004, 51.61504], [0.036000000000000004, 51.604]]]}}, {"type": "Feature", "properties": {"lsoa_code": "S1219", "overall_norm": 80.3, "overall_score_raw": 48.18, "overall_decile": 2, "income_norm": 43.3, "income_score_raw": 25.98, "income_decile": 6, "employment_norm": 16.7, "employment_score_raw": 10.02, "employment_decile": 9, "education_norm": 73.5, "education_score_raw": 44.1, "education_decile": 3, "health_norm": 93.6, "health_score_raw": 56.16, "health_decile": 1, "crime_norm": 50.4, "crime_score_raw": 30.24, "crime_decile": 5, "housing_norm": 77.0, "housing_score_raw": 46.2, "housing_decile": 3, "environment_norm": 43.4, "environment_score_raw": 26.04, "environment_decile": 6}, "geometry": {"type": "Polygon", "coordinates": [[[0.048000000000000015, 51.604], [0.059040000000000016, 51.604], [0.059040000000000016, 51.61504], [0.048000000000000015, 51.61504], [0.048000000000000015, 51.604]]]}}, {"type": "Feature", "properties": {"lsoa_code": "S1220", "overall_norm": 80.8, "overall_score_raw": 48.48, "overall_decile": 2, "income_norm": 51.2, "income_score_raw": 30.72, "income_decile": 5, "employment_norm": 14.5, "employment_score_raw": 8.7, "employment_decile": 9, "education_norm": 76.4, "education_score_raw": 45.84, "education_decile": 3, "health_norm": 97.3, "health_score_raw": 58.38, "health_decile": 1, "crime_norm": 56.6, "crime_score_raw": 33.96, "crime_decile": 5, "housing_norm": 79.5, "housing_score_raw": 47.7, "housing_decile": 3, "environment_norm": 38.6, "environment_score_raw": 23.16, "environment_decile": 7}, "geometry": {"type": "Polygon", "coordinates": [[[0.06, 51.604], [0.07103999999999999, 51.604], [0.07103999999999999, 51.61504], [0.06, 51.61504], [0.06, 51.604]]]}}, {"type": "Feature", "properties": {"lsoa_code": "S1221", "overall_norm": 80.8, "overall_score_raw": 48.48, "overall_decile": 2, "income_norm": 59.5, "income_score_raw": 35.7, "income_decile": 5, "employment_norm": 12.9, "employment_score_raw": 7.74, "employment_decile": 9, "education_norm": 73.3, "education_score_raw": 43.98, "education_decile": 3, "health_norm": 95.2, "health_score_raw": 57.12, "health_decile": 1, "crime_norm": 58.2, "crime_score_raw": 34.92, "crime_decile": 5, "housing_norm": 78.3, "housing_score_raw": 46.98, "housing_decile": 3, "environment_norm": 34.2, "environment_score_raw": 20.52, "environment_decile": 7}, "geometry": {"type": "Polygon", "coordinates": [[[0.07200000000000001, 51.604], [0.08304, 51.604], [0.08304, 51.61504], [0.07200000000000001, 51.61504], [0.07200000000000001, 51.604]]]}}, {"type": "Feature", "properties": {"lsoa_code": "S1222", "overall_norm": 80.1, "overall_score_raw": 48.06, "overall_decile": 2, "income_norm": 67.2, "income_score_raw": 40.32, "income_decile": 4, "employment_norm": 11.8, "employment_score_raw": 7.08, "employment_decile": 9, "education_norm": 65.0, "education_score_raw": 39.0, "education_decile": 4, "health_norm": 87.8, "health_score_raw": 52.68, "health_decile": 2, "crime_norm": 54.8, "crime_score_raw": 32.88, "crime_decile": 5, "housing_norm": 73.6, "housing_score_raw": 44.16, "housing_decile": 3, "environment_norm": 30.4, "environment_score_raw": 18.24, "environment_decile": 7}, "geometry": {"type": "Polygon", "coordinates": [[[0.08400000000000002, 51.604], [0.09504000000000001, 51.604], [0.09504000000000001, 51.61504], [0.08400000000000002, 51.61504], [0.08400000000000002, 51.604]]]}}, {"type": "Feature", "properties": {"lsoa_code": "S1223", "overall_norm": 78.8, "overall_score_raw": 47.28, "overall_decile": 3, "income_norm": 73.5, "income_score_raw": 44.1, "income_decile": 3, "employment_norm": 11.4, "employment_score_raw": 6.84, "employment_decile": 9, "education_norm": 53.5, "education_score_raw": 32.1, "education_decile": 5, "health_norm": 76.9, "health_score_raw": 46.14, "health_decile": 3, "crime_norm": 47.1, "crime_score_raw": 28.26, "crime_decile": 6, "housing_norm": 66.2, "housing_score_raw": 39.72, "housing_decile": 4, "environment_norm": 27.2, "environment_score_raw": 16.32, "environment_decile": 8}, "geometry": {"type": "Polygon", "coordinates": [[[0.09600000000000003, 51.604], [0.10704000000000002, 51.604], [0.10704000000000002, 51.61504], [0.09600000000000003, 51.61504], [0.09600000000000003, 51.604]]]}}, {"type": "Feature", "properties": {"lsoa_code": "S1300", "overall_norm": 24.0, "overall_score_raw": 14.4, "overall_decile": 8, "income_norm": 38.1, "income_score_raw": 22.86, "income_decile": 7, "employment_norm": 51.3, "employment_score_raw": 30.78, "employment_decile": 5, "education_norm": 21.3, "education_score_raw": 12.78, "education_decile": 8, "health_norm": 41.5, "health_score_raw": 24.9, "health_decile": 6, "crime_norm": 4.4, "crime_score_raw": 2.64, "crime_decile": 10, "housing_norm": 67.5, "housing_score_raw": 40.5, "housing_decile": 4, "environment_norm": 29.0, "environment_score_raw": 17.4, "environment_decile": 8}, "geometry": {"type": "Polygon", "coordinates": [[[-0.18, 51.616], [-0.16896, 51.616], [-0.16896, 51.62704], [-0.18, 51.62704], [-0.18, 51.616]]]}}, {"type": "Feature", "properties": {"lsoa_code": "S1301", "overall_norm": 23.9, "overall_score_raw": 14.34, "overall_decile": 8, "income_norm": 46.0, "income_score_raw": 27.6, "income_decile": 6, "employment_norm": 53.1, "employment_score_raw": 31.86, "employment_decile": 5, "education_norm": 19.5, "education_score_raw": 11.7, "education_decile": 9, "health_norm": 40.6, "health_score_raw": 24.36, "health_decile": 6, "crime_norm": 7.2, "crime_score_raw": 4.32, "crime_decile": 10, "housing_norm": 76.6, "housing_score_raw": 45.96, "housing_decile": 3, "environment_norm": 33.7, "environment_score_raw": 20.22, "environment_decile": 7}, "geometry": {"type": "Polygon", "coordinates": [[[-0.16799999999999998, 51.616], [-0.15696, 51.616], [-0.15696, 51.62704], [-0.16799999999999998, 51.62704], [-0.16799999999999998, 51.616]]]}}, {"type": "Feature", "properties": {"lsoa_code": "S1302", "overall_norm": 24.5, "overall_score_raw": 14.7, "overall_decile": 8, "income_norm": 54.2, "income_score_raw": 32.52, "income_decile": 5, "employment_norm": 54.4, "employment_score_raw": 32.64, "employment_decile": 5, "education_norm": 23.5, "education_score_raw": 14.1, "education_decile": 8, "health_norm": 45.3, "health_score_raw": 27.18, "health_decile": 6, "crime_norm": 14.5, "crime_score_raw": 8.7, "crime_decile": 9, "housing_norm": 84.1, "housing_score_raw": 50.46, "housing_decile": 2, "environment_norm": 38.6, "environment_score_raw": 23.16, "environment_decile": 7}, "geometry": {"type": "Polygon", "coordinates": [[[-0.156, 51.616], [-0.14496, 51.616], [-0.14496, 51.62704], [-0.156, 51.62704], [-0.156, 51.616]]]}}, {"type": "Feature", "properties": {"lsoa_code": "S1303", "overall_norm": 25.7, "overall_score_raw": 15.42, "overall_decile": 8, "income_norm": 62.0, "income_score_raw": 37.2, "income_decile": 4, "employment_norm": 55.0, "employment_score_raw": 33.0, "employment_decile": 5, "education_norm": 32.5, "education_score_raw": 19.5, "education_decile": 7, "health_norm": 54.6, "health_score_raw": 32.76, "health_decile": 5, "crime_norm": 24.8, "crime_score_raw": 14.88, "crime_decile": 8, "housing_norm": 88.7, "housing_score_raw": 53.22, "housing_decile": 2, "environment_norm": 43.6, "environment_score_raw": 26.16, "environment_decile": 6}, "geometry": {"type": "Polygon", "coordinates": [[[-0.144, 51.616], [-0.13296, 51.616], [-0.13296, 51.62704], [-0.144, 51.62704], [-0.144, 51.616]]]}}, {"type": "Feature", "properties": {"lsoa_code": "S1304", "overall_norm": 27.5, "overall_score_raw": 16.5, "overall_decile": 8, "income_norm": 68.5, "income_score_raw": 41.1, "income_decile": 4, "employment_norm": 55.0, "employment_score_raw": 33.0, "employment_decile": 5, "education_norm": 44.3, "education_score_raw": 26.58, "education_decile": 6, "health_norm": 66.3, "health_score_raw": 39.78, "health_decile": 4, "crime_norm": 35.9, "crime_score_raw": 21.54, "crime_decile": 7, "housing_norm": 89.9, "housing_score_raw": 53.94, "housing_decile": 2, "environment_norm": 48.4, "environment_score_raw": 29.04, "environment_decile": 6}, "geometry": {"type": "Polygon", "coordinates": [[[-0.132, 51.616], [-0.12096000000000001, 51.616], [-0.12096000000000001, 51.62704], [-0.132, 51.62704], [-0.132, 51.616]]]}}, {"type": "Feature", "properties": {"lsoa_code": "S1305", "overall_norm": 29.8, "overall_score_raw": 17.88, "overall_decile": 8, "income_norm": 73.0, "income_score_raw": 43.8, "income_decile": 3, "employment_norm": 54.3, "employment_score_raw": 32.58, "employment_decile": 5, "education_norm": 56.1, "education_score_raw": 33.66, "education_decile": 5, "health_norm": 77.8, "health_score_raw": 46.68, "health_decile": 3, "crime_norm": 45.8, "crime_score_raw": 27.48, "crime_decile": 6, "housing_norm": 87.5, "housing_score_raw": 52.5, "housing_decile": 2, "environment_norm": 52.8, "environment_score_raw": 31.68, "environment_decile": 5}, "geometry": {"type": "Polygon", "coordinates": [[[-0.12, 51.616], [-0.10896, 51.616], [-0.10896, 51.62704], [-0.12, 51.62704], [-0.12, 51.616]]]}}, {"type": "Feature", "properties": {"lsoa_code": "S1306", "overall_norm": 32.6, "overall_score_raw": 19.56, "overall_decile": 7, "income_norm": 74.9, "income_score_raw": 44.94, "income_decile": 3, "employment_norm": 53.0, "employment_score_raw": 31.8, "employment_decile": 5, "education_norm": 65.1, "education_score_raw": 39.06, "education_decile": 4, "health_norm": 86.4, "health_score_raw": 51.84, "health_decile": 2, "crime_norm": 52.4, "crime_score_raw": 31.44, "crime_decile": 5, "housing_norm": 81.8, "housing_score_raw": 49.08, "housing_decile": 2, "environment_norm": 56.8, "environment_score_raw": 34.08, "environment_decile": 5}, "geometry": {"type": "Polygon", "coordinates": [[[-0.10799999999999998, 51.616], [-0.09695999999999999, 51.616], [-0.09695999999999999, 51.62704], [-0.10799999999999998, 51.62704], [-0.10799999999999998, 51.616]]]}}, {"type": "Feature", "properties": {"lsoa_code": "S1307", "overall_norm": 35.8, "overall_score_raw": 21.48, "overall_decile": 7, "income_norm": 74.1, "income_score_raw": 44.46, "income_decile": 3, "employment_norm": 51.2, "employment_score_raw": 30.72, "employment_decile": 5, "education_norm": 69.2, "education_score_raw": 41.52, "education_decile": 4, "health_norm": 90.2, "health_score_raw": 54.12, "health_decile": 1, "crime_norm": 54.3, "crime_score_raw": 32.58, "crime_decile": 5, "housing_norm": 73.6, "housing_score_raw": 44.16, "housing_decile": 3, "environment_norm": 60.1, "environment_score_raw": 36.06, "environment_decile": 4}, "geometry": {"type": "Polygon", "coordinates": [[[-0.09599999999999999, 51.616], [-0.08495999999999998, 51.616], [-0.08495999999999998, 51.62704], [-0.09599999999999999, 51.62704], [-0.09599999999999999, 51.616]]]}}, {"type": "Feature", "properties": {"lsoa_code": "S1308", "overall_norm": 39.3, "overall_score_raw": 23.58, "overall_decile": 7, "income_norm": 70.6, "income_score_raw": 42.36, "income_decile": 3, "employment_norm": 48.8, "employment_score_raw": 29.28, "employment_decile": 6, "education_norm": 67.5, "education_score_raw": 40.5, "education_decile": 4, "health_norm": 88.2, "health_score_raw": 52.92, "health_decile": 2, "crime_norm": 51.3, "crime_score_raw": 30.78, "crime_decile": 5, "housing_norm": 64.2, "housing_score_raw": 38.52, "housing_decile": 4, "environment_norm": 62.6, "environment_score_raw": 37.56, "environment_decile": 4}, "geometry": {"type": "Polygon", "coordinates": [[[-0.08399999999999999, 51.616], [-0.07296, 51.616], [-0.07296, 51.62704], [-0.08399999999999999, 51.62704], [-0.08399999999999999, 51.616]]]}}, {"type": "Feature", "properties": {"lsoa_code": "S1309", "overall_norm": 43.1, "overall_score_raw": 25.86, "overall_decile": 6, "income_norm": 64.9, "income_score_raw": 38.94, "income_decile": 4, "employment_norm": 46.0, "employment_score_raw": 27.6, "employment_decile": 6, "education_norm": 60.2, "education_score_raw": 36.12, "education_decile": 4, "health_norm": 80.9, "health_score_raw": 48.54, "health_decile": 2, "crime_norm": 43.9, "crime_score_raw": 26.34, "crime_decile": 6, "housing_norm": 54.8, "housing_score_raw": 32.88, "housing_decile": 5, "environment_norm": 64.2, "environment_score_raw": 38.52, "environment_decile": 4}, "geometry": {"type": "Polygon", "coordinates": [[[-0.072, 51.616], [-0.06095999999999999, 51.616], [-0.06095999999999999, 51.62704], [-0.072, 51.62704], [-0.072, 51.616]]]}}, {"type": "Feature", "properties": {"lsoa_code": "S1310", "overall_norm": 47.0, "overall_score_raw": 28.2, "overall_decile": 6, "income_norm": 57.5, "income_score_raw": 34.5, "income_decile": 5, "employment_norm": 42.7, "employment_score_raw": 25.62, "employment_decile": 6, "education_norm": 49.2, "education_score_raw": 29.52, "education_decile": 6, "health_norm": 70.0, "health_score_raw": 42.0, "health_decile": 4, "crime_norm": 33.5, "crime_score_raw": 20.1, "crime_decile": 7, "housing_norm": 47.0, "housing_score_raw": 28.2, "housing_decile": 6, "environment_norm": 64.9, "environment_score_raw": 38.94, "environment_decile": 4}, "geometry": {"type": "Polygon", "coordinates": [[[-0.06, 51.616], [-0.04896, 51.616], [-0.04896, 51.62704], [-0.06, 51.62704], [-0.06, 51.616]]]}}, {"type": "Feature", "properties": {"lsoa_code": "S1311", "overall_norm": 50.9, "overall_score_raw": 30.54, "overall_decile": 5, "income_norm": 49.3, "income_score_raw": 29.58, "income_decile": 6, "employment_norm": 39.1, "employment_score_raw": 23.46, "employment_decile": 7, "education_norm": 37.1, "education_score_raw": 22.26, "education_decile": 7, "health_norm": 58.1, "health_score_raw": 34.86, "health_decile": 5, "crime_norm": 22.4, "crime_score_raw": 13.44, "crime_decile": 8, "housing_norm": 41.8, "housing_score_raw": 25.08, "housing_decile": 6, "environment_norm": 64.6, "environment_score_raw": 38.76, "environment_decile": 4}, "geometry": {"type": "Polygon", "coordinates": [[[-0.04799999999999999, 51.616], [-0.036959999999999986, 51.616], [-0.036959999999999986, 51.62704], [-0.04799999999999999, 51.62704], [-0.04799999999999999, 51.616]]]}}, {"type": "Feature", "properties": {"lsoa_code": "S1312", "overall_norm": 54.8, "overall_score_raw": 32.88, "overall_decile": 5, "income_norm": 41.2, "income_score_raw": 24.72, "income_decile": 6, "employment_norm": 35.3, "employment_score_raw": 21.18, "employment_decile": 7, "education_norm": 26.6, "education_score_raw": 15.96, "education_decile": 8, "health_norm": 47.7, "health_score_raw": 28.62, "health_decile": 6, "crime_norm": 12.6, "crime_score_raw": 7.56, "crime_decile": 9, "housing_norm": 40.0, "housing_score_raw": 24.0, "housing_decile": 7, "environment_norm": 63.3, "environment_score_raw": 37.98, "environment_decile": 4}, "geometry": {"type": "Polygon", "coordinates": [[[-0.035999999999999976, 51.616], [-0.024959999999999975, 51.616], [-0.024959999999999975, 51.62704], [-0.035999999999999976, 51.62704], [-0.035999999999999976, 51.616]]]}}, {"type": "Feature", "properties": {"lsoa_code": "S1313", "overall_norm": 58.6, "overall_score_raw": 35.16, "overall_decile": 5, "income_norm": 34.0, "income_score_raw": 20.4, "income_decile": 7, "employment_norm": 31.4, "employment_score_raw": 18.84, "employment_decile": 7, "education_norm": 20.4, "education_score_raw": 12.24, "education_decile": 8, "health_norm": 41.4, "health_score_raw": 24.84, "health_decile": 6, "crime_norm": 6.2, "crime_score_raw": 3.72, "crime_decile": 10, "housing_norm": 41.8, "housing_score_raw": 25.08, "housing_decile": 6, "environment_norm": 61.1, "environment_score_raw": 36.66, "environment_decile": 4}, "geometry": {"type": "Polygon", "coordinates": [[[-0.023999999999999994, 51.616], [-0.012959999999999992, 51.616], [-0.012959999999999992, 51.62704], [-0.023999999999999994, 51.62704], [-0.023999999999999994, 51.616]]]}}, {"type": "Feature", "properties": {"lsoa_code": "S1314", "overall_norm": 62.1, "overall_score_raw": 37.26, "overall_decile": 4, "income_norm": 28.6, "income_score_raw": 17.16, "income_decile": 8, "employment_norm": 27.4, "employment_score_raw": 16.44, "employment_decile": 8, "education_norm": 19.8, "education_score_raw": 11.88, "education_decile": 9, "health_norm": 40.6, "health_score_raw": 24.36, "health_decile": 6, "crime_norm": 4.4, "crime_score_raw": 2.64, "crime_decile": 10, "housing_norm": 47.0, "housing_score_raw": 28.2, "housing_decile": 6, "environment_norm": 58.0, "environment_score_raw": 34.8, "environment_decile": 5}, "geometry": {"type": "Polygon", "coordinates": [[[-0.011999999999999983, 51.616], [-0.0009599999999999817, 51.616], [-0.0009599999999999817, 51.62704], [-0.011999999999999983, 51.62704], [-0.011999999999999983, 51.616]]]}}, {"type": "Feature", "properties": {"lsoa_code": "S1315", "overall_norm": 65.3, "overall_score_raw": 39.18, "overall_decile": 4, "income_norm": 25.5, "income_score_raw": 15.3, "income_decile": 8, "employment_norm": 23.5, "employment_score_raw": 14.1, "employment_decile": 8, "education_norm": 25.1, "education_score_raw": 15.06, "education_decile": 8, "health_norm": 45.4, "health_score_raw": 27.24, "health_decile": 6, "crime_norm": 7.6, "crime_score_raw": 4.56, "crime_decile": 10, "housing_norm": 54.8, "housing_score_raw": 32.88, "housing_decile": 5, "environment_norm": 54.3, "environment_score_raw": 32.58, "environment_decile": 5}, "geometry": {"type": "Polygon", "coordinates": [[[0.0, 51.616], [0.011040000000000001, 51.616], [0.011040000000000001, 51.62704], [0.0, 51.62704], [0.0, 51.616]]]}}, {"type": "Feature", "properties": {"lsoa_code": "S1316", "overall_norm": 68.1, "overall_score_raw": 40.86, "overall_decile": 4, "income_norm": 25.1, "income_score_raw": 15.06, "income_decile": 8, "employment_norm": 19.7, "employment_score_raw": 11.82, "employment_decile": 9, "education_norm": 34.9, "education_score_raw": 20.94, "education_decile": 7, "health_norm": 54.8, "health_score_raw": 32.88, "health_decile": 5, "crime_norm": 15.2, "crime_score_raw": 9.12, "crime_decile": 9, "housing_norm": 64.1, "housing_score_raw": 38.46, "housing_decile": 4, "environment_norm": 50.0, "environment_score_raw": 30.0, "environment_decile": 6}, "geometry": {"type": "Polygon", "coordinates": [[[0.01200000000000001, 51.616], [0.023040000000000012, 51.616], [0.023040000000000012, 51.62704], [0.01200000000000001, 51.62704], [0.01200000000000001, 51.616]]]}}, {"type": "Feature", "properties": {"lsoa_code": "S1317", "overall_norm": 70.3, "overall_score_raw": 42.18, "overall_decile": 3, "income_norm": 27.4, "income_score_raw": 16.44, "income_decile": 8, "employment_norm": 16.3, "employment_score_raw": 9.78, "employment_decile": 9, "education_norm": 46.9, "education_score_raw": 28.14, "education_decile": 6, "health_norm": 66.5, "health_score_raw": 39.9, "health_decile": 4, "crime_norm": 25.6, "crime_score_raw": 15.36, "crime_decile": 8, "housing_norm": 73.6, "housing_score_raw": 44.16, "housing_decile": 3, "environment_norm": 45.2, "environment_score_raw": 27.12, "environment_decile": 6}, "geometry": {"type": "Polygon", "coordinates": [[[0.02400000000000002, 51.616], [0.03504000000000002, 51.616], [0.03504000000000002, 51.62704], [0.02400000000000002, 51.62704], [0.02400000000000002, 51.616]]]}}, {"type": "Feature", "properties": {"lsoa_code": "S1318", "overall_norm": 72.1, "overall_score_raw": 43.26, "overall_decile": 3, "income_norm": 32.2, "income_score_raw": 19.32, "income_decile": 7, "employment_norm": 13.1, "employment_score_raw": 7.86, "employment_decile": 9, "education_norm": 58.4, "education_score_raw": 35.04, "education_decile": 5, "health_norm": 78.0, "health_score_raw": 46.8, "health_decile": 3, "crime_norm": 36.8, "crime_score_raw": 22.08, "crime_decile": 7, "housing_norm": 81.7, "housing_score_raw": 49.02, "housing_decile": 2, "environment_norm": 40.3, "environment_score_raw": 24.18, "environment_decile": 6}, "geometry": {"type": "Polygon", "coordinates": [[[0.036000000000000004, 51.616], [0.047040000000000005, 51.616], [0.047040000000000005, 51.62704], [0.036000000000000004, 51.62704], [0.036000000000000004, 51.616]]]}}, {"type": "Feature", "properties": {"lsoa_code": "S1319", "overall_norm": 73.3, "overall_score_raw": 43.98, "overall_decile": 3, "income_norm": 38.9, "income_score_raw": 23.34, "income_decile": 7, "employment_norm": 10.4, "employment_score_raw": 6.24, "employment_decile": 9, "education_norm": 66.5, "education_score_raw": 39.9, "education_decile": 4, "health_norm": 86.5, "health_score_raw": 51.9, "health_decile": 2, "crime_norm": 46.4, "crime_score_raw": 27.84, "crime_decile": 6, "housing_norm": 87.5, "housing_score_raw": 52.5, "housing_decile": 2, "environment_norm": 35.4, "environment_score_raw": 21.24, "environment_decile": 7}, "geometry": {"type": "Polygon", "coordinates": [[[0.048000000000000015, 51.616], [0.059040000000000016, 51.616], [0.059040000000000016, 51.62704], [0.048000000000000015, 51.62704], [0.048000000000000015, 51.616]]]}}, {"type": "Feature", "properties": {"lsoa_code": "S1320", "overall_norm": 73.8, "overall_score_raw": 44.28, "overall_decile": 3, "income_norm": 46.8, "income_score_raw": 28.08, "income_decile": 6, "employment_norm": 8.2, "employment_score_raw": 4.92, "employment_decile": 10, "education_norm": 69.3, "education_score_raw": 41.58, "education_decile": 4, "health_norm": 90.2, "health_score_raw": 54.12, "health_decile": 1, "crime_norm": 52.7, "crime_score_raw": 31.62, "crime_decile": 5, "housing_norm": 89.9, "housing_score_raw": 53.94, "housing_decile": 2, "environment_norm": 30.6, "environment_score_raw": 18.36, "environment_decile": 7}, "geometry": {"type": "Polygon", "coordinates": [[[0.06, 51.616], [0.07103999999999999, 51.616], [0.07103999999999999, 51.62704], [0.06, 51.62704], [0.06, 51.616]]]}}, {"type": "Feature", "properties": {"lsoa_code": "S1321", "overall_norm": 73.8, "overall_score_raw": 44.28, "overall_decile": 3, "income_norm": 55.1, "income_score_raw": 33.06, "income_decile": 5, "employment_norm": 6.6, "employment_score_raw": 3.96, "employment_decile": 10, "education_norm": 66.3, "education_score_raw": 39.78, "education_decile": 4, "health_norm": 88.1, "health_score_raw": 52.86, "health_decile": 2, "crime_norm": 54.3, "crime_score_raw": 32.58, "crime_decile": 5, "housing_norm": 88.7, "housing_score_raw": 53.22, "housing_decile": 2, "environment_norm": 26.2, "environment_score_raw": 15.72, "environment_decile": 8}, "geometry": {"type": "Polygon", "coordinates": [[[0.07200000000000001, 51.616], [0.08304, 51.616], [0.08304, 51.62704], [0.07200000000000001, 51.62704], [0.07200000000000001, 51.616]]]}}, {"type": "Feature", "properties": {"lsoa_code": "S1322", "overall_norm": 73.1, "overall_score_raw": 43.86, "overall_decile": 3, "income_norm": 62.8, "income_score_raw": 37.68, "income_decile": 4, "employment_norm": 5.5, "employment_score_raw": 3.3, "employment_decile": 10, "education_norm": 58.0, "education_score_raw": 34.8, "education_decile": 5, "health_norm": 80.7, "health_score_raw": 48.42, "health_decile": 2, "crime_norm": 50.9, "crime_score_raw": 30.54, "crime_decile": 5, "housing_norm": 84.1, "housing_score_raw": 50.46, "housing_decile": 2, "environment_norm": 22.4, "environment_score_raw": 13.44, "environment_decile": 8}, "geometry": {"type": "Polygon", "coordinates": [[[0.08400000000000002, 51.616], [0.09504000000000001, 51.616], [0.09504000000000001, 51.62704], [0.08400000000000002, 51.62704], [0.08400000000000002, 51.616]]]}}, {"type": "Feature", "properties": {"lsoa_code": "S1323", "overall_norm": 71.8, "overall_score_raw": 43.08, "overall_decile": 3, "income_norm": 69.1, "income_score_raw": 41.46, "income_decile": 4, "employment_norm": 5.1, "employment_score_raw": 3.06, "employment_decile": 10, "education_norm": 46.5, "education_score_raw": 27.9, "education_decile": 6, "health_norm": 69.8, "health_score_raw": 41.88, "health_decile": 4, "crime_norm": 43.2, "crime_score_raw": 25.92, "crime_decile": 6, "housing_norm": 76.7, "housing_score_raw": 46.02, "housing_decile": 3, "environment_norm": 19.2, "environment_score_raw": 11.52, "environment_decile": 9}, "geometry": {"type": "Polygon", "coordinates": [[[0.09600000000000003, 51.616], [0.10704000000000002, 51.616], [0.10704000000000002, 51.62704], [0.09600000000000003, 51.62704], [0.09600000000000003, 51.616]]]}}, {"type": "Feature", "properties": {"lsoa_code": "S1400", "overall_norm": 17.1, "overall_score_raw": 10.26, "overall_decile": 9, "income_norm": 33.7, "income_score_raw": 20.22, "income_decile": 7, "employment_norm": 47.4, "employment_score_raw": 28.44, "employment_decile": 6, "education_norm": 14.7, "education_score_raw": 8.82, "education_decile": 9, "health_norm": 31.4, "health_score_raw": 18.84, "health_decile": 7, "crime_norm": 1.6, "crime_score_raw": 0.96, "crime_decile": 10, "housing_norm": 74.8, "housing_score_raw": 44.88, "housing_decile": 3, "environment_norm": 22.1, "environment_score_raw": 13.26, "environment_decile": 8}, "geometry": {"type": "Polygon", "coordinates": [[[-0.18, 51.628], [-0.16896, 51.628], [-0.16896, 51.63904], [-0.18, 51.63904], [-0.18, 51.628]]]}}, {"type": "Feature", "properties": {"lsoa_code": "S1401", "overall_norm": 17.0, "overall_score_raw": 10.2, "overall_decile": 9, "income_norm": 41.5, "income_score_raw": 24.9, "income_decile": 6, "employment_norm": 49.2, "employment_score_raw": 29.52, "employment_decile": 6, "education_norm": 12.9, "education_score_raw": 7.74, "education_decile": 9, "health_norm": 30.4, "health_score_raw": 18.24, "health_decile": 7, "crime_norm": 4.5, "crime_score_raw": 2.7, "crime_decile": 10, "housing_norm": 84.0, "housing_score_raw": 50.4, "housing_decile": 2, "environment_norm": 26.8, "environment_score_raw": 16.08, "environment_decile": 8}, "geometry": {"type": "Polygon", "coordinates": [[[-0.16799999999999998, 51.628], [-0.15696, 51.628], [-0.15696, 51.63904], [-0.16799999999999998, 51.63904], [-0.16799999999999998, 51.628]]]}}, {"type": "Feature", "properties": {"lsoa_code": "S1402", "overall_norm": 17.6, "overall_score_raw": 10.56, "overall_decile": 9, "income_norm": 49.8, "income_score_raw": 29.88, "income_decile": 6, "employment_norm": 50.4, "employment_score_raw": 30.24, "employment_decile": 5, "education_norm": 16.9, "education_score_raw": 10.14, "education_decile": 9, "health_norm": 35.2, "health_score_raw": 21.12, "health_decile": 7, "crime_norm": 11.7, "crime_score_raw": 7.02, "crime_decile": 9, "housing_norm": 91.4, "housing_score_raw": 54.84, "housing_decile": 1, "environment_norm": 31.7, "environment_score_raw": 19.02, "environment_decile": 7}, "geometry": {"type": "Polygon", "coordinates": [[[-0.156, 51.628], [-0.14496, 51.628], [-0.14496, 51.63904], [-0.156, 51.63904], [-0.156, 51.628]]]}}, {"type": "Feature", "properties": {"lsoa_code": "S1403", "overall_norm": 18.8, "overall_score_raw": 11.28, "overall_decile": 9, "income_norm": 57.6, "income_score_raw": 34.56, "income_decile": 5, "employment_norm": 51.0, "employment_score_raw": 30.6, "employment_decile": 5, "education_norm": 25.9, "education_score_raw": 15.54, "education_decile": 8, "health_norm": 44.5, "health_score_raw": 26.7, "health_decile": 6, "crime_norm": 22.0, "crime_score_raw": 13.2, "crime_decile": 8, "housing_norm": 96.1, "housing_score_raw": 57.66, "housing_decile": 1, "environment_norm": 36.6, "environment_score_raw": 21.96, "environment_decile": 7}, "geometry": {"type": "Polygon", "coordinates": [[[-0.144, 51.628], [-0.13296, 51.628], [-0.13296, 51.63904], [-0.144, 51.63904], [-0.144, 51.628]]]}}, {"type": "Feature", "properties": {"lsoa_code": "S1404", "overall_norm": 20.6, "overall_score_raw": 12.36, "overall_decile": 8, "income_norm": 64.1, "income_score_raw": 38.46, "income_decile": 4, "employment_norm": 51.0, "employment_score_raw": 30.6, "employment_decile": 5, "education_norm": 37.7, "education_score_raw": 22.62, "education_decile": 7, "health_norm": 56.2, "health_score_raw": 33.72, "health_decile": 5, "crime_norm": 33.2, "crime_score_raw": 19.92, "crime_decile": 7, "housing_norm": 97.3, "housing_score_raw": 58.38, "housing_decile": 1, "environment_norm": 41.4, "environment_score_raw": 24.84, "environment_decile": 6}, "geometry": {"type": "Polygon", "coordinates": [[[-0.132, 51.628], [-0.12096000000000001, 51.628], [-0.12096000000000001, 51.63904], [-0.132, 51.63904], [-0.132, 51.628]]]}}, {"type": "Feature", "properties": {"lsoa_code": "S1405", "overall_norm": 22.9, "overall_score_raw": 13.74, "overall_decile": 8, "income_norm": 68.5, "income_score_raw": 41.1, "income_decile": 4, "employment_norm": 50.4, "employment_score_raw": 30.24, "employment_decile": 5, "education_norm": 49.5, "education_score_raw": 29.7, "education_decile": 6, "health_norm": 67.7, "health_score_raw": 40.62, "health_decile": 4, "crime_norm": 43.0, "crime_score_raw": 25.8, "crime_decile": 6, "housing_norm": 94.8, "housing_score_raw": 56.88, "housing_decile": 1, "environment_norm": 45.9, "environment_score_raw": 27.54, "environment_decile": 6}, "geometry": {"type": "Polygon", "coordinates": [[[-0.12, 51.628], [-0.10896, 51.628], [-0.10896, 51.63904], [-0.12, 51.63904], [-0.12, 51.628]]]}}, {"type": "Feature", "properties": {"lsoa_code": "S1406", "overall_norm": 25.7, "overall_score_raw": 15.42, "overall_decile": 8, "income_norm": 70.5, "income_score_raw": 42.3, "income_decile": 3, "employment_norm": 49.1, "employment_score_raw": 29.46, "employment_decile": 6, "education_norm": 58.5, "education_score_raw": 35.1, "education_decile": 5, "health_norm": 76.3, "health_score_raw": 45.78, "health_decile": 3, "crime_norm": 49.6, "crime_score_raw": 29.76, "crime_decile": 6, "housing_norm": 89.1, "housing_score_raw": 53.46, "housing_decile": 2, "environment_norm": 49.9, "environment_score_raw": 29.94, "environment_decile": 6}, "geometry": {"type": "Polygon", "coordinates": [[[-0.10799999999999998, 51.628], [-0.09695999999999999, 51.628], [-0.09695999999999999, 51.63904], [-0.10799999999999998, 51.63904], [-0.10799999999999998, 51.628]]]}}, {"type": "Feature", "properties": {"lsoa_code": "S1407", "overall_norm": 28.9, "overall_score_raw": 17.34, "overall_decile": 8, "income_norm": 69.6, "income_score_raw": 41.76, "income_decile": 4, "employment_norm": 47.3, "employment_score_raw": 28.38, "employment_decile": 6, "education_norm": 62.7, "education_score_raw": 37.62, "education_decile": 4, "health_norm": 80.0, "health_score_raw": 48.0, "health_decile": 3, "crime_norm": 51.6, "crime_score_raw": 30.96, "crime_decile": 5, "housing_norm": 80.9, "housing_score_raw": 48.54, "housing_decile": 2, "environment_norm": 53.2, "environment_score_raw": 31.92, "environment_decile": 5}, "geometry": {"type": "Polygon", "coordinates": [[[-0.09599999999999999, 51.628], [-0.08495999999999998, 51.628], [-0.08495999999999998, 51.63904], [-0.09599999999999999, 51.63904], [-0.09599999999999999, 51.628]]]}}, {"type": "Feature", "properties": {"lsoa_code": "S1408", "overall_norm": 32.4, "overall_score_raw": 19.44, "overall_decile": 7, "income_norm": 66.2, "income_score_raw": 39.72, "income_decile": 4, "employment_norm": 44.9, "employment_score_raw": 26.94, "employment_decile": 6, "education_norm": 60.9, "education_score_raw": 36.54, "education_decile": 4, "health_norm": 78.0, "health_score_raw": 46.8, "health_decile": 3, "crime_norm": 48.5, "crime_score_raw": 29.1, "crime_decile": 6, "housing_norm": 71.5, "housing_score_raw": 42.9, "housing_decile": 3, "environment_norm": 55.7, "environment_score_raw": 33.42, "environment_decile": 5}, "geometry": {"type": "Polygon", "coordinates": [[[-0.08399999999999999, 51.628], [-0.07296, 51.628], [-0.07296, 51.63904], [-0.08399999999999999, 51.63904], [-0.08399999999999999, 51.628]]]}}, {"type": "Feature", "properties": {"lsoa_code": "S1409", "overall_norm": 36.2, "overall_score_raw": 21.72, "overall_decile": 7, "income_norm": 60.5, "income_score_raw": 36.3, "income_decile": 4, "employment_norm": 42.0, "employment_score_raw": 25.2, "employment_decile": 6, "education_norm": 53.6, "education_score_raw": 32.16, "education_decile": 5, "health_norm": 70.8, "health_score_raw": 42.48, "health_decile": 3, "crime_norm": 41.1, "crime_score_raw": 24.66, "crime_decile": 6, "housing_norm": 62.2, "housing_score_raw": 37.32, "housing_decile": 4, "environment_norm": 57.3, "environment_score_raw": 34.38, "environment_decile": 5}, "geometry": {"type": "Polygon", "coordinates": [[[-0.072, 51.628], [-0.06095999999999999, 51.628], [-0.06095999999999999, 51.63904], [-0.072, 51.63904], [-0.072, 51.628]]]}}, {"type": "Feature", "properties": {"lsoa_code": "S1410", "overall_norm": 40.1, "overall_score_raw": 24.06, "overall_decile": 6, "income_norm": 53.1, "income_score_raw": 31.86, "income_decile": 5, "employment_norm": 38.8, "employment_score_raw": 23.28, "employment_decile": 7, "education_norm": 42.6, "education_score_raw": 25.56, "education_decile": 6, "health_norm": 59.9, "health_score_raw": 35.94, "health_decile": 5, "crime_norm": 30.8, "crime_score_raw": 18.48, "crime_decile": 7, "housing_norm": 54.4, "housing_score_raw": 32.64, "housing_decile": 5, "environment_norm": 58.0, "environment_score_raw": 34.8, "environment_decile": 5}, "geometry": {"type": "Polygon", "coordinates": [[[-0.06, 51.628], [-0.04896, 51.628], [-0.04896, 51.63904], [-0.06, 51.63904], [-0.06, 51.628]]]}}, {"type": "Feature", "properties": {"lsoa_code": "S1411", "overall_norm": 44.0, "overall_score_raw": 26.4, "overall_decile": 6, "income_norm": 44.9, "income_score_raw": 26.94, "income_decile": 6, "employment_norm": 35.2, "employment_score_raw": 21.12, "employment_decile": 7, "education_norm": 30.5, "education_score_raw": 18.3, "education_decile": 7, "health_norm": 47.9, "health_score_raw": 28.74, "health_decile": 6, "crime_norm": 19.6, "crime_score_raw": 11.76, "crime_decile": 9, "housing_norm": 49.1, "housing_score_raw": 29.46, "housing_decile": 6, "environment_norm": 57.7, "environment_score_raw": 34.62, "environment_decile": 5}, "geometry": {"type": "Polygon", "coordinates": [[[-0.04799999999999999, 51.628], [-0.036959999999999986, 51.628], [-0.036959999999999986, 51.63904], [-0.04799999999999999, 51.63904], [-0.04799999999999999, 51.628]]]}}, {"type": "Feature", "properties": {"lsoa_code": "S1412", "overall_norm": 47.9, "overall_score_raw": 28.74, "overall_decile": 6, "income_norm": 36.8, "income_score_raw": 22.08, "income_decile": 7, "employment_norm": 31.4, "employment_score_raw": 18.84, "employment_decile": 7, "education_norm": 20.1, "education_score_raw": 12.06, "education_decile": 8, "health_norm": 37.6, "health_score_raw": 22.56, "health_decile": 7, "crime_norm": 9.8, "crime_score_raw": 5.88, "crime_decile": 10, "housing_norm": 47.3, "housing_score_raw": 28.38, "housing_decile": 6, "environment_norm": 56.4, "environment_score_raw": 33.84, "environment_decile": 5}, "geometry": {"type": "Polygon", "coordinates": [[[-0.035999999999999976, 51.628], [-0.024959999999999975, 51.628], [-0.024959999999999975, 51.63904], [-0.035999999999999976, 51.63904], [-0.035999999999999976, 51.628]]]}}, {"type": "Feature", "properties": {"lsoa_code": "S1413", "overall_norm": 51.7, "overall_score_raw": 31.02, "overall_decile": 5, "income_norm": 29.6, "income_score_raw": 17.76, "income_decile": 8, "employment_norm": 27.4, "employment_score_raw": 16.44, "employment_decile": 8, "education_norm": 13.8, "education_score_raw": 8.28, "education_decile": 9, "health_norm": 31.3, "health_score_raw": 18.78, "health_decile": 7, "crime_norm": 3.4, "crime_score_raw": 2.04, "crime_decile": 10, "housing_norm": 49.1, "housing_score_raw": 29.46, "housing_decile": 6, "environment_norm": 54.2, "environment_score_raw": 32.52, "environment_decile": 5}, "geometry": {"type": "Polygon", "coordinates": [[[-0.023999999999999994, 51.628], [-0.012959999999999992, 51.628], [-0.012959999999999992, 51.63904], [-0.023999999999999994, 51.63904], [-0.023999999999999994, 51.628]]]}}, {"type": "Feature", "properties": {"lsoa_code": "S1414", "overall_norm": 55.2, "overall_score_raw": 33.12, "overall_decile": 5, "income_norm": 24.2, "income_score_raw": 14.52, "income_decile": 8, "employment_norm": 23.5, "employment_score_raw": 14.1, "employment_decile": 8, "education_norm": 13.3, "education_score_raw": 7.98, "education_decile": 9, "health_norm": 30.5, "health_score_raw": 18.3, "health_decile": 7, "crime_norm": 1.7, "crime_score_raw": 1.02, "crime_decile": 10, "housing_norm": 54.3, "housing_score_raw": 32.58, "housing_decile": 5, "environment_norm": 51.1, "environment_score_raw": 30.66, "environment_decile": 5}, "geometry": {"type": "Polygon", "coordinates": [[[-0.011999999999999983, 51.628], [-0.0009599999999999817, 51.628], [-0.0009599999999999817, 51.63904], [-0.011999999999999983, 51.63904], [-0.011999999999999983, 51.628]]]}}, {"type": "Feature", "properties": {"lsoa_code": "S1415", "overall_norm": 58.4, "overall_score_raw": 35.04, "overall_decile": 5, "income_norm": 21.1, "income_score_raw": 12.66, "income_decile": 8, "employment_norm": 19.6, "employment_score_raw": 11.76, "employment_decile": 9, "education_norm": 18.5, "education_score_raw": 11.1, "education_decile": 9, "health_norm": 35.3, "health_score_raw": 21.18, "health_decile": 7, "crime_norm": 4.9, "crime_score_raw": 2.94, "crime_decile": 10, "housing_norm": 62.2, "housing_score_raw": 37.32, "housing_decile": 4, "environment_norm": 47.4, "environment_score_raw": 28.44, "environment_decile": 6}, "geometry": {"type": "Polygon", "coordinates": [[[0.0, 51.628], [0.011040000000000001, 51.628], [0.011040000000000001, 51.63904], [0.0, 51.63904], [0.0, 51.628]]]}}, {"type": "Feature", "properties": {"lsoa_code": "S1416", "overall_norm": 61.1, "overall_score_raw": 36.66, "overall_decile": 4, "income_norm": 20.7, "income_score_raw": 12.42, "income_decile": 8, "employment_norm": 15.8, "employment_score_raw": 9.48, "employment_decile": 9, "education_norm": 28.3, "education_score_raw": 16.98, "education_decile": 8, "health_norm": 44.7, "health_score_raw": 26.82, "health_decile": 6, "crime_norm": 12.4, "crime_score_raw": 7.44, "crime_decile": 9, "housing_norm": 71.5, "housing_score_raw": 42.9, "housing_decile": 3, "environment_norm": 43.0, "environment_score_raw": 25.8, "environment_decile": 6}, "geometry": {"type": "Polygon", "coordinates": [[[0.01200000000000001, 51.628], [0.023040000000000012, 51.628], [0.023040000000000012, 51.63904], [0.01200000000000001, 51.63904], [0.01200000000000001, 51.628]]]}}, {"type": "Feature", "properties": {"lsoa_code": "S1417", "overall_norm": 63.4, "overall_score_raw": 38.04, "overall_decile": 4, "income_norm": 23.0, "income_score_raw": 13.8, "income_decile": 8, "employment_norm": 12.3, "employment_score_raw": 7.38, "employment_decile": 9, "education_norm": 40.4, "education_score_raw": 24.24, "education_decile": 6, "health_norm": 56.4, "health_score_raw": 33.84, "health_decile": 5, "crime_norm": 22.8, "crime_score_raw": 13.68, "crime_decile": 8, "housing_norm": 80.9, "housing_score_raw": 48.54, "housing_decile": 2, "environment_norm": 38.3, "environment_score_raw": 22.98, "environment_decile": 7}, "geometry": {"type": "Polygon", "coordinates": [[[0.02400000000000002, 51.628], [0.03504000000000002, 51.628], [0.03504000000000002, 51.63904], [0.02400000000000002, 51.63904], [0.02400000000000002, 51.628]]]}}, {"type": "Feature", "properties": {"lsoa_code": "S1418", "overall_norm": 65.2, "overall_score_raw": 39.12, "overall_decile": 4, "income_norm": 27.7, "income_score_raw": 16.62, "income_decile": 8, "employment_norm": 9.2, "employment_score_raw": 5.52, "employment_decile": 10, "education_norm": 51.8, "education_score_raw": 31.08, "education_decile": 5, "health_norm": 67.9, "health_score_raw": 40.74, "health_decile": 4, "crime_norm": 34.0, "crime_score_raw": 20.4, "crime_decile": 7, "housing_norm": 89.1, "housing_score_raw": 53.46, "housing_decile": 2, "environment_norm": 33.4, "environment_score_raw": 20.04, "environment_decile": 7}, "geometry": {"type": "Polygon", "coordinates": [[[0.036000000000000004, 51.628], [0.047040000000000005, 51.628], [0.047040000000000005, 51.63904], [0.036000000000000004, 51.63904], [0.036000000000000004, 51.628]]]}}, {"type": "Feature", "properties": {"lsoa_code": "S1419", "overall_norm": 66.4, "overall_score_raw": 39.84, "overall_decile": 4, "income_norm": 34.5, "income_score_raw": 20.7, "income_decile": 7, "employment_norm": 6.5, "employment_score_raw": 3.9, "employment_decile": 10, "education_norm": 59.9, "education_score_raw": 35.94, "education_decile": 5, "health_norm": 76.4, "health_score_raw": 45.84, "health_decile": 3, "crime_norm": 43.7, "crime_score_raw": 26.22, "crime_decile": 6, "housing_norm": 94.8, "housing_score_raw": 56.88, "housing_decile": 1, "environment_norm": 28.5, "environment_score_raw": 17.1, "environment_decile": 8}, "geometry": {"type": "Polygon", "coordinates": [[[0.048000000000000015, 51.628], [0.059040000000000016, 51.628], [0.059040000000000016, 51.63904], [0.048000000000000015, 51.63904], [0.048000000000000015, 51.628]]]}}, {"type": "Feature", "properties": {"lsoa_code": "S1420", "overall_norm": 66.9, "overall_score_raw": 40.14, "overall_decile": 4, "income_norm": 42.4, "income_score_raw": 25.44, "income_decile": 6, "employment_norm": 4.3, "employment_score_raw": 2.58, "employment_decile": 10, "education_norm": 62.8, "education_score_raw": 37.68, "education_decile": 4, "health_norm": 80.1, "health_score_raw": 48.06, "health_decile": 2, "crime_norm": 49.9, "crime_score_raw": 29.94, "crime_decile": 6, "housing_norm": 97.3, "housing_score_raw": 58.38, "housing_decile": 1, "environment_norm": 23.7, "environment_score_raw": 14.22, "environment_decile": 8}, "geometry": {"type": "Polygon", "coordinates": [[[0.06, 51.628], [0.07103999999999999, 51.628], [0.07103999999999999, 51.63904], [0.06, 51.63904], [0.06, 51.628]]]}}, {"type": "Feature", "properties": {"lsoa_code": "S1421", "overall_norm": 66.9, "overall_score_raw": 40.14, "overall_decile": 4, "income_norm": 50.6, "income_score_raw": 30.36, "income_decile": 5, "employment_norm": 2.6, "employment_score_raw": 1.56, "employment_decile": 10, "education_norm": 59.7, "education_score_raw": 35.82, "education_decile": 5, "health_norm": 78.0, "health_score_raw": 46.8, "health_decile": 3, "crime_norm": 51.5, "crime_score_raw": 30.9, "crime_decile": 5, "housing_norm": 96.1, "housing_score_raw": 57.66, "housing_decile": 1, "environment_norm": 19.3, "environment_score_raw": 11.58, "environment_decile": 9}, "geometry": {"type": "Polygon", "coordinates": [[[0.07200000000000001, 51.628], [0.08304, 51.628], [0.08304, 51.63904], [0.07200000000000001, 51.63904], [0.07200000000000001, 51.628]]]}}, {"type": "Feature", "properties": {"lsoa_code": "S1422", "overall_norm": 66.2, "overall_score_raw": 39.72, "overall_decile": 4, "income_norm": 58.3, "income_score_raw": 34.98, "income_decile": 5, "employment_norm": 1.6, "employment_score_raw": 0.96, "employment_decile": 10, "education_norm": 51.5, "education_score_raw": 30.9, "education_decile": 5, "health_norm": 70.6, "health_score_raw": 42.36, "health_decile": 3, "crime_norm": 48.1, "crime_score_raw": 28.86, "crime_decile": 6, "housing_norm": 91.4, "housing_score_raw": 54.84, "housing_decile": 1, "environment_norm": 15.5, "environment_score_raw": 9.3, "environment_decile": 9}, "geometry": {"type": "Polygon", "coordinates": [[[0.08400000000000002, 51.628], [0.09504000000000001, 51.628], [0.09504000000000001, 51.63904], [0.08400000000000002, 51.63904], [0.08400000000000002, 51.628]]]}}, {"type": "Feature", "properties": {"lsoa_code": "S1423", "overall_norm": 64.9, "overall_score_raw": 38.94, "overall_decile": 4, "income_norm": 64.6, "income_score_raw": 38.76, "income_decile": 4, "employment_norm": 1.1, "employment_score_raw": 0.66, "employment_decile": 10, "education_norm": 40.0, "education_score_raw": 24.0, "education_decile": 7, "health_norm": 59.7, "health_score_raw": 35.82, "health_decile": 5, "crime_norm": 40.4, "crime_score_raw": 24.24, "crime_decile": 6, "housing_norm": 84.0, "housing_score_raw": 50.4, "housing_decile": 2, "environment_norm": 12.3, "environment_score_raw": 7.38, "environment_decile": 9}, "geometry": {"type": "Polygon", "coordinates": [[[0.09600000000000003, 51.628], [0.10704000000000002, 51.628], [0.10704000000000002, 51.63904], [0.09600000000000003, 51.63904], [0.09600000000000003, 51.628]]]}}, {"type": "Feature", "properties": {"lsoa_code": "S1500", "overall_norm": 10.8, "overall_score_raw": 6.48, "overall_decile": 9, "income_norm": 29.4, "income_score_raw": 17.64, "income_decile": 8, "employment_norm": 46.3, "employment_score_raw": 27.78, "employment_decile": 6, "education_norm": 9.2, "education_score_raw": 5.52, "education_decile": 10, "health_norm": 20.3, "health_score_raw": 12.18, "health_decile": 8, "crime_norm": 0.2, "crime_score_raw": 0.12, "crime_decile": 10, "housing_norm": 77.5, "housing_score_raw": 46.5, "housing_decile": 3, "environment_norm": 17.1, "environment_score_raw": 10.26, "environment_decile": 9}, "geometry": {"type": "Polygon", "coordinates": [[[-0.18, 51.64], [-0.16896, 51.64], [-0.16896, 51.65104], [-0.18, 51.65104], [-0.18, 51.64]]]}}, {"type": "Feature", "properties": {"lsoa_code": "S1501", "overall_norm": 10.8, "overall_score_raw": 6.48, "overall_decile": 9, "income_norm": 37.3, "income_score_raw": 22.38, "income_decile": 7, "employment_norm": 48.1, "employment_score_raw": 28.86, "employment_decile": 6, "education_norm": 7.3, "education_score_raw": 4.38, "education_decile": 10, "health_norm": 19.3, "health_score_raw": 11.58, "health_decile": 9, "crime_norm": 3.0, "crime_score_raw": 1.8, "crime_decile": 10, "housing_norm": 86.7, "housing_score_raw": 52.02, "housing_decile": 2, "environment_norm": 21.7, "environment_score_raw": 13.02, "environment_decile": 8}, "geometry": {"type": "Polygon", "coordinates": [[[-0.16799999999999998, 51.64], [-0.15696, 51.64], [-0.15696, 51.65104], [-0.16799999999999998, 51.65104], [-0.16799999999999998, 51.64]]]}}, {"type": "Feature", "properties": {"lsoa_code": "S1502", "overall_norm": 11.4, "overall_score_raw": 6.84, "overall_decile": 9, "income_norm": 45.5, "income_score_raw": 27.3, "income_decile": 6, "employment_norm": 49.3, "employment_score_raw": 29.58, "employment_decile": 6, "education_norm": 11.3, "education_score_raw": 6.78, "education_decile": 9, "health_norm": 24.0, "health_score_raw": 14.4, "health_decile": 8, "crime_norm": 10.3, "crime_score_raw": 6.18, "crime_decile": 9, "housing_norm": 94.1, "housing_score_raw": 56.46, "housing_decile": 1, "environment_norm": 26.6, "environment_score_raw": 15.96, "environment_decile": 8}, "geometry": {"type": "Polygon", "coordinates": [[[-0.156, 51.64], [-0.14496, 51.64], [-0.14496, 51.65104], [-0.156, 51.65104], [-0.156, 51.64]]]}}, {"type": "Feature", "properties": {"lsoa_code": "S1503", "overall_norm": 12.6, "overall_score_raw": 7.56, "overall_decile": 9, "income_norm": 53.3, "income_score_raw": 31.98, "income_decile": 5, "employment_norm": 50.0, "employment_score_raw": 30.0, "employment_decile": 6, "education_norm": 20.3, "education_score_raw": 12.18, "education_decile": 8, "health_norm": 33.3, "health_score_raw": 19.98, "health_decile": 7, "crime_norm": 20.6, "crime_score_raw": 12.36, "crime_decile": 8, "housing_norm": 98.8, "housing_score_raw": 59.28, "housing_decile": 1, "environment_norm": 31.6, "environment_score_raw": 18.96, "environment_decile": 7}, "geometry": {"type": "Polygon", "coordinates": [[[-0.144, 51.64], [-0.13296, 51.64], [-0.13296, 51.65104], [-0.144, 51.65104], [-0.144, 51.64]]]}}, {"type": "Feature", "properties": {"lsoa_code": "S1504", "overall_norm": 14.3, "overall_score_raw": 8.58, "overall_decile": 9, "income_norm": 59.8, "income_score_raw": 35.88, "income_decile": 5, "employment_norm": 49.9, "employment_score_raw": 29.94, "employment_decile": 6, "education_norm": 32.1, "education_score_raw": 19.26, "education_decile": 7, "health_norm": 45.1, "health_score_raw": 27.06, "health_decile": 6, "crime_norm": 31.8, "crime_score_raw": 19.08, "crime_decile": 7, "housing_norm": 99.9, "housing_score_raw": 59.94, "housing_decile": 1, "environment_norm": 36.4, "environment_score_raw": 21.84, "environment_decile": 7}, "geometry": {"type": "Polygon", "coordinates": [[[-0.132, 51.64], [-0.12096000000000001, 51.64], [-0.12096000000000001, 51.65104], [-0.132, 51.65104], [-0.132, 51.64]]]}}, {"type": "Feature", "properties": {"lsoa_code": "S1505", "overall_norm": 16.6, "overall_score_raw": 9.96, "overall_decile": 9, "income_norm": 64.3, "income_score_raw": 38.58, "income_decile": 4, "employment_norm": 49.3, "employment_score_raw": 29.58, "employment_decile": 6, "education_norm": 43.9, "education_score_raw": 26.34, "education_decile": 6, "health_norm": 56.6, "health_score_raw": 33.96, "health_decile": 5, "crime_norm": 41.6, "crime_score_raw": 24.96, "crime_decile": 6, "housing_norm": 97.5, "housing_score_raw": 58.5, "housing_decile": 1, "environment_norm": 40.9, "environment_score_raw": 24.54, "environment_decile": 6}, "geometry": {"type": "Polygon", "coordinates": [[[-0.12, 51.64], [-0.10896, 51.64], [-0.10896, 51.65104], [-0.12, 51.65104], [-0.12, 51.64]]]}}, {"type": "Feature", "properties": {"lsoa_code": "S1506", "overall_norm": 19.4, "overall_score_raw": 11.64, "overall_decile": 9, "income_norm": 66.2, "income_score_raw": 39.72, "income_decile": 4, "employment_norm": 48.0, "employment_score_raw": 28.8, "employment_decile": 6, "education_norm": 52.9, "education_score_raw": 31.74, "education_decile": 5, "health_norm": 65.2, "health_score_raw": 39.12, "health_decile": 4, "crime_norm": 48.2, "crime_score_raw": 28.92, "crime_decile": 6, "housing_norm": 91.8, "housing_score_raw": 55.08, "housing_decile": 1, "environment_norm": 44.8, "environment_score_raw": 26.88, "environment_decile": 6}, "geometry": {"type": "Polygon", "coordinates": [[[-0.10799999999999998, 51.64], [-0.09695999999999999, 51.64], [-0.09695999999999999, 51.65104], [-0.10799999999999998, 51.65104], [-0.10799999999999998, 51.64]]]}}, {"type": "Feature", "properties": {"lsoa_code": "S1507", "overall_norm": 22.6, "overall_score_raw": 13.56, "overall_decile": 8, "income_norm": 65.4, "income_score_raw": 39.24, "income_decile": 4, "employment_norm": 46.2, "employment_score_raw": 27.72, "employment_decile": 6, "education_norm": 57.1, "education_score_raw": 34.26, "education_decile": 5, "health_norm": 68.9, "health_score_raw": 41.34, "health_decile": 4, "crime_norm": 50.2, "crime_score_raw": 30.12, "crime_decile": 5, "housing_norm": 83.6, "housing_score_raw": 50.16, "housing_decile": 2, "environment_norm": 48.1, "environment_score_raw": 28.86, "environment_decile": 6}, "geometry": {"type": "Polygon", "coordinates": [[[-0.09599999999999999, 51.64], [-0.08495999999999998, 51.64], [-0.08495999999999998, 51.65104], [-0.09599999999999999, 51.65104], [-0.09599999999999999, 51.64]]]}}, {"type": "Feature", "properties": {"lsoa_code": "S1508", "overall_norm": 26.1, "overall_score_raw": 15.66, "overall_decile": 8, "income_norm": 61.9, "income_score_raw": 37.14, "income_decile": 4, "employment_norm": 43.8, "employment_score_raw": 26.28, "employment_decile": 6, "education_norm": 55.3, "education_score_raw": 33.18, "education_decile": 5, "health_norm": 66.9, "health_score_raw": 40.14, "health_decile": 4, "crime_norm": 47.1, "crime_score_raw": 28.26, "crime_decile": 6, "housing_norm": 74.2, "housing_score_raw": 44.52, "housing_decile": 3, "environment_norm": 50.7, "environment_score_raw": 30.42, "environment_decile": 5}, "geometry": {"type": "Polygon", "coordinates": [[[-0.08399999999999999, 51.64], [-0.07296, 51.64], [-0.07296, 51.65104], [-0.08399999999999999, 51.65104], [-0.08399999999999999, 51.64]]]}}, {"type": "Feature", "properties": {"lsoa_code": "S1509", "overall_norm": 29.9, "overall_score_raw": 17.94, "overall_decile": 8, "income_norm": 56.2, "income_score_raw": 33.72, "income_decile": 5, "employment_norm": 40.9, "employment_score_raw": 24.54, "employment_decile": 6, "education_norm": 48.0, "education_score_raw": 28.8, "education_decile": 6, "health_norm": 59.7, "health_score_raw": 35.82, "health_decile": 5, "crime_norm": 39.7, "crime_score_raw": 23.82, "crime_decile": 7, "housing_norm": 64.9, "housing_score_raw": 38.94, "housing_decile": 4, "environment_norm": 52.3, "environment_score_raw": 31.38, "environment_decile": 5}, "geometry": {"type": "Polygon", "coordinates": [[[-0.072, 51.64], [-0.06095999999999999, 51.64], [-0.06095999999999999, 51.65104], [-0.072, 51.65104], [-0.072, 51.64]]]}}, {"type": "Feature", "properties": {"lsoa_code": "S1510", "overall_norm": 33.8, "overall_score_raw": 20.28, "overall_decile": 7, "income_norm": 48.8, "income_score_raw": 29.28, "income_decile": 6, "employment_norm": 37.7, "employment_score_raw": 22.62, "employment_decile": 7, "education_norm": 37.0, "education_score_raw": 22.2, "education_decile": 7, "health_norm": 48.8, "health_score_raw": 29.28, "health_decile": 6, "crime_norm": 29.4, "crime_score_raw": 17.64, "crime_decile": 8, "housing_norm": 57.0, "housing_score_raw": 34.2, "housing_decile": 5, "environment_norm": 52.9, "environment_score_raw": 31.74, "environment_decile": 5}, "geometry": {"type": "Polygon", "coordinates": [[[-0.06, 51.64], [-0.04896, 51.64], [-0.04896, 51.65104], [-0.06, 51.65104], [-0.06, 51.64]]]}}, {"type": "Feature", "properties": {"lsoa_code": "S1511", "overall_norm": 37.8, "overall_score_raw": 22.68, "overall_decile": 7, "income_norm": 40.6, "income_score_raw": 24.36, "income_decile": 6, "employment_norm": 34.1, "employment_score_raw": 20.46, "employment_decile": 7, "education_norm": 24.9, "education_score_raw": 14.94, "education_decile": 8, "health_norm": 36.8, "health_score_raw": 22.08, "health_decile": 7, "crime_norm": 18.2, "crime_score_raw": 10.92, "crime_decile": 9, "housing_norm": 51.8, "housing_score_raw": 31.08, "housing_decile": 5, "environment_norm": 52.6, "environment_score_raw": 31.56, "environment_decile": 5}, "geometry": {"type": "Polygon", "coordinates": [[[-0.04799999999999999, 51.64], [-0.036959999999999986, 51.64], [-0.036959999999999986, 51.65104], [-0.04799999999999999, 51.65104], [-0.04799999999999999, 51.64]]]}}, {"type": "Feature", "properties": {"lsoa_code": "S1512", "overall_norm": 41.7, "overall_score_raw": 25.02, "overall_decile": 6, "income_norm": 32.5, "income_score_raw": 19.5, "income_decile": 7, "employment_norm": 30.3, "employment_score_raw": 18.18, "employment_decile": 7, "education_norm": 14.5, "education_score_raw": 8.7, "education_decile": 9, "health_norm": 26.5, "health_score_raw": 15.9, "health_decile": 8, "crime_norm": 8.4, "crime_score_raw": 5.04, "crime_decile": 10, "housing_norm": 50.0, "housing_score_raw": 30.0, "housing_decile": 6, "environment_norm": 51.3, "environment_score_raw": 30.78, "environment_decile": 5}, "geometry": {"type": "Polygon", "coordinates": [[[-0.035999999999999976, 51.64], [-0.024959999999999975, 51.64], [-0.024959999999999975, 51.65104], [-0.035999999999999976, 51.65104], [-0.035999999999999976, 51.64]]]}}, {"type": "Feature", "properties": {"lsoa_code": "S1513", "overall_norm": 45.4, "overall_score_raw": 27.24, "overall_decile": 6, "income_norm": 25.3, "income_score_raw": 15.18, "income_decile": 8, "employment_norm": 26.4, "employment_score_raw": 15.84, "employment_decile": 8, "education_norm": 8.2, "education_score_raw": 4.92, "education_decile": 10, "health_norm": 20.2, "health_score_raw": 12.12, "health_decile": 8, "crime_norm": 2.0, "crime_score_raw": 1.2, "crime_decile": 10, "housing_norm": 51.8, "housing_score_raw": 31.08, "housing_decile": 5, "environment_norm": 49.1, "environment_score_raw": 29.46, "environment_decile": 6}, "geometry": {"type": "Polygon", "coordinates": [[[-0.023999999999999994, 51.64], [-0.012959999999999992, 51.64], [-0.012959999999999992, 51.65104], [-0.023999999999999994, 51.65104], [-0.023999999999999994, 51.64]]]}}, {"type": "Feature", "properties": {"lsoa_code": "S1514", "overall_norm": 48.9, "overall_score_raw": 29.34, "overall_decile": 6, "income_norm": 19.9, "income_score_raw": 11.94, "income_decile": 9, "employment_norm": 22.4, "employment_score_raw": 13.44, "employment_decile": 8, "education_norm": 7.7, "education_score_raw": 4.62, "education_decile": 10, "health_norm": 19.4, "health_score_raw": 11.64, "health_decile": 9, "crime_norm": 0.2, "crime_score_raw": 0.12, "crime_decile": 10, "housing_norm": 57.0, "housing_score_raw": 34.2, "housing_decile": 5, "environment_norm": 46.1, "environment_score_raw": 27.66, "environment_decile": 6}, "geometry": {"type": "Polygon", "coordinates": [[[-0.011999999999999983, 51.64], [-0.0009599999999999817, 51.64], [-0.0009599999999999817, 51.65104], [-0.011999999999999983, 51.65104], [-0.011999999999999983, 51.64]]]}}, {"type": "Feature", "properties": {"lsoa_code": "S1515", "overall_norm": 52.1, "overall_score_raw": 31.26, "overall_decile": 5, "income_norm": 16.8, "income_score_raw": 10.08, "income_decile": 9, "employment_norm": 18.5, "employment_score_raw": 11.1, "employment_decile": 9, "education_norm": 12.9, "education_score_raw": 7.74, "education_decile": 9, "health_norm": 24.2, "health_score_raw": 14.52, "health_decile": 8, "crime_norm": 3.5, "crime_score_raw": 2.1, "crime_decile": 10, "housing_norm": 64.8, "housing_score_raw": 38.88, "housing_decile": 4, "environment_norm": 42.3, "environment_score_raw": 25.38, "environment_decile": 6}, "geometry": {"type": "Polygon", "coordinates": [[[0.0, 51.64], [0.011040000000000001, 51.64], [0.011040000000000001, 51.65104], [0.0, 51.65104], [0.0, 51.64]]]}}, {"type": "Feature", "properties": {"lsoa_code": "S1516", "overall_norm": 54.9, "overall_score_raw": 32.94, "overall_decile": 5, "income_norm": 16.4, "income_score_raw": 9.84, "income_decile": 9, "employment_norm": 14.7, "employment_score_raw": 8.82, "employment_decile": 9, "education_norm": 22.7, "education_score_raw": 13.62, "education_decile": 8, "health_norm": 33.5, "health_score_raw": 20.1, "health_decile": 7, "crime_norm": 11.0, "crime_score_raw": 6.6, "crime_decile": 9, "housing_norm": 74.1, "housing_score_raw": 44.46, "housing_decile": 3, "environment_norm": 38.0, "environment_score_raw": 22.8, "environment_decile": 7}, "geometry": {"type": "Polygon", "coordinates": [[[0.01200000000000001, 51.64], [0.023040000000000012, 51.64], [0.023040000000000012, 51.65104], [0.01200000000000001, 51.65104], [0.01200000000000001, 51.64]]]}}, {"type": "Feature", "properties": {"lsoa_code": "S1517", "overall_norm": 57.2, "overall_score_raw": 34.32, "overall_decile": 5, "income_norm": 18.7, "income_score_raw": 11.22, "income_decile": 9, "employment_norm": 11.2, "employment_score_raw": 6.72, "employment_decile": 9, "education_norm": 34.8, "education_score_raw": 20.88, "education_decile": 7, "health_norm": 45.3, "health_score_raw": 27.18, "health_decile": 6, "crime_norm": 21.4, "crime_score_raw": 12.84, "crime_decile": 8, "housing_norm": 83.6, "housing_score_raw": 50.16, "housing_decile": 2, "environment_norm": 33.3, "environment_score_raw": 19.98, "environment_decile": 7}, "geometry": {"type": "Polygon", "coordinates": [[[0.02400000000000002, 51.64], [0.03504000000000002, 51.64], [0.03504000000000002, 51.65104], [0.02400000000000002, 51.65104], [0.02400000000000002, 51.64]]]}}, {"type": "Feature", "properties": {"lsoa_code": "S1518", "overall_norm": 58.9, "overall_score_raw": 35.34, "overall_decile": 5, "income_norm": 23.5, "income_score_raw": 14.1, "income_decile": 8, "employment_norm": 8.1, "employment_score_raw": 4.86, "employment_decile": 10, "education_norm": 46.2, "education_score_raw": 27.72, "education_decile": 6, "health_norm": 56.8, "health_score_raw": 34.08, "health_decile": 5, "crime_norm": 32.6, "crime_score_raw": 19.56, "crime_decile": 7, "housing_norm": 91.8, "housing_score_raw": 55.08, "housing_decile": 1, "environment_norm": 28.4, "environment_score_raw": 17.04, "environment_decile": 8}, "geometry": {"type": "Polygon", "coordinates": [[[0.036000000000000004, 51.64], [0.047040000000000005, 51.64], [0.047040000000000005, 51.65104], [0.036000000000000004, 51.65104], [0.036000000000000004, 51.64]]]}}, {"type": "Feature", "properties": {"lsoa_code": "S1519", "overall_norm": 60.1, "overall_score_raw": 36.06, "overall_decile": 4, "income_norm": 30.2, "income_score_raw": 18.12, "income_decile": 7, "employment_norm": 5.4, "employment_score_raw": 3.24, "employment_decile": 10, "education_norm": 54.3, "education_score_raw": 32.58, "education_decile": 5, "health_norm": 65.3, "health_score_raw": 39.18, "health_decile": 4, "crime_norm": 42.3, "crime_score_raw": 25.38, "crime_decile": 6, "housing_norm": 97.5, "housing_score_raw": 58.5, "housing_decile": 1, "environment_norm": 23.4, "environment_score_raw": 14.04, "environment_decile": 8}, "geometry": {"type": "Polygon", "coordinates": [[[0.048000000000000015, 51.64], [0.059040000000000016, 51.64], [0.059040000000000016, 51.65104], [0.048000000000000015, 51.65104], [0.048000000000000015, 51.64]]]}}, {"type": "Feature", "properties": {"lsoa_code": "S1520", "overall_norm": 60.7, "overall_score_raw": 36.42, "overall_decile": 4, "income_norm": 38.1, "income_score_raw": 22.86, "income_decile": 7, "employment_norm": 3.2, "employment_score_raw": 1.92, "employment_decile": 10, "education_norm": 57.2, "education_score_raw": 34.32, "education_decile": 5, "health_norm": 68.9, "health_score_raw": 41.34, "health_decile": 4, "crime_norm": 48.5, "crime_score_raw": 29.1, "crime_decile": 6, "housing_norm": 99.9, "housing_score_raw": 59.94, "housing_decile": 1, "environment_norm": 18.7, "environment_score_raw": 11.22, "environment_decile": 9}, "geometry": {"type": "Polygon", "coordinates": [[[0.06, 51.64], [0.07103999999999999, 51.64], [0.07103999999999999, 51.65104], [0.06, 51.65104], [0.06, 51.64]]]}}, {"type": "Feature", "properties": {"lsoa_code": "S1521", "overall_norm": 60.6, "overall_score_raw": 36.36, "overall_decile": 4, "income_norm": 46.4, "income_score_raw": 27.84, "income_decile": 6, "employment_norm": 1.5, "employment_score_raw": 0.9, "employment_decile": 10, "education_norm": 54.1, "education_score_raw": 32.46, "education_decile": 5, "health_norm": 66.8, "health_score_raw": 40.08, "health_decile": 4, "crime_norm": 50.1, "crime_score_raw": 30.06, "crime_decile": 5, "housing_norm": 98.8, "housing_score_raw": 59.28, "housing_decile": 1, "environment_norm": 14.3, "environment_score_raw": 8.58, "environment_decile": 9}, "geometry": {"type": "Polygon", "coordinates": [[[0.07200000000000001, 51.64], [0.08304, 51.64], [0.08304, 51.65104], [0.07200000000000001, 51.65104], [0.07200000000000001, 51.64]]]}}, {"type": "Feature", "properties": {"lsoa_code": "S1522", "overall_norm": 59.9, "overall_score_raw": 35.94, "overall_decile": 5, "income_norm": 54.1, "income_score_raw": 32.46, "income_decile": 5, "employment_norm": 0.5, "employment_score_raw": 0.3, "employment_decile": 10, "education_norm": 45.9, "education_score_raw": 27.54, "education_decile": 6, "health_norm": 59.5, "health_score_raw": 35.7, "health_decile": 5, "crime_norm": 46.7, "crime_score_raw": 28.02, "crime_decile": 6, "housing_norm": 94.1, "housing_score_raw": 56.46, "housing_decile": 1, "environment_norm": 10.4, "environment_score_raw": 6.24, "environment_decile": 9}, "geometry": {"type": "Polygon", "coordinates": [[[0.08400000000000002, 51.64], [0.09504000000000001, 51.64], [0.09504000000000001, 51.65104], [0.08400000000000002, 51.65104], [0.08400000000000002, 51.64]]]}}, {"type": "Feature", "properties": {"lsoa_code": "S1523", "overall_norm": 58.6, "overall_score_raw": 35.16, "overall_decile": 5, "income_norm": 60.4, "income_score_raw": 36.24, "income_decile": 4, "employment_norm": 0.0, "employment_score_raw": 0.0, "employment_decile": 10, "education_norm": 34.4, "education_score_raw": 20.64, "education_decile": 7, "health_norm": 48.6, "health_score_raw": 29.16, "health_decile": 6, "crime_norm": 39.0, "crime_score_raw": 23.4, "crime_decile": 7, "housing_norm": 86.7, "housing_score_raw": 52.02, "housing_decile": 2, "environment_norm": 7.2, "environment_score_raw": 4.32, "environment_decile": 10}, "geometry": {"type": "Polygon", "coordinates": [[[0.09600000000000003, 51.64], [0.10704000000000002, 51.64], [0.10704000000000002, 51.65104], [0.09600000000000003, 51.65104], [0.09600000000000003, 51.64]]]}}, {"type": "Feature", "properties": {"lsoa_code": "S1600", "overall_norm": 5.7, "overall_score_raw": 3.42, "overall_decile": 10, "income_norm": 25.4, "income_score_raw": 15.24, "income_decile": 8, "employment_norm": 48.2, "employment_score_raw": 28.92, "employment_decile": 6, "education_norm": 5.0, "education_score_raw": 3.0, "education_decile": 10, "health_norm": 10.3, "health_score_raw": 6.18, "health_decile": 9, "crime_norm": 0.2, "crime_score_raw": 0.12, "crime_decile": 10, "housing_norm": 75.0, "housing_score_raw": 45.0, "housing_decile": 3, "environment_norm": 14.4, "environment_score_raw": 8.64, "environment_decile": 9}, "geometry": {"type": "Polygon", "coordinates": [[[-0.18, 51.652], [-0.16896, 51.652], [-0.16896, 51.66304], [-0.18, 51.66304], [-0.18, 51.652]]]}}, {"type": "Feature", "properties": {"lsoa_code": "S1601", "overall_norm": 5.6, "overall_score_raw": 3.36, "overall_decile": 10, "income_norm": 33.3, "income_score_raw": 19.98, "income_decile": 7, "employment_norm": 50.0, "employment_score_raw": 30.0, "employment_decile": 6, "education_norm": 3.1, "education_score_raw": 1.86, "education_decile": 10, "health_norm": 9.4, "health_score_raw": 5.64, "health_decile": 10, "crime_norm": 3.0, "crime_score_raw": 1.8, "crime_decile": 10, "housing_norm": 84.1, "housing_score_raw": 50.46, "housing_decile": 2, "environment_norm": 19.1, "environment_score_raw": 11.46, "environment_decile": 9}, "geometry": {"type": "Polygon", "coordinates": [[[-0.16799999999999998, 51.652], [-0.15696, 51.652], [-0.15696, 51.66304], [-0.16799999999999998, 51.66304], [-0.16799999999999998, 51.652]]]}}, {"type": "Feature", "properties": {"lsoa_code": "S1602", "overall_norm": 6.2, "overall_score_raw": 3.72, "overall_decile": 10, "income_norm": 41.5, "income_score_raw": 24.9, "income_decile": 6, "employment_norm": 51.2, "employment_score_raw": 30.72, "employment_decile": 5, "education_norm": 7.1, "education_score_raw": 4.26, "education_decile": 10, "health_norm": 14.1, "health_score_raw": 8.46, "health_decile": 9, "crime_norm": 10.3, "crime_score_raw": 6.18, "crime_decile": 9, "housing_norm": 91.6, "housing_score_raw": 54.96, "housing_decile": 1, "environment_norm": 24.0, "environment_score_raw": 14.4, "environment_decile": 8}, "geometry": {"type": "Polygon", "coordinates": [[[-0.156, 51.652], [-0.14496, 51.652], [-0.14496, 51.66304], [-0.156, 51.66304], [-0.156, 51.652]]]}}, {"type": "Feature", "properties": {"lsoa_code": "S1603", "overall_norm": 7.4, "overall_score_raw": 4.44, "overall_decile": 10, "income_norm": 49.3, "income_score_raw": 29.58, "income_decile": 6, "employment_norm": 51.8, "employment_score_raw": 31.08, "employment_decile": 5, "education_norm": 16.1, "education_score_raw": 9.66, "education_decile": 9, "health_norm": 23.4, "health_score_raw": 14.04, "health_decile": 8, "crime_norm": 20.6, "crime_score_raw": 12.36, "crime_decile": 8, "housing_norm": 96.2, "housing_score_raw": 57.72, "housing_decile": 1, "environment_norm": 29.0, "environment_score_raw": 17.4, "environment_decile": 8}, "geometry": {"type": "Polygon", "coordinates": [[[-0.144, 51.652], [-0.13296, 51.652], [-0.13296, 51.66304], [-0.144, 51.66304], [-0.144, 51.652]]]}}, {"type": "Feature", "properties": {"lsoa_code": "S1604", "overall_norm": 9.2, "overall_score_raw": 5.52, "overall_decile": 10, "income_norm": 55.8, "income_score_raw": 33.48, "income_decile": 5, "employment_norm": 51.8, "employment_score_raw": 31.08, "employment_decile": 5, "education_norm": 27.9, "education_score_raw": 16.74, "education_decile": 8, "health_norm": 35.2, "health_score_raw": 21.12, "health_decile": 7, "crime_norm": 31.8, "crime_score_raw": 19.08, "crime_decile": 7, "housing_norm": 97.4, "housing_score_raw": 58.44, "housing_decile": 1, "environment_norm": 33.8, "environment_score_raw": 20.28, "environment_decile": 7}, "geometry": {"type": "Polygon", "coordinates": [[[-0.132, 51.652], [-0.12096000000000001, 51.652], [-0.12096000000000001, 51.66304], [-0.132, 51.66304], [-0.132, 51.652]]]}}, {"type": "Feature", "properties": {"lsoa_code": "S1605", "overall_norm": 11.5, "overall_score_raw": 6.9, "overall_decile": 9, "income_norm": 60.3, "income_score_raw": 36.18, "income_decile": 4, "employment_norm": 51.2, "employment_score_raw": 30.72, "employment_decile": 5, "education_norm": 39.7, "education_score_raw": 23.82, "education_decile": 7, "health_norm": 46.7, "health_score_raw": 28.02, "health_decile": 6, "crime_norm": 41.6, "crime_score_raw": 24.96, "crime_decile": 6, "housing_norm": 95.0, "housing_score_raw": 57.0, "housing_decile": 1, "environment_norm": 38.2, "environment_score_raw": 22.92, "environment_decile": 7}, "geometry": {"type": "Polygon", "coordinates": [[[-0.12, 51.652], [-0.10896, 51.652], [-0.10896, 51.66304], [-0.12, 51.66304], [-0.12, 51.652]]]}}, {"type": "Feature", "properties": {"lsoa_code": "S1606", "overall_norm": 14.3, "overall_score_raw": 8.58, "overall_decile": 9, "income_norm": 62.2, "income_score_raw": 37.32, "income_decile": 4, "employment_norm": 49.9, "employment_score_raw": 29.94, "employment_decile": 6, "education_norm": 48.8, "education_score_raw": 29.28, "education_decile": 6, "health_norm": 55.3, "health_score_raw": 33.18, "health_decile": 5, "crime_norm": 48.2, "crime_score_raw": 28.92, "crime_decile": 6, "housing_norm": 89.2, "housing_score_raw": 53.52, "housing_decile": 2, "environment_norm": 42.2, "environment_score_raw": 25.32, "environment_decile": 6}, "geometry": {"type": "Polygon", "coordinates": [[[-0.10799999999999998, 51.652], [-0.09695999999999999, 51.652], [-0.09695999999999999, 51.66304], [-0.10799999999999998, 51.66304], [-0.10799999999999998, 51.652]]]}}, {"type": "Feature", "properties": {"lsoa_code": "S1607", "overall_norm": 17.5, "overall_score_raw": 10.5, "overall_decile": 9, "income_norm": 61.4, "income_score_raw": 36.84, "income_decile": 4, "employment_norm": 48.1, "employment_score_raw": 28.86, "employment_decile": 6, "education_norm": 52.9, "education_score_raw": 31.74, "education_decile": 5, "health_norm": 59.0, "health_score_raw": 35.4, "health_decile": 5, "crime_norm": 50.1, "crime_score_raw": 30.06, "crime_decile": 5, "housing_norm": 81.1, "housing_score_raw": 48.66, "housing_decile": 2, "environment_norm": 45.5, "environment_score_raw": 27.3, "environment_decile": 6}, "geometry": {"type": "Polygon", "coordinates": [[[-0.09599999999999999, 51.652], [-0.08495999999999998, 51.652], [-0.08495999999999998, 51.66304], [-0.09599999999999999, 51.66304], [-0.09599999999999999, 51.652]]]}}, {"type": "Feature", "properties": {"lsoa_code": "S1608", "overall_norm": 21.0, "overall_score_raw": 12.6, "overall_decile": 8, "income_norm": 57.9, "income_score_raw": 34.74, "income_decile": 5, "employment_norm": 45.7, "employment_score_raw": 27.42, "employment_decile": 6, "education_norm": 51.1, "education_score_raw": 30.66, "education_decile": 5, "health_norm": 57.0, "health_score_raw": 34.2, "health_decile": 5, "crime_norm": 47.1, "crime_score_raw": 28.26, "crime_decile": 6, "housing_norm": 71.6, "housing_score_raw": 42.96, "housing_decile": 3, "environment_norm": 48.0, "environment_score_raw": 28.8, "environment_decile": 6}, "geometry": {"type": "Polygon", "coordinates": [[[-0.08399999999999999, 51.652], [-0.07296, 51.652], [-0.07296, 51.66304], [-0.08399999999999999, 51.66304], [-0.08399999999999999, 51.652]]]}}, {"type": "Feature", "properties": {"lsoa_code": "S1609", "overall_norm": 24.8, "overall_score_raw": 14.88, "overall_decile": 8, "income_norm": 52.2, "income_score_raw": 31.32, "income_decile": 5, "employment_norm": 42.8, "employment_score_raw": 25.68, "employment_decile": 6, "education_norm": 43.9, "education_score_raw": 26.34, "education_decile": 6, "health_norm": 49.7, "health_score_raw": 29.82, "health_decile": 6, "crime_norm": 39.7, "crime_score_raw": 23.82, "crime_decile": 7, "housing_norm": 62.3, "housing_score_raw": 37.38, "housing_decile": 4, "environment_norm": 49.6, "environment_score_raw": 29.76, "environment_decile": 6}, "geometry": {"type": "Polygon", "coordinates": [[[-0.072, 51.652], [-0.06095999999999999, 51.652], [-0.06095999999999999, 51.66304], [-0.072, 51.66304], [-0.072, 51.652]]]}}, {"type": "Feature", "properties": {"lsoa_code": "S1610", "overall_norm": 28.7, "overall_score_raw": 17.22, "overall_decile": 8, "income_norm": 44.8, "income_score_raw": 26.88, "income_decile": 6, "employment_norm": 39.6, "employment_score_raw": 23.76, "employment_decile": 7, "education_norm": 32.9, "education_score_raw": 19.74, "education_decile": 7, "health_norm": 38.9, "health_score_raw": 23.34, "health_decile": 7, "crime_norm": 29.4, "crime_score_raw": 17.64, "crime_decile": 8, "housing_norm": 54.5, "housing_score_raw": 32.7, "housing_decile": 5, "environment_norm": 50.3, "environment_score_raw": 30.18, "environment_decile": 5}, "geometry": {"type": "Polygon", "coordinates": [[[-0.06, 51.652], [-0.04896, 51.652], [-0.04896, 51.66304], [-0.06, 51.66304], [-0.06, 51.652]]]}}, {"type": "Feature", "properties": {"lsoa_code": "S1611", "overall_norm": 32.6, "overall_score_raw": 19.56, "overall_decile": 7, "income_norm": 36.6, "income_score_raw": 21.96, "income_decile": 7, "employment_norm": 36.0, "employment_score_raw": 21.6, "employment_decile": 7, "education_norm": 20.7, "education_score_raw": 12.42, "education_decile": 8, "health_norm": 26.9, "health_score_raw": 16.14, "health_decile": 8, "crime_norm": 18.2, "crime_score_raw": 10.92, "crime_decile": 9, "housing_norm": 49.3, "housing_score_raw": 29.58, "housing_decile": 6, "environment_norm": 50.0, "environment_score_raw": 30.0, "environment_decile": 6}, "geometry": {"type": "Polygon", "coordinates": [[[-0.04799999999999999, 51.652], [-0.036959999999999986, 51.652], [-0.036959999999999986, 51.66304], [-0.04799999999999999, 51.66304], [-0.04799999999999999, 51.652]]]}}, {"type": "Feature", "properties": {"lsoa_code": "S1612", "overall_norm": 36.5, "overall_score_raw": 21.9, "overall_decile": 7, "income_norm": 28.5, "income_score_raw": 17.1, "income_decile": 8, "employment_norm": 32.2, "employment_score_raw": 19.32, "employment_decile": 7, "education_norm": 10.3, "education_score_raw": 6.18, "education_decile": 9, "health_norm": 16.6, "health_score_raw": 9.96, "health_decile": 9, "crime_norm": 8.4, "crime_score_raw": 5.04, "crime_decile": 10, "housing_norm": 47.5, "housing_score_raw": 28.5, "housing_decile": 6, "environment_norm": 48.7, "environment_score_raw": 29.22, "environment_decile": 6}, "geometry": {"type": "Polygon", "coordinates": [[[-0.035999999999999976, 51.652], [-0.024959999999999975, 51.652], [-0.024959999999999975, 51.66304], [-0.035999999999999976, 51.66304], [-0.035999999999999976, 51.652]]]}}, {"type": "Feature", "properties": {"lsoa_code": "S1613", "overall_norm": 40.3, "overall_score_raw": 24.18, "overall_decile": 6, "income_norm": 21.3, "income_score_raw": 12.78, "income_decile": 8, "employment_norm": 28.2, "employment_score_raw": 16.92, "employment_decile": 8, "education_norm": 4.1, "education_score_raw": 2.46, "education_decile": 10, "health_norm": 10.3, "health_score_raw": 6.18, "health_decile": 9, "crime_norm": 2.0, "crime_score_raw": 1.2, "crime_decile": 10, "housing_norm": 49.3, "housing_score_raw": 29.58, "housing_decile": 6, "environment_norm": 46.5, "environment_score_raw": 27.9, "environment_decile": 6}, "geometry": {"type": "Polygon", "coordinates": [[[-0.023999999999999994, 51.652], [-0.012959999999999992, 51.652], [-0.012959999999999992, 51.66304], [-0.023999999999999994, 51.66304], [-0.023999999999999994, 51.652]]]}}, {"type": "Feature", "properties": {"lsoa_code": "S1614", "overall_norm": 43.8, "overall_score_raw": 26.28, "overall_decile": 6, "income_norm": 15.9, "income_score_raw": 9.54, "income_decile": 9, "employment_norm": 24.2, "employment_score_raw": 14.52, "employment_decile": 8, "education_norm": 3.5, "education_score_raw": 2.1, "education_decile": 10, "health_norm": 9.4, "health_score_raw": 5.64, "health_decile": 10, "crime_norm": 0.2, "crime_score_raw": 0.12, "crime_decile": 10, "housing_norm": 54.5, "housing_score_raw": 32.7, "housing_decile": 5, "environment_norm": 43.4, "environment_score_raw": 26.04, "environment_decile": 6}, "geometry": {"type": "Polygon", "coordinates": [[[-0.011999999999999983, 51.652], [-0.0009599999999999817, 51.652], [-0.0009599999999999817, 51.66304], [-0.011999999999999983, 51.66304], [-0.011999999999999983, 51.652]]]}}, {"type": "Feature", "properties": {"lsoa_code": "S1615", "overall_norm": 47.0, "overall_score_raw": 28.2, "overall_decile": 6, "income_norm": 12.8, "income_score_raw": 7.68, "income_decile": 9, "employment_norm": 20.3, "employment_score_raw": 12.18, "employment_decile": 8, "education_norm": 8.8, "education_score_raw": 5.28, "education_decile": 10, "health_norm": 14.2, "health_score_raw": 8.52, "health_decile": 9, "crime_norm": 3.4, "crime_score_raw": 2.04, "crime_decile": 10, "housing_norm": 62.3, "housing_score_raw": 37.38, "housing_decile": 4, "environment_norm": 39.7, "environment_score_raw": 23.82, "environment_decile": 7}, "geometry": {"type": "Polygon", "coordinates": [[[0.0, 51.652], [0.011040000000000001, 51.652], [0.011040000000000001, 51.66304], [0.0, 51.66304], [0.0, 51.652]]]}}, {"type": "Feature", "properties": {"lsoa_code": "S1616", "overall_norm": 49.7, "overall_score_raw": 29.82, "overall_decile": 6, "income_norm": 12.4, "income_score_raw": 7.44, "income_decile": 9, "employment_norm": 16.6, "employment_score_raw": 9.96, "employment_decile": 9, "education_norm": 18.6, "education_score_raw": 11.16, "education_decile": 9, "health_norm": 23.6, "health_score_raw": 14.16, "health_decile": 8, "crime_norm": 11.0, "crime_score_raw": 6.6, "crime_decile": 9, "housing_norm": 71.6, "housing_score_raw": 42.96, "housing_decile": 3, "environment_norm": 35.4, "environment_score_raw": 21.24, "environment_decile": 7}, "geometry": {"type": "Polygon", "coordinates": [[[0.01200000000000001, 51.652], [0.023040000000000012, 51.652], [0.023040000000000012, 51.66304], [0.01200000000000001, 51.66304], [0.01200000000000001, 51.652]]]}}, {"type": "Feature", "properties": {"lsoa_code": "S1617", "overall_norm": 52.0, "overall_score_raw": 31.2, "overall_decile": 5, "income_norm": 14.7, "income_score_raw": 8.82, "income_decile": 9, "employment_norm": 13.1, "employment_score_raw": 7.86, "employment_decile": 9, "education_norm": 30.6, "education_score_raw": 18.36, "education_decile": 7, "health_norm": 35.4, "health_score_raw": 21.24, "health_decile": 7, "crime_norm": 21.4, "crime_score_raw": 12.84, "crime_decile": 8, "housing_norm": 81.1, "housing_score_raw": 48.66, "housing_decile": 2, "environment_norm": 30.6, "environment_score_raw": 18.36, "environment_decile": 7}, "geometry": {"type": "Polygon", "coordinates": [[[0.02400000000000002, 51.652], [0.03504000000000002, 51.652], [0.03504000000000002, 51.66304], [0.02400000000000002, 51.66304], [0.02400000000000002, 51.652]]]}}, {"type": "Feature", "properties": {"lsoa_code": "S1618", "overall_norm": 53.8, "overall_score_raw": 32.28, "overall_decile": 5, "income_norm": 19.5, "income_score_raw": 11.7, "income_decile": 9, "employment_norm": 10.0, "employment_score_raw": 6.0, "employment_decile": 10, "education_norm": 42.0, "education_score_raw": 25.2, "education_decile": 6, "health_norm": 46.8, "health_score_raw": 28.08, "health_decile": 6, "crime_norm": 32.6, "crime_score_raw": 19.56, "crime_decile": 7, "housing_norm": 89.2, "housing_score_raw": 53.52, "housing_decile": 2, "environment_norm": 25.7, "environment_score_raw": 15.42, "environment_decile": 8}, "geometry": {"type": "Polygon", "coordinates": [[[0.036000000000000004, 51.652], [0.047040000000000005, 51.652], [0.047040000000000005, 51.66304], [0.036000000000000004, 51.66304], [0.036000000000000004, 51.652]]]}}, {"type": "Feature", "properties": {"lsoa_code": "S1619", "overall_norm": 54.9, "overall_score_raw": 32.94, "overall_decile": 5, "income_norm": 26.2, "income_score_raw": 15.72, "income_decile": 8, "employment_norm": 7.3, "employment_score_raw": 4.38, "employment_decile": 10, "education_norm": 50.1, "education_score_raw": 30.06, "education_decile": 5, "health_norm": 55.4, "health_score_raw": 33.24, "health_decile": 5, "crime_norm": 42.2, "crime_score_raw": 25.32, "crime_decile": 6, "housing_norm": 95.0, "housing_score_raw": 57.0, "housing_decile": 1, "environment_norm": 20.8, "environment_score_raw": 12.48, "environment_decile": 8}, "geometry": {"type": "Polygon", "coordinates": [[[0.048000000000000015, 51.652], [0.059040000000000016, 51.652], [0.059040000000000016, 51.66304], [0.048000000000000015, 51.66304], [0.048000000000000015, 51.652]]]}}, {"type": "Feature", "properties": {"lsoa_code": "S1620", "overall_norm": 55.5, "overall_score_raw": 33.3, "overall_decile": 5, "income_norm": 34.1, "income_score_raw": 20.46, "income_decile": 7, "employment_norm": 5.1, "employment_score_raw": 3.06, "employment_decile": 10, "education_norm": 53.0, "education_score_raw": 31.8, "education_decile": 5, "health_norm": 59.0, "health_score_raw": 35.4, "health_decile": 5, "crime_norm": 48.5, "crime_score_raw": 29.1, "crime_decile": 6, "housing_norm": 97.4, "housing_score_raw": 58.44, "housing_decile": 1, "environment_norm": 16.0, "environment_score_raw": 9.6, "environment_decile": 9}, "geometry": {"type": "Polygon", "coordinates": [[[0.06, 51.652], [0.07103999999999999, 51.652], [0.07103999999999999, 51.66304], [0.06, 51.66304], [0.06, 51.652]]]}}, {"type": "Feature", "properties": {"lsoa_code": "S1621", "overall_norm": 55.5, "overall_score_raw": 33.3, "overall_decile": 5, "income_norm": 42.4, "income_score_raw": 25.44, "income_decile": 6, "employment_norm": 3.4, "employment_score_raw": 2.04, "employment_decile": 10, "education_norm": 49.9, "education_score_raw": 29.94, "education_decile": 6, "health_norm": 56.9, "health_score_raw": 34.14, "health_decile": 5, "crime_norm": 50.1, "crime_score_raw": 30.06, "crime_decile": 5, "housing_norm": 96.2, "housing_score_raw": 57.72, "housing_decile": 1, "environment_norm": 11.6, "environment_score_raw": 6.96, "environment_decile": 9}, "geometry": {"type": "Polygon", "coordinates": [[[0.07200000000000001, 51.652], [0.08304, 51.652], [0.08304, 51.66304], [0.07200000000000001, 51.66304], [0.07200000000000001, 51.652]]]}}, {"type": "Feature", "properties": {"lsoa_code": "S1622", "overall_norm": 54.8, "overall_score_raw": 32.88, "overall_decile": 5, "income_norm": 50.1, "income_score_raw": 30.06, "income_decile": 5, "employment_norm": 2.4, "employment_score_raw": 1.44, "employment_decile": 10, "education_norm": 41.7, "education_score_raw": 25.02, "education_decile": 6, "health_norm": 49.6, "health_score_raw": 29.76, "health_decile": 6, "crime_norm": 46.7, "crime_score_raw": 28.02, "crime_decile": 6, "housing_norm": 91.6, "housing_score_raw": 54.96, "housing_decile": 1, "environment_norm": 7.8, "environment_score_raw": 4.68, "environment_decile": 10}, "geometry": {"type": "Polygon", "coordinates": [[[0.08400000000000002, 51.652], [0.09504000000000001, 51.652], [0.09504000000000001, 51.66304], [0.08400000000000002, 51.66304], [0.08400000000000002, 51.652]]]}}, {"type": "Feature", "properties": {"lsoa_code": "S1623", "overall_norm": 53.5, "overall_score_raw": 32.1, "overall_decile": 5, "income_norm": 56.4, "income_score_raw": 33.84, "income_decile": 5, "employment_norm": 1.9, "employment_score_raw": 1.14, "employment_decile": 10, "education_norm": 30.2, "education_score_raw": 18.12, "education_decile": 7, "health_norm": 38.7, "health_score_raw": 23.22, "health_decile": 7, "crime_norm": 39.0, "crime_score_raw": 23.4, "crime_decile": 7, "housing_norm": 84.2, "housing_score_raw": 50.52, "housing_decile": 2, "environment_norm": 4.6, "environment_score_raw": 2.76, "environment_decile": 10}, "geometry": {"type": "Polygon", "coordinates": [[[0.09600000000000003, 51.652], [0.10704000000000002, 51.652], [0.10704000000000002, 51.66304], [0.09600000000000003, 51.66304], [0.09600000000000003, 51.652]]]}}, {"type": "Feature", "properties": {"lsoa_code": "S1700", "overall_norm": 2.1, "overall_score_raw": 1.26, "overall_decile": 10, "income_norm": 21.8, "income_score_raw": 13.08, "income_decile": 8, "employment_norm": 52.8, "employment_score_raw": 31.68, "employment_decile": 5, "education_norm": 2.5, "education_score_raw": 1.5, "education_decile": 10, "health_norm": 3.6, "health_score_raw": 2.16, "health_decile": 10, "crime_norm": 1.6, "crime_score_raw": 0.96, "crime_decile": 10, "housing_norm": 67.8, "housing_score_raw": 40.68, "housing_decile": 4, "environment_norm": 14.5, "environment_score_raw": 8.7, "environment_decile": 9}, "geometry": {"type": "Polygon", "coordinates": [[[-0.18, 51.664], [-0.16896, 51.664], [-0.16896, 51.67504], [-0.18, 51.67504], [-0.18, 51.664]]]}}, {"type": "Feature", "properties": {"lsoa_code": "S1701", "overall_norm": 2.0, "overall_score_raw": 1.2, "overall_decile": 10, "income_norm": 29.7, "income_score_raw": 17.82, "income_decile": 8, "employment_norm": 54.6, "employment_score_raw": 32.76, "employment_decile": 5, "education_norm": 0.7, "education_score_raw": 0.42, "education_decile": 10, "health_norm": 2.6, "health_score_raw": 1.56, "health_decile": 10, "crime_norm": 4.5, "crime_score_raw": 2.7, "crime_decile": 10, "housing_norm": 76.9, "housing_score_raw": 46.14, "housing_decile": 3, "environment_norm": 19.2, "environment_score_raw": 11.52, "environment_decile": 9}, "geometry": {"type": "Polygon", "coordinates": [[[-0.16799999999999998, 51.664], [-0.15696, 51.664], [-0.15696, 51.67504], [-0.16799999999999998, 51.67504], [-0.16799999999999998, 51.664]]]}}, {"type": "Feature", "properties": {"lsoa_code": "S1702", "overall_norm": 2.6, "overall_score_raw": 1.56, "overall_decile": 10, "income_norm": 37.9, "income_score_raw": 22.74, "income_decile": 7, "employment_norm": 55.8, "employment_score_raw": 33.48, "employment_decile": 5, "education_norm": 4.7, "education_score_raw": 2.82, "education_decile": 10, "health_norm": 7.3, "health_score_raw": 4.38, "health_decile": 10, "crime_norm": 11.7, "crime_score_raw": 7.02, "crime_decile": 9, "housing_norm": 84.4, "housing_score_raw": 50.64, "housing_decile": 2, "environment_norm": 24.1, "environment_score_raw": 14.46, "environment_decile": 8}, "geometry": {"type": "Polygon", "coordinates": [[[-0.156, 51.664], [-0.14496, 51.664], [-0.14496, 51.67504], [-0.156, 51.67504], [-0.156, 51.664]]]}}, {"type": "Feature", "properties": {"lsoa_code": "S1703", "overall_norm": 3.8, "overall_score_raw": 2.28, "overall_decile": 10, "income_norm": 45.7, "income_score_raw": 27.42, "income_decile": 6, "employment_norm": 56.4, "employment_score_raw": 33.84, "employment_decile": 5, "education_norm": 13.7, "education_score_raw": 8.22, "education_decile": 9, "health_norm": 16.6, "health_score_raw": 9.96, "health_decile": 9, "crime_norm": 22.0, "crime_score_raw": 13.2, "crime_decile": 8, "housing_norm": 89.0, "housing_score_raw": 53.4, "housing_decile": 2, "environment_norm": 29.0, "environment_score_raw": 17.4, "environment_decile": 8}, "geometry": {"type": "Polygon", "coordinates": [[[-0.144, 51.664], [-0.13296, 51.664], [-0.13296, 51.67504], [-0.144, 51.67504], [-0.144, 51.664]]]}}, {"type": "Feature", "properties": {"lsoa_code": "S1704", "overall_norm": 5.6, "overall_score_raw": 3.36, "overall_decile": 10, "income_norm": 52.2, "income_score_raw": 31.32, "income_decile": 5, "employment_norm": 56.4, "employment_score_raw": 33.84, "employment_decile": 5, "education_norm": 25.5, "education_score_raw": 15.3, "education_decile": 8, "health_norm": 28.4, "health_score_raw": 17.04, "health_decile": 8, "crime_norm": 33.2, "crime_score_raw": 19.92, "crime_decile": 7, "housing_norm": 90.2, "housing_score_raw": 54.12, "housing_decile": 1, "environment_norm": 33.8, "environment_score_raw": 20.28, "environment_decile": 7}, "geometry": {"type": "Polygon", "coordinates": [[[-0.132, 51.664], [-0.12096000000000001, 51.664], [-0.12096000000000001, 51.67504], [-0.132, 51.67504], [-0.132, 51.664]]]}}, {"type": "Feature", "properties": {"lsoa_code": "S1705", "overall_norm": 7.9, "overall_score_raw": 4.74, "overall_decile": 10, "income_norm": 56.6, "income_score_raw": 33.96, "income_decile": 5, "employment_norm": 55.8, "employment_score_raw": 33.48, "employment_decile": 5, "education_norm": 37.3, "education_score_raw": 22.38, "education_decile": 7, "health_norm": 39.9, "health_score_raw": 23.94, "health_decile": 7, "crime_norm": 43.0, "crime_score_raw": 25.8, "crime_decile": 6, "housing_norm": 87.8, "housing_score_raw": 52.68, "housing_decile": 2, "environment_norm": 38.3, "environment_score_raw": 22.98, "environment_decile": 7}, "geometry": {"type": "Polygon", "coordinates": [[[-0.12, 51.664], [-0.10896, 51.664], [-0.10896, 51.67504], [-0.12, 51.67504], [-0.12, 51.664]]]}}, {"type": "Feature", "properties": {"lsoa_code": "S1706", "overall_norm": 10.7, "overall_score_raw": 6.42, "overall_decile": 9, "income_norm": 58.6, "income_score_raw": 35.16, "income_decile": 5, "employment_norm": 54.5, "employment_score_raw": 32.7, "employment_decile": 5, "education_norm": 46.3, "education_score_raw": 27.78, "education_decile": 6, "health_norm": 48.5, "health_score_raw": 29.1, "health_decile": 6, "crime_norm": 49.6, "crime_score_raw": 29.76, "crime_decile": 6, "housing_norm": 82.0, "housing_score_raw": 49.2, "housing_decile": 2, "environment_norm": 42.3, "environment_score_raw": 25.38, "environment_decile": 6}, "geometry": {"type": "Polygon", "coordinates": [[[-0.10799999999999998, 51.664], [-0.09695999999999999, 51.664], [-0.09695999999999999, 51.67504], [-0.10799999999999998, 51.67504], [-0.10799999999999998, 51.664]]]}}, {"type": "Feature", "properties": {"lsoa_code": "S1707", "overall_norm": 13.9, "overall_score_raw": 8.34, "overall_decile": 9, "income_norm": 57.8, "income_score_raw": 34.68, "income_decile": 5, "employment_norm": 52.7, "employment_score_raw": 31.62, "employment_decile": 5, "education_norm": 50.4, "education_score_raw": 30.24, "education_decile": 5, "health_norm": 52.2, "health_score_raw": 31.32, "health_decile": 5, "crime_norm": 51.6, "crime_score_raw": 30.96, "crime_decile": 5, "housing_norm": 73.9, "housing_score_raw": 44.34, "housing_decile": 3, "environment_norm": 45.6, "environment_score_raw": 27.36, "environment_decile": 6}, "geometry": {"type": "Polygon", "coordinates": [[[-0.09599999999999999, 51.664], [-0.08495999999999998, 51.664], [-0.08495999999999998, 51.67504], [-0.09599999999999999, 51.67504], [-0.09599999999999999, 51.664]]]}}, {"type": "Feature", "properties": {"lsoa_code": "S1708", "overall_norm": 17.4, "overall_score_raw": 10.44, "overall_decile": 9, "income_norm": 54.3, "income_score_raw": 32.58, "income_decile": 5, "employment_norm": 50.3, "employment_score_raw": 30.18, "employment_decile": 5, "education_norm": 48.7, "education_score_raw": 29.22, "education_decile": 6, "health_norm": 50.2, "health_score_raw": 30.12, "health_decile": 5, "crime_norm": 48.5, "crime_score_raw": 29.1, "crime_decile": 6, "housing_norm": 64.4, "housing_score_raw": 38.64, "housing_decile": 4, "environment_norm": 48.1, "environment_score_raw": 28.86, "environment_decile": 6}, "geometry": {"type": "Polygon", "coordinates": [[[-0.08399999999999999, 51.664], [-0.07296, 51.664], [-0.07296, 51.67504], [-0.08399999999999999, 51.67504], [-0.08399999999999999, 51.664]]]}}, {"type": "Feature", "properties": {"lsoa_code": "S1709", "overall_norm": 21.2, "overall_score_raw": 12.72, "overall_decile": 8, "income_norm": 48.6, "income_score_raw": 29.16, "income_decile": 6, "employment_norm": 47.4, "employment_score_raw": 28.44, "employment_decile": 6, "education_norm": 41.4, "education_score_raw": 24.84, "education_decile": 6, "health_norm": 43.0, "health_score_raw": 25.8, "health_decile": 6, "crime_norm": 41.1, "crime_score_raw": 24.66, "crime_decile": 6, "housing_norm": 55.1, "housing_score_raw": 33.06, "housing_decile": 5, "environment_norm": 49.7, "environment_score_raw": 29.82, "environment_decile": 6}, "geometry": {"type": "Polygon", "coordinates": [[[-0.072, 51.664], [-0.06095999999999999, 51.664], [-0.06095999999999999, 51.67504], [-0.072, 51.67504], [-0.072, 51.664]]]}}, {"type": "Feature", "properties": {"lsoa_code": "S1710", "overall_norm": 25.1, "overall_score_raw": 15.06, "overall_decile": 8, "income_norm": 41.2, "income_score_raw": 24.72, "income_decile": 6, "employment_norm": 44.2, "employment_score_raw": 26.52, "employment_decile": 6, "education_norm": 30.4, "education_score_raw": 18.24, "education_decile": 7, "health_norm": 32.1, "health_score_raw": 19.26, "health_decile": 7, "crime_norm": 30.8, "crime_score_raw": 18.48, "crime_decile": 7, "housing_norm": 47.3, "housing_score_raw": 28.38, "housing_decile": 6, "environment_norm": 50.4, "environment_score_raw": 30.24, "environment_decile": 5}, "geometry": {"type": "Polygon", "coordinates": [[[-0.06, 51.664], [-0.04896, 51.664], [-0.04896, 51.67504], [-0.06, 51.67504], [-0.06, 51.664]]]}}, {"type": "Feature", "properties": {"lsoa_code": "S1711", "overall_norm": 29.0, "overall_score_raw": 17.4, "overall_decile": 8, "income_norm": 33.0, "income_score_raw": 19.8, "income_decile": 7, "employment_norm": 40.6, "employment_score_raw": 24.36, "employment_decile": 6, "education_norm": 18.3, "education_score_raw": 10.98, "education_decile": 9, "health_norm": 20.1, "health_score_raw": 12.06, "health_decile": 8, "crime_norm": 19.6, "crime_score_raw": 11.76, "crime_decile": 9, "housing_norm": 42.1, "housing_score_raw": 25.26, "housing_decile": 6, "environment_norm": 50.0, "environment_score_raw": 30.0, "environment_decile": 6}, "geometry": {"type": "Polygon", "coordinates": [[[-0.04799999999999999, 51.664], [-0.036959999999999986, 51.664], [-0.036959999999999986, 51.67504], [-0.04799999999999999, 51.67504], [-0.04799999999999999, 51.664]]]}}, {"type": "Feature", "properties": {"lsoa_code": "S1712", "overall_norm": 32.9, "overall_score_raw": 19.74, "overall_decile": 7, "income_norm": 24.9, "income_score_raw": 14.94, "income_decile": 8, "employment_norm": 36.8, "employment_score_raw": 22.08, "employment_decile": 7, "education_norm": 7.8, "education_score_raw": 4.68, "education_decile": 10, "health_norm": 9.8, "health_score_raw": 5.88, "health_decile": 10, "crime_norm": 9.8, "crime_score_raw": 5.88, "crime_decile": 10, "housing_norm": 40.3, "housing_score_raw": 24.18, "housing_decile": 6, "environment_norm": 48.8, "environment_score_raw": 29.28, "environment_decile": 6}, "geometry": {"type": "Polygon", "coordinates": [[[-0.035999999999999976, 51.664], [-0.024959999999999975, 51.664], [-0.024959999999999975, 51.67504], [-0.035999999999999976, 51.67504], [-0.035999999999999976, 51.664]]]}}, {"type": "Feature", "properties": {"lsoa_code": "S1713", "overall_norm": 36.7, "overall_score_raw": 22.02, "overall_decile": 7, "income_norm": 17.7, "income_score_raw": 10.62, "income_decile": 9, "employment_norm": 32.8, "employment_score_raw": 19.68, "employment_decile": 7, "education_norm": 1.6, "education_score_raw": 0.96, "education_decile": 10, "health_norm": 3.5, "health_score_raw": 2.1, "health_decile": 10, "crime_norm": 3.4, "crime_score_raw": 2.04, "crime_decile": 10, "housing_norm": 42.1, "housing_score_raw": 25.26, "housing_decile": 6, "environment_norm": 46.5, "environment_score_raw": 27.9, "environment_decile": 6}, "geometry": {"type": "Polygon", "coordinates": [[[-0.023999999999999994, 51.664], [-0.012959999999999992, 51.664], [-0.012959999999999992, 51.67504], [-0.023999999999999994, 51.67504], [-0.023999999999999994, 51.664]]]}}, {"type": "Feature", "properties": {"lsoa_code": "S1714", "overall_norm": 40.2, "overall_score_raw": 24.12, "overall_decile": 6, "income_norm": 12.3, "income_score_raw": 7.38, "income_decile": 9, "employment_norm": 28.9, "employment_score_raw": 17.34, "employment_decile": 8, "education_norm": 1.1, "education_score_raw": 0.66, "education_decile": 10, "health_norm": 2.6, "health_score_raw": 1.56, "health_decile": 10, "crime_norm": 1.6, "crime_score_raw": 0.96, "crime_decile": 10, "housing_norm": 47.3, "housing_score_raw": 28.38, "housing_decile": 6, "environment_norm": 43.5, "environment_score_raw": 26.1, "environment_decile": 6}, "geometry": {"type": "Polygon", "coordinates": [[[-0.011999999999999983, 51.664], [-0.0009599999999999817, 51.664], [-0.0009599999999999817, 51.67504], [-0.011999999999999983, 51.67504], [-0.011999999999999983, 51.664]]]}}, {"type": "Feature", "properties": {"lsoa_code": "S1715", "overall_norm": 43.4, "overall_score_raw": 26.04, "overall_decile": 6, "income_norm": 9.2, "income_score_raw": 5.52, "income_decile": 10, "employment_norm": 25.0, "employment_score_raw": 15.0, "employment_decile": 8, "education_norm": 6.3, "education_score_raw": 3.78, "education_decile": 10, "health_norm": 7.5, "health_score_raw": 4.5, "health_decile": 10, "crime_norm": 4.9, "crime_score_raw": 2.94, "crime_decile": 10, "housing_norm": 55.1, "housing_score_raw": 33.06, "housing_decile": 5, "environment_norm": 39.7, "environment_score_raw": 23.82, "environment_decile": 7}, "geometry": {"type": "Polygon", "coordinates": [[[0.0, 51.664], [0.011040000000000001, 51.664], [0.011040000000000001, 51.67504], [0.0, 51.67504], [0.0, 51.664]]]}}, {"type": "Feature", "properties": {"lsoa_code": "S1716", "overall_norm": 46.1, "overall_score_raw": 27.66, "overall_decile": 6, "income_norm": 8.8, "income_score_raw": 5.28, "income_decile": 10, "employment_norm": 21.2, "employment_score_raw": 12.72, "employment_decile": 8, "education_norm": 16.1, "education_score_raw": 9.66, "education_decile": 9, "health_norm": 16.8, "health_score_raw": 10.08, "health_decile": 9, "crime_norm": 12.4, "crime_score_raw": 7.44, "crime_decile": 9, "housing_norm": 64.4, "housing_score_raw": 38.64, "housing_decile": 4, "environment_norm": 35.4, "environment_score_raw": 21.24, "environment_decile": 7}, "geometry": {"type": "Polygon", "coordinates": [[[0.01200000000000001, 51.664], [0.023040000000000012, 51.664], [0.023040000000000012, 51.67504], [0.01200000000000001, 51.67504], [0.01200000000000001, 51.664]]]}}, {"type": "Feature", "properties": {"lsoa_code": "S1717", "overall_norm": 48.4, "overall_score_raw": 29.04, "overall_decile": 6, "income_norm": 11.1, "income_score_raw": 6.66, "income_decile": 9, "employment_norm": 17.7, "employment_score_raw": 10.62, "employment_decile": 9, "education_norm": 28.2, "education_score_raw": 16.92, "education_decile": 8, "health_norm": 28.6, "health_score_raw": 17.16, "health_decile": 8, "crime_norm": 22.8, "crime_score_raw": 13.68, "crime_decile": 8, "housing_norm": 73.8, "housing_score_raw": 44.28, "housing_decile": 3, "environment_norm": 30.7, "environment_score_raw": 18.42, "environment_decile": 7}, "geometry": {"type": "Polygon", "coordinates": [[[0.02400000000000002, 51.664], [0.03504000000000002, 51.664], [0.03504000000000002, 51.67504], [0.02400000000000002, 51.67504], [0.02400000000000002, 51.664]]]}}, {"type": "Feature", "properties": {"lsoa_code": "S1718", "overall_norm": 50.2, "overall_score_raw": 30.12, "overall_decile": 5, "income_norm": 15.9, "income_score_raw": 9.54, "income_decile": 9, "employment_norm": 14.6, "employment_score_raw": 8.76, "employment_decile": 9, "education_norm": 39.6, "education_score_raw": 23.76, "education_decile": 7, "health_norm": 40.1, "health_score_raw": 24.06, "health_decile": 6, "crime_norm": 34.0, "crime_score_raw": 20.4, "crime_decile": 7, "housing_norm": 82.0, "housing_score_raw": 49.2, "housing_decile": 2, "environment_norm": 25.8, "environment_score_raw": 15.48, "environment_decile": 8}, "geometry": {"type": "Polygon", "coordinates": [[[0.036000000000000004, 51.664], [0.047040000000000005, 51.664], [0.047040000000000005, 51.67504], [0.036000000000000004, 51.67504], [0.036000000000000004, 51.664]]]}}, {"type": "Feature", "properties": {"lsoa_code": "S1719", "overall_norm": 51.3, "overall_score_raw": 30.78, "overall_decile": 5, "income_norm": 22.6, "income_score_raw": 13.56, "income_decile": 8, "employment_norm": 11.9, "employment_score_raw": 7.14, "employment_decile": 9, "education_norm": 47.7, "education_score_raw": 28.62, "education_decile": 6, "health_norm": 48.6, "health_score_raw": 29.16, "health_decile": 6, "crime_norm": 43.7, "crime_score_raw": 26.22, "crime_decile": 6, "housing_norm": 87.8, "housing_score_raw": 52.68, "housing_decile": 2, "environment_norm": 20.9, "environment_score_raw": 12.54, "environment_decile": 8}, "geometry": {"type": "Polygon", "coordinates": [[[0.048000000000000015, 51.664], [0.059040000000000016, 51.664], [0.059040000000000016, 51.67504], [0.048000000000000015, 51.67504], [0.048000000000000015, 51.664]]]}}, {"type": "Feature", "properties": {"lsoa_code": "S1720", "overall_norm": 51.9, "overall_score_raw": 31.14, "overall_decile": 5, "income_norm": 30.5, "income_score_raw": 18.3, "income_decile": 7, "employment_norm": 9.7, "employment_score_raw": 5.82, "employment_decile": 10, "education_norm": 50.6, "education_score_raw": 30.36, "education_decile": 5, "health_norm": 52.2, "health_score_raw": 31.32, "health_decile": 5, "crime_norm": 49.9, "crime_score_raw": 29.94, "crime_decile": 6, "housing_norm": 90.2, "housing_score_raw": 54.12, "housing_decile": 1, "environment_norm": 16.1, "environment_score_raw": 9.66, "environment_decile": 9}, "geometry": {"type": "Polygon", "coordinates": [[[0.06, 51.664], [0.07103999999999999, 51.664], [0.07103999999999999, 51.67504], [0.06, 51.67504], [0.06, 51.664]]]}}, {"type": "Feature", "properties": {"lsoa_code": "S1721", "overall_norm": 51.8, "overall_score_raw": 31.08, "overall_decile": 5, "income_norm": 38.8, "income_score_raw": 23.28, "income_decile": 7, "employment_norm": 8.0, "employment_score_raw": 4.8, "employment_decile": 10, "education_norm": 47.5, "education_score_raw": 28.5, "education_decile": 6, "health_norm": 50.1, "health_score_raw": 30.06, "health_decile": 5, "crime_norm": 51.5, "crime_score_raw": 30.9, "crime_decile": 5, "housing_norm": 89.0, "housing_score_raw": 53.4, "housing_decile": 2, "environment_norm": 11.7, "environment_score_raw": 7.02, "environment_decile": 9}, "geometry": {"type": "Polygon", "coordinates": [[[0.07200000000000001, 51.664], [0.08304, 51.664], [0.08304, 51.67504], [0.07200000000000001, 51.67504], [0.07200000000000001, 51.664]]]}}, {"type": "Feature", "properties": {"lsoa_code": "S1722", "overall_norm": 51.2, "overall_score_raw": 30.72, "overall_decile": 5, "income_norm": 46.5, "income_score_raw": 27.9, "income_decile": 6, "employment_norm": 7.0, "employment_score_raw": 4.2, "employment_decile": 10, "education_norm": 39.2, "education_score_raw": 23.52, "education_decile": 7, "health_norm": 42.8, "health_score_raw": 25.68, "health_decile": 6, "crime_norm": 48.1, "crime_score_raw": 28.86, "crime_decile": 6, "housing_norm": 84.4, "housing_score_raw": 50.64, "housing_decile": 2, "environment_norm": 7.8, "environment_score_raw": 4.68, "environment_decile": 10}, "geometry": {"type": "Polygon", "coordinates": [[[0.08400000000000002, 51.664], [0.09504000000000001, 51.664], [0.09504000000000001, 51.67504], [0.08400000000000002, 51.67504], [0.08400000000000002, 51.664]]]}}, {"type": "Feature", "properties": {"lsoa_code": "S1723", "overall_norm": 49.9, "overall_score_raw": 29.94, "overall_decile": 6, "income_norm": 52.8, "income_score_raw": 31.68, "income_decile": 5, "employment_norm": 6.5, "employment_score_raw": 3.9, "employment_decile": 10, "education_norm": 27.8, "education_score_raw": 16.68, "education_decile": 8, "health_norm": 31.9, "health_score_raw": 19.14, "health_decile": 7, "crime_norm": 40.4, "crime_score_raw": 24.24, "crime_decile": 6, "housing_norm": 76.9, "housing_score_raw": 46.14, "housing_decile": 3, "environment_norm": 4.7, "environment_score_raw": 2.82, "environment_decile": 10}, "geometry": {"type": "Polygon", "coordinates": [[[0.09600000000000003, 51.664], [0.10704000000000002, 51.664], [0.10704000000000002, 51.67504], [0.09600000000000003, 51.67504], [0.09600000000000003, 51.664]]]}}]}