{"type": "FeatureCollection", "metadata": {"latest_year": null, "count": 2019, "matched_crs": 0, "matched_name": 0, "unmatched": 2019, "attribution": "Station usage: Office of Rail and Road (OGL). Locations: OpenStreetMap / Trainline (ODbL)."}, "features": [{"type": "Feature", "geometry": {"type": "Point", "coordinates": [0.12034, 51.49072]}, "properties": {"name": "Abbey Wood", "crs": "ABW", "usage": null, "operator": "", "trend": []}}, {"type": "Feature", "geometry": {"type": "Point", "coordinates": [-2.37002, 53.75319]}, "properties": {"name": "Accrington", "crs": "ACR", "usage": null, "operator": "", "trend": []}}, {"type": "Feature", "geometry": {"type": "Point", "coordinates": [-1.65182, 55.30713]}, "properties": {"name": "Acklington", "crs": "ACK", "usage": null, "operator": "", "trend": []}}, {"type": "Feature", "geometry": {"type": "Point", "coordinates": [1.54398, 52.63465]}, "properties": {"name": "Acle", "crs": "ACL", "usage": null, "operator": "", "trend": []}}, {"type": "Feature", "geometry": {"type": "Point", "coordinates": [-1.81898, 52.44929]}, "properties": {"name": "Acocks Green", "crs": "ACG", "usage": null, "operator": "", "trend": []}}, {"type": "Feature", "geometry": {"type": "Point", "coordinates": [-2.60269, 53.26596]}, "properties": {"name": "Acton Bridge", "crs": "ACB", "usage": null, "operator": "", "trend": []}}, {"type": "Feature", "geometry": {"type": "Point", "coordinates": [-0.2636, 51.50872]}, "properties": {"name": "Acton Central", "crs": "ACC", "usage": null, "operator": "", "trend": []}}, {"type": "Feature", "geometry": {"type": "Point", "coordinates": [-0.26762, 51.51687]}, "properties": {"name": "Acton Main Line", "crs": "AML", "usage": null, "operator": "", "trend": []}}, {"type": "Feature", "geometry": {"type": "Point", "coordinates": [-1.85418, 52.48351]}, "properties": {"name": "Adderley Park", "crs": "ADD", "usage": null, "operator": "", "trend": []}}, {"type": "Feature", "geometry": {"type": "Point", "coordinates": [-0.48571, 51.37241]}, "properties": {"name": "Addlestone", "crs": "ASN", "usage": null, "operator": "", "trend": []}}, {"type": "Feature", "geometry": {"type": "Point", "coordinates": [1.19928, 51.24135]}, "properties": {"name": "Adisham", "crs": "ADM", "usage": null, "operator": "", "trend": []}}, {"type": "Feature", "geometry": {"type": "Point", "coordinates": [-2.13357, 53.31954]}, "properties": {"name": "Adlington (Cheshire)", "crs": "ADC", "usage": null, "operator": "", "trend": []}}, {"type": "Feature", "geometry": {"type": "Point", "coordinates": [-2.60308, 53.61293]}, "properties": {"name": "Adlington (Lancashire)", "crs": "ADL", "usage": null, "operator": "", "trend": []}}, {"type": "Feature", "geometry": {"type": "Point", "coordinates": [-1.18146, 53.57299]}, "properties": {"name": "Adwick", "crs": "AWK", "usage": null, "operator": "", "trend": []}}, {"type": "Feature", "geometry": {"type": "Point", "coordinates": [-2.92704, 53.36461]}, "properties": {"name": "Aigburth", "crs": "AIG", "usage": null, "operator": "", "trend": []}}, {"type": "Feature", "geometry": {"type": "Point", "coordinates": [-3.04269, 53.60182]}, "properties": {"name": "Ainsdale", "crs": "ANS", "usage": null, "operator": "", "trend": []}}, {"type": "Feature", "geometry": {"type": "Point", "coordinates": [-2.95669, 53.474]}, "properties": {"name": "Aintree", "crs": "AIN", "usage": null, "operator": "", "trend": []}}, {"type": "Feature", "geometry": {"type": "Point", "coordinates": [0.12643, 51.43574]}, "properties": {"name": "Albany Park", "crs": "AYP", "usage": null, "operator": "", "trend": []}}, {"type": "Feature", "geometry": {"type": "Point", "coordinates": [-2.26891, 52.63792]}, "properties": {"name": "Albrighton", "crs": "ALB", "usage": null, "operator": "", "trend": []}}, {"type": "Feature", "geometry": {"type": "Point", "coordinates": [-2.23681, 53.30376]}, "properties": {"name": "Alderley Edge", "crs": "ALD", "usage": null, "operator": "", "trend": []}}, {"type": "Feature", "geometry": {"type": "Point", "coordinates": [-1.13697, 51.40205]}, "properties": {"name": "Aldermaston", "crs": "AMT", "usage": null, "operator": "", "trend": []}}, {"type": "Feature", "geometry": {"type": "Point", "coordinates": [-0.76066, 51.24615]}, "properties": {"name": "Aldershot", "crs": "AHT", "usage": null, "operator": "", "trend": []}}, {"type": "Feature", "geometry": {"type": "Point", "coordinates": [-0.18215, 50.8366]}, "properties": {"name": "Aldrington", "crs": "AGT", "usage": null, "operator": "", "trend": []}}, {"type": "Feature", "geometry": {"type": "Point", "coordinates": [-0.12013, 51.59822]}, "properties": {"name": "Alexandra Palace", "crs": "AAP", "usage": null, "operator": "", "trend": []}}, {"type": "Feature", "geometry": {"type": "Point", "coordinates": [-1.36969, 53.10041]}, "properties": {"name": "Alfreton", "crs": "ALF", "usage": null, "operator": "", "trend": []}}, {"type": "Feature", "geometry": {"type": "Point", "coordinates": [-1.36342, 54.52413]}, "properties": {"name": "Allens West", "crs": "ALW", "usage": null, "operator": "", "trend": []}}, {"type": "Feature", "geometry": {"type": "Point", "coordinates": [-1.63686, 55.39246]}, "properties": {"name": "Alnmouth", "crs": "ALM", "usage": null, "operator": "", "trend": []}}, {"type": "Feature", "geometry": {"type": "Point", "coordinates": [0.99711, 51.85383]}, "properties": {"name": "Alresford", "crs": "ALR", "usage": null, "operator": "", "trend": []}}, {"type": "Feature", "geometry": {"type": "Point", "coordinates": [-2.29861, 53.09305]}, "properties": {"name": "Alsager", "crs": "ASG", "usage": null, "operator": "", "trend": []}}, {"type": "Feature", "geometry": {"type": "Point", "coordinates": [0.7536, 51.64753]}, "properties": {"name": "Althorne", "crs": "ALN", "usage": null, "operator": "", "trend": []}}, {"type": "Feature", "geometry": {"type": "Point", "coordinates": [-0.73256, 53.58526]}, "properties": {"name": "Althorpe", "crs": "ALP", "usage": null, "operator": "", "trend": []}}, {"type": "Feature", "geometry": {"type": "Point", "coordinates": [-0.96766, 51.15195]}, "properties": {"name": "Alton", "crs": "AON", "usage": null, "operator": "", "trend": []}}, {"type": "Feature", "geometry": {"type": "Point", "coordinates": [-2.34721, 53.3874]}, "properties": {"name": "Altrincham", "crs": "ALT", "usage": null, "operator": "", "trend": []}}, {"type": "Feature", "geometry": {"type": "Point", "coordinates": [-1.96785, 52.34661]}, "properties": {"name": "Alvechurch", "crs": "ALV", "usage": null, "operator": "", "trend": []}}, {"type": "Feature", "geometry": {"type": "Point", "coordinates": [-1.4807, 53.0605]}, "properties": {"name": "Ambergate", "crs": "AMB", "usage": null, "operator": "", "trend": []}}, {"type": "Feature", "geometry": {"type": "Point", "coordinates": [-0.54245, 50.89651]}, "properties": {"name": "Amberley", "crs": "AMY", "usage": null, "operator": "", "trend": []}}, {"type": "Feature", "geometry": {"type": "Point", "coordinates": [-0.60613, 51.67439]}, "properties": {"name": "Amersham", "crs": "AMR", "usage": null, "operator": "", "trend": []}}, {"type": "Feature", "geometry": {"type": "Point", "coordinates": [-0.5356, 52.98789]}, "properties": {"name": "Ancaster", "crs": "ANC", "usage": null, "operator": "", "trend": []}}, {"type": "Feature", "geometry": {"type": "Point", "coordinates": [-1.49317, 51.21205]}, "properties": {"name": "Andover", "crs": "ADV", "usage": null, "operator": "", "trend": []}}, {"type": "Feature", "geometry": {"type": "Point", "coordinates": [-0.06435, 51.41163]}, "properties": {"name": "Anerley", "crs": "ANZ", "usage": null, "operator": "", "trend": []}}, {"type": "Feature", "geometry": {"type": "Point", "coordinates": [-0.48956, 50.8167]}, "properties": {"name": "Angmering", "crs": "ANG", "usage": null, "operator": "", "trend": []}}, {"type": "Feature", "geometry": {"type": "Point", "coordinates": [-2.99308, 53.74156]}, "properties": {"name": "Ansdell & Fairhaven", "crs": "AFV", "usage": null, "operator": "", "trend": []}}, {"type": "Feature", "geometry": {"type": "Point", "coordinates": [-1.70307, 53.84138]}, "properties": {"name": "Apperley Bridge", "crs": "APY", "usage": null, "operator": "", "trend": []}}, {"type": "Feature", "geometry": {"type": "Point", "coordinates": [-2.48669, 54.58032]}, "properties": {"name": "Appleby", "crs": "APP", "usage": null, "operator": "", "trend": []}}, {"type": "Feature", "geometry": {"type": "Point", "coordinates": [0.81683, 51.03262]}, "properties": {"name": "Appledore (Kent)", "crs": "APD", "usage": null, "operator": "", "trend": []}}, {"type": "Feature", "geometry": {"type": "Point", "coordinates": [-1.24238, 51.63956]}, "properties": {"name": "Appleford", "crs": "APF", "usage": null, "operator": "", "trend": []}}, {"type": "Feature", "geometry": {"type": "Point", "coordinates": [-2.71891, 53.57903]}, "properties": {"name": "Appley Bridge", "crs": "APB", "usage": null, "operator": "", "trend": []}}, {"type": "Feature", "geometry": {"type": "Point", "coordinates": [-0.46357, 51.73271]}, "properties": {"name": "Apsley", "crs": "APS", "usage": null, "operator": "", "trend": []}}, {"type": "Feature", "geometry": {"type": "Point", "coordinates": [-2.21389, 53.47134]}, "properties": {"name": "Ardwick", "crs": "ADK", "usage": null, "operator": "", "trend": []}}, {"type": "Feature", "geometry": {"type": "Point", "coordinates": [-0.26618, 52.02594]}, "properties": {"name": "Arlesey", "crs": "ARL", "usage": null, "operator": "", "trend": []}}, {"type": "Feature", "geometry": {"type": "Point", "coordinates": [-2.77209, 54.80961]}, "properties": {"name": "Armathwaite", "crs": "AWT", "usage": null, "operator": "", "trend": []}}, {"type": "Feature", "geometry": {"type": "Point", "coordinates": [-2.82778, 54.20211]}, "properties": {"name": "Arnside", "crs": "ARN", "usage": null, "operator": "", "trend": []}}, {"type": "Feature", "geometry": {"type": "Point", "coordinates": [-0.42683, 53.88457]}, "properties": {"name": "Arram", "crs": "ARR", "usage": null, "operator": "", "trend": []}}, {"type": "Feature", "geometry": {"type": "Point", "coordinates": [-0.5468, 50.848]}, "properties": {"name": "Arundel", "crs": "ARU", "usage": null, "operator": "", "trend": []}}, {"type": "Feature", "geometry": {"type": "Point", "coordinates": [-0.67583, 51.40619]}, "properties": {"name": "Ascot", "crs": "ACT", "usage": null, "operator": "", "trend": []}}, {"type": "Feature", "geometry": {"type": "Point", "coordinates": [-1.56414, 51.86738]}, "properties": {"name": "Ascott-Under-Wychwood", "crs": "AUW", "usage": null, "operator": "", "trend": []}}, {"type": "Feature", "geometry": {"type": "Point", "coordinates": [-0.71186, 51.24922]}, "properties": {"name": "Ash", "crs": "ASH", "usage": null, "operator": "", "trend": []}}, {"type": "Feature", "geometry": {"type": "Point", "coordinates": [-0.72125, 51.27271]}, "properties": {"name": "Ash Vale", "crs": "AHV", "usage": null, "operator": "", "trend": []}}, {"type": "Feature", "geometry": {"type": "Point", "coordinates": [-2.19499, 53.47176]}, "properties": {"name": "Ashburys", "crs": "ABY", "usage": null, "operator": "", "trend": []}}, {"type": "Feature", "geometry": {"type": "Point", "coordinates": [-2.10921, 51.99716]}, "properties": {"name": "Ashchurch for Tewkesbury", "crs": "ASC", "usage": null, "operator": "", "trend": []}}, {"type": "Feature", "geometry": {"type": "Point", "coordinates": [0.87517, 51.14335]}, "properties": {"name": "Ashford International", "crs": "AFK", "usage": null, "operator": "", "trend": []}}, {"type": "Feature", "geometry": {"type": "Point", "coordinates": [-0.46923, 51.43605]}, "properties": {"name": "Ashford Surrey", "crs": "AFS", "usage": null, "operator": "", "trend": []}}, {"type": "Feature", "geometry": {"type": "Point", "coordinates": [-1.573, 55.182]}, "properties": {"name": "Ashington", "crs": "ASL", "usage": null, "operator": "", "trend": []}}, {"type": "Feature", "geometry": {"type": "Point", "coordinates": [-2.34103, 53.35598]}, "properties": {"name": "Ashley", "crs": "ASY", "usage": null, "operator": "", "trend": []}}, {"type": "Feature", "geometry": {"type": "Point", "coordinates": [-2.5767, 51.4788]}, "properties": {"name": "Ashley Down", "crs": "ASD", "usage": null, "operator": "", "trend": []}}, {"type": "Feature", "geometry": {"type": "Point", "coordinates": [-0.30813, 51.31782]}, "properties": {"name": "Ashtead", "crs": "AHD", "usage": null, "operator": "", "trend": []}}, {"type": "Feature", "geometry": {"type": "Point", "coordinates": [-2.09341, 53.49126]}, "properties": {"name": "Ashton-Under-Lyne", "crs": "AHN", "usage": null, "operator": "", "trend": []}}, {"type": "Feature", "geometry": {"type": "Point", "coordinates": [0.1523, 51.1286]}, "properties": {"name": "Ashurst Kent", "crs": "AHS", "usage": null, "operator": "", "trend": []}}, {"type": "Feature", "geometry": {"type": "Point", "coordinates": [-1.5251, 50.88887]}, "properties": {"name": "Ashurst New Forest", "crs": "ANF", "usage": null, "operator": "", "trend": []}}, {"type": "Feature", "geometry": {"type": "Point", "coordinates": [-0.10934, 52.03059]}, "properties": {"name": "Ashwell & Morden", "crs": "AWM", "usage": null, "operator": "", "trend": []}}, {"type": "Feature", "geometry": {"type": "Point", "coordinates": [-3.20454, 54.18905]}, "properties": {"name": "Askam", "crs": "ASK", "usage": null, "operator": "", "trend": []}}, {"type": "Feature", "geometry": {"type": "Point", "coordinates": [-0.89854, 52.95135]}, "properties": {"name": "Aslockton", "crs": "ALK", "usage": null, "operator": "", "trend": []}}, {"type": "Feature", "geometry": {"type": "Point", "coordinates": [-3.33175, 54.75934]}, "properties": {"name": "Aspatria", "crs": "ASP", "usage": null, "operator": "", "trend": []}}, {"type": "Feature", "geometry": {"type": "Point", "coordinates": [-0.63152, 52.02072]}, "properties": {"name": "Aspley Guise", "crs": "APG", "usage": null, "operator": "", "trend": []}}, {"type": "Feature", "geometry": {"type": "Point", "coordinates": [-1.87179, 52.5051]}, "properties": {"name": "Aston", "crs": "AST", "usage": null, "operator": "", "trend": []}}, {"type": "Feature", "geometry": {"type": "Point", "coordinates": [-1.55281, 52.57895]}, "properties": {"name": "Atherstone", "crs": "ATH", "usage": null, "operator": "", "trend": []}}, {"type": "Feature", "geometry": {"type": "Point", "coordinates": [-2.47868, 53.52882]}, "properties": {"name": "Atherton", "crs": "ATN", "usage": null, "operator": "", "trend": []}}, {"type": "Feature", "geometry": {"type": "Point", "coordinates": [-1.23126, 52.90632]}, "properties": {"name": "Attenborough", "crs": "ATB", "usage": null, "operator": "", "trend": []}}, {"type": "Feature", "geometry": {"type": "Point", "coordinates": [1.02272, 52.51421]}, "properties": {"name": "Attleborough", "crs": "ATL", "usage": null, "operator": "", "trend": []}}, {"type": "Feature", "geometry": {"type": "Point", "coordinates": [0.20719, 52.0044]}, "properties": {"name": "Audley End", "crs": "AUD", "usage": null, "operator": "", "trend": []}}, {"type": "Feature", "geometry": {"type": "Point", "coordinates": [-2.89509, 53.55447]}, "properties": {"name": "Aughton Park", "crs": "AUG", "usage": null, "operator": "", "trend": []}}, {"type": "Feature", "geometry": {"type": "Point", "coordinates": [-2.28134, 51.3396]}, "properties": {"name": "Avoncliff", "crs": "AVF", "usage": null, "operator": "", "trend": []}}, {"type": "Feature", "geometry": {"type": "Point", "coordinates": [-2.69933, 51.50019]}, "properties": {"name": "Avonmouth", "crs": "AVN", "usage": null, "operator": "", "trend": []}}, {"type": "Feature", "geometry": {"type": "Point", "coordinates": [-3.00561, 50.77898]}, "properties": {"name": "Axminster", "crs": "AXM", "usage": null, "operator": "", "trend": []}}, {"type": "Feature", "geometry": {"type": "Point", "coordinates": [-0.81505, 51.81387]}, "properties": {"name": "Aylesbury", "crs": "AYS", "usage": null, "operator": "", "trend": []}}, {"type": "Feature", "geometry": {"type": "Point", "coordinates": [-0.8623, 51.8327]}, "properties": {"name": "Aylesbury Vale Parkway", "crs": "AVP", "usage": null, "operator": "", "trend": []}}, {"type": "Feature", "geometry": {"type": "Point", "coordinates": [0.46596, 51.30138]}, "properties": {"name": "Aylesford", "crs": "AYL", "usage": null, "operator": "", "trend": []}}, {"type": "Feature", "geometry": {"type": "Point", "coordinates": [1.20968, 51.22718]}, "properties": {"name": "Aylesham", "crs": "AYH", "usage": null, "operator": "", "trend": []}}, {"type": "Feature", "geometry": {"type": "Point", "coordinates": [-2.89239, 53.20931]}, "properties": {"name": "Bache", "crs": "BAC", "usage": null, "operator": "", "trend": []}}, {"type": "Feature", "geometry": {"type": "Point", "coordinates": [-0.6885, 51.36496]}, "properties": {"name": "Bagshot", "crs": "BAG", "usage": null, "operator": "", "trend": []}}, {"type": "Feature", "geometry": {"type": "Point", "coordinates": [-1.75372, 53.84968]}, "properties": {"name": "Baildon", "crs": "BLD", "usage": null, "operator": "", "trend": []}}, {"type": "Feature", "geometry": {"type": "Point", "coordinates": [-0.13788, 51.05624]}, "properties": {"name": "Balcombe", "crs": "BAB", "usage": null, "operator": "", "trend": []}}, {"type": "Feature", "geometry": {"type": "Point", "coordinates": [-0.18811, 51.99316]}, "properties": {"name": "Baldock", "crs": "BDK", "usage": null, "operator": "", "trend": []}}, {"type": "Feature", "geometry": {"type": "Point", "coordinates": [-0.1524, 51.44317]}, "properties": {"name": "Balham", "crs": "BAL", "usage": null, "operator": "", "trend": []}}, {"type": "Feature", "geometry": {"type": "Point", "coordinates": [-2.66079, 53.72677]}, "properties": {"name": "Bamber Bridge", "crs": "BMB", "usage": null, "operator": "", "trend": []}}, {"type": "Feature", "geometry": {"type": "Point", "coordinates": [-1.68908, 53.33899]}, "properties": {"name": "Bamford", "crs": "BAM", "usage": null, "operator": "", "trend": []}}, {"type": "Feature", "geometry": {"type": "Point", "coordinates": [-1.32754, 52.06092]}, "properties": {"name": "Banbury", "crs": "BAN", "usage": null, "operator": "", "trend": []}}, {"type": "Feature", "geometry": {"type": "Point", "coordinates": [-2.98751, 53.43736]}, "properties": {"name": "Bank Hall", "crs": "BAH", "usage": null, "operator": "", "trend": []}}, {"type": "Feature", "geometry": {"type": "Point", "coordinates": [-0.21438, 51.32992]}, "properties": {"name": "Banstead", "crs": "BAD", "usage": null, "operator": "", "trend": []}}, {"type": "Feature", "geometry": {"type": "Point", "coordinates": [-2.34992, 54.97464]}, "properties": {"name": "Bardon Mill", "crs": "BLL", "usage": null, "operator": "", "trend": []}}, {"type": "Feature", "geometry": {"type": "Point", "coordinates": [-2.83533, 54.07447]}, "properties": {"name": "Bare Lane", "crs": "BAR", "usage": null, "operator": "", "trend": []}}, {"type": "Feature", "geometry": {"type": "Point", "coordinates": [0.0808, 51.53998]}, "properties": {"name": "Barking", "crs": "BKG", "usage": null, "operator": "", "trend": []}}, {"type": "Feature", "geometry": {"type": "Point", "coordinates": [0.11476, 51.51911]}, "properties": {"name": "Barking Riverside", "crs": "BGV", "usage": null, "operator": "", "trend": []}}, {"type": "Feature", "geometry": {"type": "Point", "coordinates": [-2.16812, 52.94286]}, "properties": {"name": "Barlaston", "crs": "BRT", "usage": null, "operator": "", "trend": []}}, {"type": "Feature", "geometry": {"type": "Point", "coordinates": [0.47943, 51.2849]}, "properties": {"name": "Barming", "crs": "BMG", "usage": null, "operator": "", "trend": []}}, {"type": "Feature", "geometry": {"type": "Point", "coordinates": [0.16089, 51.4648]}, "properties": {"name": "Barnehurst", "crs": "BNH", "usage": null, "operator": "", "trend": []}}, {"type": "Feature", "geometry": {"type": "Point", "coordinates": [-0.24071, 51.46701]}, "properties": {"name": "Barnes", "crs": "BNS", "usage": null, "operator": "", "trend": []}}, {"type": "Feature", "geometry": {"type": "Point", "coordinates": [-0.25205, 51.47168]}, "properties": {"name": "Barnes Bridge", "crs": "BNI", "usage": null, "operator": "", "trend": []}}, {"type": "Feature", "geometry": {"type": "Point", "coordinates": [-0.40968, 53.57422]}, "properties": {"name": "Barnetby", "crs": "BTB", "usage": null, "operator": "", "trend": []}}, {"type": "Feature", "geometry": {"type": "Point", "coordinates": [-0.63963, 50.83114]}, "properties": {"name": "Barnham", "crs": "BAA", "usage": null, "operator": "", "trend": []}}, {"type": "Feature", "geometry": {"type": "Point", "coordinates": [-1.47769, 53.55398]}, "properties": {"name": "Barnsley", "crs": "BNY", "usage": null, "operator": "", "trend": []}}, {"type": "Feature", "geometry": {"type": "Point", "coordinates": [-4.06403, 51.07353]}, "properties": {"name": "Barnstaple", "crs": "BNP", "usage": null, "operator": "", "trend": []}}, {"type": "Feature", "geometry": {"type": "Point", "coordinates": [-1.9941, 52.36133]}, "properties": {"name": "Barnt Green", "crs": "BTG", "usage": null, "operator": "", "trend": []}}, {"type": "Feature", "geometry": {"type": "Point", "coordinates": [-0.39143, 53.69713]}, "properties": {"name": "Barrow Haven", "crs": "BAV", "usage": null, "operator": "", "trend": []}}, {"type": "Feature", "geometry": {"type": "Point", "coordinates": [-1.14956, 52.75024]}, "properties": {"name": "Barrow Upon Soar", "crs": "BWS", "usage": null, "operator": "", "trend": []}}, {"type": "Feature", "geometry": {"type": "Point", "coordinates": [-3.22614, 54.11888]}, "properties": {"name": "Barrow-In-Furness", "crs": "BIF", "usage": null, "operator": "", "trend": []}}, {"type": "Feature", "geometry": {"type": "Point", "coordinates": [-0.44323, 53.68882]}, "properties": {"name": "Barton-On-Humber", "crs": "BAU", "usage": null, "operator": "", "trend": []}}, {"type": "Feature", "geometry": {"type": "Point", "coordinates": [0.45731, 51.56867]}, "properties": {"name": "Basildon", "crs": "BSO", "usage": null, "operator": "", "trend": []}}, {"type": "Feature", "geometry": {"type": "Point", "coordinates": [-1.0869, 51.26804]}, "properties": {"name": "Basingstoke", "crs": "BSK", "usage": null, "operator": "", "trend": []}}, {"type": "Feature", "geometry": {"type": "Point", "coordinates": [0.19426, 51.2897]}, "properties": {"name": "Bat & Ball", "crs": "BBL", "usage": null, "operator": "", "trend": []}}, {"type": "Feature", "geometry": {"type": "Point", "coordinates": [-2.3563, 51.37806]}, "properties": {"name": "Bath Spa", "crs": "BTH", "usage": null, "operator": "", "trend": []}}, {"type": "Feature", "geometry": {"type": "Point", "coordinates": [-1.62273, 53.70913]}, "properties": {"name": "Batley", "crs": "BTL", "usage": null, "operator": "", "trend": []}}, {"type": "Feature", "geometry": {"type": "Point", "coordinates": [-1.09295, 54.45769]}, "properties": {"name": "Battersby", "crs": "BTT", "usage": null, "operator": "", "trend": []}}, {"type": "Feature", "geometry": {"type": "Point", "coordinates": [-0.14815, 51.47727]}, "properties": {"name": "Battersea Park", "crs": "BAK", "usage": null, "operator": "", "trend": []}}, {"type": "Feature", "geometry": {"type": "Point", "coordinates": [0.49517, 50.91312]}, "properties": {"name": "Battle", "crs": "BAT", "usage": null, "operator": "", "trend": []}}, {"type": "Feature", "geometry": {"type": "Point", "coordinates": [0.56583, 51.62481]}, "properties": {"name": "Battlesbridge", "crs": "BLB", "usage": null, "operator": "", "trend": []}}, {"type": "Feature", "geometry": {"type": "Point", "coordinates": [-0.09607, 51.75881]}, "properties": {"name": "Bayford", "crs": "BAY", "usage": null, "operator": "", "trend": []}}, {"type": "Feature", "geometry": {"type": "Point", "coordinates": [-0.64364, 51.61114]}, "properties": {"name": "Beaconsfield", "crs": "BCF", "usage": null, "operator": "", "trend": []}}, {"type": "Feature", "geometry": {"type": "Point", "coordinates": [-1.75026, 52.24425]}, "properties": {"name": "Bearley", "crs": "BER", "usage": null, "operator": "", "trend": []}}, {"type": "Feature", "geometry": {"type": "Point", "coordinates": [0.57786, 51.27559]}, "properties": {"name": "Bearsted", "crs": "BSD", "usage": null, "operator": "", "trend": []}}, {"type": "Feature", "geometry": {"type": "Point", "coordinates": [0.5187, 51.7574]}, "properties": {"name": "Beaulieu Park", "crs": "BPA", "usage": null, "operator": "", "trend": []}}, {"type": "Feature", "geometry": {"type": "Point", "coordinates": [-1.50559, 50.85421]}, "properties": {"name": "Beaulieu Road", "crs": "BEU", "usage": null, "operator": "", "trend": []}}, {"type": "Feature", "geometry": {"type": "Point", "coordinates": [-3.00366, 53.35765]}, "properties": {"name": "Bebington", "crs": "BEB", "usage": null, "operator": "", "trend": []}}, {"type": "Feature", "geometry": {"type": "Point", "coordinates": [1.56955, 52.45848]}, "properties": {"name": "Beccles", "crs": "BCC", "usage": null, "operator": "", "trend": []}}, {"type": "Feature", "geometry": {"type": "Point", "coordinates": [-0.0165, 51.42477]}, "properties": {"name": "Beckenham Hill", "crs": "BEC", "usage": null, "operator": "", "trend": []}}, {"type": "Feature", "geometry": {"type": "Point", "coordinates": [-0.02714, 51.41145]}, "properties": {"name": "Beckenham Junction", "crs": "BKJ", "usage": null, "operator": "", "trend": []}}, {"type": "Feature", "geometry": {"type": "Point", "coordinates": [-0.47945, 52.13618]}, "properties": {"name": "Bedford", "crs": "BDM", "usage": null, "operator": "", "trend": []}}, {"type": "Feature", "geometry": {"type": "Point", "coordinates": [-0.46735, 52.1293]}, "properties": {"name": "Bedford St Johns", "crs": "BSJ", "usage": null, "operator": "", "trend": []}}, {"type": "Feature", "geometry": {"type": "Point", "coordinates": [-0.99699, 50.85364]}, "properties": {"name": "Bedhampton", "crs": "BDH", "usage": null, "operator": "", "trend": []}}, {"type": "Feature", "geometry": {"type": "Point", "coordinates": [-1.56863, 55.14042]}, "properties": {"name": "Bedlington", "crs": "BEJ", "usage": null, "operator": "", "trend": []}}, {"type": "Feature", "geometry": {"type": "Point", "coordinates": [-2.59418, 51.44004]}, "properties": {"name": "Bedminster", "crs": "BMT", "usage": null, "operator": "", "trend": []}}, {"type": "Feature", "geometry": {"type": "Point", "coordinates": [-1.46749, 52.47913]}, "properties": {"name": "Bedworth", "crs": "BEH", "usage": null, "operator": "", "trend": []}}, {"type": "Feature", "geometry": {"type": "Point", "coordinates": [-1.59908, 51.37971]}, "properties": {"name": "Bedwyn", "crs": "BDW", "usage": null, "operator": "", "trend": []}}, {"type": "Feature", "geometry": {"type": "Point", "coordinates": [-1.20721, 52.92055]}, "properties": {"name": "Beeston", "crs": "BEE", "usage": null, "operator": "", "trend": []}}, {"type": "Feature", "geometry": {"type": "Point", "coordinates": [1.13613, 51.26105]}, "properties": {"name": "Bekesbourne", "crs": "BKS", "usage": null, "operator": "", "trend": []}}, {"type": "Feature", "geometry": {"type": "Point", "coordinates": [-2.18081, 53.46218]}, "properties": {"name": "Belle Vue", "crs": "BLV", "usage": null, "operator": "", "trend": []}}, {"type": "Feature", "geometry": {"type": "Point", "coordinates": [-0.02042, 51.43383]}, "properties": {"name": "Bellingham", "crs": "BGM", "usage": null, "operator": "", "trend": []}}, {"type": "Feature", "geometry": {"type": "Point", "coordinates": [-0.19947, 51.34409]}, "properties": {"name": "Belmont", "crs": "BLM", "usage": null, "operator": "", "trend": []}}, {"type": "Feature", "geometry": {"type": "Point", "coordinates": [-1.48262, 53.02455]}, "properties": {"name": "Belper", "crs": "BLP", "usage": null, "operator": "", "trend": []}}, {"type": "Feature", "geometry": {"type": "Point", "coordinates": [0.40352, 51.20465]}, "properties": {"name": "Beltring", "crs": "BEG", "usage": null, "operator": "", "trend": []}}, {"type": "Feature", "geometry": {"type": "Point", "coordinates": [0.15209, 51.49194]}, "properties": {"name": "Belvedere", "crs": "BVD", "usage": null, "operator": "", "trend": []}}, {"type": "Feature", "geometry": {"type": "Point", "coordinates": [-0.18039, 54.1283]}, "properties": {"name": "Bempton", "crs": "BEM", "usage": null, "operator": "", "trend": []}}, {"type": "Feature", "geometry": {"type": "Point", "coordinates": [-1.79743, 53.92617]}, "properties": {"name": "Ben Rhydding", "crs": "BEY", "usage": null, "operator": "", "trend": []}}, {"type": "Feature", "geometry": {"type": "Point", "coordinates": [0.56127, 51.54396]}, "properties": {"name": "Benfleet", "crs": "BEF", "usage": null, "operator": "", "trend": []}}, {"type": "Feature", "geometry": {"type": "Point", "coordinates": [-2.51092, 54.11579]}, "properties": {"name": "Bentham", "crs": "BEN", "usage": null, "operator": "", "trend": []}}, {"type": "Feature", "geometry": {"type": "Point", "coordinates": [-0.86829, 51.1807]}, "properties": {"name": "Bentley (Hampshire)", "crs": "BTY", "usage": null, "operator": "", "trend": []}}, {"type": "Feature", "geometry": {"type": "Point", "coordinates": [-1.14879, 53.54286]}, "properties": {"name": "Bentley (South Yorkshire)", "crs": "BYK", "usage": null, "operator": "", "trend": []}}, {"type": "Feature", "geometry": {"type": "Point", "coordinates": [-4.20042, 50.48553]}, "properties": {"name": "Bere Alston", "crs": "BAS", "usage": null, "operator": "", "trend": []}}, {"type": "Feature", "geometry": {"type": "Point", "coordinates": [-4.1819, 50.4508]}, "properties": {"name": "Bere Ferrers", "crs": "BFE", "usage": null, "operator": "", "trend": []}}, {"type": "Feature", "geometry": {"type": "Point", "coordinates": [-0.5625, 51.76364]}, "properties": {"name": "Berkhamsted", "crs": "BKM", "usage": null, "operator": "", "trend": []}}, {"type": "Feature", "geometry": {"type": "Point", "coordinates": [-1.64285, 52.39585]}, "properties": {"name": "Berkswell", "crs": "BKW", "usage": null, "operator": "", "trend": []}}, {"type": "Feature", "geometry": {"type": "Point", "coordinates": [-1.4726, 52.5029]}, "properties": {"name": "Bermuda Park", "crs": "BEP", "usage": null, "operator": "", "trend": []}}, {"type": "Feature", "geometry": {"type": "Point", "coordinates": [1.63043, 52.58975]}, "properties": {"name": "Berney Arms", "crs": "BYA", "usage": null, "operator": "", "trend": []}}, {"type": "Feature", "geometry": {"type": "Point", "coordinates": [-1.79737, 53.62237]}, "properties": {"name": "Berry Brow", "crs": "BBW", "usage": null, "operator": "", "trend": []}}, {"type": "Feature", "geometry": {"type": "Point", "coordinates": [-0.28216, 51.39838]}, "properties": {"name": "Berrylands", "crs": "BRS", "usage": null, "operator": "", "trend": []}}, {"type": "Feature", "geometry": {"type": "Point", "coordinates": [0.16459, 50.84057]}, "properties": {"name": "Berwick (Sussex)", "crs": "BRK", "usage": null, "operator": "", "trend": []}}, {"type": "Feature", "geometry": {"type": "Point", "coordinates": [-2.01112, 55.77487]}, "properties": {"name": "Berwick-Upon-Tweed", "crs": "BWK", "usage": null, "operator": "", "trend": []}}, {"type": "Feature", "geometry": {"type": "Point", "coordinates": [-2.9147, 53.62353]}, "properties": {"name": "Bescar Lane", "crs": "BES", "usage": null, "operator": "", "trend": []}}, {"type": "Feature", "geometry": {"type": "Point", "coordinates": [-1.99112, 52.5627]}, "properties": {"name": "Bescot Stadium", "crs": "BSC", "usage": null, "operator": "", "trend": []}}, {"type": "Feature", "geometry": {"type": "Point", "coordinates": [-0.26771, 51.24799]}, "properties": {"name": "Betchworth", "crs": "BTO", "usage": null, "operator": "", "trend": []}}, {"type": "Feature", "geometry": {"type": "Point", "coordinates": [-0.05975, 51.52441]}, "properties": {"name": "Bethnal Green", "crs": "BET", "usage": null, "operator": "", "trend": []}}, {"type": "Feature", "geometry": {"type": "Point", "coordinates": [-0.42385, 53.84228]}, "properties": {"name": "Beverley", "crs": "BEV", "usage": null, "operator": "", "trend": []}}, {"type": "Feature", "geometry": {"type": "Point", "coordinates": [0.47568, 50.84068]}, "properties": {"name": "Bexhill", "crs": "BEX", "usage": null, "operator": "", "trend": []}}, {"type": "Feature", "geometry": {"type": "Point", "coordinates": [0.14825, 51.44074]}, "properties": {"name": "Bexley", "crs": "BXY", "usage": null, "operator": "", "trend": []}}, {"type": "Feature", "geometry": {"type": "Point", "coordinates": [0.13347, 51.46349]}, "properties": {"name": "Bexleyheath", "crs": "BXH", "usage": null, "operator": "", "trend": []}}, {"type": "Feature", "geometry": {"type": "Point", "coordinates": [-1.15052, 51.9034]}, "properties": {"name": "Bicester North", "crs": "BCS", "usage": null, "operator": "", "trend": []}}, {"type": "Feature", "geometry": {"type": "Point", "coordinates": [-1.14839, 51.89343]}, "properties": {"name": "Bicester Village", "crs": "BIT", "usage": null, "operator": "", "trend": []}}, {"type": "Feature", "geometry": {"type": "Point", "coordinates": [0.04427, 51.40033]}, "properties": {"name": "Bickley", "crs": "BKL", "usage": null, "operator": "", "trend": []}}, {"type": "Feature", "geometry": {"type": "Point", "coordinates": [-3.07859, 53.40913]}, "properties": {"name": "Bidston", "crs": "BID", "usage": null, "operator": "", "trend": []}}, {"type": "Feature", "geometry": {"type": "Point", "coordinates": [-0.26029, 52.08507]}, "properties": {"name": "Biggleswade", "crs": "BIW", "usage": null, "operator": "", "trend": []}}, {"type": "Feature", "geometry": {"type": "Point", "coordinates": [-2.1861, 52.62369]}, "properties": {"name": "Bilbrook", "crs": "BBK", "usage": null, "operator": "", "trend": []}}, {"type": "Feature", "geometry": {"type": "Point", "coordinates": [0.41866, 51.62883]}, "properties": {"name": "Billericay", "crs": "BIC", "usage": null, "operator": "", "trend": []}}, {"type": "Feature", "geometry": {"type": "Point", "coordinates": [-1.27852, 54.60633]}, "properties": {"name": "Billingham", "crs": "BIL", "usage": null, "operator": "", "trend": []}}, {"type": "Feature", "geometry": {"type": "Point", "coordinates": [-0.45035, 51.01494]}, "properties": {"name": "Billingshurst", "crs": "BIG", "usage": null, "operator": "", "trend": []}}, {"type": "Feature", "geometry": {"type": "Point", "coordinates": [-0.95204, 52.95454]}, "properties": {"name": "Bingham", "crs": "BIN", "usage": null, "operator": "", "trend": []}}, {"type": "Feature", "geometry": {"type": "Point", "coordinates": [-1.83733, 53.84803]}, "properties": {"name": "Bingley", "crs": "BIY", "usage": null, "operator": "", "trend": []}}, {"type": "Feature", "geometry": {"type": "Point", "coordinates": [1.30078, 51.37796]}, "properties": {"name": "Birchington-On-Sea", "crs": "BCH", "usage": null, "operator": "", "trend": []}}, {"type": "Feature", "geometry": {"type": "Point", "coordinates": [-2.52802, 53.41193]}, "properties": {"name": "Birchwood", "crs": "BWD", "usage": null, "operator": "", "trend": []}}, {"type": "Feature", "geometry": {"type": "Point", "coordinates": [-0.05622, 51.40385]}, "properties": {"name": "Birkbeck", "crs": "BIK", "usage": null, "operator": "", "trend": []}}, {"type": "Feature", "geometry": {"type": "Point", "coordinates": [-3.01474, 53.63351]}, "properties": {"name": "Birkdale", "crs": "BDL", "usage": null, "operator": "", "trend": []}}, {"type": "Feature", "geometry": {"type": "Point", "coordinates": [-3.0209, 53.38824]}, "properties": {"name": "Birkenhead Central", "crs": "BKC", "usage": null, "operator": "", "trend": []}}, {"type": "Feature", "geometry": {"type": "Point", "coordinates": [-3.01365, 53.39469]}, "properties": {"name": "Birkenhead Hamilton Square", "crs": "BKQ", "usage": null, "operator": "", "trend": []}}, {"type": "Feature", "geometry": {"type": "Point", "coordinates": [-3.05742, 53.40482]}, "properties": {"name": "Birkenhead North", "crs": "BKN", "usage": null, "operator": "", "trend": []}}, {"type": "Feature", "geometry": {"type": "Point", "coordinates": [-3.03927, 53.39742]}, "properties": {"name": "Birkenhead Park", "crs": "BKP", "usage": null, "operator": "", "trend": []}}, {"type": "Feature", "geometry": {"type": "Point", "coordinates": [-1.72515, 52.45067]}, "properties": {"name": "Birmingham International", "crs": "BHI", "usage": null, "operator": "", "trend": []}}, {"type": "Feature", "geometry": {"type": "Point", "coordinates": [-1.89248, 52.47905]}, "properties": {"name": "Birmingham Moor Street", "crs": "BMO", "usage": null, "operator": "", "trend": []}}, {"type": "Feature", "geometry": {"type": "Point", "coordinates": [-1.89837, 52.47815]}, "properties": {"name": "Birmingham New Street", "crs": "BHM", "usage": null, "operator": "", "trend": []}}, {"type": "Feature", "geometry": {"type": "Point", "coordinates": [-1.89983, 52.48356]}, "properties": {"name": "Birmingham Snow Hill", "crs": "BSW", "usage": null, "operator": "", "trend": []}}, {"type": "Feature", "geometry": {"type": "Point", "coordinates": [-1.67755, 54.65748]}, "properties": {"name": "Bishop Auckland", "crs": "BIA", "usage": null, "operator": "", "trend": []}}, {"type": "Feature", "geometry": {"type": "Point", "coordinates": [0.16557, 51.86669]}, "properties": {"name": "Bishops Stortford", "crs": "BIS", "usage": null, "operator": "", "trend": []}}, {"type": "Feature", "geometry": {"type": "Point", "coordinates": [0.0824, 50.78]}, "properties": {"name": "Bishopstone (Sussex)", "crs": "BIP", "usage": null, "operator": "", "trend": []}}, {"type": "Feature", "geometry": {"type": "Point", "coordinates": [-1.37828, 50.91834]}, "properties": {"name": "Bitterne", "crs": "BTE", "usage": null, "operator": "", "trend": []}}, {"type": "Feature", "geometry": {"type": "Point", "coordinates": [-2.47913, 53.74651]}, "properties": {"name": "Blackburn", "crs": "BBN", "usage": null, "operator": "", "trend": []}}, {"type": "Feature", "geometry": {"type": "Point", "coordinates": [0.00832, 51.46571]}, "properties": {"name": "Blackheath", "crs": "BKH", "usage": null, "operator": "", "trend": []}}, {"type": "Feature", "geometry": {"type": "Point", "coordinates": [-0.04123, 51.58614]}, "properties": {"name": "Blackhorse Road", "crs": "BHO", "usage": null, "operator": "", "trend": []}}, {"type": "Feature", "geometry": {"type": "Point", "coordinates": [-3.04991, 53.82277]}, "properties": {"name": "Blackpool North", "crs": "BPN", "usage": null, "operator": "", "trend": []}}, {"type": "Feature", "geometry": {"type": "Point", "coordinates": [-3.05386, 53.78815]}, "properties": {"name": "Blackpool Pleasure Beach", "crs": "BPB", "usage": null, "operator": "", "trend": []}}, {"type": "Feature", "geometry": {"type": "Point", "coordinates": [-3.04908, 53.79861]}, "properties": {"name": "Blackpool South", "crs": "BPS", "usage": null, "operator": "", "trend": []}}, {"type": "Feature", "geometry": {"type": "Point", "coordinates": [-2.56954, 53.59152]}, "properties": {"name": "Blackrod", "crs": "BLK", "usage": null, "operator": "", "trend": []}}, {"type": "Feature", "geometry": {"type": "Point", "coordinates": [-0.77702, 51.33176]}, "properties": {"name": "Blackwater", "crs": "BAW", "usage": null, "operator": "", "trend": []}}, {"type": "Feature", "geometry": {"type": "Point", "coordinates": [-1.84489, 52.60505]}, "properties": {"name": "Blake Street", "crs": "BKT", "usage": null, "operator": "", "trend": []}}, {"type": "Feature", "geometry": {"type": "Point", "coordinates": [-2.17637, 52.40615]}, "properties": {"name": "Blakedown", "crs": "BKD", "usage": null, "operator": "", "trend": []}}, {"type": "Feature", "geometry": {"type": "Point", "coordinates": [-1.71258, 54.96581]}, "properties": {"name": "Blaydon", "crs": "BLO", "usage": null, "operator": "", "trend": []}}, {"type": "Feature", "geometry": {"type": "Point", "coordinates": [-0.94247, 53.04165]}, "properties": {"name": "Bleasby", "crs": "BSB", "usage": null, "operator": "", "trend": []}}, {"type": "Feature", "geometry": {"type": "Point", "coordinates": [-0.73637, 51.99534]}, "properties": {"name": "Bletchley", "crs": "BLY", "usage": null, "operator": "", "trend": []}}, {"type": "Feature", "geometry": {"type": "Point", "coordinates": [-2.01178, 52.61853]}, "properties": {"name": "Bloxwich", "crs": "BLX", "usage": null, "operator": "", "trend": []}}, {"type": "Feature", "geometry": {"type": "Point", "coordinates": [-2.01917, 52.62564]}, "properties": {"name": "Bloxwich North", "crs": "BWN", "usage": null, "operator": "", "trend": []}}, {"type": "Feature", "geometry": {"type": "Point", "coordinates": [-3.03989, 53.48768]}, "properties": {"name": "Blundellsands & Crosby", "crs": "BLN", "usage": null, "operator": "", "trend": []}}, {"type": "Feature", "geometry": {"type": "Point", "coordinates": [-2.06697, 52.96812]}, "properties": {"name": "Blythe Bridge", "crs": "BYB", "usage": null, "operator": "", "trend": []}}, {"type": "Feature", "geometry": {"type": "Point", "coordinates": [-4.66303, 50.44582]}, "properties": {"name": "Bodmin Parkway", "crs": "BOD", "usage": null, "operator": "", "trend": []}}, {"type": "Feature", "geometry": {"type": "Point", "coordinates": [-0.67638, 50.78659]}, "properties": {"name": "Bognor Regis", "crs": "BOG", "usage": null, "operator": "", "trend": []}}, {"type": "Feature", "geometry": {"type": "Point", "coordinates": [-2.42566, 53.57398]}, "properties": {"name": "Bolton", "crs": "BON", "usage": null, "operator": "", "trend": []}}, {"type": "Feature", "geometry": {"type": "Point", "coordinates": [-1.31222, 53.51899]}, "properties": {"name": "Bolton-On-Dearne", "crs": "BTD", "usage": null, "operator": "", "trend": []}}, {"type": "Feature", "geometry": {"type": "Point", "coordinates": [-0.15, 51.514]}, "properties": {"name": "Bond Street", "crs": "BDS", "usage": null, "operator": "", "trend": []}}, {"type": "Feature", "geometry": {"type": "Point", "coordinates": [-0.38522, 51.28833]}, "properties": {"name": "Bookham", "crs": "BKA", "usage": null, "operator": "", "trend": []}}, {"type": "Feature", "geometry": {"type": "Point", "coordinates": [-3.39482, 54.29025]}, "properties": {"name": "Bootle (Cumbria)", "crs": "BOC", "usage": null, "operator": "", "trend": []}}, {"type": "Feature", "geometry": {"type": "Point", "coordinates": [-2.99468, 53.45336]}, "properties": {"name": "Bootle New Strand", "crs": "BNW", "usage": null, "operator": "", "trend": []}}, {"type": "Feature", "geometry": {"type": "Point", "coordinates": [-2.99579, 53.44656]}, "properties": {"name": "Bootle Oriel Road", "crs": "BOT", "usage": null, "operator": "", "trend": []}}, {"type": "Feature", "geometry": {"type": "Point", "coordinates": [-1.87777, 52.47184]}, "properties": {"name": "Bordesley", "crs": "BBS", "usage": null, "operator": "", "trend": []}}, {"type": "Feature", "geometry": {"type": "Point", "coordinates": [0.3063, 51.29295]}, "properties": {"name": "Borough Green & Wrotham", "crs": "BRG", "usage": null, "operator": "", "trend": []}}, {"type": "Feature", "geometry": {"type": "Point", "coordinates": [-0.84666, 50.84326]}, "properties": {"name": "Bosham", "crs": "BOH", "usage": null, "operator": "", "trend": []}}, {"type": "Feature", "geometry": {"type": "Point", "coordinates": [-0.03095, 52.9788]}, "properties": {"name": "Boston", "crs": "BSN", "usage": null, "operator": "", "trend": []}}, {"type": "Feature", "geometry": {"type": "Point", "coordinates": [-1.25881, 50.91675]}, "properties": {"name": "Botley", "crs": "BOE", "usage": null, "operator": "", "trend": []}}, {"type": "Feature", "geometry": {"type": "Point", "coordinates": [-0.79601, 52.94496]}, "properties": {"name": "Bottesford", "crs": "BTF", "usage": null, "operator": "", "trend": []}}, {"type": "Feature", "geometry": {"type": "Point", "coordinates": [-0.71129, 51.57654]}, "properties": {"name": "Bourne End", "crs": "BNE", "usage": null, "operator": "", "trend": []}}, {"type": "Feature", "geometry": {"type": "Point", "coordinates": [-1.86396, 50.72748]}, "properties": {"name": "Bournemouth", "crs": "BMH", "usage": null, "operator": "", "trend": []}}, {"type": "Feature", "geometry": {"type": "Point", "coordinates": [-1.92643, 52.42694]}, "properties": {"name": "Bournville", "crs": "BRV", "usage": null, "operator": "", "trend": []}}, {"type": "Feature", "geometry": {"type": "Point", "coordinates": [-0.69615, 52.00348]}, "properties": {"name": "Bow Brickhill", "crs": "BWB", "usage": null, "operator": "", "trend": []}}, {"type": "Feature", "geometry": {"type": "Point", "coordinates": [-0.11976, 51.60722]}, "properties": {"name": "Bowes Park", "crs": "BOP", "usage": null, "operator": "", "trend": []}}, {"type": "Feature", "geometry": {"type": "Point", "coordinates": [-0.32913, 51.25338]}, "properties": {"name": "Box Hill & Westhumble", "crs": "BXW", "usage": null, "operator": "", "trend": []}}, {"type": "Feature", "geometry": {"type": "Point", "coordinates": [-0.75183, 51.41332]}, "properties": {"name": "Bracknell", "crs": "BCE", "usage": null, "operator": "", "trend": []}}, {"type": "Feature", "geometry": {"type": "Point", "coordinates": [-1.7525, 53.79575]}, "properties": {"name": "Bradford Forster Square", "crs": "BDQ", "usage": null, "operator": "", "trend": []}}, {"type": "Feature", "geometry": {"type": "Point", "coordinates": [-1.7497, 53.7912]}, "properties": {"name": "Bradford Interchange", "crs": "BDI", "usage": null, "operator": "", "trend": []}}, {"type": "Feature", "geometry": {"type": "Point", "coordinates": [-2.25267, 51.34506]}, "properties": {"name": "Bradford-On-Avon", "crs": "BOA", "usage": null, "operator": "", "trend": []}}, {"type": "Feature", "geometry": {"type": "Point", "coordinates": [-1.13801, 50.67851]}, "properties": {"name": "Brading", "crs": "BDN", "usage": null, "operator": "", "trend": []}}, {"type": "Feature", "geometry": {"type": "Point", "coordinates": [0.55826, 51.87499]}, "properties": {"name": "Braintree", "crs": "BTR", "usage": null, "operator": "", "trend": []}}, {"type": "Feature", "geometry": {"type": "Point", "coordinates": [0.56826, 51.86932]}, "properties": {"name": "Braintree Freeport", "crs": "BTP", "usage": null, "operator": "", "trend": []}}, {"type": "Feature", "geometry": {"type": "Point", "coordinates": [-2.16225, 53.35996]}, "properties": {"name": "Bramhall", "crs": "BML", "usage": null, "operator": "", "trend": []}}, {"type": "Feature", "geometry": {"type": "Point", "coordinates": [-1.06126, 51.32988]}, "properties": {"name": "Bramley (Hants)", "crs": "BMY", "usage": null, "operator": "", "trend": []}}, {"type": "Feature", "geometry": {"type": "Point", "coordinates": [-1.63098, 53.80353]}, "properties": {"name": "Bramley (West Yorkshire)", "crs": "BLE", "usage": null, "operator": "", "trend": []}}, {"type": "Feature", "geometry": {"type": "Point", "coordinates": [-2.70381, 54.93265]}, "properties": {"name": "Brampton (Cumbria)", "crs": "BMP", "usage": null, "operator": "", "trend": []}}, {"type": "Feature", "geometry": {"type": "Point", "coordinates": [1.54387, 52.3954]}, "properties": {"name": "Brampton (Suffolk)", "crs": "BRP", "usage": null, "operator": "", "trend": []}}, {"type": "Feature", "geometry": {"type": "Point", "coordinates": [0.62412, 52.45448]}, "properties": {"name": "Brandon", "crs": "BND", "usage": null, "operator": "", "trend": []}}, {"type": "Feature", "geometry": {"type": "Point", "coordinates": [-1.91921, 50.72753]}, "properties": {"name": "Branksome", "crs": "BSM", "usage": null, "operator": "", "trend": []}}, {"type": "Feature", "geometry": {"type": "Point", "coordinates": [-3.54341, 54.43956]}, "properties": {"name": "Braystones", "crs": "BYS", "usage": null, "operator": "", "trend": []}}, {"type": "Feature", "geometry": {"type": "Point", "coordinates": [-2.10982, 53.42294]}, "properties": {"name": "Bredbury", "crs": "BDY", "usage": null, "operator": "", "trend": []}}, {"type": "Feature", "geometry": {"type": "Point", "coordinates": [-0.2269, 51.5687]}, "properties": {"name": "Brent Cross West", "crs": "BCZ", "usage": null, "operator": "", "trend": []}}, {"type": "Feature", "geometry": {"type": "Point", "coordinates": [-0.30905, 51.4878]}, "properties": {"name": "Brentford", "crs": "BFD", "usage": null, "operator": "", "trend": []}}, {"type": "Feature", "geometry": {"type": "Point", "coordinates": [0.30083, 51.61322]}, "properties": {"name": "Brentwood", "crs": "BRE", "usage": null, "operator": "", "trend": []}}, {"type": "Feature", "geometry": {"type": "Point", "coordinates": [-0.35885, 51.70522]}, "properties": {"name": "Bricket Wood", "crs": "BWO", "usage": null, "operator": "", "trend": []}}, {"type": "Feature", "geometry": {"type": "Point", "coordinates": [-2.99031, 51.12803]}, "properties": {"name": "Bridgwater", "crs": "BWT", "usage": null, "operator": "", "trend": []}}, {"type": "Feature", "geometry": {"type": "Point", "coordinates": [-0.20066, 54.08454]}, "properties": {"name": "Bridlington", "crs": "BDT", "usage": null, "operator": "", "trend": []}}, {"type": "Feature", "geometry": {"type": "Point", "coordinates": [-2.23696, 53.82453]}, "properties": {"name": "Brierfield", "crs": "BRF", "usage": null, "operator": "", "trend": []}}, {"type": "Feature", "geometry": {"type": "Point", "coordinates": [-0.48609, 53.54914]}, "properties": {"name": "Brigg", "crs": "BGG", "usage": null, "operator": "", "trend": []}}, {"type": "Feature", "geometry": {"type": "Point", "coordinates": [-1.78185, 53.69873]}, "properties": {"name": "Brighouse", "crs": "BGH", "usage": null, "operator": "", "trend": []}}, {"type": "Feature", "geometry": {"type": "Point", "coordinates": [-0.14123, 50.82966]}, "properties": {"name": "Brighton", "crs": "BTN", "usage": null, "operator": "", "trend": []}}, {"type": "Feature", "geometry": {"type": "Point", "coordinates": [-0.03102, 51.65522]}, "properties": {"name": "Brimsdown", "crs": "BMD", "usage": null, "operator": "", "trend": []}}, {"type": "Feature", "geometry": {"type": "Point", "coordinates": [-2.1341, 53.43188]}, "properties": {"name": "Brinnington", "crs": "BNT", "usage": null, "operator": "", "trend": []}}, {"type": "Feature", "geometry": {"type": "Point", "coordinates": [-2.53461, 51.51406]}, "properties": {"name": "Bristol Parkway", "crs": "BPW", "usage": null, "operator": "", "trend": []}}, {"type": "Feature", "geometry": {"type": "Point", "coordinates": [-2.58135, 51.44909]}, "properties": {"name": "Bristol Temple Meads", "crs": "BRI", "usage": null, "operator": "", "trend": []}}, {"type": "Feature", "geometry": {"type": "Point", "coordinates": [-0.11416, 51.46325]}, "properties": {"name": "Brixton", "crs": "BRX", "usage": null, "operator": "", "trend": []}}, {"type": "Feature", "geometry": {"type": "Point", "coordinates": [-2.89327, 53.40654]}, "properties": {"name": "Broad Green", "crs": "BGE", "usage": null, "operator": "", "trend": []}}, {"type": "Feature", "geometry": {"type": "Point", "coordinates": [-2.01653, 53.44097]}, "properties": {"name": "Broadbottom", "crs": "BDB", "usage": null, "operator": "", "trend": []}}, {"type": "Feature", "geometry": {"type": "Point", "coordinates": [1.43317, 51.36065]}, "properties": {"name": "Broadstairs", "crs": "BSR", "usage": null, "operator": "", "trend": []}}, {"type": "Feature", "geometry": {"type": "Point", "coordinates": [-1.57411, 50.81671]}, "properties": {"name": "Brockenhurst", "crs": "BCU", "usage": null, "operator": "", "trend": []}}, {"type": "Feature", "geometry": {"type": "Point", "coordinates": [-1.7703, 53.59715]}, "properties": {"name": "Brockholes", "crs": "BHS", "usage": null, "operator": "", "trend": []}}, {"type": "Feature", "geometry": {"type": "Point", "coordinates": [-0.0378, 51.46468]}, "properties": {"name": "Brockley", "crs": "BCY", "usage": null, "operator": "", "trend": []}}, {"type": "Feature", "geometry": {"type": "Point", "coordinates": [-1.46275, 54.95867]}, "properties": {"name": "Brockley Whins", "crs": "BNR", "usage": null, "operator": "", "trend": []}}, {"type": "Feature", "geometry": {"type": "Point", "coordinates": [-2.98706, 53.32215]}, "properties": {"name": "Bromborough", "crs": "BOM", "usage": null, "operator": "", "trend": []}}, {"type": "Feature", "geometry": {"type": "Point", "coordinates": [-2.98964, 53.3299]}, "properties": {"name": "Bromborough Rake", "crs": "BMR", "usage": null, "operator": "", "trend": []}}, {"type": "Feature", "geometry": {"type": "Point", "coordinates": [-2.40961, 53.61374]}, "properties": {"name": "Bromley Cross", "crs": "BMC", "usage": null, "operator": "", "trend": []}}, {"type": "Feature", "geometry": {"type": "Point", "coordinates": [0.01733, 51.40889]}, "properties": {"name": "Bromley North", "crs": "BMN", "usage": null, "operator": "", "trend": []}}, {"type": "Feature", "geometry": {"type": "Point", "coordinates": [0.01837, 51.39989]}, "properties": {"name": "Bromley South", "crs": "BMS", "usage": null, "operator": "", "trend": []}}, {"type": "Feature", "geometry": {"type": "Point", "coordinates": [-2.04838, 52.32266]}, "properties": {"name": "Bromsgrove", "crs": "BMV", "usage": null, "operator": "", "trend": []}}, {"type": "Feature", "geometry": {"type": "Point", "coordinates": [-0.20306, 51.54557]}, "properties": {"name": "Brondesbury", "crs": "BSY", "usage": null, "operator": "", "trend": []}}, {"type": "Feature", "geometry": {"type": "Point", "coordinates": [-0.20996, 51.5409]}, "properties": {"name": "Brondesbury Park", "crs": "BSP", "usage": null, "operator": "", "trend": []}}, {"type": "Feature", "geometry": {"type": "Point", "coordinates": [-0.20481, 51.72095]}, "properties": {"name": "Brookmans Park", "crs": "BPK", "usage": null, "operator": "", "trend": []}}, {"type": "Feature", "geometry": {"type": "Point", "coordinates": [-0.63575, 51.30322]}, "properties": {"name": "Brookwood", "crs": "BKO", "usage": null, "operator": "", "trend": []}}, {"type": "Feature", "geometry": {"type": "Point", "coordinates": [-2.88524, 52.42274]}, "properties": {"name": "Broome", "crs": "BME", "usage": null, "operator": "", "trend": []}}, {"type": "Feature", "geometry": {"type": "Point", "coordinates": [-0.67333, 53.74013]}, "properties": {"name": "Broomfleet", "crs": "BMF", "usage": null, "operator": "", "trend": []}}, {"type": "Feature", "geometry": {"type": "Point", "coordinates": [-0.57825, 53.72645]}, "properties": {"name": "Brough", "crs": "BUH", "usage": null, "operator": "", "trend": []}}, {"type": "Feature", "geometry": {"type": "Point", "coordinates": [-0.01116, 51.74571]}, "properties": {"name": "Broxbourne", "crs": "BXB", "usage": null, "operator": "", "trend": []}}, {"type": "Feature", "geometry": {"type": "Point", "coordinates": [-0.06982, 51.59292]}, "properties": {"name": "Bruce Grove", "crs": "BCV", "usage": null, "operator": "", "trend": []}}, {"type": "Feature", "geometry": {"type": "Point", "coordinates": [1.43932, 52.61975]}, "properties": {"name": "Brundall", "crs": "BDA", "usage": null, "operator": "", "trend": []}}, {"type": "Feature", "geometry": {"type": "Point", "coordinates": [1.4189, 52.62304]}, "properties": {"name": "Brundall Gardens", "crs": "BGA", "usage": null, "operator": "", "trend": []}}, {"type": "Feature", "geometry": {"type": "Point", "coordinates": [-2.97566, 53.38215]}, "properties": {"name": "Brunswick", "crs": "BRW", "usage": null, "operator": "", "trend": []}}, {"type": "Feature", "geometry": {"type": "Point", "coordinates": [-2.4471, 51.11158]}, "properties": {"name": "Bruton", "crs": "BRU", "usage": null, "operator": "", "trend": []}}, {"type": "Feature", "geometry": {"type": "Point", "coordinates": [-2.64723, 53.49989]}, "properties": {"name": "Bryn", "crs": "BYN", "usage": null, "operator": "", "trend": []}}, {"type": "Feature", "geometry": {"type": "Point", "coordinates": [1.47013, 52.59816]}, "properties": {"name": "Buckenham", "crs": "BUC", "usage": null, "operator": "", "trend": []}}, {"type": "Feature", "geometry": {"type": "Point", "coordinates": [-2.94855, 52.35753]}, "properties": {"name": "Bucknell", "crs": "BUK", "usage": null, "operator": "", "trend": []}}, {"type": "Feature", "geometry": {"type": "Point", "coordinates": [-2.66447, 53.67283]}, "properties": {"name": "Buckshaw Parkway", "crs": "BSV", "usage": null, "operator": "", "trend": []}}, {"type": "Feature", "geometry": {"type": "Point", "coordinates": [-4.79174, 50.39998]}, "properties": {"name": "Bugle", "crs": "BGL", "usage": null, "operator": "", "trend": []}}, {"type": "Feature", "geometry": {"type": "Point", "coordinates": [-1.19612, 52.99963]}, "properties": {"name": "Bulwell", "crs": "BLW", "usage": null, "operator": "", "trend": []}}, {"type": "Feature", "geometry": {"type": "Point", "coordinates": [0.76902, 51.97094]}, "properties": {"name": "Bures", "crs": "BUE", "usage": null, "operator": "", "trend": []}}, {"type": "Feature", "geometry": {"type": "Point", "coordinates": [-0.12775, 50.95355]}, "properties": {"name": "Burgess Hill", "crs": "BUG", "usage": null, "operator": "", "trend": []}}, {"type": "Feature", "geometry": {"type": "Point", "coordinates": [-1.57628, 53.80874]}, "properties": {"name": "Burley Park", "crs": "BUY", "usage": null, "operator": "", "trend": []}}, {"type": "Feature", "geometry": {"type": "Point", "coordinates": [-1.75336, 53.90811]}, "properties": {"name": "Burley-In-Wharfedale", "crs": "BUW", "usage": null, "operator": "", "trend": []}}, {"type": "Feature", "geometry": {"type": "Point", "coordinates": [-2.2159, 53.42121]}, "properties": {"name": "Burnage", "crs": "BNA", "usage": null, "operator": "", "trend": []}}, {"type": "Feature", "geometry": {"type": "Point", "coordinates": [-2.76623, 54.35531]}, "properties": {"name": "Burneside", "crs": "BUD", "usage": null, "operator": "", "trend": []}}, {"type": "Feature", "geometry": {"type": "Point", "coordinates": [-0.64733, 51.52354]}, "properties": {"name": "Burnham", "crs": "BNM", "usage": null, "operator": "", "trend": []}}, {"type": "Feature", "geometry": {"type": "Point", "coordinates": [0.81346, 51.63353]}, "properties": {"name": "Burnham-On-Crouch", "crs": "BUU", "usage": null, "operator": "", "trend": []}}, {"type": "Feature", "geometry": {"type": "Point", "coordinates": [-2.25801, 53.79124]}, "properties": {"name": "Burnley Barracks", "crs": "BUB", "usage": null, "operator": "", "trend": []}}, {"type": "Feature", "geometry": {"type": "Point", "coordinates": [-2.24464, 53.79378]}, "properties": {"name": "Burnley Central", "crs": "BNC", "usage": null, "operator": "", "trend": []}}, {"type": "Feature", "geometry": {"type": "Point", "coordinates": [-2.24888, 53.78496]}, "properties": {"name": "Burnley Manchester Road", "crs": "BYM", "usage": null, "operator": "", "trend": []}}, {"type": "Feature", "geometry": {"type": "Point", "coordinates": [-2.84176, 53.60519]}, "properties": {"name": "Burscough Bridge", "crs": "BCB", "usage": null, "operator": "", "trend": []}}, {"type": "Feature", "geometry": {"type": "Point", "coordinates": [-2.8401, 53.59801]}, "properties": {"name": "Burscough Junction", "crs": "BCJ", "usage": null, "operator": "", "trend": []}}, {"type": "Feature", "geometry": {"type": "Point", "coordinates": [-1.30483, 50.88286]}, "properties": {"name": "Bursledon", "crs": "BUO", "usage": null, "operator": "", "trend": []}}, {"type": "Feature", "geometry": {"type": "Point", "coordinates": [-1.0407, 52.98405]}, "properties": {"name": "Burton Joyce", "crs": "BUJ", "usage": null, "operator": "", "trend": []}}, {"type": "Feature", "geometry": {"type": "Point", "coordinates": [-1.64246, 52.8058]}, "properties": {"name": "Burton-On-Trent", "crs": "BUT", "usage": null, "operator": "", "trend": []}}, {"type": "Feature", "geometry": {"type": "Point", "coordinates": [0.71335, 52.25373]}, "properties": {"name": "Bury St Edmunds", "crs": "BSE", "usage": null, "operator": "", "trend": []}}, {"type": "Feature", "geometry": {"type": "Point", "coordinates": [-0.06916, 51.64236]}, "properties": {"name": "Bush Hill Park", "crs": "BHK", "usage": null, "operator": "", "trend": []}}, {"type": "Feature", "geometry": {"type": "Point", "coordinates": [-0.38481, 51.64467]}, "properties": {"name": "Bushey", "crs": "BSH", "usage": null, "operator": "", "trend": []}}, {"type": "Feature", "geometry": {"type": "Point", "coordinates": [-1.83816, 52.59238]}, "properties": {"name": "Butlers Lane", "crs": "BUL", "usage": null, "operator": "", "trend": []}}, {"type": "Feature", "geometry": {"type": "Point", "coordinates": [0.13165, 50.99048]}, "properties": {"name": "Buxted", "crs": "BXD", "usage": null, "operator": "", "trend": []}}, {"type": "Feature", "geometry": {"type": "Point", "coordinates": [-1.91309, 53.26058]}, "properties": {"name": "Buxton", "crs": "BUX", "usage": null, "operator": "", "trend": []}}, {"type": "Feature", "geometry": {"type": "Point", "coordinates": [-0.48071, 51.34987]}, "properties": {"name": "Byfleet & New Haw", "crs": "BFN", "usage": null, "operator": "", "trend": []}}, {"type": "Feature", "geometry": {"type": "Point", "coordinates": [-0.11518, 51.5433]}, "properties": {"name": "Caledonian Road & Barnsbury", "crs": "CIR", "usage": null, "operator": "", "trend": []}}, {"type": "Feature", "geometry": {"type": "Point", "coordinates": [-4.20866, 50.49749]}, "properties": {"name": "Calstock", "crs": "CSK", "usage": null, "operator": "", "trend": []}}, {"type": "Feature", "geometry": {"type": "Point", "coordinates": [-2.36619, 51.71701]}, "properties": {"name": "Cam & Dursley", "crs": "CDU", "usage": null, "operator": "", "trend": []}}, {"type": "Feature", "geometry": {"type": "Point", "coordinates": [-0.74533, 51.33591]}, "properties": {"name": "Camberley", "crs": "CAM", "usage": null, "operator": "", "trend": []}}, {"type": "Feature", "geometry": {"type": "Point", "coordinates": [-5.29792, 50.21039]}, "properties": {"name": "Camborne", "crs": "CBN", "usage": null, "operator": "", "trend": []}}, {"type": "Feature", "geometry": {"type": "Point", "coordinates": [0.13758, 52.19452]}, "properties": {"name": "Cambridge", "crs": "CBG", "usage": null, "operator": "", "trend": []}}, {"type": "Feature", "geometry": {"type": "Point", "coordinates": [-0.058, 51.53157]}, "properties": {"name": "Cambridge Heath", "crs": "CBH", "usage": null, "operator": "", "trend": []}}, {"type": "Feature", "geometry": {"type": "Point", "coordinates": [0.15778, 52.22333]}, "properties": {"name": "Cambridge North", "crs": "CMB", "usage": null, "operator": "", "trend": []}}, {"type": "Feature", "geometry": {"type": "Point", "coordinates": [-0.13976, 51.54189]}, "properties": {"name": "Camden Road", "crs": "CMD", "usage": null, "operator": "", "trend": []}}, {"type": "Feature", "geometry": {"type": "Point", "coordinates": [-0.05076, 51.49823]}, "properties": {"name": "Canada Water", "crs": "ZCW", "usage": null, "operator": "", "trend": []}}, {"type": "Feature", "geometry": {"type": "Point", "coordinates": [-0.01578, 51.5061]}, "properties": {"name": "Canary Wharf", "crs": "CWX", "usage": null, "operator": "", "trend": []}}, {"type": "Feature", "geometry": {"type": "Point", "coordinates": [-1.54723, 52.39942]}, "properties": {"name": "Canley", "crs": "CNL", "usage": null, "operator": "", "trend": []}}, {"type": "Feature", "geometry": {"type": "Point", "coordinates": [-2.02216, 52.68677]}, "properties": {"name": "Cannock", "crs": "CAO", "usage": null, "operator": "", "trend": []}}, {"type": "Feature", "geometry": {"type": "Point", "coordinates": [-0.09161, 51.54875]}, "properties": {"name": "Canonbury", "crs": "CNN", "usage": null, "operator": "", "trend": []}}, {"type": "Feature", "geometry": {"type": "Point", "coordinates": [1.07543, 51.27526]}, "properties": {"name": "Canterbury East", "crs": "CBE", "usage": null, "operator": "", "trend": []}}, {"type": "Feature", "geometry": {"type": "Point", "coordinates": [1.07461, 51.28428]}, "properties": {"name": "Canterbury West", "crs": "CBW", "usage": null, "operator": "", "trend": []}}, {"type": "Feature", "geometry": {"type": "Point", "coordinates": [1.5129, 52.57891]}, "properties": {"name": "Cantley", "crs": "CNY", "usage": null, "operator": "", "trend": []}}, {"type": "Feature", "geometry": {"type": "Point", "coordinates": [-2.94291, 53.26015]}, "properties": {"name": "Capenhurst", "crs": "CPU", "usage": null, "operator": "", "trend": []}}, {"type": "Feature", "geometry": {"type": "Point", "coordinates": [-5.46382, 50.19746]}, "properties": {"name": "Carbis Bay", "crs": "CBB", "usage": null, "operator": "", "trend": []}}, {"type": "Feature", "geometry": {"type": "Point", "coordinates": [-2.97275, 54.17751]}, "properties": {"name": "Cark", "crs": "CAK", "usage": null, "operator": "", "trend": []}}, {"type": "Feature", "geometry": {"type": "Point", "coordinates": [-2.93383, 54.89068]}, "properties": {"name": "Carlisle", "crs": "CAR", "usage": null, "operator": "", "trend": []}}, {"type": "Feature", "geometry": {"type": "Point", "coordinates": [-1.07836, 52.96457]}, "properties": {"name": "Carlton", "crs": "CTO", "usage": null, "operator": "", "trend": []}}, {"type": "Feature", "geometry": {"type": "Point", "coordinates": [-2.77124, 54.12969]}, "properties": {"name": "Carnforth", "crs": "CNF", "usage": null, "operator": "", "trend": []}}, {"type": "Feature", "geometry": {"type": "Point", "coordinates": [-0.38558, 51.62788]}, "properties": {"name": "Carpenders Park", "crs": "CPK", "usage": null, "operator": "", "trend": []}}, {"type": "Feature", "geometry": {"type": "Point", "coordinates": [-0.16693, 51.36786]}, "properties": {"name": "Carshalton", "crs": "CSH", "usage": null, "operator": "", "trend": []}}, {"type": "Feature", "geometry": {"type": "Point", "coordinates": [-0.17023, 51.35712]}, "properties": {"name": "Carshalton Beeches", "crs": "CSB", "usage": null, "operator": "", "trend": []}}, {"type": "Feature", "geometry": {"type": "Point", "coordinates": [-0.33158, 51.52287]}, "properties": {"name": "Castle Bar Park", "crs": "CBP", "usage": null, "operator": "", "trend": []}}, {"type": "Feature", "geometry": {"type": "Point", "coordinates": [-2.52268, 51.09958]}, "properties": {"name": "Castle Cary", "crs": "CLC", "usage": null, "operator": "", "trend": []}}, {"type": "Feature", "geometry": {"type": "Point", "coordinates": [-1.35585, 53.72417]}, "properties": {"name": "Castleford", "crs": "CFD", "usage": null, "operator": "", "trend": []}}, {"type": "Feature", "geometry": {"type": "Point", "coordinates": [-2.17813, 53.5918]}, "properties": {"name": "Castleton", "crs": "CAS", "usage": null, "operator": "", "trend": []}}, {"type": "Feature", "geometry": {"type": "Point", "coordinates": [-0.94771, 54.4673]}, "properties": {"name": "Castleton Moor", "crs": "CSM", "usage": null, "operator": "", "trend": []}}, {"type": "Feature", "geometry": {"type": "Point", "coordinates": [-0.07854, 51.2828]}, "properties": {"name": "Caterham", "crs": "CAT", "usage": null, "operator": "", "trend": []}}, {"type": "Feature", "geometry": {"type": "Point", "coordinates": [-0.0257, 51.44471]}, "properties": {"name": "Catford", "crs": "CTF", "usage": null, "operator": "", "trend": []}}, {"type": "Feature", "geometry": {"type": "Point", "coordinates": [-0.02714, 51.44472]}, "properties": {"name": "Catford Bridge", "crs": "CFB", "usage": null, "operator": "", "trend": []}}, {"type": "Feature", "geometry": {"type": "Point", "coordinates": [-1.31981, 53.99751]}, "properties": {"name": "Cattal", "crs": "CTL", "usage": null, "operator": "", "trend": []}}, {"type": "Feature", "geometry": {"type": "Point", "coordinates": [-4.46694, 50.40552]}, "properties": {"name": "Causeland", "crs": "CAU", "usage": null, "operator": "", "trend": []}}, {"type": "Feature", "geometry": {"type": "Point", "coordinates": [0.12826, 51.56791]}, "properties": {"name": "Chadwell Heath", "crs": "CTH", "usage": null, "operator": "", "trend": []}}, {"type": "Feature", "geometry": {"type": "Point", "coordinates": [0.29094, 51.50279]}, "properties": {"name": "Chafford Hundred", "crs": "CFH", "usage": null, "operator": "", "trend": []}}, {"type": "Feature", "geometry": {"type": "Point", "coordinates": [-0.56065, 51.66835]}, "properties": {"name": "Chalfont & Latimer", "crs": "CFO", "usage": null, "operator": "", "trend": []}}, {"type": "Feature", "geometry": {"type": "Point", "coordinates": [0.6706, 51.53883]}, "properties": {"name": "Chalkwell", "crs": "CHW", "usage": null, "operator": "", "trend": []}}, {"type": "Feature", "geometry": {"type": "Point", "coordinates": [-1.3845, 50.983]}, "properties": {"name": "Chandlers Ford", "crs": "CFR", "usage": null, "operator": "", "trend": []}}, {"type": "Feature", "geometry": {"type": "Point", "coordinates": [-1.91891, 53.3124]}, "properties": {"name": "Chapel-En-Le-Frith", "crs": "CEF", "usage": null, "operator": "", "trend": []}}, {"type": "Feature", "geometry": {"type": "Point", "coordinates": [-1.46674, 53.46405]}, "properties": {"name": "Chapeltown", "crs": "CLN", "usage": null, "operator": "", "trend": []}}, {"type": "Feature", "geometry": {"type": "Point", "coordinates": [-4.0244, 51.01577]}, "properties": {"name": "Chapleton", "crs": "CPN", "usage": null, "operator": "", "trend": []}}, {"type": "Feature", "geometry": {"type": "Point", "coordinates": [0.75894, 51.92531]}, "properties": {"name": "Chappel & Wakes Colne", "crs": "CWC", "usage": null, "operator": "", "trend": []}}, {"type": "Feature", "geometry": {"type": "Point", "coordinates": [0.79034, 51.20865]}, "properties": {"name": "Charing", "crs": "CHG", "usage": null, "operator": "", "trend": []}}, {"type": "Feature", "geometry": {"type": "Point", "coordinates": [-1.49013, 51.87293]}, "properties": {"name": "Charlbury", "crs": "CBY", "usage": null, "operator": "", "trend": []}}, {"type": "Feature", "geometry": {"type": "Point", "coordinates": [0.03085, 51.4869]}, "properties": {"name": "Charlton", "crs": "CTN", "usage": null, "operator": "", "trend": []}}, {"type": "Feature", "geometry": {"type": "Point", "coordinates": [1.0183, 51.25696]}, "properties": {"name": "Chartham", "crs": "CRT", "usage": null, "operator": "", "trend": []}}, {"type": "Feature", "geometry": {"type": "Point", "coordinates": [-2.36817, 53.44605]}, "properties": {"name": "Chassen Road", "crs": "CSR", "usage": null, "operator": "", "trend": []}}, {"type": "Feature", "geometry": {"type": "Point", "coordinates": [0.52056, 51.38116]}, "properties": {"name": "Chatham", "crs": "CTM", "usage": null, "operator": "", "trend": []}}, {"type": "Feature", "geometry": {"type": "Point", "coordinates": [-1.70685, 55.5364]}, "properties": {"name": "Chathill", "crs": "CHT", "usage": null, "operator": "", "trend": []}}, {"type": "Feature", "geometry": {"type": "Point", "coordinates": [-2.18812, 53.37596]}, "properties": {"name": "Cheadle Hulme", "crs": "CHU", "usage": null, "operator": "", "trend": []}}, {"type": "Feature", "geometry": {"type": "Point", "coordinates": [-0.2148, 51.35601]}, "properties": {"name": "Cheam", "crs": "CHE", "usage": null, "operator": "", "trend": []}}, {"type": "Feature", "geometry": {"type": "Point", "coordinates": [-0.66217, 51.85791]}, "properties": {"name": "Cheddington", "crs": "CED", "usage": null, "operator": "", "trend": []}}, {"type": "Feature", "geometry": {"type": "Point", "coordinates": [-2.28037, 53.27074]}, "properties": {"name": "Chelford", "crs": "CEL", "usage": null, "operator": "", "trend": []}}, {"type": "Feature", "geometry": {"type": "Point", "coordinates": [0.46932, 51.7366]}, "properties": {"name": "Chelmsford", "crs": "CHM", "usage": null, "operator": "", "trend": []}}, {"type": "Feature", "geometry": {"type": "Point", "coordinates": [0.10837, 51.35603]}, "properties": {"name": "Chelsfield", "crs": "CLD", "usage": null, "operator": "", "trend": []}}, {"type": "Feature", "geometry": {"type": "Point", "coordinates": [-2.10025, 51.89646]}, "properties": {"name": "Cheltenham Spa", "crs": "CNM", "usage": null, "operator": "", "trend": []}}, {"type": "Feature", "geometry": {"type": "Point", "coordinates": [-2.5184, 53.73287]}, "properties": {"name": "Cherry Tree", "crs": "CYT", "usage": null, "operator": "", "trend": []}}, {"type": "Feature", "geometry": {"type": "Point", "coordinates": [-0.50967, 51.38711]}, "properties": {"name": "Chertsey", "crs": "CHY", "usage": null, "operator": "", "trend": []}}, {"type": "Feature", "geometry": {"type": "Point", "coordinates": [-0.02317, 51.70275]}, "properties": {"name": "Cheshunt", "crs": "CHN", "usage": null, "operator": "", "trend": []}}, {"type": "Feature", "geometry": {"type": "Point", "coordinates": [-0.30066, 51.36448]}, "properties": {"name": "Chessington North", "crs": "CSN", "usage": null, "operator": "", "trend": []}}, {"type": "Feature", "geometry": {"type": "Point", "coordinates": [-0.30814, 51.35649]}, "properties": {"name": "Chessington South", "crs": "CSS", "usage": null, "operator": "", "trend": []}}, {"type": "Feature", "geometry": {"type": "Point", "coordinates": [-2.88015, 53.19682]}, "properties": {"name": "Chester", "crs": "CTR", "usage": null, "operator": "", "trend": []}}, {"type": "Feature", "geometry": {"type": "Point", "coordinates": [-1.83258, 52.53558]}, "properties": {"name": "Chester Road", "crs": "CRD", "usage": null, "operator": "", "trend": []}}, {"type": "Feature", "geometry": {"type": "Point", "coordinates": [-1.57785, 54.85489]}, "properties": {"name": "Chester-Le-Street", "crs": "CLS", "usage": null, "operator": "", "trend": []}}, {"type": "Feature", "geometry": {"type": "Point", "coordinates": [-1.42011, 53.23821]}, "properties": {"name": "Chesterfield", "crs": "CHD", "usage": null, "operator": "", "trend": []}}, {"type": "Feature", "geometry": {"type": "Point", "coordinates": [1.06818, 51.36]}, "properties": {"name": "Chestfield & Swalecliffe", "crs": "CSW", "usage": null, "operator": "", "trend": []}}, {"type": "Feature", "geometry": {"type": "Point", "coordinates": [-2.57407, 50.86643]}, "properties": {"name": "Chetnole", "crs": "CNO", "usage": null, "operator": "", "trend": []}}, {"type": "Feature", "geometry": {"type": "Point", "coordinates": [-0.78303, 50.83182]}, "properties": {"name": "Chichester", "crs": "CCH", "usage": null, "operator": "", "trend": []}}, {"type": "Feature", "geometry": {"type": "Point", "coordinates": [0.97594, 51.24455]}, "properties": {"name": "Chilham", "crs": "CIL", "usage": null, "operator": "", "trend": []}}, {"type": "Feature", "geometry": {"type": "Point", "coordinates": [-0.5238, 51.21553]}, "properties": {"name": "Chilworth", "crs": "CHL", "usage": null, "operator": "", "trend": []}}, {"type": "Feature", "geometry": {"type": "Point", "coordinates": [0.00996, 51.63385]}, "properties": {"name": "Chingford", "crs": "CHI", "usage": null, "operator": "", "trend": []}}, {"type": "Feature", "geometry": {"type": "Point", "coordinates": [-1.9444, 53.34027]}, "properties": {"name": "Chinley", "crs": "CLY", "usage": null, "operator": "", "trend": []}}, {"type": "Feature", "geometry": {"type": "Point", "coordinates": [-2.11512, 51.46216]}, "properties": {"name": "Chippenham", "crs": "CPM", "usage": null, "operator": "", "trend": []}}, {"type": "Feature", "geometry": {"type": "Point", "coordinates": [-0.16926, 51.30944]}, "properties": {"name": "Chipstead", "crs": "CHP", "usage": null, "operator": "", "trend": []}}, {"type": "Feature", "geometry": {"type": "Point", "coordinates": [0.05744, 51.40551]}, "properties": {"name": "Chislehurst", "crs": "CIT", "usage": null, "operator": "", "trend": []}}, {"type": "Feature", "geometry": {"type": "Point", "coordinates": [-0.26754, 51.4809]}, "properties": {"name": "Chiswick", "crs": "CHK", "usage": null, "operator": "", "trend": []}}, {"type": "Feature", "geometry": {"type": "Point", "coordinates": [-1.15794, 51.57014]}, "properties": {"name": "Cholsey", "crs": "CHO", "usage": null, "operator": "", "trend": []}}, {"type": "Feature", "geometry": {"type": "Point", "coordinates": [-2.62669, 53.65243]}, "properties": {"name": "Chorley", "crs": "CRL", "usage": null, "operator": "", "trend": []}}, {"type": "Feature", "geometry": {"type": "Point", "coordinates": [-0.51846, 51.65419]}, "properties": {"name": "Chorleywood", "crs": "CLW", "usage": null, "operator": "", "trend": []}}, {"type": "Feature", "geometry": {"type": "Point", "coordinates": [-1.78457, 50.73815]}, "properties": {"name": "Christchurch", "crs": "CHR", "usage": null, "operator": "", "trend": []}}, {"type": "Feature", "geometry": {"type": "Point", "coordinates": [-0.36354, 51.05063]}, "properties": {"name": "Christs Hospital", "crs": "CHH", "usage": null, "operator": "", "trend": []}}, {"type": "Feature", "geometry": {"type": "Point", "coordinates": [-2.39122, 53.75043]}, "properties": {"name": "Church & Oswaldtwistle", "crs": "CTW", "usage": null, "operator": "", "trend": []}}, {"type": "Feature", "geometry": {"type": "Point", "coordinates": [-1.22665, 53.82767]}, "properties": {"name": "Church Fenton", "crs": "CHF", "usage": null, "operator": "", "trend": []}}, {"type": "Feature", "geometry": {"type": "Point", "coordinates": [-2.80348, 52.53661]}, "properties": {"name": "Church Stretton", "crs": "CTT", "usage": null, "operator": "", "trend": []}}, {"type": "Feature", "geometry": {"type": "Point", "coordinates": [-0.10341, 51.51434]}, "properties": {"name": "City Thameslink", "crs": "CTK", "usage": null, "operator": "", "trend": []}}, {"type": "Feature", "geometry": {"type": "Point", "coordinates": [1.15413, 51.79395]}, "properties": {"name": "Clacton-On-Sea", "crs": "CLT", "usage": null, "operator": "", "trend": []}}, {"type": "Feature", "geometry": {"type": "Point", "coordinates": [-0.50362, 51.26383]}, "properties": {"name": "Clandon", "crs": "CLA", "usage": null, "operator": "", "trend": []}}, {"type": "Feature", "geometry": {"type": "Point", "coordinates": [-2.40986, 54.10539]}, "properties": {"name": "Clapham (North Yorkshire)", "crs": "CPY", "usage": null, "operator": "", "trend": []}}, {"type": "Feature", "geometry": {"type": "Point", "coordinates": [-0.1328, 51.46534]}, "properties": {"name": "Clapham High Street", "crs": "CLP", "usage": null, "operator": "", "trend": []}}, {"type": "Feature", "geometry": {"type": "Point", "coordinates": [-0.17028, 51.46413]}, "properties": {"name": "Clapham Junction", "crs": "CLJ", "usage": null, "operator": "", "trend": []}}, {"type": "Feature", "geometry": {"type": "Point", "coordinates": [-0.05668, 51.56213]}, "properties": {"name": "Clapton", "crs": "CPT", "usage": null, "operator": "", "trend": []}}, {"type": "Feature", "geometry": {"type": "Point", "coordinates": [-1.69657, 52.27642]}, "properties": {"name": "Claverdon", "crs": "CLV", "usage": null, "operator": "", "trend": []}}, {"type": "Feature", "geometry": {"type": "Point", "coordinates": [-0.34821, 51.36066]}, "properties": {"name": "Claygate", "crs": "CLG", "usage": null, "operator": "", "trend": []}}, {"type": "Feature", "geometry": {"type": "Point", "coordinates": [-0.02958, 53.56316]}, "properties": {"name": "Cleethorpes", "crs": "CLE", "usage": null, "operator": "", "trend": []}}, {"type": "Feature", "geometry": {"type": "Point", "coordinates": [-2.31481, 53.5225]}, "properties": {"name": "Clifton", "crs": "CLI", "usage": null, "operator": "", "trend": []}}, {"type": "Feature", "geometry": {"type": "Point", "coordinates": [-2.61176, 51.46423]}, "properties": {"name": "Clifton Down", "crs": "CFN", "usage": null, "operator": "", "trend": []}}, {"type": "Feature", "geometry": {"type": "Point", "coordinates": [-2.39437, 53.87345]}, "properties": {"name": "Clitheroe", "crs": "CLH", "usage": null, "operator": "", "trend": []}}, {"type": "Feature", "geometry": {"type": "Point", "coordinates": [-0.04167, 51.4081]}, "properties": {"name": "Clock House", "crs": "CLK", "usage": null, "operator": "", "trend": []}}, {"type": "Feature", "geometry": {"type": "Point", "coordinates": [-0.38992, 51.31808]}, "properties": {"name": "Cobham & Stoke Dabernon", "crs": "CSD", "usage": null, "operator": "", "trend": []}}, {"type": "Feature", "geometry": {"type": "Point", "coordinates": [-2.20089, 52.62726]}, "properties": {"name": "Codsall", "crs": "CSL", "usage": null, "operator": "", "trend": []}}, {"type": "Feature", "geometry": {"type": "Point", "coordinates": [0.89409, 51.90048]}, "properties": {"name": "Colchester", "crs": "COL", "usage": null, "operator": "", "trend": []}}, {"type": "Feature", "geometry": {"type": "Point", "coordinates": [0.90406, 51.8865]}, "properties": {"name": "Colchester Town", "crs": "CET", "usage": null, "operator": "", "trend": []}}, {"type": "Feature", "geometry": {"type": "Point", "coordinates": [-1.7081, 52.5164]}, "properties": {"name": "Coleshill Parkway", "crs": "CEH", "usage": null, "operator": "", "trend": []}}, {"type": "Feature", "geometry": {"type": "Point", "coordinates": [-0.74859, 53.14405]}, "properties": {"name": "Collingham", "crs": "CLM", "usage": null, "operator": "", "trend": []}}, {"type": "Feature", "geometry": {"type": "Point", "coordinates": [0.45714, 50.83927]}, "properties": {"name": "Collington", "crs": "CLL", "usage": null, "operator": "", "trend": []}}, {"type": "Feature", "geometry": {"type": "Point", "coordinates": [-2.18109, 53.85478]}, "properties": {"name": "Colne", "crs": "CNE", "usage": null, "operator": "", "trend": []}}, {"type": "Feature", "geometry": {"type": "Point", "coordinates": [-2.35749, 52.08028]}, "properties": {"name": "Colwall", "crs": "CWL", "usage": null, "operator": "", "trend": []}}, {"type": "Feature", "geometry": {"type": "Point", "coordinates": [-1.39282, 51.83228]}, "properties": {"name": "Combe", "crs": "CME", "usage": null, "operator": "", "trend": []}}, {"type": "Feature", "geometry": {"type": "Point", "coordinates": [-0.97514, 54.48102]}, "properties": {"name": "Commondale", "crs": "COM", "usage": null, "operator": "", "trend": []}}, {"type": "Feature", "geometry": {"type": "Point", "coordinates": [-2.19275, 53.15764]}, "properties": {"name": "Congleton", "crs": "CNG", "usage": null, "operator": "", "trend": []}}, {"type": "Feature", "geometry": {"type": "Point", "coordinates": [-1.23433, 53.48885]}, "properties": {"name": "Conisbrough", "crs": "CNS", "usage": null, "operator": "", "trend": []}}, {"type": "Feature", "geometry": {"type": "Point", "coordinates": [-2.01063, 53.91735]}, "properties": {"name": "Cononley", "crs": "CEY", "usage": null, "operator": "", "trend": []}}, {"type": "Feature", "geometry": {"type": "Point", "coordinates": [-3.02689, 53.38622]}, "properties": {"name": "Conway Park", "crs": "CNP", "usage": null, "operator": "", "trend": []}}, {"type": "Feature", "geometry": {"type": "Point", "coordinates": [0.42697, 50.83271]}, "properties": {"name": "Cooden Beach", "crs": "COB", "usage": null, "operator": "", "trend": []}}, {"type": "Feature", "geometry": {"type": "Point", "coordinates": [-0.72195, 51.55687]}, "properties": {"name": "Cookham", "crs": "COO", "usage": null, "operator": "", "trend": []}}, {"type": "Feature", "geometry": {"type": "Point", "coordinates": [-0.01027, 50.90394]}, "properties": {"name": "Cooksbridge", "crs": "CBR", "usage": null, "operator": "", "trend": []}}, {"type": "Feature", "geometry": {"type": "Point", "coordinates": [-4.48165, 50.44479]}, "properties": {"name": "Coombe", "crs": "COE", "usage": null, "operator": "", "trend": []}}, {"type": "Feature", "geometry": {"type": "Point", "coordinates": [-3.75162, 50.81423]}, "properties": {"name": "Copplestone", "crs": "COP", "usage": null, "operator": "", "trend": []}}, {"type": "Feature", "geometry": {"type": "Point", "coordinates": [-2.01714, 54.96615]}, "properties": {"name": "Corbridge", "crs": "CRB", "usage": null, "operator": "", "trend": []}}, {"type": "Feature", "geometry": {"type": "Point", "coordinates": [-0.68794, 52.4892]}, "properties": {"name": "Corby", "crs": "COR", "usage": null, "operator": "", "trend": []}}, {"type": "Feature", "geometry": {"type": "Point", "coordinates": [-3.58216, 54.54166]}, "properties": {"name": "Corkickle", "crs": "CKL", "usage": null, "operator": "", "trend": []}}, {"type": "Feature", "geometry": {"type": "Point", "coordinates": [-2.08605, 52.54574]}, "properties": {"name": "Coseley", "crs": "CSY", "usage": null, "operator": "", "trend": []}}, {"type": "Feature", "geometry": {"type": "Point", "coordinates": [-2.30148, 52.64503]}, "properties": {"name": "Cosford", "crs": "COS", "usage": null, "operator": "", "trend": []}}, {"type": "Feature", "geometry": {"type": "Point", "coordinates": [-1.06826, 50.84164]}, "properties": {"name": "Cosham", "crs": "CSA", "usage": null, "operator": "", "trend": []}}, {"type": "Feature", "geometry": {"type": "Point", "coordinates": [-0.4064, 53.78183]}, "properties": {"name": "Cottingham", "crs": "CGM", "usage": null, "operator": "", "trend": []}}, {"type": "Feature", "geometry": {"type": "Point", "coordinates": [-1.58883, 53.76744]}, "properties": {"name": "Cottingley", "crs": "COT", "usage": null, "operator": "", "trend": []}}, {"type": "Feature", "geometry": {"type": "Point", "coordinates": [-0.13746, 51.31523]}, "properties": {"name": "Coulsdon South", "crs": "CDS", "usage": null, "operator": "", "trend": []}}, {"type": "Feature", "geometry": {"type": "Point", "coordinates": [-0.13429, 51.32243]}, "properties": {"name": "Coulsdon Town", "crs": "CDN", "usage": null, "operator": "", "trend": []}}, {"type": "Feature", "geometry": {"type": "Point", "coordinates": [-1.51347, 52.40079]}, "properties": {"name": "Coventry", "crs": "COV", "usage": null, "operator": "", "trend": []}}, {"type": "Feature", "geometry": {"type": "Point", "coordinates": [-1.49456, 52.44703]}, "properties": {"name": "Coventry Arena", "crs": "CAA", "usage": null, "operator": "", "trend": []}}, {"type": "Feature", "geometry": {"type": "Point", "coordinates": [0.11065, 51.15544]}, "properties": {"name": "Cowden", "crs": "CWN", "usage": null, "operator": "", "trend": []}}, {"type": "Feature", "geometry": {"type": "Point", "coordinates": [-2.08976, 52.46918]}, "properties": {"name": "Cradley Heath", "crs": "CRA", "usage": null, "operator": "", "trend": []}}, {"type": "Feature", "geometry": {"type": "Point", "coordinates": [-1.59889, 55.0886]}, "properties": {"name": "Cramlington", "crs": "CRM", "usage": null, "operator": "", "trend": []}}, {"type": "Feature", "geometry": {"type": "Point", "coordinates": [-3.4206, 50.7501]}, "properties": {"name": "Cranbrook (Devon)", "crs": "CBK", "usage": null, "operator": "", "trend": []}}, {"type": "Feature", "geometry": {"type": "Point", "coordinates": [-2.83708, 52.44197]}, "properties": {"name": "Craven Arms", "crs": "CRV", "usage": null, "operator": "", "trend": []}}, {"type": "Feature", "geometry": {"type": "Point", "coordinates": [-0.18708, 51.11187]}, "properties": {"name": "Crawley", "crs": "CRW", "usage": null, "operator": "", "trend": []}}, {"type": "Feature", "geometry": {"type": "Point", "coordinates": [0.17883, 51.44827]}, "properties": {"name": "Crayford", "crs": "CRY", "usage": null, "operator": "", "trend": []}}, {"type": "Feature", "geometry": {"type": "Point", "coordinates": [-3.64691, 50.78337]}, "properties": {"name": "Crediton", "crs": "CDI", "usage": null, "operator": "", "trend": []}}, {"type": "Feature", "geometry": {"type": "Point", "coordinates": [0.58019, 51.85203]}, "properties": {"name": "Cressing", "crs": "CES", "usage": null, "operator": "", "trend": []}}, {"type": "Feature", "geometry": {"type": "Point", "coordinates": [-2.91172, 53.3588]}, "properties": {"name": "Cressington", "crs": "CSG", "usage": null, "operator": "", "trend": []}}, {"type": "Feature", "geometry": {"type": "Point", "coordinates": [-1.21586, 53.26401]}, "properties": {"name": "Creswell", "crs": "CWD", "usage": null, "operator": "", "trend": []}}, {"type": "Feature", "geometry": {"type": "Point", "coordinates": [-2.43299, 53.08961]}, "properties": {"name": "Crewe", "crs": "CRE", "usage": null, "operator": "", "trend": []}}, {"type": "Feature", "geometry": {"type": "Point", "coordinates": [-2.77881, 50.87334]}, "properties": {"name": "Crewkerne", "crs": "CKN", "usage": null, "operator": "", "trend": []}}, {"type": "Feature", "geometry": {"type": "Point", "coordinates": [-0.10644, 51.68433]}, "properties": {"name": "Crews Hill", "crs": "CWH", "usage": null, "operator": "", "trend": []}}, {"type": "Feature", "geometry": {"type": "Point", "coordinates": [-0.21407, 51.55923]}, "properties": {"name": "Cricklewood", "crs": "CRI", "usage": null, "operator": "", "trend": []}}, {"type": "Feature", "geometry": {"type": "Point", "coordinates": [-0.03678, 51.45478]}, "properties": {"name": "Crofton Park", "crs": "CFT", "usage": null, "operator": "", "trend": []}}, {"type": "Feature", "geometry": {"type": "Point", "coordinates": [1.29278, 52.93059]}, "properties": {"name": "Cromer", "crs": "CMR", "usage": null, "operator": "", "trend": []}}, {"type": "Feature", "geometry": {"type": "Point", "coordinates": [-1.54879, 53.11292]}, "properties": {"name": "Cromford", "crs": "CMF", "usage": null, "operator": "", "trend": []}}, {"type": "Feature", "geometry": {"type": "Point", "coordinates": [-1.4518, 53.80464]}, "properties": {"name": "Cross Gates", "crs": "CRG", "usage": null, "operator": "", "trend": []}}, {"type": "Feature", "geometry": {"type": "Point", "coordinates": [-1.84489, 53.85883]}, "properties": {"name": "Crossflatts", "crs": "CFL", "usage": null, "operator": "", "trend": []}}, {"type": "Feature", "geometry": {"type": "Point", "coordinates": [-2.77772, 53.66756]}, "properties": {"name": "Croston", "crs": "CSO", "usage": null, "operator": "", "trend": []}}, {"type": "Feature", "geometry": {"type": "Point", "coordinates": [-0.11691, 51.5712]}, "properties": {"name": "Crouch Hill", "crs": "CRH", "usage": null, "operator": "", "trend": []}}, {"type": "Feature", "geometry": {"type": "Point", "coordinates": [0.18842, 51.04608]}, "properties": {"name": "Crowborough", "crs": "COH", "usage": null, "operator": "", "trend": []}}, {"type": "Feature", "geometry": {"type": "Point", "coordinates": [0.50098, 50.8887]}, "properties": {"name": "Crowhurst", "crs": "CWU", "usage": null, "operator": "", "trend": []}}, {"type": "Feature", "geometry": {"type": "Point", "coordinates": [-0.81704, 53.58973]}, "properties": {"name": "Crowle", "crs": "CWE", "usage": null, "operator": "", "trend": []}}, {"type": "Feature", "geometry": {"type": "Point", "coordinates": [-0.81919, 51.36636]}, "properties": {"name": "Crowthorne", "crs": "CRN", "usage": null, "operator": "", "trend": []}}, {"type": "Feature", "geometry": {"type": "Point", "coordinates": [-0.0729, 51.4176]}, "properties": {"name": "Crystal Palace", "crs": "CYP", "usage": null, "operator": "", "trend": []}}, {"type": "Feature", "geometry": {"type": "Point", "coordinates": [-2.59933, 53.23991]}, "properties": {"name": "Cuddington", "crs": "CUD", "usage": null, "operator": "", "trend": []}}, {"type": "Feature", "geometry": {"type": "Point", "coordinates": [-0.10976, 51.70867]}, "properties": {"name": "Cuffley", "crs": "CUF", "usage": null, "operator": "", "trend": []}}, {"type": "Feature", "geometry": {"type": "Point", "coordinates": [-1.23645, 51.65377]}, "properties": {"name": "Culham", "crs": "CUM", "usage": null, "operator": "", "trend": []}}, {"type": "Feature", "geometry": {"type": "Point", "coordinates": [0.02589, 51.50964]}, "properties": {"name": "Custom House", "crs": "CUS", "usage": null, "operator": "", "trend": []}}, {"type": "Feature", "geometry": {"type": "Point", "coordinates": [0.46269, 51.3743]}, "properties": {"name": "Cuxton", "crs": "CUX", "usage": null, "operator": "", "trend": []}}, {"type": "Feature", "geometry": {"type": "Point", "coordinates": [0.14505, 51.52624]}, "properties": {"name": "Dagenham Dock", "crs": "DDK", "usage": null, "operator": "", "trend": []}}, {"type": "Feature", "geometry": {"type": "Point", "coordinates": [-2.51621, 53.53939]}, "properties": {"name": "Daisy Hill", "crs": "DSY", "usage": null, "operator": "", "trend": []}}, {"type": "Feature", "geometry": {"type": "Point", "coordinates": [-2.98887, 54.8462]}, "properties": {"name": "Dalston (Cumbria)", "crs": "DLS", "usage": null, "operator": "", "trend": []}}, {"type": "Feature", "geometry": {"type": "Point", "coordinates": [-0.07544, 51.54614]}, "properties": {"name": "Dalston Junction", "crs": "DLJ", "usage": null, "operator": "", "trend": []}}, {"type": "Feature", "geometry": {"type": "Point", "coordinates": [-0.07459, 51.54803]}, "properties": {"name": "Dalston Kingsland", "crs": "DLK", "usage": null, "operator": "", "trend": []}}, {"type": "Feature", "geometry": {"type": "Point", "coordinates": [-3.17903, 54.15424]}, "properties": {"name": "Dalton", "crs": "DLT", "usage": null, "operator": "", "trend": []}}, {"type": "Feature", "geometry": {"type": "Point", "coordinates": [-0.9107, 54.46607]}, "properties": {"name": "Danby", "crs": "DNY", "usage": null, "operator": "", "trend": []}}, {"type": "Feature", "geometry": {"type": "Point", "coordinates": [-1.81949, 52.32433]}, "properties": {"name": "Danzey", "crs": "DZY", "usage": null, "operator": "", "trend": []}}, {"type": "Feature", "geometry": {"type": "Point", "coordinates": [-2.01953, 52.57638]}, "properties": {"name": "Darlaston", "crs": "DAS", "usage": null, "operator": "", "trend": []}}, {"type": "Feature", "geometry": {"type": "Point", "coordinates": [-1.54732, 54.52046]}, "properties": {"name": "Darlington", "crs": "DAR", "usage": null, "operator": "", "trend": []}}, {"type": "Feature", "geometry": {"type": "Point", "coordinates": [-1.41066, 53.38108]}, "properties": {"name": "Darnall", "crs": "DAN", "usage": null, "operator": "", "trend": []}}, {"type": "Feature", "geometry": {"type": "Point", "coordinates": [1.52234, 52.27281]}, "properties": {"name": "Darsham", "crs": "DSM", "usage": null, "operator": "", "trend": []}}, {"type": "Feature", "geometry": {"type": "Point", "coordinates": [0.21764, 51.44755]}, "properties": {"name": "Dartford", "crs": "DFD", "usage": null, "operator": "", "trend": []}}, {"type": "Feature", "geometry": {"type": "Point", "coordinates": [-1.53165, 53.58836]}, "properties": {"name": "Darton", "crs": "DRT", "usage": null, "operator": "", "trend": []}}, {"type": "Feature", "geometry": {"type": "Point", "coordinates": [-2.46496, 53.69804]}, "properties": {"name": "Darwen", "crs": "DWN", "usage": null, "operator": "", "trend": []}}, {"type": "Feature", "geometry": {"type": "Point", "coordinates": [-0.57998, 51.4833]}, "properties": {"name": "Datchet", "crs": "DAT", "usage": null, "operator": "", "trend": []}}, {"type": "Feature", "geometry": {"type": "Point", "coordinates": [-2.15323, 53.39072]}, "properties": {"name": "Davenport", "crs": "DVN", "usage": null, "operator": "", "trend": []}}, {"type": "Feature", "geometry": {"type": "Point", "coordinates": [-3.46458, 50.58069]}, "properties": {"name": "Dawlish", "crs": "DWL", "usage": null, "operator": "", "trend": []}}, {"type": "Feature", "geometry": {"type": "Point", "coordinates": [-3.4439, 50.59931]}, "properties": {"name": "Dawlish Warren", "crs": "DWW", "usage": null, "operator": "", "trend": []}}, {"type": "Feature", "geometry": {"type": "Point", "coordinates": [1.39856, 51.22313]}, "properties": {"name": "Deal", "crs": "DEA", "usage": null, "operator": "", "trend": []}}, {"type": "Feature", "geometry": {"type": "Point", "coordinates": [-1.6348, 51.04263]}, "properties": {"name": "Dean", "crs": "DEN", "usage": null, "operator": "", "trend": []}}, {"type": "Feature", "geometry": {"type": "Point", "coordinates": [-2.25006, 53.47396]}, "properties": {"name": "Deansgate", "crs": "DGT", "usage": null, "operator": "", "trend": []}}, {"type": "Feature", "geometry": {"type": "Point", "coordinates": [-1.75174, 53.66902]}, "properties": {"name": "Deighton", "crs": "DHN", "usage": null, "operator": "", "trend": []}}, {"type": "Feature", "geometry": {"type": "Point", "coordinates": [-2.66658, 53.22877]}, "properties": {"name": "Delamere", "crs": "DLM", "usage": null, "operator": "", "trend": []}}, {"type": "Feature", "geometry": {"type": "Point", "coordinates": [-1.66322, 53.57263]}, "properties": {"name": "Denby Dale", "crs": "DBD", "usage": null, "operator": "", "trend": []}}, {"type": "Feature", "geometry": {"type": "Point", "coordinates": [-0.49763, 51.57849]}, "properties": {"name": "Denham", "crs": "DNM", "usage": null, "operator": "", "trend": []}}, {"type": "Feature", "geometry": {"type": "Point", "coordinates": [-0.51777, 51.58054]}, "properties": {"name": "Denham Golf Club", "crs": "DGC", "usage": null, "operator": "", "trend": []}}, {"type": "Feature", "geometry": {"type": "Point", "coordinates": [-0.08947, 51.46824]}, "properties": {"name": "Denmark Hill", "crs": "DMK", "usage": null, "operator": "", "trend": []}}, {"type": "Feature", "geometry": {"type": "Point", "coordinates": [-2.36399, 54.2826]}, "properties": {"name": "Dent", "crs": "DNT", "usage": null, "operator": "", "trend": []}}, {"type": "Feature", "geometry": {"type": "Point", "coordinates": [-2.13165, 53.45709]}, "properties": {"name": "Denton", "crs": "DTN", "usage": null, "operator": "", "trend": []}}, {"type": "Feature", "geometry": {"type": "Point", "coordinates": [-0.02711, 51.4789]}, "properties": {"name": "Deptford", "crs": "DEP", "usage": null, "operator": "", "trend": []}}, {"type": "Feature", "geometry": {"type": "Point", "coordinates": [-1.46256, 52.91638]}, "properties": {"name": "Derby", "crs": "DBY", "usage": null, "operator": "", "trend": []}}, {"type": "Feature", "geometry": {"type": "Point", "coordinates": [1.18233, 52.04953]}, "properties": {"name": "Derby Road", "crs": "DBR", "usage": null, "operator": "", "trend": []}}, {"type": "Feature", "geometry": {"type": "Point", "coordinates": [-4.17153, 50.37813]}, "properties": {"name": "Devonport", "crs": "DPT", "usage": null, "operator": "", "trend": []}}, {"type": "Feature", "geometry": {"type": "Point", "coordinates": [-1.63349, 53.69209]}, "properties": {"name": "Dewsbury", "crs": "DEW", "usage": null, "operator": "", "trend": []}}, {"type": "Feature", "geometry": {"type": "Point", "coordinates": [-1.24261, 51.61127]}, "properties": {"name": "Didcot Parkway", "crs": "DID", "usage": null, "operator": "", "trend": []}}, {"type": "Feature", "geometry": {"type": "Point", "coordinates": [-3.47457, 50.71643]}, "properties": {"name": "Digby & Sowton", "crs": "DIG", "usage": null, "operator": "", "trend": []}}, {"type": "Feature", "geometry": {"type": "Point", "coordinates": [-2.20772, 51.24893]}, "properties": {"name": "Dilton Marsh", "crs": "DMH", "usage": null, "operator": "", "trend": []}}, {"type": "Feature", "geometry": {"type": "Point", "coordinates": [-1.46705, 54.51474]}, "properties": {"name": "Dinsdale", "crs": "DND", "usage": null, "operator": "", "trend": []}}, {"type": "Feature", "geometry": {"type": "Point", "coordinates": [-1.97028, 53.44938]}, "properties": {"name": "Dinting", "crs": "DTG", "usage": null, "operator": "", "trend": []}}, {"type": "Feature", "geometry": {"type": "Point", "coordinates": [-2.04246, 53.35815]}, "properties": {"name": "Disley", "crs": "DSL", "usage": null, "operator": "", "trend": []}}, {"type": "Feature", "geometry": {"type": "Point", "coordinates": [1.12327, 52.3731]}, "properties": {"name": "Diss", "crs": "DIS", "usage": null, "operator": "", "trend": []}}, {"type": "Feature", "geometry": {"type": "Point", "coordinates": [-4.17596, 50.38255]}, "properties": {"name": "Dockyard", "crs": "DOC", "usage": null, "operator": "", "trend": []}}, {"type": "Feature", "geometry": {"type": "Point", "coordinates": [-1.53062, 53.54522]}, "properties": {"name": "Dodworth", "crs": "DOD", "usage": null, "operator": "", "trend": []}}, {"type": "Feature", "geometry": {"type": "Point", "coordinates": [0.61073, 50.91869]}, "properties": {"name": "Doleham", "crs": "DLH", "usage": null, "operator": "", "trend": []}}, {"type": "Feature", "geometry": {"type": "Point", "coordinates": [-1.14023, 53.52147]}, "properties": {"name": "Doncaster", "crs": "DON", "usage": null, "operator": "", "trend": []}}, {"type": "Feature", "geometry": {"type": "Point", "coordinates": [-2.43759, 50.70875]}, "properties": {"name": "Dorchester South", "crs": "DCH", "usage": null, "operator": "", "trend": []}}, {"type": "Feature", "geometry": {"type": "Point", "coordinates": [-2.44327, 50.71053]}, "properties": {"name": "Dorchester West", "crs": "DCW", "usage": null, "operator": "", "trend": []}}, {"type": "Feature", "geometry": {"type": "Point", "coordinates": [-1.515, 53.32762]}, "properties": {"name": "Dore & Totley", "crs": "DOR", "usage": null, "operator": "", "trend": []}}, {"type": "Feature", "geometry": {"type": "Point", "coordinates": [-0.32382, 51.24162]}, "properties": {"name": "Dorking", "crs": "DKG", "usage": null, "operator": "", "trend": []}}, {"type": "Feature", "geometry": {"type": "Point", "coordinates": [-0.32392, 51.23892]}, "properties": {"name": "Dorking Deepdene", "crs": "DPD", "usage": null, "operator": "", "trend": []}}, {"type": "Feature", "geometry": {"type": "Point", "coordinates": [-0.33976, 51.23644]}, "properties": {"name": "Dorking West", "crs": "DKT", "usage": null, "operator": "", "trend": []}}, {"type": "Feature", "geometry": {"type": "Point", "coordinates": [-0.00518, 51.15567]}, "properties": {"name": "Dormans", "crs": "DMS", "usage": null, "operator": "", "trend": []}}, {"type": "Feature", "geometry": {"type": "Point", "coordinates": [-1.75321, 52.37186]}, "properties": {"name": "Dorridge", "crs": "DDG", "usage": null, "operator": "", "trend": []}}, {"type": "Feature", "geometry": {"type": "Point", "coordinates": [-1.89068, 53.3]}, "properties": {"name": "Dove Holes", "crs": "DVH", "usage": null, "operator": "", "trend": []}}, {"type": "Feature", "geometry": {"type": "Point", "coordinates": [1.30423, 51.12599]}, "properties": {"name": "Dover Priory", "crs": "DVP", "usage": null, "operator": "", "trend": []}}, {"type": "Feature", "geometry": {"type": "Point", "coordinates": [1.28072, 51.93889]}, "properties": {"name": "Dovercourt", "crs": "DVC", "usage": null, "operator": "", "trend": []}}, {"type": "Feature", "geometry": {"type": "Point", "coordinates": [0.36575, 52.60471]}, "properties": {"name": "Downham Market", "crs": "DOW", "usage": null, "operator": "", "trend": []}}, {"type": "Feature", "geometry": {"type": "Point", "coordinates": [-0.33009, 51.51633]}, "properties": {"name": "Drayton Green", "crs": "DRG", "usage": null, "operator": "", "trend": []}}, {"type": "Feature", "geometry": {"type": "Point", "coordinates": [-0.10472, 51.55212]}, "properties": {"name": "Drayton Park", "crs": "DYP", "usage": null, "operator": "", "trend": []}}, {"type": "Feature", "geometry": {"type": "Point", "coordinates": [-0.43463, 54.00153]}, "properties": {"name": "Driffield", "crs": "DRF", "usage": null, "operator": "", "trend": []}}, {"type": "Feature", "geometry": {"type": "Point", "coordinates": [-3.44407, 54.37697]}, "properties": {"name": "Drigg", "crs": "DRI", "usage": null, "operator": "", "trend": []}}, {"type": "Feature", "geometry": {"type": "Point", "coordinates": [-2.15824, 52.26862]}, "properties": {"name": "Droitwich Spa", "crs": "DTW", "usage": null, "operator": "", "trend": []}}, {"type": "Feature", "geometry": {"type": "Point", "coordinates": [-1.46877, 53.30136]}, "properties": {"name": "Dronfield", "crs": "DRO", "usage": null, "operator": "", "trend": []}}, {"type": "Feature", "geometry": {"type": "Point", "coordinates": [-1.87184, 52.48802]}, "properties": {"name": "Duddeston", "crs": "DUD", "usage": null, "operator": "", "trend": []}}, {"type": "Feature", "geometry": {"type": "Point", "coordinates": [-2.0494, 52.52452]}, "properties": {"name": "Dudley Port", "crs": "DDP", "usage": null, "operator": "", "trend": []}}, {"type": "Feature", "geometry": {"type": "Point", "coordinates": [-1.48603, 52.98771]}, "properties": {"name": "Duffield", "crs": "DFI", "usage": null, "operator": "", "trend": []}}, {"type": "Feature", "geometry": {"type": "Point", "coordinates": [0.3662, 52.20094]}, "properties": {"name": "Dullingham", "crs": "DUL", "usage": null, "operator": "", "trend": []}}, {"type": "Feature", "geometry": {"type": "Point", "coordinates": [1.42629, 51.34557]}, "properties": {"name": "Dumpton Park", "crs": "DMP", "usage": null, "operator": "", "trend": []}}, {"type": "Feature", "geometry": {"type": "Point", "coordinates": [-1.64865, 54.95216]}, "properties": {"name": "Dunston", "crs": "DOT", "usage": null, "operator": "", "trend": []}}, {"type": "Feature", "geometry": {"type": "Point", "coordinates": [0.17162, 51.29642]}, "properties": {"name": "Dunton Green", "crs": "DNG", "usage": null, "operator": "", "trend": []}}, {"type": "Feature", "geometry": {"type": "Point", "coordinates": [-1.58175, 54.77941]}, "properties": {"name": "Durham", "crs": "DHM", "usage": null, "operator": "", "trend": []}}, {"type": "Feature", "geometry": {"type": "Point", "coordinates": [-0.41146, 50.81746]}, "properties": {"name": "Durrington-On-Sea", "crs": "DUR", "usage": null, "operator": "", "trend": []}}, {"type": "Feature", "geometry": {"type": "Point", "coordinates": [-1.34943, 54.52945]}, "properties": {"name": "Eaglescliffe", "crs": "EAG", "usage": null, "operator": "", "trend": []}}, {"type": "Feature", "geometry": {"type": "Point", "coordinates": [-0.30084, 51.51466]}, "properties": {"name": "Ealing Broadway", "crs": "EAL", "usage": null, "operator": "", "trend": []}}, {"type": "Feature", "geometry": {"type": "Point", "coordinates": [-2.63767, 53.45114]}, "properties": {"name": "Earlestown", "crs": "ERL", "usage": null, "operator": "", "trend": []}}, {"type": "Feature", "geometry": {"type": "Point", "coordinates": [-0.91799, 51.44105]}, "properties": {"name": "Earley", "crs": "EAR", "usage": null, "operator": "", "trend": []}}, {"type": "Feature", "geometry": {"type": "Point", "coordinates": [-0.18842, 51.44193]}, "properties": {"name": "Earlsfield", "crs": "EAD", "usage": null, "operator": "", "trend": []}}, {"type": "Feature", "geometry": {"type": "Point", "coordinates": [-0.17108, 51.22763]}, "properties": {"name": "Earlswood (Surrey)", "crs": "ELD", "usage": null, "operator": "", "trend": []}}, {"type": "Feature", "geometry": {"type": "Point", "coordinates": [-1.86191, 52.36664]}, "properties": {"name": "Earlswood (West Midlands)", "crs": "EWD", "usage": null, "operator": "", "trend": []}}, {"type": "Feature", "geometry": {"type": "Point", "coordinates": [-1.42077, 54.9468]}, "properties": {"name": "East Boldon", "crs": "EBL", "usage": null, "operator": "", "trend": []}}, {"type": "Feature", "geometry": {"type": "Point", "coordinates": [-0.09334, 51.37568]}, "properties": {"name": "East Croydon", "crs": "ECR", "usage": null, "operator": "", "trend": []}}, {"type": "Feature", "geometry": {"type": "Point", "coordinates": [-2.22111, 53.41021]}, "properties": {"name": "East Didsbury", "crs": "EDY", "usage": null, "operator": "", "trend": []}}, {"type": "Feature", "geometry": {"type": "Point", "coordinates": [-0.08115, 51.46091]}, "properties": {"name": "East Dulwich", "crs": "EDW", "usage": null, "operator": "", "trend": []}}, {"type": "Feature", "geometry": {"type": "Point", "coordinates": [0.48498, 51.25511]}, "properties": {"name": "East Farleigh", "crs": "EFL", "usage": null, "operator": "", "trend": []}}, {"type": "Feature", "geometry": {"type": "Point", "coordinates": [-1.36393, 53.79162]}, "properties": {"name": "East Garforth", "crs": "EGF", "usage": null, "operator": "", "trend": []}}, {"type": "Feature", "geometry": {"type": "Point", "coordinates": [-0.01789, 51.12621]}, "properties": {"name": "East Grinstead", "crs": "EGR", "usage": null, "operator": "", "trend": []}}, {"type": "Feature", "geometry": {"type": "Point", "coordinates": [0.43931, 51.28575]}, "properties": {"name": "East Malling", "crs": "EML", "usage": null, "operator": "", "trend": []}}, {"type": "Feature", "geometry": {"type": "Point", "coordinates": [-1.263, 52.862]}, "properties": {"name": "East Midlands Parkway", "crs": "EMD", "usage": null, "operator": "", "trend": []}}, {"type": "Feature", "geometry": {"type": "Point", "coordinates": [0.41248, 51.48506]}, "properties": {"name": "East Tilbury", "crs": "ETL", "usage": null, "operator": "", "trend": []}}, {"type": "Feature", "geometry": {"type": "Point", "coordinates": [-0.35452, 50.82207]}, "properties": {"name": "East Worthing", "crs": "EWR", "usage": null, "operator": "", "trend": []}}, {"type": "Feature", "geometry": {"type": "Point", "coordinates": [0.28185, 50.76908]}, "properties": {"name": "Eastbourne", "crs": "EBN", "usage": null, "operator": "", "trend": []}}, {"type": "Feature", "geometry": {"type": "Point", "coordinates": [-2.9812, 53.30753]}, "properties": {"name": "Eastham Rake", "crs": "ERA", "usage": null, "operator": "", "trend": []}}, {"type": "Feature", "geometry": {"type": "Point", "coordinates": [-1.35056, 50.96856]}, "properties": {"name": "Eastleigh", "crs": "ESL", "usage": null, "operator": "", "trend": []}}, {"type": "Feature", "geometry": {"type": "Point", "coordinates": [-0.78661, 53.75481]}, "properties": {"name": "Eastrington", "crs": "EGN", "usage": null, "operator": "", "trend": []}}, {"type": "Feature", "geometry": {"type": "Point", "coordinates": [0.32089, 51.44301]}, "properties": {"name": "Ebbsfleet International", "crs": "EBD", "usage": null, "operator": "", "trend": []}}, {"type": "Feature", "geometry": {"type": "Point", "coordinates": [-2.33301, 53.48544]}, "properties": {"name": "Eccles", "crs": "ECC", "usage": null, "operator": "", "trend": []}}, {"type": "Feature", "geometry": {"type": "Point", "coordinates": [0.96966, 52.47058]}, "properties": {"name": "Eccles Road", "crs": "ECS", "usage": null, "operator": "", "trend": []}}, {"type": "Feature", "geometry": {"type": "Point", "coordinates": [-2.78056, 53.43066]}, "properties": {"name": "Eccleston Park", "crs": "ECL", "usage": null, "operator": "", "trend": []}}, {"type": "Feature", "geometry": {"type": "Point", "coordinates": [-1.8174, 53.36477]}, "properties": {"name": "Edale", "crs": "EDL", "usage": null, "operator": "", "trend": []}}, {"type": "Feature", "geometry": {"type": "Point", "coordinates": [-0.02659, 51.39076]}, "properties": {"name": "Eden Park", "crs": "EDN", "usage": null, "operator": "", "trend": []}}, {"type": "Feature", "geometry": {"type": "Point", "coordinates": [0.0601, 51.20851]}, "properties": {"name": "Edenbridge", "crs": "EBR", "usage": null, "operator": "", "trend": []}}, {"type": "Feature", "geometry": {"type": "Point", "coordinates": [0.06689, 51.20029]}, "properties": {"name": "Edenbridge Town", "crs": "EBT", "usage": null, "operator": "", "trend": []}}, {"type": "Feature", "geometry": {"type": "Point", "coordinates": [-2.94699, 53.40266]}, "properties": {"name": "Edge Hill", "crs": "EDG", "usage": null, "operator": "", "trend": []}}, {"type": "Feature", "geometry": {"type": "Point", "coordinates": [-0.05967, 51.6238]}, "properties": {"name": "Edmonton Green", "crs": "EDR", "usage": null, "operator": "", "trend": []}}, {"type": "Feature", "geometry": {"type": "Point", "coordinates": [-0.41954, 51.2915]}, "properties": {"name": "Effingham Junction", "crs": "EFF", "usage": null, "operator": "", "trend": []}}, {"type": "Feature", "geometry": {"type": "Point", "coordinates": [-3.87523, 50.88785]}, "properties": {"name": "Eggesford", "crs": "EGG", "usage": null, "operator": "", "trend": []}}, {"type": "Feature", "geometry": {"type": "Point", "coordinates": [-0.5457, 51.42892]}, "properties": {"name": "Egham", "crs": "EGH", "usage": null, "operator": "", "trend": []}}, {"type": "Feature", "geometry": {"type": "Point", "coordinates": [-0.7619, 54.43768]}, "properties": {"name": "Egton", "crs": "EGT", "usage": null, "operator": "", "trend": []}}, {"type": "Feature", "geometry": {"type": "Point", "coordinates": [-0.09846, 51.49447]}, "properties": {"name": "Elephant & Castle", "crs": "EPH", "usage": null, "operator": "", "trend": []}}, {"type": "Feature", "geometry": {"type": "Point", "coordinates": [-2.8954, 53.2821]}, "properties": {"name": "Ellesmere Port", "crs": "ELP", "usage": null, "operator": "", "trend": []}}, {"type": "Feature", "geometry": {"type": "Point", "coordinates": [-0.04926, 51.39834]}, "properties": {"name": "Elmers End", "crs": "ELE", "usage": null, "operator": "", "trend": []}}, {"type": "Feature", "geometry": {"type": "Point", "coordinates": [0.04359, 51.41743]}, "properties": {"name": "Elmstead Woods", "crs": "ESD", "usage": null, "operator": "", "trend": []}}, {"type": "Feature", "geometry": {"type": "Point", "coordinates": [0.91163, 52.2382]}, "properties": {"name": "Elmswell", "crs": "ESW", "usage": null, "operator": "", "trend": []}}, {"type": "Feature", "geometry": {"type": "Point", "coordinates": [-1.42862, 53.49892]}, "properties": {"name": "Elsecar", "crs": "ELR", "usage": null, "operator": "", "trend": []}}, {"type": "Feature", "geometry": {"type": "Point", "coordinates": [0.22779, 51.92038]}, "properties": {"name": "Elsenham", "crs": "ESM", "usage": null, "operator": "", "trend": []}}, {"type": "Feature", "geometry": {"type": "Point", "coordinates": [-0.27978, 51.65284]}, "properties": {"name": "Elstree & Borehamwood", "crs": "ELS", "usage": null, "operator": "", "trend": []}}, {"type": "Feature", "geometry": {"type": "Point", "coordinates": [0.0496, 51.4551]}, "properties": {"name": "Eltham", "crs": "ELW", "usage": null, "operator": "", "trend": []}}, {"type": "Feature", "geometry": {"type": "Point", "coordinates": [-0.85536, 52.95184]}, "properties": {"name": "Elton & Orston", "crs": "ELO", "usage": null, "operator": "", "trend": []}}, {"type": "Feature", "geometry": {"type": "Point", "coordinates": [0.2661, 52.39085]}, "properties": {"name": "Ely", "crs": "ELY", "usage": null, "operator": "", "trend": []}}, {"type": "Feature", "geometry": {"type": "Point", "coordinates": [0.22066, 51.56889]}, "properties": {"name": "Emerson Park", "crs": "EMP", "usage": null, "operator": "", "trend": []}}, {"type": "Feature", "geometry": {"type": "Point", "coordinates": [-0.93878, 50.85133]}, "properties": {"name": "Emsworth", "crs": "EMS", "usage": null, "operator": "", "trend": []}}, {"type": "Feature", "geometry": {"type": "Point", "coordinates": [-0.0904, 51.65261]}, "properties": {"name": "Enfield Chase", "crs": "ENC", "usage": null, "operator": "", "trend": []}}, {"type": "Feature", "geometry": {"type": "Point", "coordinates": [-0.02888, 51.67138]}, "properties": {"name": "Enfield Lock", "crs": "ENL", "usage": null, "operator": "", "trend": []}}, {"type": "Feature", "geometry": {"type": "Point", "coordinates": [-0.07889, 51.65152]}, "properties": {"name": "Enfield Town", "crs": "ENF", "usage": null, "operator": "", "trend": []}}, {"type": "Feature", "geometry": {"type": "Point", "coordinates": [-2.41398, 53.65559]}, "properties": {"name": "Entwistle", "crs": "ENT", "usage": null, "operator": "", "trend": []}}, {"type": "Feature", "geometry": {"type": "Point", "coordinates": [-0.26876, 51.33434]}, "properties": {"name": "Epsom", "crs": "EPS", "usage": null, "operator": "", "trend": []}}, {"type": "Feature", "geometry": {"type": "Point", "coordinates": [-0.24341, 51.32137]}, "properties": {"name": "Epsom Downs", "crs": "EPD", "usage": null, "operator": "", "trend": []}}, {"type": "Feature", "geometry": {"type": "Point", "coordinates": [-1.8393, 52.52844]}, "properties": {"name": "Erdington", "crs": "ERD", "usage": null, "operator": "", "trend": []}}, {"type": "Feature", "geometry": {"type": "Point", "coordinates": [0.20045, 51.08902]}, "properties": {"name": "Eridge", "crs": "ERI", "usage": null, "operator": "", "trend": []}}, {"type": "Feature", "geometry": {"type": "Point", "coordinates": [0.17465, 51.48162]}, "properties": {"name": "Erith", "crs": "ERH", "usage": null, "operator": "", "trend": []}}, {"type": "Feature", "geometry": {"type": "Point", "coordinates": [-0.35471, 51.37964]}, "properties": {"name": "Esher", "crs": "ESH", "usage": null, "operator": "", "trend": []}}, {"type": "Feature", "geometry": {"type": "Point", "coordinates": [-0.09655, 51.5403]}, "properties": {"name": "Essex Road", "crs": "EXR", "usage": null, "operator": "", "trend": []}}, {"type": "Feature", "geometry": {"type": "Point", "coordinates": [0.44194, 51.01048]}, "properties": {"name": "Etchingham", "crs": "ETC", "usage": null, "operator": "", "trend": []}}, {"type": "Feature", "geometry": {"type": "Point", "coordinates": [-2.67504, 53.67007]}, "properties": {"name": "Euxton Balshaw Lane", "crs": "EBA", "usage": null, "operator": "", "trend": []}}, {"type": "Feature", "geometry": {"type": "Point", "coordinates": [-1.94741, 52.09879]}, "properties": {"name": "Evesham", "crs": "EVE", "usage": null, "operator": "", "trend": []}}, {"type": "Feature", "geometry": {"type": "Point", "coordinates": [-0.24106, 51.34561]}, "properties": {"name": "Ewell East", "crs": "EWE", "usage": null, "operator": "", "trend": []}}, {"type": "Feature", "geometry": {"type": "Point", "coordinates": [-0.25671, 51.34945]}, "properties": {"name": "Ewell West", "crs": "EWW", "usage": null, "operator": "", "trend": []}}, {"type": "Feature", "geometry": {"type": "Point", "coordinates": [-3.53297, 50.72647]}, "properties": {"name": "Exeter Central", "crs": "EXC", "usage": null, "operator": "", "trend": []}}, {"type": "Feature", "geometry": {"type": "Point", "coordinates": [-3.54439, 50.72902]}, "properties": {"name": "Exeter St Davids", "crs": "EXD", "usage": null, "operator": "", "trend": []}}, {"type": "Feature", "geometry": {"type": "Point", "coordinates": [-3.53876, 50.71653]}, "properties": {"name": "Exeter St Thomas", "crs": "EXT", "usage": null, "operator": "", "trend": []}}, {"type": "Feature", "geometry": {"type": "Point", "coordinates": [-3.41504, 50.62094]}, "properties": {"name": "Exmouth", "crs": "EXM", "usage": null, "operator": "", "trend": []}}, {"type": "Feature", "geometry": {"type": "Point", "coordinates": [-3.44334, 50.66826]}, "properties": {"name": "Exton", "crs": "EXN", "usage": null, "operator": "", "trend": []}}, {"type": "Feature", "geometry": {"type": "Point", "coordinates": [0.20347, 51.36238]}, "properties": {"name": "Eynsford", "crs": "EYN", "usage": null, "operator": "", "trend": []}}, {"type": "Feature", "geometry": {"type": "Point", "coordinates": [-2.14581, 53.47122]}, "properties": {"name": "Fairfield", "crs": "FRF", "usage": null, "operator": "", "trend": []}}, {"type": "Feature", "geometry": {"type": "Point", "coordinates": [0.07857, 51.45909]}, "properties": {"name": "Falconwood", "crs": "FCN", "usage": null, "operator": "", "trend": []}}, {"type": "Feature", "geometry": {"type": "Point", "coordinates": [-0.08736, 50.86206]}, "properties": {"name": "Falmer", "crs": "FMR", "usage": null, "operator": "", "trend": []}}, {"type": "Feature", "geometry": {"type": "Point", "coordinates": [-5.0559, 50.15075]}, "properties": {"name": "Falmouth Docks", "crs": "FAL", "usage": null, "operator": "", "trend": []}}, {"type": "Feature", "geometry": {"type": "Point", "coordinates": [-5.06544, 50.14839]}, "properties": {"name": "Falmouth Town", "crs": "FMT", "usage": null, "operator": "", "trend": []}}, {"type": "Feature", "geometry": {"type": "Point", "coordinates": [-1.19162, 50.85335]}, "properties": {"name": "Fareham", "crs": "FRM", "usage": null, "operator": "", "trend": []}}, {"type": "Feature", "geometry": {"type": "Point", "coordinates": [-0.75644, 51.29647]}, "properties": {"name": "Farnborough Main", "crs": "FNB", "usage": null, "operator": "", "trend": []}}, {"type": "Feature", "geometry": {"type": "Point", "coordinates": [-0.74338, 51.30172]}, "properties": {"name": "Farnborough North", "crs": "FNN", "usage": null, "operator": "", "trend": []}}, {"type": "Feature", "geometry": {"type": "Point", "coordinates": [-0.60452, 51.19764]}, "properties": {"name": "Farncombe", "crs": "FNC", "usage": null, "operator": "", "trend": []}}, {"type": "Feature", "geometry": {"type": "Point", "coordinates": [-0.79309, 51.21142]}, "properties": {"name": "Farnham", "crs": "FNH", "usage": null, "operator": "", "trend": []}}, {"type": "Feature", "geometry": {"type": "Point", "coordinates": [0.23553, 51.40134]}, "properties": {"name": "Farningham Road", "crs": "FNR", "usage": null, "operator": "", "trend": []}}, {"type": "Feature", "geometry": {"type": "Point", "coordinates": [-2.38786, 53.55]}, "properties": {"name": "Farnworth", "crs": "FNW", "usage": null, "operator": "", "trend": []}}, {"type": "Feature", "geometry": {"type": "Point", "coordinates": [-0.10466, 51.52007]}, "properties": {"name": "Farringdon", "crs": "ZFD", "usage": null, "operator": "", "trend": []}}, {"type": "Feature", "geometry": {"type": "Point", "coordinates": [0.89128, 51.31144]}, "properties": {"name": "Faversham", "crs": "FAV", "usage": null, "operator": "", "trend": []}}, {"type": "Feature", "geometry": {"type": "Point", "coordinates": [-0.2634, 51.09594]}, "properties": {"name": "Faygate", "crs": "FGT", "usage": null, "operator": "", "trend": []}}, {"type": "Feature", "geometry": {"type": "Point", "coordinates": [-2.93673, 53.46906]}, "properties": {"name": "Fazakerley", "crs": "FAZ", "usage": null, "operator": "", "trend": []}}, {"type": "Feature", "geometry": {"type": "Point", "coordinates": [-1.35956, 53.67925]}, "properties": {"name": "Featherstone", "crs": "FEA", "usage": null, "operator": "", "trend": []}}, {"type": "Feature", "geometry": {"type": "Point", "coordinates": [1.35271, 51.96745]}, "properties": {"name": "Felixstowe", "crs": "FLX", "usage": null, "operator": "", "trend": []}}, {"type": "Feature", "geometry": {"type": "Point", "coordinates": [-0.40983, 51.44785]}, "properties": {"name": "Feltham", "crs": "FEL", "usage": null, "operator": "", "trend": []}}, {"type": "Feature", "geometry": {"type": "Point", "coordinates": [-3.28526, 50.78702]}, "properties": {"name": "Feniton", "crs": "FNT", "usage": null, "operator": "", "trend": []}}, {"type": "Feature", "geometry": {"type": "Point", "coordinates": [-0.71664, 52.0001]}, "properties": {"name": "Fenny Stratford", "crs": "FEN", "usage": null, "operator": "", "trend": []}}, {"type": "Feature", "geometry": {"type": "Point", "coordinates": [-0.50888, 53.71663]}, "properties": {"name": "Ferriby", "crs": "FRY", "usage": null, "operator": "", "trend": []}}, {"type": "Feature", "geometry": {"type": "Point", "coordinates": [-0.29335, 54.20995]}, "properties": {"name": "Filey", "crs": "FIL", "usage": null, "operator": "", "trend": []}}, {"type": "Feature", "geometry": {"type": "Point", "coordinates": [-2.56193, 51.50944]}, "properties": {"name": "Filton Abbey Wood", "crs": "FIT", "usage": null, "operator": "", "trend": []}}, {"type": "Feature", "geometry": {"type": "Point", "coordinates": [-0.18332, 51.5502]}, "properties": {"name": "Finchley Road & Frognal", "crs": "FNY", "usage": null, "operator": "", "trend": []}}, {"type": "Feature", "geometry": {"type": "Point", "coordinates": [-0.10564, 51.56472]}, "properties": {"name": "Finsbury Park", "crs": "FPK", "usage": null, "operator": "", "trend": []}}, {"type": "Feature", "geometry": {"type": "Point", "coordinates": [-1.47003, 51.85305]}, "properties": {"name": "Finstock", "crs": "FIN", "usage": null, "operator": "", "trend": []}}, {"type": "Feature", "geometry": {"type": "Point", "coordinates": [-0.81549, 50.83935]}, "properties": {"name": "Fishbourne", "crs": "FSB", "usage": null, "operator": "", "trend": []}}, {"type": "Feature", "geometry": {"type": "Point", "coordinates": [-0.21916, 50.83447]}, "properties": {"name": "Fishersgate", "crs": "FSG", "usage": null, "operator": "", "trend": []}}, {"type": "Feature", "geometry": {"type": "Point", "coordinates": [-0.91218, 53.06025]}, "properties": {"name": "Fiskerton", "crs": "FSK", "usage": null, "operator": "", "trend": []}}, {"type": "Feature", "geometry": {"type": "Point", "coordinates": [-1.37539, 53.63259]}, "properties": {"name": "Fitzwilliam", "crs": "FZW", "usage": null, "operator": "", "trend": []}}, {"type": "Feature", "geometry": {"type": "Point", "coordinates": [-1.91312, 52.47008]}, "properties": {"name": "Five Ways", "crs": "FWY", "usage": null, "operator": "", "trend": []}}, {"type": "Feature", "geometry": {"type": "Point", "coordinates": [-0.83117, 51.29095]}, "properties": {"name": "Fleet", "crs": "FLE", "usage": null, "operator": "", "trend": []}}, {"type": "Feature", "geometry": {"type": "Point", "coordinates": [-3.52054, 54.68982]}, "properties": {"name": "Flimby", "crs": "FLM", "usage": null, "operator": "", "trend": []}}, {"type": "Feature", "geometry": {"type": "Point", "coordinates": [-0.4952, 52.00346]}, "properties": {"name": "Flitwick", "crs": "FLT", "usage": null, "operator": "", "trend": []}}, {"type": "Feature", "geometry": {"type": "Point", "coordinates": [-2.38388, 53.44375]}, "properties": {"name": "Flixton", "crs": "FLI", "usage": null, "operator": "", "trend": []}}, {"type": "Feature", "geometry": {"type": "Point", "coordinates": [-2.08096, 53.46174]}, "properties": {"name": "Flowery Field", "crs": "FLF", "usage": null, "operator": "", "trend": []}}, {"type": "Feature", "geometry": {"type": "Point", "coordinates": [1.16833, 51.08299]}, "properties": {"name": "Folkestone Central", "crs": "FKC", "usage": null, "operator": "", "trend": []}}, {"type": "Feature", "geometry": {"type": "Point", "coordinates": [1.15421, 51.08516]}, "properties": {"name": "Folkestone West", "crs": "FKW", "usage": null, "operator": "", "trend": []}}, {"type": "Feature", "geometry": {"type": "Point", "coordinates": [-0.57861, 50.82951]}, "properties": {"name": "Ford", "crs": "FOD", "usage": null, "operator": "", "trend": []}}, {"type": "Feature", "geometry": {"type": "Point", "coordinates": [0.02357, 51.54998]}, "properties": {"name": "Forest Gate", "crs": "FOG", "usage": null, "operator": "", "trend": []}}, {"type": "Feature", "geometry": {"type": "Point", "coordinates": [-0.0533, 51.43887]}, "properties": {"name": "Forest Hill", "crs": "FOH", "usage": null, "operator": "", "trend": []}}, {"type": "Feature", "geometry": {"type": "Point", "coordinates": [-3.07071, 53.5538]}, "properties": {"name": "Formby", "crs": "FBY", "usage": null, "operator": "", "trend": []}}, {"type": "Feature", "geometry": {"type": "Point", "coordinates": [-1.8273, 52.57966]}, "properties": {"name": "Four Oaks", "crs": "FOK", "usage": null, "operator": "", "trend": []}}, {"type": "Feature", "geometry": {"type": "Point", "coordinates": [-3.2158, 54.25904]}, "properties": {"name": "Foxfield", "crs": "FOX", "usage": null, "operator": "", "trend": []}}, {"type": "Feature", "geometry": {"type": "Point", "coordinates": [0.05657, 52.11953]}, "properties": {"name": "Foxton", "crs": "FXN", "usage": null, "operator": "", "trend": []}}, {"type": "Feature", "geometry": {"type": "Point", "coordinates": [0.29403, 51.10432]}, "properties": {"name": "Frant", "crs": "FRT", "usage": null, "operator": "", "trend": []}}, {"type": "Feature", "geometry": {"type": "Point", "coordinates": [-1.07342, 50.79582]}, "properties": {"name": "Fratton", "crs": "FTN", "usage": null, "operator": "", "trend": []}}, {"type": "Feature", "geometry": {"type": "Point", "coordinates": [-3.07201, 53.56649]}, "properties": {"name": "Freshfield", "crs": "FRE", "usage": null, "operator": "", "trend": []}}, {"type": "Feature", "geometry": {"type": "Point", "coordinates": [-2.30146, 51.34225]}, "properties": {"name": "Freshford", "crs": "FFD", "usage": null, "operator": "", "trend": []}}, {"type": "Feature", "geometry": {"type": "Point", "coordinates": [-0.74743, 51.31165]}, "properties": {"name": "Frimley", "crs": "FML", "usage": null, "operator": "", "trend": []}}, {"type": "Feature", "geometry": {"type": "Point", "coordinates": [1.24291, 51.83831]}, "properties": {"name": "Frinton-On-Sea", "crs": "FRI", "usage": null, "operator": "", "trend": []}}, {"type": "Feature", "geometry": {"type": "Point", "coordinates": [-1.76907, 53.82096]}, "properties": {"name": "Frizinghall", "crs": "FZH", "usage": null, "operator": "", "trend": []}}, {"type": "Feature", "geometry": {"type": "Point", "coordinates": [-2.72315, 53.29585]}, "properties": {"name": "Frodsham", "crs": "FRD", "usage": null, "operator": "", "trend": []}}, {"type": "Feature", "geometry": {"type": "Point", "coordinates": [-2.3093, 51.22713]}, "properties": {"name": "Frome", "crs": "FRO", "usage": null, "operator": "", "trend": []}}, {"type": "Feature", "geometry": {"type": "Point", "coordinates": [-0.34989, 51.43353]}, "properties": {"name": "Fulwell", "crs": "FLW", "usage": null, "operator": "", "trend": []}}, {"type": "Feature", "geometry": {"type": "Point", "coordinates": [-1.98944, 53.34839]}, "properties": {"name": "Furness Vale", "crs": "FNV", "usage": null, "operator": "", "trend": []}}, {"type": "Feature", "geometry": {"type": "Point", "coordinates": [-0.72847, 51.53308]}, "properties": {"name": "Furze Platt", "crs": "FZP", "usage": null, "operator": "", "trend": []}}, {"type": "Feature", "geometry": {"type": "Point", "coordinates": [-0.76967, 53.39957]}, "properties": {"name": "Gainsborough Central", "crs": "GNB", "usage": null, "operator": "", "trend": []}}, {"type": "Feature", "geometry": {"type": "Point", "coordinates": [-0.76856, 53.38608]}, "properties": {"name": "Gainsborough Lea Road", "crs": "GBL", "usage": null, "operator": "", "trend": []}}, {"type": "Feature", "geometry": {"type": "Point", "coordinates": [-1.38208, 53.79621]}, "properties": {"name": "Garforth", "crs": "GRF", "usage": null, "operator": "", "trend": []}}, {"type": "Feature", "geometry": {"type": "Point", "coordinates": [-2.10517, 53.97842]}, "properties": {"name": "Gargrave", "crs": "GGV", "usage": null, "operator": "", "trend": []}}, {"type": "Feature", "geometry": {"type": "Point", "coordinates": [-2.32589, 54.32135]}, "properties": {"name": "Garsdale", "crs": "GSD", "usage": null, "operator": "", "trend": []}}, {"type": "Feature", "geometry": {"type": "Point", "coordinates": [-0.38169, 51.68668]}, "properties": {"name": "Garston", "crs": "GSN", "usage": null, "operator": "", "trend": []}}, {"type": "Feature", "geometry": {"type": "Point", "coordinates": [-2.67215, 53.48852]}, "properties": {"name": "Garswood", "crs": "GSW", "usage": null, "operator": "", "trend": []}}, {"type": "Feature", "geometry": {"type": "Point", "coordinates": [-2.69442, 53.5594]}, "properties": {"name": "Gathurst", "crs": "GST", "usage": null, "operator": "", "trend": []}}, {"type": "Feature", "geometry": {"type": "Point", "coordinates": [-2.23005, 53.394]}, "properties": {"name": "Gatley", "crs": "GTY", "usage": null, "operator": "", "trend": []}}, {"type": "Feature", "geometry": {"type": "Point", "coordinates": [-0.16102, 51.15642]}, "properties": {"name": "Gatwick Airport", "crs": "GTW", "usage": null, "operator": "", "trend": []}}, {"type": "Feature", "geometry": {"type": "Point", "coordinates": [-0.55537, 51.58888]}, "properties": {"name": "Gerrards Cross", "crs": "GER", "usage": null, "operator": "", "trend": []}}, {"type": "Feature", "geometry": {"type": "Point", "coordinates": [0.20541, 51.58177]}, "properties": {"name": "Gidea Park", "crs": "GDP", "usage": null, "operator": "", "trend": []}}, {"type": "Feature", "geometry": {"type": "Point", "coordinates": [-2.30264, 54.06177]}, "properties": {"name": "Giggleswick", "crs": "GIG", "usage": null, "operator": "", "trend": []}}, {"type": "Feature", "geometry": {"type": "Point", "coordinates": [-0.73222, 53.74795]}, "properties": {"name": "Gilberdyke", "crs": "GBD", "usage": null, "operator": "", "trend": []}}, {"type": "Feature", "geometry": {"type": "Point", "coordinates": [-2.27236, 51.03389]}, "properties": {"name": "Gillingham (Dorset)", "crs": "GIL", "usage": null, "operator": "", "trend": []}}, {"type": "Feature", "geometry": {"type": "Point", "coordinates": [0.54962, 51.38683]}, "properties": {"name": "Gillingham (Kent)", "crs": "GLM", "usage": null, "operator": "", "trend": []}}, {"type": "Feature", "geometry": {"type": "Point", "coordinates": [-0.0841, 51.42498]}, "properties": {"name": "Gipsy Hill", "crs": "GIP", "usage": null, "operator": "", "trend": []}}, {"type": "Feature", "geometry": {"type": "Point", "coordinates": [-0.79422, 54.4398]}, "properties": {"name": "Glaisdale", "crs": "GLS", "usage": null, "operator": "", "trend": []}}, {"type": "Feature", "geometry": {"type": "Point", "coordinates": [-1.34247, 53.70884]}, "properties": {"name": "Glasshoughton", "crs": "GLH", "usage": null, "operator": "", "trend": []}}, {"type": "Feature", "geometry": {"type": "Point", "coordinates": [-2.46115, 53.42808]}, "properties": {"name": "Glazebrook", "crs": "GLZ", "usage": null, "operator": "", "trend": []}}, {"type": "Feature", "geometry": {"type": "Point", "coordinates": [-1.9494, 53.4445]}, "properties": {"name": "Glossop", "crs": "GLO", "usage": null, "operator": "", "trend": []}}, {"type": "Feature", "geometry": {"type": "Point", "coordinates": [-2.23814, 51.8648]}, "properties": {"name": "Gloucester", "crs": "GCR", "usage": null, "operator": "", "trend": []}}, {"type": "Feature", "geometry": {"type": "Point", "coordinates": [0.06883, 50.8594]}, "properties": {"name": "Glynde", "crs": "GLY", "usage": null, "operator": "", "trend": []}}, {"type": "Feature", "geometry": {"type": "Point", "coordinates": [-3.03602, 52.8935]}, "properties": {"name": "Gobowen", "crs": "GOB", "usage": null, "operator": "", "trend": []}}, {"type": "Feature", "geometry": {"type": "Point", "coordinates": [-0.61918, 51.18612]}, "properties": {"name": "Godalming", "crs": "GOD", "usage": null, "operator": "", "trend": []}}, {"type": "Feature", "geometry": {"type": "Point", "coordinates": [-2.04965, 53.44815]}, "properties": {"name": "Godley", "crs": "GDL", "usage": null, "operator": "", "trend": []}}, {"type": "Feature", "geometry": {"type": "Point", "coordinates": [-0.05119, 51.21761]}, "properties": {"name": "Godstone", "crs": "GDN", "usage": null, "operator": "", "trend": []}}, {"type": "Feature", "geometry": {"type": "Point", "coordinates": [-1.31349, 53.53338]}, "properties": {"name": "Goldthorpe", "crs": "GOE", "usage": null, "operator": "", "trend": []}}, {"type": "Feature", "geometry": {"type": "Point", "coordinates": [-0.44206, 51.21896]}, "properties": {"name": "Gomshall", "crs": "GOM", "usage": null, "operator": "", "trend": []}}, {"type": "Feature", "geometry": {"type": "Point", "coordinates": [0.11228, 51.5655]}, "properties": {"name": "Goodmayes", "crs": "GMY", "usage": null, "operator": "", "trend": []}}, {"type": "Feature", "geometry": {"type": "Point", "coordinates": [-0.87291, 53.70443]}, "properties": {"name": "Goole", "crs": "GOO", "usage": null, "operator": "", "trend": []}}, {"type": "Feature", "geometry": {"type": "Point", "coordinates": [-2.32628, 53.22263]}, "properties": {"name": "Goostrey", "crs": "GTR", "usage": null, "operator": "", "trend": []}}, {"type": "Feature", "geometry": {"type": "Point", "coordinates": [-0.09429, 51.66346]}, "properties": {"name": "Gordon Hill", "crs": "GDH", "usage": null, "operator": "", "trend": []}}, {"type": "Feature", "geometry": {"type": "Point", "coordinates": [-1.13305, 51.52143]}, "properties": {"name": "Goring & Streatley", "crs": "GOR", "usage": null, "operator": "", "trend": []}}, {"type": "Feature", "geometry": {"type": "Point", "coordinates": [-0.43275, 50.81775]}, "properties": {"name": "Goring-By-Sea", "crs": "GBS", "usage": null, "operator": "", "trend": []}}, {"type": "Feature", "geometry": {"type": "Point", "coordinates": [-2.16718, 53.46871]}, "properties": {"name": "Gorton", "crs": "GTO", "usage": null, "operator": "", "trend": []}}, {"type": "Feature", "geometry": {"type": "Point", "coordinates": [-0.15074, 51.55555]}, "properties": {"name": "Gospel Oak", "crs": "GPO", "usage": null, "operator": "", "trend": []}}, {"type": "Feature", "geometry": {"type": "Point", "coordinates": [-0.3377, 53.67661]}, "properties": {"name": "Goxhill", "crs": "GOX", "usage": null, "operator": "", "trend": []}}, {"type": "Feature", "geometry": {"type": "Point", "coordinates": [-0.0966, 51.64281]}, "properties": {"name": "Grange Park", "crs": "GPK", "usage": null, "operator": "", "trend": []}}, {"type": "Feature", "geometry": {"type": "Point", "coordinates": [-2.90275, 54.19528]}, "properties": {"name": "Grange-Over-Sands", "crs": "GOS", "usage": null, "operator": "", "trend": []}}, {"type": "Feature", "geometry": {"type": "Point", "coordinates": [-0.64244, 52.90645]}, "properties": {"name": "Grantham", "crs": "GRA", "usage": null, "operator": "", "trend": []}}, {"type": "Feature", "geometry": {"type": "Point", "coordinates": [-1.6195, 51.17027]}, "properties": {"name": "Grateley", "crs": "GRT", "usage": null, "operator": "", "trend": []}}, {"type": "Feature", "geometry": {"type": "Point", "coordinates": [-1.85261, 52.51497]}, "properties": {"name": "Gravelly Hill", "crs": "GVH", "usage": null, "operator": "", "trend": []}}, {"type": "Feature", "geometry": {"type": "Point", "coordinates": [0.36699, 51.44103]}, "properties": {"name": "Gravesend", "crs": "GRV", "usage": null, "operator": "", "trend": []}}, {"type": "Feature", "geometry": {"type": "Point", "coordinates": [0.32272, 51.47609]}, "properties": {"name": "Grays", "crs": "GRY", "usage": null, "operator": "", "trend": []}}, {"type": "Feature", "geometry": {"type": "Point", "coordinates": [-1.11384, 54.4902]}, "properties": {"name": "Great Ayton", "crs": "GTA", "usage": null, "operator": "", "trend": []}}, {"type": "Feature", "geometry": {"type": "Point", "coordinates": [1.06526, 51.85207]}, "properties": {"name": "Great Bentley", "crs": "GRB", "usage": null, "operator": "", "trend": []}}, {"type": "Feature", "geometry": {"type": "Point", "coordinates": [0.1939, 52.0604]}, "properties": {"name": "Great Chesterford", "crs": "GRC", "usage": null, "operator": "", "trend": []}}, {"type": "Feature", "geometry": {"type": "Point", "coordinates": [-0.1287, 53.57554]}, "properties": {"name": "Great Coates", "crs": "GCT", "usage": null, "operator": "", "trend": []}}, {"type": "Feature", "geometry": {"type": "Point", "coordinates": [-2.31829, 52.10916]}, "properties": {"name": "Great Malvern", "crs": "GMV", "usage": null, "operator": "", "trend": []}}, {"type": "Feature", "geometry": {"type": "Point", "coordinates": [-0.70913, 51.7033]}, "properties": {"name": "Great Missenden", "crs": "GMN", "usage": null, "operator": "", "trend": []}}, {"type": "Feature", "geometry": {"type": "Point", "coordinates": [1.72095, 52.61212]}, "properties": {"name": "Great Yarmouth", "crs": "GYM", "usage": null, "operator": "", "trend": []}}, {"type": "Feature", "geometry": {"type": "Point", "coordinates": [-3.01628, 53.38271]}, "properties": {"name": "Green Lane", "crs": "GNL", "usage": null, "operator": "", "trend": []}}, {"type": "Feature", "geometry": {"type": "Point", "coordinates": [-3.2456, 54.24475]}, "properties": {"name": "Green Road", "crs": "GNR", "usage": null, "operator": "", "trend": []}}, {"type": "Feature", "geometry": {"type": "Point", "coordinates": [-2.53319, 53.25166]}, "properties": {"name": "Greenbank", "crs": "GBK", "usage": null, "operator": "", "trend": []}}, {"type": "Feature", "geometry": {"type": "Point", "coordinates": [-2.01419, 53.53883]}, "properties": {"name": "Greenfield", "crs": "GNF", "usage": null, "operator": "", "trend": []}}, {"type": "Feature", "geometry": {"type": "Point", "coordinates": [-0.3463, 51.54235]}, "properties": {"name": "Greenford", "crs": "GFD", "usage": null, "operator": "", "trend": []}}, {"type": "Feature", "geometry": {"type": "Point", "coordinates": [0.27969, 51.45085]}, "properties": {"name": "Greenhithe for Bluewater", "crs": "GNH", "usage": null, "operator": "", "trend": []}}, {"type": "Feature", "geometry": {"type": "Point", "coordinates": [-0.0142, 51.47778]}, "properties": {"name": "Greenwich", "crs": "GNW", "usage": null, "operator": "", "trend": []}}, {"type": "Feature", "geometry": {"type": "Point", "coordinates": [-0.07587, 53.5747]}, "properties": {"name": "Grimsby Docks", "crs": "GMD", "usage": null, "operator": "", "trend": []}}, {"type": "Feature", "geometry": {"type": "Point", "coordinates": [-0.08692, 53.56409]}, "properties": {"name": "Grimsby Town", "crs": "GMB", "usage": null, "operator": "", "trend": []}}, {"type": "Feature", "geometry": {"type": "Point", "coordinates": [-1.62629, 53.30555]}, "properties": {"name": "Grindleford", "crs": "GRN", "usage": null, "operator": "", "trend": []}}, {"type": "Feature", "geometry": {"type": "Point", "coordinates": [-0.72494, 54.43639]}, "properties": {"name": "Grosmont", "crs": "GMT", "usage": null, "operator": "", "trend": []}}, {"type": "Feature", "geometry": {"type": "Point", "coordinates": [0.0226, 51.43039]}, "properties": {"name": "Grove Park", "crs": "GRP", "usage": null, "operator": "", "trend": []}}, {"type": "Feature", "geometry": {"type": "Point", "coordinates": [-2.11296, 53.47417]}, "properties": {"name": "Guide Bridge", "crs": "GUI", "usage": null, "operator": "", "trend": []}}, {"type": "Feature", "geometry": {"type": "Point", "coordinates": [-0.58041, 51.23691]}, "properties": {"name": "Guildford", "crs": "GLD", "usage": null, "operator": "", "trend": []}}, {"type": "Feature", "geometry": {"type": "Point", "coordinates": [-1.71554, 53.87567]}, "properties": {"name": "Guiseley", "crs": "GSY", "usage": null, "operator": "", "trend": []}}, {"type": "Feature", "geometry": {"type": "Point", "coordinates": [-0.27577, 51.49181]}, "properties": {"name": "Gunnersbury", "crs": "GUN", "usage": null, "operator": "", "trend": []}}, {"type": "Feature", "geometry": {"type": "Point", "coordinates": [-4.21944, 50.51599]}, "properties": {"name": "Gunnislake", "crs": "GSL", "usage": null, "operator": "", "trend": []}}, {"type": "Feature", "geometry": {"type": "Point", "coordinates": [1.34882, 52.86608]}, "properties": {"name": "Gunton", "crs": "GNT", "usage": null, "operator": "", "trend": []}}, {"type": "Feature", "geometry": {"type": "Point", "coordinates": [-1.17938, 54.5329]}, "properties": {"name": "Gypsy Lane", "crs": "GYP", "usage": null, "operator": "", "trend": []}}, {"type": "Feature", "geometry": {"type": "Point", "coordinates": [-0.26794, 53.60551]}, "properties": {"name": "Habrough", "crs": "HAB", "usage": null, "operator": "", "trend": []}}, {"type": "Feature", "geometry": {"type": "Point", "coordinates": [-0.15358, 51.37844]}, "properties": {"name": "Hackbridge", "crs": "HCB", "usage": null, "operator": "", "trend": []}}, {"type": "Feature", "geometry": {"type": "Point", "coordinates": [-0.0559, 51.54682]}, "properties": {"name": "Hackney Central", "crs": "HKC", "usage": null, "operator": "", "trend": []}}, {"type": "Feature", "geometry": {"type": "Point", "coordinates": [-0.06014, 51.5487]}, "properties": {"name": "Hackney Downs", "crs": "HAC", "usage": null, "operator": "", "trend": []}}, {"type": "Feature", "geometry": {"type": "Point", "coordinates": [-0.02576, 51.54362]}, "properties": {"name": "Hackney Wick", "crs": "HKW", "usage": null, "operator": "", "trend": []}}, {"type": "Feature", "geometry": {"type": "Point", "coordinates": [-0.94212, 51.77079]}, "properties": {"name": "Haddenham & Thame Parkway", "crs": "HDM", "usage": null, "operator": "", "trend": []}}, {"type": "Feature", "geometry": {"type": "Point", "coordinates": [1.62245, 52.52884]}, "properties": {"name": "Haddiscoe", "crs": "HAD", "usage": null, "operator": "", "trend": []}}, {"type": "Feature", "geometry": {"type": "Point", "coordinates": [-1.96543, 53.46087]}, "properties": {"name": "Hadfield", "crs": "HDF", "usage": null, "operator": "", "trend": []}}, {"type": "Feature", "geometry": {"type": "Point", "coordinates": [-0.17652, 51.66837]}, "properties": {"name": "Hadley Wood", "crs": "HDW", "usage": null, "operator": "", "trend": []}}, {"type": "Feature", "geometry": {"type": "Point", "coordinates": [-2.49374, 53.53344]}, "properties": {"name": "Hag Fold", "crs": "HGF", "usage": null, "operator": "", "trend": []}}, {"type": "Feature", "geometry": {"type": "Point", "coordinates": [-0.07642, 51.53912]}, "properties": {"name": "Haggerston", "crs": "HGG", "usage": null, "operator": "", "trend": []}}, {"type": "Feature", "geometry": {"type": "Point", "coordinates": [-2.14702, 52.42238]}, "properties": {"name": "Hagley", "crs": "HAG", "usage": null, "operator": "", "trend": []}}, {"type": "Feature", "geometry": {"type": "Point", "coordinates": [-2.34738, 53.37867]}, "properties": {"name": "Hale", "crs": "HAL", "usage": null, "operator": "", "trend": []}}, {"type": "Feature", "geometry": {"type": "Point", "coordinates": [1.50614, 52.34616]}, "properties": {"name": "Halesworth", "crs": "HAS", "usage": null, "operator": "", "trend": []}}, {"type": "Feature", "geometry": {"type": "Point", "coordinates": [-2.83015, 53.36447]}, "properties": {"name": "Halewood", "crs": "HED", "usage": null, "operator": "", "trend": []}}, {"type": "Feature", "geometry": {"type": "Point", "coordinates": [-1.85449, 53.72042]}, "properties": {"name": "Halifax", "crs": "HFX", "usage": null, "operator": "", "trend": []}}, {"type": "Feature", "geometry": {"type": "Point", "coordinates": [-1.84551, 52.43675]}, "properties": {"name": "Hall Green", "crs": "HLG", "usage": null, "operator": "", "trend": []}}, {"type": "Feature", "geometry": {"type": "Point", "coordinates": [-3.04961, 53.49744]}, "properties": {"name": "Hall Road", "crs": "HLR", "usage": null, "operator": "", "trend": []}}, {"type": "Feature", "geometry": {"type": "Point", "coordinates": [-2.41399, 53.59755]}, "properties": {"name": "Hall i' th' Wood", "crs": "HID", "usage": null, "operator": "", "trend": []}}, {"type": "Feature", "geometry": {"type": "Point", "coordinates": [0.44571, 51.35217]}, "properties": {"name": "Halling", "crs": "HAI", "usage": null, "operator": "", "trend": []}}, {"type": "Feature", "geometry": {"type": "Point", "coordinates": [-2.46232, 54.96797]}, "properties": {"name": "Haltwhistle", "crs": "HWH", "usage": null, "operator": "", "trend": []}}, {"type": "Feature", "geometry": {"type": "Point", "coordinates": [0.85465, 51.06768]}, "properties": {"name": "Ham Street", "crs": "HMT", "usage": null, "operator": "", "trend": []}}, {"type": "Feature", "geometry": {"type": "Point", "coordinates": [-1.32917, 50.87131]}, "properties": {"name": "Hamble", "crs": "HME", "usage": null, "operator": "", "trend": []}}, {"type": "Feature", "geometry": {"type": "Point", "coordinates": [-1.28303, 53.99611]}, "properties": {"name": "Hammerton", "crs": "HMM", "usage": null, "operator": "", "trend": []}}, {"type": "Feature", "geometry": {"type": "Point", "coordinates": [0.27891, 50.79612]}, "properties": {"name": "Hampden Park", "crs": "HMD", "usage": null, "operator": "", "trend": []}}, {"type": "Feature", "geometry": {"type": "Point", "coordinates": [-0.16516, 51.55578]}, "properties": {"name": "Hampstead Heath", "crs": "HDH", "usage": null, "operator": "", "trend": []}}, {"type": "Feature", "geometry": {"type": "Point", "coordinates": [-0.37199, 51.41607]}, "properties": {"name": "Hampton", "crs": "HMP", "usage": null, "operator": "", "trend": []}}, {"type": "Feature", "geometry": {"type": "Point", "coordinates": [-0.34241, 51.40195]}, "properties": {"name": "Hampton Court", "crs": "HMC", "usage": null, "operator": "", "trend": []}}, {"type": "Feature", "geometry": {"type": "Point", "coordinates": [-0.3132, 51.41412]}, "properties": {"name": "Hampton Wick", "crs": "HMW", "usage": null, "operator": "", "trend": []}}, {"type": "Feature", "geometry": {"type": "Point", "coordinates": [-1.69993, 52.42838]}, "properties": {"name": "Hampton-In-Arden", "crs": "HIA", "usage": null, "operator": "", "trend": []}}, {"type": "Feature", "geometry": {"type": "Point", "coordinates": [-1.92838, 52.53072]}, "properties": {"name": "Hamstead", "crs": "HSD", "usage": null, "operator": "", "trend": []}}, {"type": "Feature", "geometry": {"type": "Point", "coordinates": [-2.01838, 50.72575]}, "properties": {"name": "Hamworthy", "crs": "HAM", "usage": null, "operator": "", "trend": []}}, {"type": "Feature", "geometry": {"type": "Point", "coordinates": [-1.37347, 51.82517]}, "properties": {"name": "Hanborough", "crs": "HND", "usage": null, "operator": "", "trend": []}}, {"type": "Feature", "geometry": {"type": "Point", "coordinates": [-2.21326, 53.34639]}, "properties": {"name": "Handforth", "crs": "HTH", "usage": null, "operator": "", "trend": []}}, {"type": "Feature", "geometry": {"type": "Point", "coordinates": [-0.33843, 51.5116]}, "properties": {"name": "Hanwell", "crs": "HAN", "usage": null, "operator": "", "trend": []}}, {"type": "Feature", "geometry": {"type": "Point", "coordinates": [-2.31812, 53.78139]}, "properties": {"name": "Hapton", "crs": "HPN", "usage": null, "operator": "", "trend": []}}, {"type": "Feature", "geometry": {"type": "Point", "coordinates": [-0.25821, 51.53652]}, "properties": {"name": "Harlesden", "crs": "HDN", "usage": null, "operator": "", "trend": []}}, {"type": "Feature", "geometry": {"type": "Point", "coordinates": [0.90819, 52.45413]}, "properties": {"name": "Harling Road", "crs": "HRD", "usage": null, "operator": "", "trend": []}}, {"type": "Feature", "geometry": {"type": "Point", "coordinates": [-0.49572, 51.96201]}, "properties": {"name": "Harlington", "crs": "HLN", "usage": null, "operator": "", "trend": []}}, {"type": "Feature", "geometry": {"type": "Point", "coordinates": [0.1315, 51.79088]}, "properties": {"name": "Harlow Mill", "crs": "HWM", "usage": null, "operator": "", "trend": []}}, {"type": "Feature", "geometry": {"type": "Point", "coordinates": [0.0948, 51.78164]}, "properties": {"name": "Harlow Town", "crs": "HWN", "usage": null, "operator": "", "trend": []}}, {"type": "Feature", "geometry": {"type": "Point", "coordinates": [0.23482, 51.59291]}, "properties": {"name": "Harold Wood", "crs": "HRO", "usage": null, "operator": "", "trend": []}}, {"type": "Feature", "geometry": {"type": "Point", "coordinates": [-0.35196, 51.81483]}, "properties": {"name": "Harpenden", "crs": "HPD", "usage": null, "operator": "", "trend": []}}, {"type": "Feature", "geometry": {"type": "Point", "coordinates": [0.67357, 51.24465]}, "properties": {"name": "Harrietsham", "crs": "HRM", "usage": null, "operator": "", "trend": []}}, {"type": "Feature", "geometry": {"type": "Point", "coordinates": [-0.10512, 51.57731]}, "properties": {"name": "Harringay", "crs": "HGY", "usage": null, "operator": "", "trend": []}}, {"type": "Feature", "geometry": {"type": "Point", "coordinates": [-0.0981, 51.57734]}, "properties": {"name": "Harringay Green Lanes", "crs": "HRY", "usage": null, "operator": "", "trend": []}}, {"type": "Feature", "geometry": {"type": "Point", "coordinates": [-3.56557, 54.61355]}, "properties": {"name": "Harrington", "crs": "HRR", "usage": null, "operator": "", "trend": []}}, {"type": "Feature", "geometry": {"type": "Point", "coordinates": [-1.53781, 53.99196]}, "properties": {"name": "Harrogate", "crs": "HGT", "usage": null, "operator": "", "trend": []}}, {"type": "Feature", "geometry": {"type": "Point", "coordinates": [-0.33407, 51.59158]}, "properties": {"name": "Harrow & Wealdstone", "crs": "HRW", "usage": null, "operator": "", "trend": []}}, {"type": "Feature", "geometry": {"type": "Point", "coordinates": [-0.33663, 51.57931]}, "properties": {"name": "Harrow-on-the-Hill", "crs": "HOH", "usage": null, "operator": "", "trend": []}}, {"type": "Feature", "geometry": {"type": "Point", "coordinates": [-2.55398, 53.24172]}, "properties": {"name": "Hartford", "crs": "HTF", "usage": null, "operator": "", "trend": []}}, {"type": "Feature", "geometry": {"type": "Point", "coordinates": [-2.22158, 52.33505]}, "properties": {"name": "Hartlebury", "crs": "HBY", "usage": null, "operator": "", "trend": []}}, {"type": "Feature", "geometry": {"type": "Point", "coordinates": [-1.2073, 54.68677]}, "properties": {"name": "Hartlepool", "crs": "HPL", "usage": null, "operator": "", "trend": []}}, {"type": "Feature", "geometry": {"type": "Point", "coordinates": [1.25517, 51.9477]}, "properties": {"name": "Harwich International", "crs": "HPQ", "usage": null, "operator": "", "trend": []}}, {"type": "Feature", "geometry": {"type": "Point", "coordinates": [1.28547, 51.94416]}, "properties": {"name": "Harwich Town", "crs": "HWC", "usage": null, "operator": "", "trend": []}}, {"type": "Feature", "geometry": {"type": "Point", "coordinates": [-0.71916, 51.08924]}, "properties": {"name": "Haslemere", "crs": "HSL", "usage": null, "operator": "", "trend": []}}, {"type": "Feature", "geometry": {"type": "Point", "coordinates": [-0.14604, 50.92326]}, "properties": {"name": "Hassocks", "crs": "HSK", "usage": null, "operator": "", "trend": []}}, {"type": "Feature", "geometry": {"type": "Point", "coordinates": [0.57608, 50.85829]}, "properties": {"name": "Hastings", "crs": "HGS", "usage": null, "operator": "", "trend": []}}, {"type": "Feature", "geometry": {"type": "Point", "coordinates": [-0.3695, 51.61005]}, "properties": {"name": "Hatch End", "crs": "HTE", "usage": null, "operator": "", "trend": []}}, {"type": "Feature", "geometry": {"type": "Point", "coordinates": [-0.21616, 51.7634]}, "properties": {"name": "Hatfield", "crs": "HAT", "usage": null, "operator": "", "trend": []}}, {"type": "Feature", "geometry": {"type": "Point", "coordinates": [-1.02093, 53.58953]}, "properties": {"name": "Hatfield & Stainforth", "crs": "HFS", "usage": null, "operator": "", "trend": []}}, {"type": "Feature", "geometry": {"type": "Point", "coordinates": [0.59346, 51.77978]}, "properties": {"name": "Hatfield Peverel", "crs": "HAP", "usage": null, "operator": "", "trend": []}}, {"type": "Feature", "geometry": {"type": "Point", "coordinates": [-1.65164, 53.32541]}, "properties": {"name": "Hathersage", "crs": "HSG", "usage": null, "operator": "", "trend": []}}, {"type": "Feature", "geometry": {"type": "Point", "coordinates": [-2.04032, 53.44513]}, "properties": {"name": "Hattersley", "crs": "HTY", "usage": null, "operator": "", "trend": []}}, {"type": "Feature", "geometry": {"type": "Point", "coordinates": [-1.67298, 52.29524]}, "properties": {"name": "Hatton", "crs": "HTN", "usage": null, "operator": "", "trend": []}}, {"type": "Feature", "geometry": {"type": "Point", "coordinates": [-0.98276, 50.85442]}, "properties": {"name": "Havant", "crs": "HAV", "usage": null, "operator": "", "trend": []}}, {"type": "Feature", "geometry": {"type": "Point", "coordinates": [0.27262, 53.11455]}, "properties": {"name": "Havenhouse", "crs": "HVN", "usage": null, "operator": "", "trend": []}}, {"type": "Feature", "geometry": {"type": "Point", "coordinates": [-2.24681, 54.97489]}, "properties": {"name": "Haydon Bridge", "crs": "HDB", "usage": null, "operator": "", "trend": []}}, {"type": "Feature", "geometry": {"type": "Point", "coordinates": [-0.18907, 51.42576]}, "properties": {"name": "Haydons Road", "crs": "HYR", "usage": null, "operator": "", "trend": []}}, {"type": "Feature", "geometry": {"type": "Point", "coordinates": [-0.42079, 51.50297]}, "properties": {"name": "Hayes & Harlington", "crs": "HAY", "usage": null, "operator": "", "trend": []}}, {"type": "Feature", "geometry": {"type": "Point", "coordinates": [0.01012, 51.37574]}, "properties": {"name": "Hayes (Kent)", "crs": "HYS", "usage": null, "operator": "", "trend": []}}, {"type": "Feature", "geometry": {"type": "Point", "coordinates": [-5.41956, 50.18618]}, "properties": {"name": "Hayle", "crs": "HYL", "usage": null, "operator": "", "trend": []}}, {"type": "Feature", "geometry": {"type": "Point", "coordinates": [-0.10572, 51.00536]}, "properties": {"name": "Haywards Heath", "crs": "HHE", "usage": null, "operator": "", "trend": []}}, {"type": "Feature", "geometry": {"type": "Point", "coordinates": [-2.12212, 53.37741]}, "properties": {"name": "Hazel Grove", "crs": "HAZ", "usage": null, "operator": "", "trend": []}}, {"type": "Feature", "geometry": {"type": "Point", "coordinates": [-2.87886, 53.49283]}, "properties": {"name": "Headbolt Lane", "crs": "HBL", "usage": null, "operator": "", "trend": []}}, {"type": "Feature", "geometry": {"type": "Point", "coordinates": [0.62751, 51.16566]}, "properties": {"name": "Headcorn", "crs": "HCN", "usage": null, "operator": "", "trend": []}}, {"type": "Feature", "geometry": {"type": "Point", "coordinates": [-1.59289, 53.81779]}, "properties": {"name": "Headingley", "crs": "HDY", "usage": null, "operator": "", "trend": []}}, {"type": "Feature", "geometry": {"type": "Point", "coordinates": [-0.35677, 51.60268]}, "properties": {"name": "Headstone Lane", "crs": "HDL", "usage": null, "operator": "", "trend": []}}, {"type": "Feature", "geometry": {"type": "Point", "coordinates": [-2.23653, 53.36925]}, "properties": {"name": "Heald Green", "crs": "HDG", "usage": null, "operator": "", "trend": []}}, {"type": "Feature", "geometry": {"type": "Point", "coordinates": [-0.16016, 53.58143]}, "properties": {"name": "Healing", "crs": "HLI", "usage": null, "operator": "", "trend": []}}, {"type": "Feature", "geometry": {"type": "Point", "coordinates": [-0.44545, 51.45821]}, "properties": {"name": "Heathrow Terminal 4 Rail", "crs": "HAF", "usage": null, "operator": "", "trend": []}}, {"type": "Feature", "geometry": {"type": "Point", "coordinates": [-0.48, 51.47]}, "properties": {"name": "Heathrow Terminal 5 Rail", "crs": "HWV", "usage": null, "operator": "", "trend": []}}, {"type": "Feature", "geometry": {"type": "Point", "coordinates": [-0.456, 51.471]}, "properties": {"name": "Heathrow Terminals 1-2-3 Rail", "crs": "HXX", "usage": null, "operator": "", "trend": []}}, {"type": "Feature", "geometry": {"type": "Point", "coordinates": [-2.17905, 53.42556]}, "properties": {"name": "Heaton Chapel", "crs": "HTC", "usage": null, "operator": "", "trend": []}}, {"type": "Feature", "geometry": {"type": "Point", "coordinates": [-2.00906, 53.73759]}, "properties": {"name": "Hebden Bridge", "crs": "HBD", "usage": null, "operator": "", "trend": []}}, {"type": "Feature", "geometry": {"type": "Point", "coordinates": [-0.29316, 52.97746]}, "properties": {"name": "Heckington", "crs": "HEC", "usage": null, "operator": "", "trend": []}}, {"type": "Feature", "geometry": {"type": "Point", "coordinates": [-1.29706, 50.92777]}, "properties": {"name": "Hedge End", "crs": "HDE", "usage": null, "operator": "", "trend": []}}, {"type": "Feature", "geometry": {"type": "Point", "coordinates": [-2.00199, 52.70992]}, "properties": {"name": "Hednesford", "crs": "HNF", "usage": null, "operator": "", "trend": []}}, {"type": "Feature", "geometry": {"type": "Point", "coordinates": [-1.58207, 54.59698]}, "properties": {"name": "Heighington", "crs": "HEI", "usage": null, "operator": "", "trend": []}}, {"type": "Feature", "geometry": {"type": "Point", "coordinates": [-2.22796, 54.01097]}, "properties": {"name": "Hellifield", "crs": "HLD", "usage": null, "operator": "", "trend": []}}, {"type": "Feature", "geometry": {"type": "Point", "coordinates": [-2.77079, 53.27578]}, "properties": {"name": "Helsby", "crs": "HSB", "usage": null, "operator": "", "trend": []}}, {"type": "Feature", "geometry": {"type": "Point", "coordinates": [-0.49076, 51.74206]}, "properties": {"name": "Hemel Hempstead", "crs": "HML", "usage": null, "operator": "", "trend": []}}, {"type": "Feature", "geometry": {"type": "Point", "coordinates": [-0.23865, 51.58006]}, "properties": {"name": "Hendon", "crs": "HEN", "usage": null, "operator": "", "trend": []}}, {"type": "Feature", "geometry": {"type": "Point", "coordinates": [-1.78444, 52.291]}, "properties": {"name": "Henley-In-Arden", "crs": "HNL", "usage": null, "operator": "", "trend": []}}, {"type": "Feature", "geometry": {"type": "Point", "coordinates": [-0.90013, 51.53418]}, "properties": {"name": "Henley-On-Thames", "crs": "HOT", "usage": null, "operator": "", "trend": []}}, {"type": "Feature", "geometry": {"type": "Point", "coordinates": [-1.1139, 53.69836]}, "properties": {"name": "Hensall", "crs": "HEL", "usage": null, "operator": "", "trend": []}}, {"type": "Feature", "geometry": {"type": "Point", "coordinates": [-2.70885, 52.06072]}, "properties": {"name": "Hereford", "crs": "HFD", "usage": null, "operator": "", "trend": []}}, {"type": "Feature", "geometry": {"type": "Point", "coordinates": [1.11874, 51.36406]}, "properties": {"name": "Herne Bay", "crs": "HNB", "usage": null, "operator": "", "trend": []}}, {"type": "Feature", "geometry": {"type": "Point", "coordinates": [-0.10162, 51.45315]}, "properties": {"name": "Herne Hill", "crs": "HNH", "usage": null, "operator": "", "trend": []}}, {"type": "Feature", "geometry": {"type": "Point", "coordinates": [-0.38927, 51.37742]}, "properties": {"name": "Hersham", "crs": "HER", "usage": null, "operator": "", "trend": []}}, {"type": "Feature", "geometry": {"type": "Point", "coordinates": [-0.07259, 51.79979]}, "properties": {"name": "Hertford East", "crs": "HFE", "usage": null, "operator": "", "trend": []}}, {"type": "Feature", "geometry": {"type": "Point", "coordinates": [-0.09296, 51.79833]}, "properties": {"name": "Hertford North", "crs": "HFN", "usage": null, "operator": "", "trend": []}}, {"type": "Feature", "geometry": {"type": "Point", "coordinates": [-0.44217, 53.71757]}, "properties": {"name": "Hessle", "crs": "HES", "usage": null, "operator": "", "trend": []}}, {"type": "Feature", "geometry": {"type": "Point", "coordinates": [-3.07357, 53.32917]}, "properties": {"name": "Heswall", "crs": "HSW", "usage": null, "operator": "", "trend": []}}, {"type": "Feature", "geometry": {"type": "Point", "coordinates": [0.09465, 51.18091]}, "properties": {"name": "Hever", "crs": "HEV", "usage": null, "operator": "", "trend": []}}, {"type": "Feature", "geometry": {"type": "Point", "coordinates": [-1.55498, 54.95186]}, "properties": {"name": "Heworth", "crs": "HEW", "usage": null, "operator": "", "trend": []}}, {"type": "Feature", "geometry": {"type": "Point", "coordinates": [-2.09527, 54.9742]}, "properties": {"name": "Hexham", "crs": "HEX", "usage": null, "operator": "", "trend": []}}, {"type": "Feature", "geometry": {"type": "Point", "coordinates": [-1.29926, 51.91902]}, "properties": {"name": "Heyford", "crs": "HYD", "usage": null, "operator": "", "trend": []}}, {"type": "Feature", "geometry": {"type": "Point", "coordinates": [-2.91318, 54.03328]}, "properties": {"name": "Heysham Port", "crs": "HHB", "usage": null, "operator": "", "trend": []}}, {"type": "Feature", "geometry": {"type": "Point", "coordinates": [0.27769, 51.14961]}, "properties": {"name": "High Brooms", "crs": "HIB", "usage": null, "operator": "", "trend": []}}, {"type": "Feature", "geometry": {"type": "Point", "coordinates": [-0.74514, 51.62979]}, "properties": {"name": "High Wycombe", "crs": "HWY", "usage": null, "operator": "", "trend": []}}, {"type": "Feature", "geometry": {"type": "Point", "coordinates": [0.46693, 51.42638]}, "properties": {"name": "Higham", "crs": "HGM", "usage": null, "operator": "", "trend": []}}, {"type": "Feature", "geometry": {"type": "Point", "coordinates": [0.00018, 51.60884]}, "properties": {"name": "Highams Park", "crs": "HIP", "usage": null, "operator": "", "trend": []}}, {"type": "Feature", "geometry": {"type": "Point", "coordinates": [-2.97219, 51.2181]}, "properties": {"name": "Highbridge & Burnham", "crs": "HIG", "usage": null, "operator": "", "trend": []}}, {"type": "Feature", "geometry": {"type": "Point", "coordinates": [-0.10206, 51.54668]}, "properties": {"name": "Highbury & Islington", "crs": "HHY", "usage": null, "operator": "", "trend": []}}, {"type": "Feature", "geometry": {"type": "Point", "coordinates": [-3.05741, 53.52527]}, "properties": {"name": "Hightown", "crs": "HTO", "usage": null, "operator": "", "trend": []}}, {"type": "Feature", "geometry": {"type": "Point", "coordinates": [0.22646, 51.21445]}, "properties": {"name": "Hildenborough", "crs": "HLB", "usage": null, "operator": "", "trend": []}}, {"type": "Feature", "geometry": {"type": "Point", "coordinates": [-3.02467, 53.62217]}, "properties": {"name": "Hillside", "crs": "HIL", "usage": null, "operator": "", "trend": []}}, {"type": "Feature", "geometry": {"type": "Point", "coordinates": [-1.05859, 50.82807]}, "properties": {"name": "Hilsea", "crs": "HLS", "usage": null, "operator": "", "trend": []}}, {"type": "Feature", "geometry": {"type": "Point", "coordinates": [-0.34051, 51.37494]}, "properties": {"name": "Hinchley Wood", "crs": "HYW", "usage": null, "operator": "", "trend": []}}, {"type": "Feature", "geometry": {"type": "Point", "coordinates": [-1.37192, 52.53497]}, "properties": {"name": "Hinckley", "crs": "HNK", "usage": null, "operator": "", "trend": []}}, {"type": "Feature", "geometry": {"type": "Point", "coordinates": [-2.57491, 53.54205]}, "properties": {"name": "Hindley", "crs": "HIN", "usage": null, "operator": "", "trend": []}}, {"type": "Feature", "geometry": {"type": "Point", "coordinates": [-1.71362, 50.75238]}, "properties": {"name": "Hinton Admiral", "crs": "HNA", "usage": null, "operator": "", "trend": []}}, {"type": "Feature", "geometry": {"type": "Point", "coordinates": [-0.2625, 51.95291]}, "properties": {"name": "Hitchin", "crs": "HIT", "usage": null, "operator": "", "trend": []}}, {"type": "Feature", "geometry": {"type": "Point", "coordinates": [-0.00091, 51.45237]}, "properties": {"name": "Hither Green", "crs": "HGR", "usage": null, "operator": "", "trend": []}}, {"type": "Feature", "geometry": {"type": "Point", "coordinates": [0.65997, 51.60383]}, "properties": {"name": "Hockley", "crs": "HOC", "usage": null, "operator": "", "trend": []}}, {"type": "Feature", "geometry": {"type": "Point", "coordinates": [0.62747, 51.26548]}, "properties": {"name": "Hollingbourne", "crs": "HBN", "usage": null, "operator": "", "trend": []}}, {"type": "Feature", "geometry": {"type": "Point", "coordinates": [-2.35106, 53.19913]}, "properties": {"name": "Holmes Chapel", "crs": "HCH", "usage": null, "operator": "", "trend": []}}, {"type": "Feature", "geometry": {"type": "Point", "coordinates": [-0.32175, 51.18043]}, "properties": {"name": "Holmwood", "crs": "HLM", "usage": null, "operator": "", "trend": []}}, {"type": "Feature", "geometry": {"type": "Point", "coordinates": [-2.07786, 50.71135]}, "properties": {"name": "Holton Heath", "crs": "HOL", "usage": null, "operator": "", "trend": []}}, {"type": "Feature", "geometry": {"type": "Point", "coordinates": [-0.0386, 51.54653]}, "properties": {"name": "Homerton", "crs": "HMN", "usage": null, "operator": "", "trend": []}}, {"type": "Feature", "geometry": {"type": "Point", "coordinates": [-1.83499, 52.10138]}, "properties": {"name": "Honeybourne", "crs": "HYB", "usage": null, "operator": "", "trend": []}}, {"type": "Feature", "geometry": {"type": "Point", "coordinates": [-3.18621, 50.79706]}, "properties": {"name": "Honiton", "crs": "HON", "usage": null, "operator": "", "trend": []}}, {"type": "Feature", "geometry": {"type": "Point", "coordinates": [-1.78081, 53.60885]}, "properties": {"name": "Honley", "crs": "HOY", "usage": null, "operator": "", "trend": []}}, {"type": "Feature", "geometry": {"type": "Point", "coordinates": [-0.04561, 51.45043]}, "properties": {"name": "Honor Oak Park", "crs": "HPA", "usage": null, "operator": "", "trend": []}}, {"type": "Feature", "geometry": {"type": "Point", "coordinates": [-0.96193, 51.27959]}, "properties": {"name": "Hook", "crs": "HOK", "usage": null, "operator": "", "trend": []}}, {"type": "Feature", "geometry": {"type": "Point", "coordinates": [-2.97672, 53.29674]}, "properties": {"name": "Hooton", "crs": "HOO", "usage": null, "operator": "", "trend": []}}, {"type": "Feature", "geometry": {"type": "Point", "coordinates": [-1.72959, 53.34628]}, "properties": {"name": "Hope (Derbyshire)", "crs": "HOP", "usage": null, "operator": "", "trend": []}}, {"type": "Feature", "geometry": {"type": "Point", "coordinates": [-2.91254, 52.39196]}, "properties": {"name": "Hopton Heath", "crs": "HPT", "usage": null, "operator": "", "trend": []}}, {"type": "Feature", "geometry": {"type": "Point", "coordinates": [-1.30735, 54.76388]}, "properties": {"name": "Horden", "crs": "HRE", "usage": null, "operator": "", "trend": []}}, {"type": "Feature", "geometry": {"type": "Point", "coordinates": [-0.16199, 51.16814]}, "properties": {"name": "Horley", "crs": "HOR", "usage": null, "operator": "", "trend": []}}, {"type": "Feature", "geometry": {"type": "Point", "coordinates": [-1.52727, 53.98024]}, "properties": {"name": "Hornbeam Park", "crs": "HBP", "usage": null, "operator": "", "trend": []}}, {"type": "Feature", "geometry": {"type": "Point", "coordinates": [-0.11196, 51.58641]}, "properties": {"name": "Hornsey", "crs": "HRN", "usage": null, "operator": "", "trend": []}}, {"type": "Feature", "geometry": {"type": "Point", "coordinates": [-1.63061, 53.84758]}, "properties": {"name": "Horsforth", "crs": "HRS", "usage": null, "operator": "", "trend": []}}, {"type": "Feature", "geometry": {"type": "Point", "coordinates": [-0.31875, 51.06617]}, "properties": {"name": "Horsham", "crs": "HRH", "usage": null, "operator": "", "trend": []}}, {"type": "Feature", "geometry": {"type": "Point", "coordinates": [-0.4343, 51.27911]}, "properties": {"name": "Horsley", "crs": "HSY", "usage": null, "operator": "", "trend": []}}, {"type": "Feature", "geometry": {"type": "Point", "coordinates": [-2.30205, 54.14938]}, "properties": {"name": "Horton in Ribblesdale", "crs": "HIR", "usage": null, "operator": "", "trend": []}}, {"type": "Feature", "geometry": {"type": "Point", "coordinates": [-2.54371, 53.57995]}, "properties": {"name": "Horwich Parkway", "crs": "HWI", "usage": null, "operator": "", "trend": []}}, {"type": "Feature", "geometry": {"type": "Point", "coordinates": [-2.80383, 53.59737]}, "properties": {"name": "Hoscar", "crs": "HSC", "usage": null, "operator": "", "trend": []}}, {"type": "Feature", "geometry": {"type": "Point", "coordinates": [-2.77506, 53.37238]}, "properties": {"name": "Hough Green", "crs": "HGN", "usage": null, "operator": "", "trend": []}}, {"type": "Feature", "geometry": {"type": "Point", "coordinates": [-0.36181, 51.46247]}, "properties": {"name": "Hounslow", "crs": "HOU", "usage": null, "operator": "", "trend": []}}, {"type": "Feature", "geometry": {"type": "Point", "coordinates": [-0.17082, 50.83551]}, "properties": {"name": "Hove", "crs": "HOV", "usage": null, "operator": "", "trend": []}}, {"type": "Feature", "geometry": {"type": "Point", "coordinates": [1.40831, 52.71508]}, "properties": {"name": "Hoveton & Wroxham", "crs": "HXM", "usage": null, "operator": "", "trend": []}}, {"type": "Feature", "geometry": {"type": "Point", "coordinates": [-0.34459, 51.7177]}, "properties": {"name": "How Wood", "crs": "HWW", "usage": null, "operator": "", "trend": []}}, {"type": "Feature", "geometry": {"type": "Point", "coordinates": [-0.86068, 53.76453]}, "properties": {"name": "Howden", "crs": "HOW", "usage": null, "operator": "", "trend": []}}, {"type": "Feature", "geometry": {"type": "Point", "coordinates": [-0.07672, 51.53193]}, "properties": {"name": "Hoxton", "crs": "HOX", "usage": null, "operator": "", "trend": []}}, {"type": "Feature", "geometry": {"type": "Point", "coordinates": [-3.17886, 53.3902]}, "properties": {"name": "Hoylake", "crs": "HYK", "usage": null, "operator": "", "trend": []}}, {"type": "Feature", "geometry": {"type": "Point", "coordinates": [-0.11004, 52.97559]}, "properties": {"name": "Hubberts Bridge", "crs": "HBB", "usage": null, "operator": "", "trend": []}}, {"type": "Feature", "geometry": {"type": "Point", "coordinates": [-1.19579, 53.03827]}, "properties": {"name": "Hucknall", "crs": "HKN", "usage": null, "operator": "", "trend": []}}, {"type": "Feature", "geometry": {"type": "Point", "coordinates": [-1.78514, 53.64841]}, "properties": {"name": "Huddersfield", "crs": "HUD", "usage": null, "operator": "", "trend": []}}, {"type": "Feature", "geometry": {"type": "Point", "coordinates": [-0.34564, 53.74414]}, "properties": {"name": "Hull", "crs": "HUL", "usage": null, "operator": "", "trend": []}}, {"type": "Feature", "geometry": {"type": "Point", "coordinates": [-2.32736, 53.45232]}, "properties": {"name": "Humphrey Park", "crs": "HUP", "usage": null, "operator": "", "trend": []}}, {"type": "Feature", "geometry": {"type": "Point", "coordinates": [-2.3459, 53.77214]}, "properties": {"name": "Huncoat", "crs": "HCT", "usage": null, "operator": "", "trend": []}}, {"type": "Feature", "geometry": {"type": "Point", "coordinates": [-1.51106, 51.41534]}, "properties": {"name": "Hungerford", "crs": "HGD", "usage": null, "operator": "", "trend": []}}, {"type": "Feature", "geometry": {"type": "Point", "coordinates": [-0.31474, 54.17429]}, "properties": {"name": "Hunmanby", "crs": "HUB", "usage": null, "operator": "", "trend": []}}, {"type": "Feature", "geometry": {"type": "Point", "coordinates": [-0.19205, 52.32861]}, "properties": {"name": "Huntingdon", "crs": "HUN", "usage": null, "operator": "", "trend": []}}, {"type": "Feature", "geometry": {"type": "Point", "coordinates": [-2.85572, 53.36064]}, "properties": {"name": "Hunts Cross", "crs": "HNX", "usage": null, "operator": "", "trend": []}}, {"type": "Feature", "geometry": {"type": "Point", "coordinates": [0.0044, 51.24455]}, "properties": {"name": "Hurst Green", "crs": "HUR", "usage": null, "operator": "", "trend": []}}, {"type": "Feature", "geometry": {"type": "Point", "coordinates": [-0.43331, 53.95567]}, "properties": {"name": "Hutton Cranswick", "crs": "HUT", "usage": null, "operator": "", "trend": []}}, {"type": "Feature", "geometry": {"type": "Point", "coordinates": [-2.84299, 53.40981]}, "properties": {"name": "Huyton", "crs": "HUY", "usage": null, "operator": "", "trend": []}}, {"type": "Feature", "geometry": {"type": "Point", "coordinates": [-2.08515, 53.45168]}, "properties": {"name": "Hyde Central", "crs": "HYC", "usage": null, "operator": "", "trend": []}}, {"type": "Feature", "geometry": {"type": "Point", "coordinates": [-2.08583, 53.46431]}, "properties": {"name": "Hyde North", "crs": "HYT", "usage": null, "operator": "", "trend": []}}, {"type": "Feature", "geometry": {"type": "Point", "coordinates": [-0.60041, 53.19455]}, "properties": {"name": "Hykeham", "crs": "HKM", "usage": null, "operator": "", "trend": []}}, {"type": "Feature", "geometry": {"type": "Point", "coordinates": [0.92654, 51.88528]}, "properties": {"name": "Hythe", "crs": "HYH", "usage": null, "operator": "", "trend": []}}, {"type": "Feature", "geometry": {"type": "Point", "coordinates": [-0.21551, 51.1159]}, "properties": {"name": "Ifield", "crs": "IFI", "usage": null, "operator": "", "trend": []}}, {"type": "Feature", "geometry": {"type": "Point", "coordinates": [0.0687, 51.55908]}, "properties": {"name": "Ilford", "crs": "IFD", "usage": null, "operator": "", "trend": []}}, {"type": "Feature", "geometry": {"type": "Point", "coordinates": [-1.2949, 52.9794]}, "properties": {"name": "Ilkeston", "crs": "ILN", "usage": null, "operator": "", "trend": []}}, {"type": "Feature", "geometry": {"type": "Point", "coordinates": [-1.8218, 53.9253]}, "properties": {"name": "Ilkley", "crs": "ILK", "usage": null, "operator": "", "trend": []}}, {"type": "Feature", "geometry": {"type": "Point", "coordinates": [-0.18303, 51.47513]}, "properties": {"name": "Imperial Wharf", "crs": "IMW", "usage": null, "operator": "", "trend": []}}, {"type": "Feature", "geometry": {"type": "Point", "coordinates": [-2.61186, 53.53898]}, "properties": {"name": "Ince", "crs": "INC", "usage": null, "operator": "", "trend": []}}, {"type": "Feature", "geometry": {"type": "Point", "coordinates": [-2.81623, 53.27674]}, "properties": {"name": "Ince & Elton", "crs": "INE", "usage": null, "operator": "", "trend": []}}, {"type": "Feature", "geometry": {"type": "Point", "coordinates": [0.38456, 51.6673]}, "properties": {"name": "Ingatestone", "crs": "INT", "usage": null, "operator": "", "trend": []}}, {"type": "Feature", "geometry": {"type": "Point", "coordinates": [1.14448, 52.05055]}, "properties": {"name": "Ipswich", "crs": "IPS", "usage": null, "operator": "", "trend": []}}, {"type": "Feature", "geometry": {"type": "Point", "coordinates": [-2.43299, 53.43417]}, "properties": {"name": "Irlam", "crs": "IRL", "usage": null, "operator": "", "trend": []}}, {"type": "Feature", "geometry": {"type": "Point", "coordinates": [-0.33689, 51.47471]}, "properties": {"name": "Isleworth", "crs": "ISL", "usage": null, "operator": "", "trend": []}}, {"type": "Feature", "geometry": {"type": "Point", "coordinates": [-1.23819, 51.82571]}, "properties": {"name": "Islip", "crs": "ISP", "usage": null, "operator": "", "trend": []}}, {"type": "Feature", "geometry": {"type": "Point", "coordinates": [-0.50666, 51.50834]}, "properties": {"name": "Iver", "crs": "IVR", "usage": null, "operator": "", "trend": []}}, {"type": "Feature", "geometry": {"type": "Point", "coordinates": [-3.90495, 50.39352]}, "properties": {"name": "Ivybridge", "crs": "IVY", "usage": null, "operator": "", "trend": []}}, {"type": "Feature", "geometry": {"type": "Point", "coordinates": [-1.2076, 54.5515]}, "properties": {"name": "James Cook University Hospital", "crs": "JCH", "usage": null, "operator": "", "trend": []}}, {"type": "Feature", "geometry": {"type": "Point", "coordinates": [-2.99199, 53.40475]}, "properties": {"name": "James Street", "crs": "LVJ", "usage": null, "operator": "", "trend": []}}, {"type": "Feature", "geometry": {"type": "Point", "coordinates": [-1.91352, 52.48951]}, "properties": {"name": "Jewellery Quarter", "crs": "JEQ", "usage": null, "operator": "", "trend": []}}, {"type": "Feature", "geometry": {"type": "Point", "coordinates": [-2.37503, 53.54419]}, "properties": {"name": "Kearsley", "crs": "KSL", "usage": null, "operator": "", "trend": []}}, {"type": "Feature", "geometry": {"type": "Point", "coordinates": [1.27157, 51.1494]}, "properties": {"name": "Kearsney", "crs": "KSN", "usage": null, "operator": "", "trend": []}}, {"type": "Feature", "geometry": {"type": "Point", "coordinates": [-1.90112, 53.86787]}, "properties": {"name": "Keighley", "crs": "KEI", "usage": null, "operator": "", "trend": []}}, {"type": "Feature", "geometry": {"type": "Point", "coordinates": [0.70153, 51.8412]}, "properties": {"name": "Kelvedon", "crs": "KEL", "usage": null, "operator": "", "trend": []}}, {"type": "Feature", "geometry": {"type": "Point", "coordinates": [-2.02312, 51.67622]}, "properties": {"name": "Kemble", "crs": "KEM", "usage": null, "operator": "", "trend": []}}, {"type": "Feature", "geometry": {"type": "Point", "coordinates": [-0.50527, 52.09203]}, "properties": {"name": "Kempston Hardwick", "crs": "KMH", "usage": null, "operator": "", "trend": []}}, {"type": "Feature", "geometry": {"type": "Point", "coordinates": [-0.40929, 51.42176]}, "properties": {"name": "Kempton Park", "crs": "KMP", "usage": null, "operator": "", "trend": []}}, {"type": "Feature", "geometry": {"type": "Point", "coordinates": [0.24772, 51.29768]}, "properties": {"name": "Kemsing", "crs": "KMS", "usage": null, "operator": "", "trend": []}}, {"type": "Feature", "geometry": {"type": "Point", "coordinates": [0.73356, 51.362]}, "properties": {"name": "Kemsley", "crs": "KML", "usage": null, "operator": "", "trend": []}}, {"type": "Feature", "geometry": {"type": "Point", "coordinates": [-2.73967, 54.33211]}, "properties": {"name": "Kendal", "crs": "KEN", "usage": null, "operator": "", "trend": []}}, {"type": "Feature", "geometry": {"type": "Point", "coordinates": [-1.5726, 52.3429]}, "properties": {"name": "Kenilworth", "crs": "KNW", "usage": null, "operator": "", "trend": []}}, {"type": "Feature", "geometry": {"type": "Point", "coordinates": [-0.1012, 51.32455]}, "properties": {"name": "Kenley", "crs": "KLY", "usage": null, "operator": "", "trend": []}}, {"type": "Feature", "geometry": {"type": "Point", "coordinates": [0.49048, 52.27752]}, "properties": {"name": "Kennett", "crs": "KNE", "usage": null, "operator": "", "trend": []}}, {"type": "Feature", "geometry": {"type": "Point", "coordinates": [-0.22385, 51.5306]}, "properties": {"name": "Kensal Green", "crs": "KNL", "usage": null, "operator": "", "trend": []}}, {"type": "Feature", "geometry": {"type": "Point", "coordinates": [-0.22081, 51.53416]}, "properties": {"name": "Kensal Rise", "crs": "KNR", "usage": null, "operator": "", "trend": []}}, {"type": "Feature", "geometry": {"type": "Point", "coordinates": [-0.21019, 51.49775]}, "properties": {"name": "Kensington Olympia", "crs": "KPA", "usage": null, "operator": "", "trend": []}}, {"type": "Feature", "geometry": {"type": "Point", "coordinates": [-0.04579, 51.41266]}, "properties": {"name": "Kent House", "crs": "KTH", "usage": null, "operator": "", "trend": []}}, {"type": "Feature", "geometry": {"type": "Point", "coordinates": [-0.14045, 51.55034]}, "properties": {"name": "Kentish Town", "crs": "KTN", "usage": null, "operator": "", "trend": []}}, {"type": "Feature", "geometry": {"type": "Point", "coordinates": [-0.14678, 51.5465]}, "properties": {"name": "Kentish Town West", "crs": "KTW", "usage": null, "operator": "", "trend": []}}, {"type": "Feature", "geometry": {"type": "Point", "coordinates": [-0.31712, 51.58144]}, "properties": {"name": "Kenton", "crs": "KNT", "usage": null, "operator": "", "trend": []}}, {"type": "Feature", "geometry": {"type": "Point", "coordinates": [-2.92535, 54.17297]}, "properties": {"name": "Kents Bank", "crs": "KBK", "usage": null, "operator": "", "trend": []}}, {"type": "Feature", "geometry": {"type": "Point", "coordinates": [-0.73172, 52.39318]}, "properties": {"name": "Kettering", "crs": "KET", "usage": null, "operator": "", "trend": []}}, {"type": "Feature", "geometry": {"type": "Point", "coordinates": [-0.28883, 51.48931]}, "properties": {"name": "Kew Bridge", "crs": "KWB", "usage": null, "operator": "", "trend": []}}, {"type": "Feature", "geometry": {"type": "Point", "coordinates": [-0.28495, 51.47756]}, "properties": {"name": "Kew Gardens", "crs": "KWG", "usage": null, "operator": "", "trend": []}}, {"type": "Feature", "geometry": {"type": "Point", "coordinates": [-4.1791, 50.38969]}, "properties": {"name": "Keyham", "crs": "KEY", "usage": null, "operator": "", "trend": []}}, {"type": "Feature", "geometry": {"type": "Point", "coordinates": [-2.49465, 51.41712]}, "properties": {"name": "Keynsham", "crs": "KYN", "usage": null, "operator": "", "trend": []}}, {"type": "Feature", "geometry": {"type": "Point", "coordinates": [0.02833, 51.46266]}, "properties": {"name": "Kidbrooke", "crs": "KDB", "usage": null, "operator": "", "trend": []}}, {"type": "Feature", "geometry": {"type": "Point", "coordinates": [-2.23946, 52.38446]}, "properties": {"name": "Kidderminster", "crs": "KID", "usage": null, "operator": "", "trend": []}}, {"type": "Feature", "geometry": {"type": "Point", "coordinates": [-2.24483, 53.08655]}, "properties": {"name": "Kidsgrove", "crs": "KDG", "usage": null, "operator": "", "trend": []}}, {"type": "Feature", "geometry": {"type": "Point", "coordinates": [-0.19186, 51.53731]}, "properties": {"name": "Kilburn High Road", "crs": "KBN", "usage": null, "operator": "", "trend": []}}, {"type": "Feature", "geometry": {"type": "Point", "coordinates": [-1.06783, 54.47727]}, "properties": {"name": "Kildale", "crs": "KLD", "usage": null, "operator": "", "trend": []}}, {"type": "Feature", "geometry": {"type": "Point", "coordinates": [-1.62933, 51.90222]}, "properties": {"name": "Kingham", "crs": "KGM", "usage": null, "operator": "", "trend": []}}, {"type": "Feature", "geometry": {"type": "Point", "coordinates": [-1.89297, 52.43141]}, "properties": {"name": "Kings Heath", "crs": "KIH", "usage": null, "operator": "", "trend": []}}, {"type": "Feature", "geometry": {"type": "Point", "coordinates": [-0.43841, 51.70631]}, "properties": {"name": "Kings Langley", "crs": "KGL", "usage": null, "operator": "", "trend": []}}, {"type": "Feature", "geometry": {"type": "Point", "coordinates": [0.40347, 52.75411]}, "properties": {"name": "Kings Lynn", "crs": "KLN", "usage": null, "operator": "", "trend": []}}, {"type": "Feature", "geometry": {"type": "Point", "coordinates": [-1.9338, 52.41346]}, "properties": {"name": "Kings Norton", "crs": "KNN", "usage": null, "operator": "", "trend": []}}, {"type": "Feature", "geometry": {"type": "Point", "coordinates": [-3.90563, 50.93592]}, "properties": {"name": "Kings Nympton", "crs": "KGN", "usage": null, "operator": "", "trend": []}}, {"type": "Feature", "geometry": {"type": "Point", "coordinates": [-1.28007, 52.02018]}, "properties": {"name": "Kings Sutton", "crs": "KGS", "usage": null, "operator": "", "trend": []}}, {"type": "Feature", "geometry": {"type": "Point", "coordinates": [-0.30177, 51.41215]}, "properties": {"name": "Kingston", "crs": "KNG", "usage": null, "operator": "", "trend": []}}, {"type": "Feature", "geometry": {"type": "Point", "coordinates": [-0.21144, 51.29481]}, "properties": {"name": "Kingswood", "crs": "KND", "usage": null, "operator": "", "trend": []}}, {"type": "Feature", "geometry": {"type": "Point", "coordinates": [-1.44506, 51.40247]}, "properties": {"name": "Kintbury", "crs": "KIT", "usage": null, "operator": "", "trend": []}}, {"type": "Feature", "geometry": {"type": "Point", "coordinates": [1.21405, 51.8409]}, "properties": {"name": "Kirby Cross", "crs": "KBX", "usage": null, "operator": "", "trend": []}}, {"type": "Feature", "geometry": {"type": "Point", "coordinates": [-1.07501, 53.56347]}, "properties": {"name": "Kirk Sandall", "crs": "KKS", "usage": null, "operator": "", "trend": []}}, {"type": "Feature", "geometry": {"type": "Point", "coordinates": [-2.90202, 53.48662]}, "properties": {"name": "Kirkby", "crs": "KIR", "usage": null, "operator": "", "trend": []}}, {"type": "Feature", "geometry": {"type": "Point", "coordinates": [-2.3686, 54.45513]}, "properties": {"name": "Kirkby Stephen", "crs": "KSW", "usage": null, "operator": "", "trend": []}}, {"type": "Feature", "geometry": {"type": "Point", "coordinates": [-1.25328, 53.09976]}, "properties": {"name": "Kirkby in Ashfield", "crs": "KKB", "usage": null, "operator": "", "trend": []}}, {"type": "Feature", "geometry": {"type": "Point", "coordinates": [-3.1874, 54.23243]}, "properties": {"name": "Kirkby-In-Furness", "crs": "KBF", "usage": null, "operator": "", "trend": []}}, {"type": "Feature", "geometry": {"type": "Point", "coordinates": [-2.98109, 53.4409]}, "properties": {"name": "Kirkdale", "crs": "KKD", "usage": null, "operator": "", "trend": []}}, {"type": "Feature", "geometry": {"type": "Point", "coordinates": [-2.88183, 53.78737]}, "properties": {"name": "Kirkham & Wesham", "crs": "KKM", "usage": null, "operator": "", "trend": []}}, {"type": "Feature", "geometry": {"type": "Point", "coordinates": [-1.62, 53.826]}, "properties": {"name": "Kirkstall Forge", "crs": "KLF", "usage": null, "operator": "", "trend": []}}, {"type": "Feature", "geometry": {"type": "Point", "coordinates": [-0.59389, 53.48483]}, "properties": {"name": "Kirton Lindsey", "crs": "KTL", "usage": null, "operator": "", "trend": []}}, {"type": "Feature", "geometry": {"type": "Point", "coordinates": [-1.26552, 53.34073]}, "properties": {"name": "Kiveton Bridge", "crs": "KIV", "usage": null, "operator": "", "trend": []}}, {"type": "Feature", "geometry": {"type": "Point", "coordinates": [-1.24005, 53.33698]}, "properties": {"name": "Kiveton Park", "crs": "KVP", "usage": null, "operator": "", "trend": []}}, {"type": "Feature", "geometry": {"type": "Point", "coordinates": [-1.47048, 54.00876]}, "properties": {"name": "Knaresborough", "crs": "KNA", "usage": null, "operator": "", "trend": []}}, {"type": "Feature", "geometry": {"type": "Point", "coordinates": [-0.18741, 51.86636]}, "properties": {"name": "Knebworth", "crs": "KBW", "usage": null, "operator": "", "trend": []}}, {"type": "Feature", "geometry": {"type": "Point", "coordinates": [-3.04223, 52.34504]}, "properties": {"name": "Knighton", "crs": "KNI", "usage": null, "operator": "", "trend": []}}, {"type": "Feature", "geometry": {"type": "Point", "coordinates": [0.13087, 51.34573]}, "properties": {"name": "Knockholt", "crs": "KCK", "usage": null, "operator": "", "trend": []}}, {"type": "Feature", "geometry": {"type": "Point", "coordinates": [-1.25917, 53.70653]}, "properties": {"name": "Knottingley", "crs": "KNO", "usage": null, "operator": "", "trend": []}}, {"type": "Feature", "geometry": {"type": "Point", "coordinates": [-2.3721, 53.30196]}, "properties": {"name": "Knutsford", "crs": "KNF", "usage": null, "operator": "", "trend": []}}, {"type": "Feature", "geometry": {"type": "Point", "coordinates": [-0.01945, 51.45629]}, "properties": {"name": "Ladywell", "crs": "LAD", "usage": null, "operator": "", "trend": []}}, {"type": "Feature", "geometry": {"type": "Point", "coordinates": [0.42406, 51.56757]}, "properties": {"name": "Laindon", "crs": "LAI", "usage": null, "operator": "", "trend": []}}, {"type": "Feature", "geometry": {"type": "Point", "coordinates": [-1.16686, 50.64814]}, "properties": {"name": "Lake", "crs": "LKE", "usage": null, "operator": "", "trend": []}}, {"type": "Feature", "geometry": {"type": "Point", "coordinates": [0.53391, 52.44746]}, "properties": {"name": "Lakenheath", "crs": "LAK", "usage": null, "operator": "", "trend": []}}, {"type": "Feature", "geometry": {"type": "Point", "coordinates": [-2.80793, 54.04855]}, "properties": {"name": "Lancaster", "crs": "LAN", "usage": null, "operator": "", "trend": []}}, {"type": "Feature", "geometry": {"type": "Point", "coordinates": [-0.3231, 50.82702]}, "properties": {"name": "Lancing", "crs": "LAC", "usage": null, "operator": "", "trend": []}}, {"type": "Feature", "geometry": {"type": "Point", "coordinates": [-2.02066, 52.6571]}, "properties": {"name": "Landywood", "crs": "LAW", "usage": null, "operator": "", "trend": []}}, {"type": "Feature", "geometry": {"type": "Point", "coordinates": [-2.44793, 53.80493]}, "properties": {"name": "Langho", "crs": "LHO", "usage": null, "operator": "", "trend": []}}, {"type": "Feature", "geometry": {"type": "Point", "coordinates": [-0.54175, 51.50801]}, "properties": {"name": "Langley", "crs": "LNY", "usage": null, "operator": "", "trend": []}}, {"type": "Feature", "geometry": {"type": "Point", "coordinates": [-2.00586, 52.49439]}, "properties": {"name": "Langley Green", "crs": "LGG", "usage": null, "operator": "", "trend": []}}, {"type": "Feature", "geometry": {"type": "Point", "coordinates": [-1.33098, 53.01824]}, "properties": {"name": "Langley Mill", "crs": "LGM", "usage": null, "operator": "", "trend": []}}, {"type": "Feature", "geometry": {"type": "Point", "coordinates": [-2.66246, 54.69474]}, "properties": {"name": "Langwathby", "crs": "LGW", "usage": null, "operator": "", "trend": []}}, {"type": "Feature", "geometry": {"type": "Point", "coordinates": [-1.20888, 53.23289]}, "properties": {"name": "Langwith - Whaley Thorns", "crs": "LAG", "usage": null, "operator": "", "trend": []}}, {"type": "Feature", "geometry": {"type": "Point", "coordinates": [-3.81149, 50.85738]}, "properties": {"name": "Lapford", "crs": "LAP", "usage": null, "operator": "", "trend": []}}, {"type": "Feature", "geometry": {"type": "Point", "coordinates": [-1.72549, 52.34123]}, "properties": {"name": "Lapworth", "crs": "LPW", "usage": null, "operator": "", "trend": []}}, {"type": "Feature", "geometry": {"type": "Point", "coordinates": [-2.56418, 51.45817]}, "properties": {"name": "Lawrence Hill", "crs": "LWH", "usage": null, "operator": "", "trend": []}}, {"type": "Feature", "geometry": {"type": "Point", "coordinates": [-3.03025, 53.83563]}, "properties": {"name": "Layton", "crs": "LAY", "usage": null, "operator": "", "trend": []}}, {"type": "Feature", "geometry": {"type": "Point", "coordinates": [-2.70221, 54.75023]}, "properties": {"name": "Lazonby & Kirkoswald", "crs": "LZB", "usage": null, "operator": "", "trend": []}}, {"type": "Feature", "geometry": {"type": "Point", "coordinates": [-0.00363, 51.5672]}, "properties": {"name": "Lea Bridge", "crs": "LEB", "usage": null, "operator": "", "trend": []}}, {"type": "Feature", "geometry": {"type": "Point", "coordinates": [-2.72386, 53.42709]}, "properties": {"name": "Lea Green", "crs": "LEG", "usage": null, "operator": "", "trend": []}}, {"type": "Feature", "geometry": {"type": "Point", "coordinates": [-1.78646, 52.48071]}, "properties": {"name": "Lea Hall", "crs": "LEH", "usage": null, "operator": "", "trend": []}}, {"type": "Feature", "geometry": {"type": "Point", "coordinates": [-0.45914, 51.9053]}, "properties": {"name": "Leagrave", "crs": "LEA", "usage": null, "operator": "", "trend": []}}, {"type": "Feature", "geometry": {"type": "Point", "coordinates": [-0.82603, 54.45988]}, "properties": {"name": "Lealholm", "crs": "LHM", "usage": null, "operator": "", "trend": []}}, {"type": "Feature", "geometry": {"type": "Point", "coordinates": [-1.53672, 52.28489]}, "properties": {"name": "Leamington Spa", "crs": "LMS", "usage": null, "operator": "", "trend": []}}, {"type": "Feature", "geometry": {"type": "Point", "coordinates": [-3.09962, 53.40803]}, "properties": {"name": "Leasowe", "crs": "LSW", "usage": null, "operator": "", "trend": []}}, {"type": "Feature", "geometry": {"type": "Point", "coordinates": [-0.33322, 51.2984]}, "properties": {"name": "Leatherhead", "crs": "LHD", "usage": null, "operator": "", "trend": []}}, {"type": "Feature", "geometry": {"type": "Point", "coordinates": [-2.42573, 52.04499]}, "properties": {"name": "Ledbury", "crs": "LED", "usage": null, "operator": "", "trend": []}}, {"type": "Feature", "geometry": {"type": "Point", "coordinates": [0.01336, 51.44943]}, "properties": {"name": "Lee", "crs": "LEE", "usage": null, "operator": "", "trend": []}}, {"type": "Feature", "geometry": {"type": "Point", "coordinates": [-1.54909, 53.79516]}, "properties": {"name": "Leeds", "crs": "LDS", "usage": null, "operator": "", "trend": []}}, {"type": "Feature", "geometry": {"type": "Point", "coordinates": [-1.12527, 52.6314]}, "properties": {"name": "Leicester", "crs": "LEI", "usage": null, "operator": "", "trend": []}}, {"type": "Feature", "geometry": {"type": "Point", "coordinates": [0.21118, 51.19406]}, "properties": {"name": "Leigh (Kent)", "crs": "LIH", "usage": null, "operator": "", "trend": []}}, {"type": "Feature", "geometry": {"type": "Point", "coordinates": [0.64045, 51.54131]}, "properties": {"name": "Leigh-on-Sea", "crs": "LES", "usage": null, "operator": "", "trend": []}}, {"type": "Feature", "geometry": {"type": "Point", "coordinates": [-0.67687, 51.91605]}, "properties": {"name": "Leighton Buzzard", "crs": "LBZ", "usage": null, "operator": "", "trend": []}}, {"type": "Feature", "geometry": {"type": "Point", "coordinates": [-5.43621, 50.18389]}, "properties": {"name": "Lelant", "crs": "LEL", "usage": null, "operator": "", "trend": []}}, {"type": "Feature", "geometry": {"type": "Point", "coordinates": [-5.44147, 50.17923]}, "properties": {"name": "Lelant Saltings", "crs": "LTS", "usage": null, "operator": "", "trend": []}}, {"type": "Feature", "geometry": {"type": "Point", "coordinates": [0.70734, 51.23399]}, "properties": {"name": "Lenham", "crs": "LEN", "usage": null, "operator": "", "trend": []}}, {"type": "Feature", "geometry": {"type": "Point", "coordinates": [-2.73051, 52.22511]}, "properties": {"name": "Leominster", "crs": "LEO", "usage": null, "operator": "", "trend": []}}, {"type": "Feature", "geometry": {"type": "Point", "coordinates": [-0.2294, 51.98031]}, "properties": {"name": "Letchworth Garden City", "crs": "LET", "usage": null, "operator": "", "trend": []}}, {"type": "Feature", "geometry": {"type": "Point", "coordinates": [-2.19268, 53.44441]}, "properties": {"name": "Levenshulme", "crs": "LVM", "usage": null, "operator": "", "trend": []}}, {"type": "Feature", "geometry": {"type": "Point", "coordinates": [0.01246, 50.87028]}, "properties": {"name": "Lewes", "crs": "LWS", "usage": null, "operator": "", "trend": []}}, {"type": "Feature", "geometry": {"type": "Point", "coordinates": [-0.0147, 51.4661]}, "properties": {"name": "Lewisham", "crs": "LEW", "usage": null, "operator": "", "trend": []}}, {"type": "Feature", "geometry": {"type": "Point", "coordinates": [-2.6871, 53.69886]}, "properties": {"name": "Leyland", "crs": "LEY", "usage": null, "operator": "", "trend": []}}, {"type": "Feature", "geometry": {"type": "Point", "coordinates": [-0.00731, 51.56939]}, "properties": {"name": "Leyton Midland Road", "crs": "LEM", "usage": null, "operator": "", "trend": []}}, {"type": "Feature", "geometry": {"type": "Point", "coordinates": [0.0083, 51.56372]}, "properties": {"name": "Leytonstone High Road", "crs": "LER", "usage": null, "operator": "", "trend": []}}, {"type": "Feature", "geometry": {"type": "Point", "coordinates": [-1.82543, 52.68035]}, "properties": {"name": "Lichfield City", "crs": "LIC", "usage": null, "operator": "", "trend": []}}, {"type": "Feature", "geometry": {"type": "Point", "coordinates": [-1.80001, 52.6869]}, "properties": {"name": "Lichfield Trent Valley", "crs": "LTV", "usage": null, "operator": "", "trend": []}}, {"type": "Feature", "geometry": {"type": "Point", "coordinates": [-0.55897, 52.04138]}, "properties": {"name": "Lidlington", "crs": "LID", "usage": null, "operator": "", "trend": []}}, {"type": "Feature", "geometry": {"type": "Point", "coordinates": [-0.04007, 51.51239]}, "properties": {"name": "Limehouse", "crs": "LHS", "usage": null, "operator": "", "trend": []}}, {"type": "Feature", "geometry": {"type": "Point", "coordinates": [-0.54092, 53.22709]}, "properties": {"name": "Lincoln Central", "crs": "LCN", "usage": null, "operator": "", "trend": []}}, {"type": "Feature", "geometry": {"type": "Point", "coordinates": [-0.00715, 51.17639]}, "properties": {"name": "Lingfield", "crs": "LFD", "usage": null, "operator": "", "trend": []}}, {"type": "Feature", "geometry": {"type": "Point", "coordinates": [1.48974, 52.62187]}, "properties": {"name": "Lingwood", "crs": "LGD", "usage": null, "operator": "", "trend": []}}, {"type": "Feature", "geometry": {"type": "Point", "coordinates": [-0.80103, 51.07121]}, "properties": {"name": "Liphook", "crs": "LIP", "usage": null, "operator": "", "trend": []}}, {"type": "Feature", "geometry": {"type": "Point", "coordinates": [-4.46753, 50.44671]}, "properties": {"name": "Liskeard", "crs": "LSK", "usage": null, "operator": "", "trend": []}}, {"type": "Feature", "geometry": {"type": "Point", "coordinates": [-0.89302, 51.04425]}, "properties": {"name": "Liss", "crs": "LIS", "usage": null, "operator": "", "trend": []}}, {"type": "Feature", "geometry": {"type": "Point", "coordinates": [-0.80915, 51.75201]}, "properties": {"name": "Little Kimble", "crs": "LTK", "usage": null, "operator": "", "trend": []}}, {"type": "Feature", "geometry": {"type": "Point", "coordinates": [-2.94313, 53.28554]}, "properties": {"name": "Little Sutton", "crs": "LTT", "usage": null, "operator": "", "trend": []}}, {"type": "Feature", "geometry": {"type": "Point", "coordinates": [-2.0947, 53.64299]}, "properties": {"name": "Littleborough", "crs": "LTL", "usage": null, "operator": "", "trend": []}}, {"type": "Feature", "geometry": {"type": "Point", "coordinates": [-0.54655, 50.81023]}, "properties": {"name": "Littlehampton", "crs": "LIT", "usage": null, "operator": "", "trend": []}}, {"type": "Feature", "geometry": {"type": "Point", "coordinates": [-0.30828, 51.07951]}, "properties": {"name": "Littlehaven", "crs": "LVN", "usage": null, "operator": "", "trend": []}}, {"type": "Feature", "geometry": {"type": "Point", "coordinates": [0.3169, 52.4627]}, "properties": {"name": "Littleport", "crs": "LTP", "usage": null, "operator": "", "trend": []}}, {"type": "Feature", "geometry": {"type": "Point", "coordinates": [-2.97784, 53.40525]}, "properties": {"name": "Liverpool Central", "crs": "LVC", "usage": null, "operator": "", "trend": []}}, {"type": "Feature", "geometry": {"type": "Point", "coordinates": [-2.97775, 53.4073]}, "properties": {"name": "Liverpool Lime Street", "crs": "LIV", "usage": null, "operator": "", "trend": []}}, {"type": "Feature", "geometry": {"type": "Point", "coordinates": [-2.8897, 53.3577]}, "properties": {"name": "Liverpool South Parkway", "crs": "LPY", "usage": null, "operator": "", "trend": []}}, {"type": "Feature", "geometry": {"type": "Point", "coordinates": [-1.80034, 53.63585]}, "properties": {"name": "Lockwood", "crs": "LCK", "usage": null, "operator": "", "trend": []}}, {"type": "Feature", "geometry": {"type": "Point", "coordinates": [-0.10355, 51.51073]}, "properties": {"name": "London Blackfriars", "crs": "BFR", "usage": null, "operator": "", "trend": []}}, {"type": "Feature", "geometry": {"type": "Point", "coordinates": [-0.08506, 51.50503]}, "properties": {"name": "London Bridge", "crs": "LBG", "usage": null, "operator": "", "trend": []}}, {"type": "Feature", "geometry": {"type": "Point", "coordinates": [-0.09059, 51.51053]}, "properties": {"name": "London Cannon Street", "crs": "CST", "usage": null, "operator": "", "trend": []}}, {"type": "Feature", "geometry": {"type": "Point", "coordinates": [-0.12384, 51.50836]}, "properties": {"name": "London Charing Cross", "crs": "CHX", "usage": null, "operator": "", "trend": []}}, {"type": "Feature", "geometry": {"type": "Point", "coordinates": [-0.13454, 51.52831]}, "properties": {"name": "London Euston", "crs": "EUS", "usage": null, "operator": "", "trend": []}}, {"type": "Feature", "geometry": {"type": "Point", "coordinates": [-0.07904, 51.51123]}, "properties": {"name": "London Fenchurch Street", "crs": "FST", "usage": null, "operator": "", "trend": []}}, {"type": "Feature", "geometry": {"type": "Point", "coordinates": [-0.05757, 51.54145]}, "properties": {"name": "London Fields", "crs": "LOF", "usage": null, "operator": "", "trend": []}}, {"type": "Feature", "geometry": {"type": "Point", "coordinates": [-0.12291, 51.53083]}, "properties": {"name": "London Kings Cross", "crs": "KGX", "usage": null, "operator": "", "trend": []}}, {"type": "Feature", "geometry": {"type": "Point", "coordinates": [-0.08021, 51.51755]}, "properties": {"name": "London Liverpool Street", "crs": "LST", "usage": null, "operator": "", "trend": []}}, {"type": "Feature", "geometry": {"type": "Point", "coordinates": [-0.16361, 51.52248]}, "properties": {"name": "London Marylebone", "crs": "MYB", "usage": null, "operator": "", "trend": []}}, {"type": "Feature", "geometry": {"type": "Point", "coordinates": [-0.17605, 51.51601]}, "properties": {"name": "London Paddington", "crs": "PAD", "usage": null, "operator": "", "trend": []}}, {"type": "Feature", "geometry": {"type": "Point", "coordinates": [-0.1367, 50.83677]}, "properties": {"name": "London Road (Brighton)", "crs": "LRB", "usage": null, "operator": "", "trend": []}}, {"type": "Feature", "geometry": {"type": "Point", "coordinates": [-0.56506, 51.24067]}, "properties": {"name": "London Road (Guildford)", "crs": "LRD", "usage": null, "operator": "", "trend": []}}, {"type": "Feature", "geometry": {"type": "Point", "coordinates": [-0.12636, 51.53192]}, "properties": {"name": "London St Pancras International", "crs": "STP", "usage": null, "operator": "", "trend": []}}, {"type": "Feature", "geometry": {"type": "Point", "coordinates": [-0.1448, 51.4966]}, "properties": {"name": "London Victoria", "crs": "VIC", "usage": null, "operator": "", "trend": []}}, {"type": "Feature", "geometry": {"type": "Point", "coordinates": [-0.11113, 51.50187]}, "properties": {"name": "London Waterloo", "crs": "WAT", "usage": null, "operator": "", "trend": []}}, {"type": "Feature", "geometry": {"type": "Point", "coordinates": [-0.10814, 51.50451]}, "properties": {"name": "London Waterloo East", "crs": "WAE", "usage": null, "operator": "", "trend": []}}, {"type": "Feature", "geometry": {"type": "Point", "coordinates": [-1.08647, 52.29396]}, "properties": {"name": "Long Buckby", "crs": "LBK", "usage": null, "operator": "", "trend": []}}, {"type": "Feature", "geometry": {"type": "Point", "coordinates": [-1.28811, 52.88511]}, "properties": {"name": "Long Eaton", "crs": "LGE", "usage": null, "operator": "", "trend": []}}, {"type": "Feature", "geometry": {"type": "Point", "coordinates": [-2.25453, 54.01711]}, "properties": {"name": "Long Preston", "crs": "LPR", "usage": null, "operator": "", "trend": []}}, {"type": "Feature", "geometry": {"type": "Point", "coordinates": [-1.02804, 54.5929]}, "properties": {"name": "Longbeck", "crs": "LGK", "usage": null, "operator": "", "trend": []}}, {"type": "Feature", "geometry": {"type": "Point", "coordinates": [-1.98086, 52.39639]}, "properties": {"name": "Longbridge", "crs": "LOB", "usage": null, "operator": "", "trend": []}}, {"type": "Feature", "geometry": {"type": "Point", "coordinates": [-0.59454, 51.38456]}, "properties": {"name": "Longcross", "crs": "LNG", "usage": null, "operator": "", "trend": []}}, {"type": "Feature", "geometry": {"type": "Point", "coordinates": [0.29999, 51.3965]}, "properties": {"name": "Longfield", "crs": "LGF", "usage": null, "operator": "", "trend": []}}, {"type": "Feature", "geometry": {"type": "Point", "coordinates": [-2.21623, 53.04166]}, "properties": {"name": "Longport", "crs": "LPT", "usage": null, "operator": "", "trend": []}}, {"type": "Feature", "geometry": {"type": "Point", "coordinates": [-2.13722, 52.99001]}, "properties": {"name": "Longton", "crs": "LGN", "usage": null, "operator": "", "trend": []}}, {"type": "Feature", "geometry": {"type": "Point", "coordinates": [-4.45603, 50.35923]}, "properties": {"name": "Looe", "crs": "LOO", "usage": null, "operator": "", "trend": []}}, {"type": "Feature", "geometry": {"type": "Point", "coordinates": [-2.49428, 53.57297]}, "properties": {"name": "Lostock", "crs": "LOT", "usage": null, "operator": "", "trend": []}}, {"type": "Feature", "geometry": {"type": "Point", "coordinates": [-2.4652, 53.26768]}, "properties": {"name": "Lostock Gralam", "crs": "LTG", "usage": null, "operator": "", "trend": []}}, {"type": "Feature", "geometry": {"type": "Point", "coordinates": [-2.68707, 53.72432]}, "properties": {"name": "Lostock Hall", "crs": "LOH", "usage": null, "operator": "", "trend": []}}, {"type": "Feature", "geometry": {"type": "Point", "coordinates": [-4.6655, 50.40744]}, "properties": {"name": "Lostwithiel", "crs": "LOS", "usage": null, "operator": "", "trend": []}}, {"type": "Feature", "geometry": {"type": "Point", "coordinates": [-1.19495, 52.77933]}, "properties": {"name": "Loughborough", "crs": "LBO", "usage": null, "operator": "", "trend": []}}, {"type": "Feature", "geometry": {"type": "Point", "coordinates": [-0.1025, 51.46666]}, "properties": {"name": "Loughborough Junction", "crs": "LGJ", "usage": null, "operator": "", "trend": []}}, {"type": "Feature", "geometry": {"type": "Point", "coordinates": [-1.75052, 53.74924]}, "properties": {"name": "Low Moor", "crs": "LMR", "usage": null, "operator": "", "trend": []}}, {"type": "Feature", "geometry": {"type": "Point", "coordinates": [-0.99847, 53.00707]}, "properties": {"name": "Lowdham", "crs": "LOW", "usage": null, "operator": "", "trend": []}}, {"type": "Feature", "geometry": {"type": "Point", "coordinates": [-0.03375, 51.42506]}, "properties": {"name": "Lower Sydenham", "crs": "LSY", "usage": null, "operator": "", "trend": []}}, {"type": "Feature", "geometry": {"type": "Point", "coordinates": [1.74901, 52.47362]}, "properties": {"name": "Lowestoft", "crs": "LWT", "usage": null, "operator": "", "trend": []}}, {"type": "Feature", "geometry": {"type": "Point", "coordinates": [-2.71528, 52.37085]}, "properties": {"name": "Ludlow", "crs": "LUD", "usage": null, "operator": "", "trend": []}}, {"type": "Feature", "geometry": {"type": "Point", "coordinates": [-0.41488, 51.88223]}, "properties": {"name": "Luton", "crs": "LUT", "usage": null, "operator": "", "trend": []}}, {"type": "Feature", "geometry": {"type": "Point", "coordinates": [-0.39348, 51.87116]}, "properties": {"name": "Luton Airport Parkway", "crs": "LTN", "usage": null, "operator": "", "trend": []}}, {"type": "Feature", "geometry": {"type": "Point", "coordinates": [-4.74755, 50.39024]}, "properties": {"name": "Luxulyan", "crs": "LUX", "usage": null, "operator": "", "trend": []}}, {"type": "Feature", "geometry": {"type": "Point", "coordinates": [-2.53119, 51.71458]}, "properties": {"name": "Lydney", "crs": "LYD", "usage": null, "operator": "", "trend": []}}, {"type": "Feature", "geometry": {"type": "Point", "coordinates": [-2.11623, 52.45927]}, "properties": {"name": "Lye", "crs": "LYE", "usage": null, "operator": "", "trend": []}}, {"type": "Feature", "geometry": {"type": "Point", "coordinates": [-1.52927, 50.75808]}, "properties": {"name": "Lymington Pier", "crs": "LYP", "usage": null, "operator": "", "trend": []}}, {"type": "Feature", "geometry": {"type": "Point", "coordinates": [-1.53775, 50.76082]}, "properties": {"name": "Lymington Town", "crs": "LYT", "usage": null, "operator": "", "trend": []}}, {"type": "Feature", "geometry": {"type": "Point", "coordinates": [-3.43888, 50.66112]}, "properties": {"name": "Lympstone Commando", "crs": "LYC", "usage": null, "operator": "", "trend": []}}, {"type": "Feature", "geometry": {"type": "Point", "coordinates": [-3.43142, 50.64862]}, "properties": {"name": "Lympstone Village", "crs": "LYM", "usage": null, "operator": "", "trend": []}}, {"type": "Feature", "geometry": {"type": "Point", "coordinates": [-2.96421, 53.7391]}, "properties": {"name": "Lytham", "crs": "LTM", "usage": null, "operator": "", "trend": []}}, {"type": "Feature", "geometry": {"type": "Point", "coordinates": [-2.1214, 53.25933]}, "properties": {"name": "Macclesfield", "crs": "MAC", "usage": null, "operator": "", "trend": []}}, {"type": "Feature", "geometry": {"type": "Point", "coordinates": [-2.93083, 53.50646]}, "properties": {"name": "Maghull", "crs": "MAG", "usage": null, "operator": "", "trend": []}}, {"type": "Feature", "geometry": {"type": "Point", "coordinates": [-2.9213, 53.5167]}, "properties": {"name": "Maghull North", "crs": "MNS", "usage": null, "operator": "", "trend": []}}, {"type": "Feature", "geometry": {"type": "Point", "coordinates": [-2.56875, 50.78013]}, "properties": {"name": "Maiden Newton", "crs": "MDN", "usage": null, "operator": "", "trend": []}}, {"type": "Feature", "geometry": {"type": "Point", "coordinates": [-0.72246, 51.5186]}, "properties": {"name": "Maidenhead", "crs": "MAI", "usage": null, "operator": "", "trend": []}}, {"type": "Feature", "geometry": {"type": "Point", "coordinates": [0.51415, 51.27729]}, "properties": {"name": "Maidstone Barracks", "crs": "MDB", "usage": null, "operator": "", "trend": []}}, {"type": "Feature", "geometry": {"type": "Point", "coordinates": [0.52062, 51.27773]}, "properties": {"name": "Maidstone East", "crs": "MDE", "usage": null, "operator": "", "trend": []}}, {"type": "Feature", "geometry": {"type": "Point", "coordinates": [0.51597, 51.27094]}, "properties": {"name": "Maidstone West", "crs": "MDW", "usage": null, "operator": "", "trend": []}}, {"type": "Feature", "geometry": {"type": "Point", "coordinates": [-0.26112, 51.38458]}, "properties": {"name": "Malden Manor", "crs": "MAL", "usage": null, "operator": "", "trend": []}}, {"type": "Feature", "geometry": {"type": "Point", "coordinates": [-0.79859, 54.13155]}, "properties": {"name": "Malton", "crs": "MLT", "usage": null, "operator": "", "trend": []}}, {"type": "Feature", "geometry": {"type": "Point", "coordinates": [-2.31987, 52.12534]}, "properties": {"name": "Malvern Link", "crs": "MVL", "usage": null, "operator": "", "trend": []}}, {"type": "Feature", "geometry": {"type": "Point", "coordinates": [-2.26894, 53.36157]}, "properties": {"name": "Manchester Airport", "crs": "MIA", "usage": null, "operator": "", "trend": []}}, {"type": "Feature", "geometry": {"type": "Point", "coordinates": [-2.24253, 53.47398]}, "properties": {"name": "Manchester Oxford Road", "crs": "MCO", "usage": null, "operator": "", "trend": []}}, {"type": "Feature", "geometry": {"type": "Point", "coordinates": [-2.22899, 53.4767]}, "properties": {"name": "Manchester Piccadilly", "crs": "MAN", "usage": null, "operator": "", "trend": []}}, {"type": "Feature", "geometry": {"type": "Point", "coordinates": [-2.29139, 53.46306]}, "properties": {"name": "Manchester United Football Club", "crs": "MUF", "usage": null, "operator": "", "trend": []}}, {"type": "Feature", "geometry": {"type": "Point", "coordinates": [-2.24261, 53.48747]}, "properties": {"name": "Manchester Victoria", "crs": "MCV", "usage": null, "operator": "", "trend": []}}, {"type": "Feature", "geometry": {"type": "Point", "coordinates": [0.17878, 52.49769]}, "properties": {"name": "Manea", "crs": "MNE", "usage": null, "operator": "", "trend": []}}, {"type": "Feature", "geometry": {"type": "Point", "coordinates": [1.04565, 51.94882]}, "properties": {"name": "Manningtree", "crs": "MNG", "usage": null, "operator": "", "trend": []}}, {"type": "Feature", "geometry": {"type": "Point", "coordinates": [0.04531, 51.5523]}, "properties": {"name": "Manor Park", "crs": "MNP", "usage": null, "operator": "", "trend": []}}, {"type": "Feature", "geometry": {"type": "Point", "coordinates": [-3.17147, 53.39477]}, "properties": {"name": "Manor Road", "crs": "MNR", "usage": null, "operator": "", "trend": []}}, {"type": "Feature", "geometry": {"type": "Point", "coordinates": [-1.6063, 54.9727]}, "properties": {"name": "Manors", "crs": "MAS", "usage": null, "operator": "", "trend": []}}, {"type": "Feature", "geometry": {"type": "Point", "coordinates": [-1.19819, 53.14223]}, "properties": {"name": "Mansfield", "crs": "MFT", "usage": null, "operator": "", "trend": []}}, {"type": "Feature", "geometry": {"type": "Point", "coordinates": [-1.20165, 53.1636]}, "properties": {"name": "Mansfield Woodhouse", "crs": "MSW", "usage": null, "operator": "", "trend": []}}, {"type": "Feature", "geometry": {"type": "Point", "coordinates": [0.09041, 52.56043]}, "properties": {"name": "March", "crs": "MCH", "usage": null, "operator": "", "trend": []}}, {"type": "Feature", "geometry": {"type": "Point", "coordinates": [0.49359, 51.17578]}, "properties": {"name": "Marden", "crs": "MRN", "usage": null, "operator": "", "trend": []}}, {"type": "Feature", "geometry": {"type": "Point", "coordinates": [1.37174, 51.38493]}, "properties": {"name": "Margate", "crs": "MAR", "usage": null, "operator": "", "trend": []}}, {"type": "Feature", "geometry": {"type": "Point", "coordinates": [-0.90887, 52.48037]}, "properties": {"name": "Market Harborough", "crs": "MHR", "usage": null, "operator": "", "trend": []}}, {"type": "Feature", "geometry": {"type": "Point", "coordinates": [-0.33708, 53.38444]}, "properties": {"name": "Market Rasen", "crs": "MKR", "usage": null, "operator": "", "trend": []}}, {"type": "Feature", "geometry": {"type": "Point", "coordinates": [0.78237, 51.8807]}, "properties": {"name": "Marks Tey", "crs": "MKT", "usage": null, "operator": "", "trend": []}}, {"type": "Feature", "geometry": {"type": "Point", "coordinates": [-0.76645, 51.571]}, "properties": {"name": "Marlow", "crs": "MLW", "usage": null, "operator": "", "trend": []}}, {"type": "Feature", "geometry": {"type": "Point", "coordinates": [-2.05717, 53.40076]}, "properties": {"name": "Marple", "crs": "MPL", "usage": null, "operator": "", "trend": []}}, {"type": "Feature", "geometry": {"type": "Point", "coordinates": [-1.93197, 53.60274]}, "properties": {"name": "Marsden", "crs": "MSN", "usage": null, "operator": "", "trend": []}}, {"type": "Feature", "geometry": {"type": "Point", "coordinates": [-3.521, 50.704]}, "properties": {"name": "Marsh Barton", "crs": "MBT", "usage": null, "operator": "", "trend": []}}, {"type": "Feature", "geometry": {"type": "Point", "coordinates": [-1.01889, 54.58743]}, "properties": {"name": "Marske", "crs": "MSK", "usage": null, "operator": "", "trend": []}}, {"type": "Feature", "geometry": {"type": "Point", "coordinates": [-1.75562, 52.46716]}, "properties": {"name": "Marston Green", "crs": "MGN", "usage": null, "operator": "", "trend": []}}, {"type": "Feature", "geometry": {"type": "Point", "coordinates": [1.34891, 51.17059]}, "properties": {"name": "Martin Mill", "crs": "MTM", "usage": null, "operator": "", "trend": []}}, {"type": "Feature", "geometry": {"type": "Point", "coordinates": [-0.72039, 51.40669]}, "properties": {"name": "Martins Heron", "crs": "MAO", "usage": null, "operator": "", "trend": []}}, {"type": "Feature", "geometry": {"type": "Point", "coordinates": [-1.19771, 54.54381]}, "properties": {"name": "Marton", "crs": "MTO", "usage": null, "operator": "", "trend": []}}, {"type": "Feature", "geometry": {"type": "Point", "coordinates": [0.00607, 51.54578]}, "properties": {"name": "Maryland", "crs": "MYL", "usage": null, "operator": "", "trend": []}}, {"type": "Feature", "geometry": {"type": "Point", "coordinates": [-3.49474, 54.7116]}, "properties": {"name": "Maryport", "crs": "MRY", "usage": null, "operator": "", "trend": []}}, {"type": "Feature", "geometry": {"type": "Point", "coordinates": [-1.55899, 53.13813]}, "properties": {"name": "Matlock", "crs": "MAT", "usage": null, "operator": "", "trend": []}}, {"type": "Feature", "geometry": {"type": "Point", "coordinates": [-1.55766, 53.12194]}, "properties": {"name": "Matlock Bath", "crs": "MTB", "usage": null, "operator": "", "trend": []}}, {"type": "Feature", "geometry": {"type": "Point", "coordinates": [-2.20933, 53.43298]}, "properties": {"name": "Mauldeth Road", "crs": "MAU", "usage": null, "operator": "", "trend": []}}, {"type": "Feature", "geometry": {"type": "Point", "coordinates": [0.00331, 51.48288]}, "properties": {"name": "Maze Hill", "crs": "MZH", "usage": null, "operator": "", "trend": []}}, {"type": "Feature", "geometry": {"type": "Point", "coordinates": [-1.41167, 53.41705]}, "properties": {"name": "Meadowhall", "crs": "MHS", "usage": null, "operator": "", "trend": []}}, {"type": "Feature", "geometry": {"type": "Point", "coordinates": [0.00853, 52.09069]}, "properties": {"name": "Meldreth", "crs": "MEL", "usage": null, "operator": "", "trend": []}}, {"type": "Feature", "geometry": {"type": "Point", "coordinates": [-2.14449, 51.3798]}, "properties": {"name": "Melksham", "crs": "MKM", "usage": null, "operator": "", "trend": []}}, {"type": "Feature", "geometry": {"type": "Point", "coordinates": [1.33808, 52.10368]}, "properties": {"name": "Melton", "crs": "MES", "usage": null, "operator": "", "trend": []}}, {"type": "Feature", "geometry": {"type": "Point", "coordinates": [-0.88556, 52.76064]}, "properties": {"name": "Melton Mowbray", "crs": "MMO", "usage": null, "operator": "", "trend": []}}, {"type": "Feature", "geometry": {"type": "Point", "coordinates": [-4.40938, 50.42618]}, "properties": {"name": "Menheniot", "crs": "MEN", "usage": null, "operator": "", "trend": []}}, {"type": "Feature", "geometry": {"type": "Point", "coordinates": [-1.73521, 53.89189]}, "properties": {"name": "Menston", "crs": "MNN", "usage": null, "operator": "", "trend": []}}, {"type": "Feature", "geometry": {"type": "Point", "coordinates": [-3.15431, 53.39936]}, "properties": {"name": "Meols", "crs": "MEO", "usage": null, "operator": "", "trend": []}}, {"type": "Feature", "geometry": {"type": "Point", "coordinates": [-2.9757, 53.64552]}, "properties": {"name": "Meols Cop", "crs": "MEC", "usage": null, "operator": "", "trend": []}}, {"type": "Feature", "geometry": {"type": "Point", "coordinates": [0.35698, 51.38637]}, "properties": {"name": "Meopham", "crs": "MEP", "usage": null, "operator": "", "trend": []}}, {"type": "Feature", "geometry": {"type": "Point", "coordinates": [-0.0501, 51.61]}, "properties": {"name": "Meridian Water", "crs": "MRW", "usage": null, "operator": "", "trend": []}}, {"type": "Feature", "geometry": {"type": "Point", "coordinates": [-0.14955, 51.26416]}, "properties": {"name": "Merstham", "crs": "MHM", "usage": null, "operator": "", "trend": []}}, {"type": "Feature", "geometry": {"type": "Point", "coordinates": [-0.39142, 53.13887]}, "properties": {"name": "Metheringham", "crs": "MGM", "usage": null, "operator": "", "trend": []}}, {"type": "Feature", "geometry": {"type": "Point", "coordinates": [-1.66266, 54.95849]}, "properties": {"name": "Metrocentre", "crs": "MCE", "usage": null, "operator": "", "trend": []}}, {"type": "Feature", "geometry": {"type": "Point", "coordinates": [-1.28855, 53.49099]}, "properties": {"name": "Mexborough", "crs": "MEX", "usage": null, "operator": "", "trend": []}}, {"type": "Feature", "geometry": {"type": "Point", "coordinates": [-1.26028, 51.18203]}, "properties": {"name": "Micheldever", "crs": "MIC", "usage": null, "operator": "", "trend": []}}, {"type": "Feature", "geometry": {"type": "Point", "coordinates": [-1.32451, 53.78872]}, "properties": {"name": "Micklefield", "crs": "MIK", "usage": null, "operator": "", "trend": []}}, {"type": "Feature", "geometry": {"type": "Point", "coordinates": [-1.2326, 54.57909]}, "properties": {"name": "Middlesbrough", "crs": "MBR", "usage": null, "operator": "", "trend": []}}, {"type": "Feature", "geometry": {"type": "Point", "coordinates": [-2.08411, 53.35914]}, "properties": {"name": "Middlewood", "crs": "MDL", "usage": null, "operator": "", "trend": []}}, {"type": "Feature", "geometry": {"type": "Point", "coordinates": [-1.17768, 51.39581]}, "properties": {"name": "Midgham", "crs": "MDG", "usage": null, "operator": "", "trend": []}}, {"type": "Feature", "geometry": {"type": "Point", "coordinates": [-0.63701, 51.16385]}, "properties": {"name": "Milford (Surrey)", "crs": "MLF", "usage": null, "operator": "", "trend": []}}, {"type": "Feature", "geometry": {"type": "Point", "coordinates": [-2.50143, 53.73543]}, "properties": {"name": "Mill Hill (Lancs)", "crs": "MLH", "usage": null, "operator": "", "trend": []}}, {"type": "Feature", "geometry": {"type": "Point", "coordinates": [-0.24952, 51.61282]}, "properties": {"name": "Mill Hill Broadway", "crs": "MIL", "usage": null, "operator": "", "trend": []}}, {"type": "Feature", "geometry": {"type": "Point", "coordinates": [-0.53272, 52.05382]}, "properties": {"name": "Millbrook (Bedfordshire)", "crs": "MLB", "usage": null, "operator": "", "trend": []}}, {"type": "Feature", "geometry": {"type": "Point", "coordinates": [-1.43385, 50.91143]}, "properties": {"name": "Millbrook (Hants)", "crs": "MBK", "usage": null, "operator": "", "trend": []}}, {"type": "Feature", "geometry": {"type": "Point", "coordinates": [-3.27111, 54.21083]}, "properties": {"name": "Millom", "crs": "MLM", "usage": null, "operator": "", "trend": []}}, {"type": "Feature", "geometry": {"type": "Point", "coordinates": [-2.17148, 53.55139]}, "properties": {"name": "Mills Hill", "crs": "MIH", "usage": null, "operator": "", "trend": []}}, {"type": "Feature", "geometry": {"type": "Point", "coordinates": [-0.77341, 52.03436]}, "properties": {"name": "Milton Keynes Central", "crs": "MKC", "usage": null, "operator": "", "trend": []}}, {"type": "Feature", "geometry": {"type": "Point", "coordinates": [1.31743, 51.32981]}, "properties": {"name": "Minster", "crs": "MSR", "usage": null, "operator": "", "trend": []}}, {"type": "Feature", "geometry": {"type": "Point", "coordinates": [-1.6927, 53.67158]}, "properties": {"name": "Mirfield", "crs": "MIR", "usage": null, "operator": "", "trend": []}}, {"type": "Feature", "geometry": {"type": "Point", "coordinates": [1.08021, 51.94342]}, "properties": {"name": "Mistley", "crs": "MIS", "usage": null, "operator": "", "trend": []}}, {"type": "Feature", "geometry": {"type": "Point", "coordinates": [-0.15476, 51.40772]}, "properties": {"name": "Mitcham Eastfields", "crs": "MTC", "usage": null, "operator": "", "trend": []}}, {"type": "Feature", "geometry": {"type": "Point", "coordinates": [-0.15731, 51.39289]}, "properties": {"name": "Mitcham Junction", "crs": "MIJ", "usage": null, "operator": "", "trend": []}}, {"type": "Feature", "geometry": {"type": "Point", "coordinates": [-2.33331, 53.32994]}, "properties": {"name": "Mobberley", "crs": "MOB", "usage": null, "operator": "", "trend": []}}, {"type": "Feature", "geometry": {"type": "Point", "coordinates": [-0.82988, 51.73513]}, "properties": {"name": "Monks Risborough", "crs": "MRS", "usage": null, "operator": "", "trend": []}}, {"type": "Feature", "geometry": {"type": "Point", "coordinates": [-2.58853, 51.4682]}, "properties": {"name": "Montpelier", "crs": "MTP", "usage": null, "operator": "", "trend": []}}, {"type": "Feature", "geometry": {"type": "Point", "coordinates": [-2.98918, 53.40853]}, "properties": {"name": "Moorfields", "crs": "MRF", "usage": null, "operator": "", "trend": []}}, {"type": "Feature", "geometry": {"type": "Point", "coordinates": [-0.09027, 51.5186]}, "properties": {"name": "Moorgate", "crs": "MOG", "usage": null, "operator": "", "trend": []}}, {"type": "Feature", "geometry": {"type": "Point", "coordinates": [-2.35146, 53.51635]}, "properties": {"name": "Moorside", "crs": "MSD", "usage": null, "operator": "", "trend": []}}, {"type": "Feature", "geometry": {"type": "Point", "coordinates": [-1.30495, 53.59445]}, "properties": {"name": "Moorthorpe", "crs": "MRP", "usage": null, "operator": "", "trend": []}}, {"type": "Feature", "geometry": {"type": "Point", "coordinates": [-3.77642, 50.83184]}, "properties": {"name": "Morchard Road", "crs": "MRD", "usage": null, "operator": "", "trend": []}}, {"type": "Feature", "geometry": {"type": "Point", "coordinates": [-0.2003, 51.39625]}, "properties": {"name": "Morden South", "crs": "MDS", "usage": null, "operator": "", "trend": []}}, {"type": "Feature", "geometry": {"type": "Point", "coordinates": [-2.86938, 54.07032]}, "properties": {"name": "Morecambe", "crs": "MCM", "usage": null, "operator": "", "trend": []}}, {"type": "Feature", "geometry": {"type": "Point", "coordinates": [-2.31291, 50.70106]}, "properties": {"name": "Moreton (Dorset)", "crs": "MTN", "usage": null, "operator": "", "trend": []}}, {"type": "Feature", "geometry": {"type": "Point", "coordinates": [-3.11316, 53.40792]}, "properties": {"name": "Moreton (Merseyside)", "crs": "MRT", "usage": null, "operator": "", "trend": []}}, {"type": "Feature", "geometry": {"type": "Point", "coordinates": [-1.7014, 51.99234]}, "properties": {"name": "Moreton-In-Marsh", "crs": "MIM", "usage": null, "operator": "", "trend": []}}, {"type": "Feature", "geometry": {"type": "Point", "coordinates": [-1.59203, 53.75037]}, "properties": {"name": "Morley", "crs": "MLY", "usage": null, "operator": "", "trend": []}}, {"type": "Feature", "geometry": {"type": "Point", "coordinates": [-1.6829, 55.16254]}, "properties": {"name": "Morpeth", "crs": "MPT", "usage": null, "operator": "", "trend": []}}, {"type": "Feature", "geometry": {"type": "Point", "coordinates": [-1.03598, 51.37194]}, "properties": {"name": "Mortimer", "crs": "MOR", "usage": null, "operator": "", "trend": []}}, {"type": "Feature", "geometry": {"type": "Point", "coordinates": [-0.26658, 51.46829]}, "properties": {"name": "Mortlake", "crs": "MTL", "usage": null, "operator": "", "trend": []}}, {"type": "Feature", "geometry": {"type": "Point", "coordinates": [-2.40093, 53.55604]}, "properties": {"name": "Moses Gate", "crs": "MSS", "usage": null, "operator": "", "trend": []}}, {"type": "Feature", "geometry": {"type": "Point", "coordinates": [-1.88451, 52.44582]}, "properties": {"name": "Moseley Village", "crs": "MOV", "usage": null, "operator": "", "trend": []}}, {"type": "Feature", "geometry": {"type": "Point", "coordinates": [-2.94355, 53.76443]}, "properties": {"name": "Moss Side", "crs": "MOS", "usage": null, "operator": "", "trend": []}}, {"type": "Feature", "geometry": {"type": "Point", "coordinates": [-2.04126, 53.51496]}, "properties": {"name": "Mossley (Manchester)", "crs": "MSL", "usage": null, "operator": "", "trend": []}}, {"type": "Feature", "geometry": {"type": "Point", "coordinates": [-2.91546, 53.37902]}, "properties": {"name": "Mossley Hill", "crs": "MSH", "usage": null, "operator": "", "trend": []}}, {"type": "Feature", "geometry": {"type": "Point", "coordinates": [-2.17192, 53.52264]}, "properties": {"name": "Moston", "crs": "MSO", "usage": null, "operator": "", "trend": []}}, {"type": "Feature", "geometry": {"type": "Point", "coordinates": [-0.23916, 51.39504]}, "properties": {"name": "Motspur Park", "crs": "MOT", "usage": null, "operator": "", "trend": []}}, {"type": "Feature", "geometry": {"type": "Point", "coordinates": [0.05035, 51.4398]}, "properties": {"name": "Mottingham", "crs": "MTG", "usage": null, "operator": "", "trend": []}}, {"type": "Feature", "geometry": {"type": "Point", "coordinates": [-1.54694, 51.03399]}, "properties": {"name": "Mottisfont & Dunbridge", "crs": "DBG", "usage": null, "operator": "", "trend": []}}, {"type": "Feature", "geometry": {"type": "Point", "coordinates": [-2.73255, 53.23198]}, "properties": {"name": "Mouldsworth", "crs": "MLD", "usage": null, "operator": "", "trend": []}}, {"type": "Feature", "geometry": {"type": "Point", "coordinates": [-0.12076, 50.84462]}, "properties": {"name": "Moulsecoomb", "crs": "MCB", "usage": null, "operator": "", "trend": []}}, {"type": "Feature", "geometry": {"type": "Point", "coordinates": [-1.98177, 53.7295]}, "properties": {"name": "Mytholmroyd", "crs": "MYT", "usage": null, "operator": "", "trend": []}}, {"type": "Feature", "geometry": {"type": "Point", "coordinates": [-0.38695, 54.01168]}, "properties": {"name": "Nafferton", "crs": "NFN", "usage": null, "operator": "", "trend": []}}, {"type": "Feature", "geometry": {"type": "Point", "coordinates": [-2.75066, 51.41936]}, "properties": {"name": "Nailsea & Backwell", "crs": "NLS", "usage": null, "operator": "", "trend": []}}, {"type": "Feature", "geometry": {"type": "Point", "coordinates": [-2.51887, 53.06353]}, "properties": {"name": "Nantwich", "crs": "NAN", "usage": null, "operator": "", "trend": []}}, {"type": "Feature", "geometry": {"type": "Point", "coordinates": [-1.20318, 52.57171]}, "properties": {"name": "Narborough", "crs": "NBR", "usage": null, "operator": "", "trend": []}}, {"type": "Feature", "geometry": {"type": "Point", "coordinates": [-2.3435, 53.39541]}, "properties": {"name": "Navigation Road", "crs": "NVR", "usage": null, "operator": "", "trend": []}}, {"type": "Feature", "geometry": {"type": "Point", "coordinates": [1.05105, 52.15644]}, "properties": {"name": "Needham Market", "crs": "NMT", "usage": null, "operator": "", "trend": []}}, {"type": "Feature", "geometry": {"type": "Point", "coordinates": [-2.21422, 53.83447]}, "properties": {"name": "Nelson", "crs": "NEL", "usage": null, "operator": "", "trend": []}}, {"type": "Feature", "geometry": {"type": "Point", "coordinates": [-3.06377, 53.29242]}, "properties": {"name": "Neston", "crs": "NES", "usage": null, "operator": "", "trend": []}}, {"type": "Feature", "geometry": {"type": "Point", "coordinates": [-1.07843, 52.96097]}, "properties": {"name": "Netherfield", "crs": "NET", "usage": null, "operator": "", "trend": []}}, {"type": "Feature", "geometry": {"type": "Point", "coordinates": [-3.5662, 54.4567]}, "properties": {"name": "Nethertown", "crs": "NRT", "usage": null, "operator": "", "trend": []}}, {"type": "Feature", "geometry": {"type": "Point", "coordinates": [-1.34191, 50.87498]}, "properties": {"name": "Netley", "crs": "NTL", "usage": null, "operator": "", "trend": []}}, {"type": "Feature", "geometry": {"type": "Point", "coordinates": [-0.17297, 51.64852]}, "properties": {"name": "New Barnet", "crs": "NBA", "usage": null, "operator": "", "trend": []}}, {"type": "Feature", "geometry": {"type": "Point", "coordinates": [-0.03553, 51.41699]}, "properties": {"name": "New Beckenham", "crs": "NBC", "usage": null, "operator": "", "trend": []}}, {"type": "Feature", "geometry": {"type": "Point", "coordinates": [-3.04919, 53.43726]}, "properties": {"name": "New Brighton", "crs": "NBN", "usage": null, "operator": "", "trend": []}}, {"type": "Feature", "geometry": {"type": "Point", "coordinates": [-0.06077, 53.57446]}, "properties": {"name": "New Clee", "crs": "NCE", "usage": null, "operator": "", "trend": []}}, {"type": "Feature", "geometry": {"type": "Point", "coordinates": [-0.03298, 51.4763]}, "properties": {"name": "New Cross", "crs": "NWX", "usage": null, "operator": "", "trend": []}}, {"type": "Feature", "geometry": {"type": "Point", "coordinates": [-0.04165, 51.47554]}, "properties": {"name": "New Cross Gate", "crs": "NXG", "usage": null, "operator": "", "trend": []}}, {"type": "Feature", "geometry": {"type": "Point", "coordinates": [0.0704, 51.43765]}, "properties": {"name": "New Eltham", "crs": "NEH", "usage": null, "operator": "", "trend": []}}, {"type": "Feature", "geometry": {"type": "Point", "coordinates": [-0.36094, 53.70211]}, "properties": {"name": "New Holland", "crs": "NHL", "usage": null, "operator": "", "trend": []}}, {"type": "Feature", "geometry": {"type": "Point", "coordinates": [0.45508, 51.3124]}, "properties": {"name": "New Hythe", "crs": "NHE", "usage": null, "operator": "", "trend": []}}, {"type": "Feature", "geometry": {"type": "Point", "coordinates": [-2.86758, 53.6113]}, "properties": {"name": "New Lane", "crs": "NLN", "usage": null, "operator": "", "trend": []}}, {"type": "Feature", "geometry": {"type": "Point", "coordinates": [-0.25608, 51.40339]}, "properties": {"name": "New Malden", "crs": "NEM", "usage": null, "operator": "", "trend": []}}, {"type": "Feature", "geometry": {"type": "Point", "coordinates": [-2.00748, 53.36457]}, "properties": {"name": "New Mills Central", "crs": "NMC", "usage": null, "operator": "", "trend": []}}, {"type": "Feature", "geometry": {"type": "Point", "coordinates": [-2.00898, 53.35917]}, "properties": {"name": "New Mills Newtown", "crs": "NMN", "usage": null, "operator": "", "trend": []}}, {"type": "Feature", "geometry": {"type": "Point", "coordinates": [-1.65831, 50.75584]}, "properties": {"name": "New Milton", "crs": "NWM", "usage": null, "operator": "", "trend": []}}, {"type": "Feature", "geometry": {"type": "Point", "coordinates": [-1.67958, 53.80457]}, "properties": {"name": "New Pudsey", "crs": "NPD", "usage": null, "operator": "", "trend": []}}, {"type": "Feature", "geometry": {"type": "Point", "coordinates": [-0.14259, 51.61388]}, "properties": {"name": "New Southgate", "crs": "NSG", "usage": null, "operator": "", "trend": []}}, {"type": "Feature", "geometry": {"type": "Point", "coordinates": [-0.81315, 53.07999]}, "properties": {"name": "Newark Castle", "crs": "NCT", "usage": null, "operator": "", "trend": []}}, {"type": "Feature", "geometry": {"type": "Point", "coordinates": [-0.79964, 53.08254]}, "properties": {"name": "Newark Northgate", "crs": "NNG", "usage": null, "operator": "", "trend": []}}, {"type": "Feature", "geometry": {"type": "Point", "coordinates": [-1.32261, 51.3976]}, "properties": {"name": "Newbury", "crs": "NBY", "usage": null, "operator": "", "trend": []}}, {"type": "Feature", "geometry": {"type": "Point", "coordinates": [-1.30855, 51.39814]}, "properties": {"name": "Newbury Racecourse", "crs": "NRC", "usage": null, "operator": "", "trend": []}}, {"type": "Feature", "geometry": {"type": "Point", "coordinates": [-1.61726, 54.96824]}, "properties": {"name": "Newcastle", "crs": "NCL", "usage": null, "operator": "", "trend": []}}, {"type": "Feature", "geometry": {"type": "Point", "coordinates": [-3.47259, 50.70542]}, "properties": {"name": "Newcourt", "crs": "NCO", "usage": null, "operator": "", "trend": []}}, {"type": "Feature", "geometry": {"type": "Point", "coordinates": [0.05443, 50.7904]}, "properties": {"name": "Newhaven Harbour", "crs": "NVH", "usage": null, "operator": "", "trend": []}}, {"type": "Feature", "geometry": {"type": "Point", "coordinates": [0.05463, 50.79489]}, "properties": {"name": "Newhaven Town", "crs": "NVN", "usage": null, "operator": "", "trend": []}}, {"type": "Feature", "geometry": {"type": "Point", "coordinates": [0.66269, 51.35373]}, "properties": {"name": "Newington", "crs": "NGT", "usage": null, "operator": "", "trend": []}}, {"type": "Feature", "geometry": {"type": "Point", "coordinates": [0.40625, 52.2379]}, "properties": {"name": "Newmarket", "crs": "NMK", "usage": null, "operator": "", "trend": []}}, {"type": "Feature", "geometry": {"type": "Point", "coordinates": [0.21618, 51.97995]}, "properties": {"name": "Newport (Essex)", "crs": "NWE", "usage": null, "operator": "", "trend": []}}, {"type": "Feature", "geometry": {"type": "Point", "coordinates": [-5.07577, 50.41524]}, "properties": {"name": "Newquay", "crs": "NQY", "usage": null, "operator": "", "trend": []}}, {"type": "Feature", "geometry": {"type": "Point", "coordinates": [-1.52431, 55.10328]}, "properties": {"name": "Newsham", "crs": "NWH", "usage": null, "operator": "", "trend": []}}, {"type": "Feature", "geometry": {"type": "Point", "coordinates": [-1.22204, 53.06996]}, "properties": {"name": "Newstead", "crs": "NSD", "usage": null, "operator": "", "trend": []}}, {"type": "Feature", "geometry": {"type": "Point", "coordinates": [-3.59996, 50.52951]}, "properties": {"name": "Newton Abbot", "crs": "NTA", "usage": null, "operator": "", "trend": []}}, {"type": "Feature", "geometry": {"type": "Point", "coordinates": [-1.5881, 54.61317]}, "properties": {"name": "Newton Aycliffe", "crs": "NAY", "usage": null, "operator": "", "trend": []}}, {"type": "Feature", "geometry": {"type": "Point", "coordinates": [-3.58859, 50.77879]}, "properties": {"name": "Newton St Cyres", "crs": "NTC", "usage": null, "operator": "", "trend": []}}, {"type": "Feature", "geometry": {"type": "Point", "coordinates": [-2.06773, 53.45623]}, "properties": {"name": "Newton for Hyde", "crs": "NWN", "usage": null, "operator": "", "trend": []}}, {"type": "Feature", "geometry": {"type": "Point", "coordinates": [-2.61437, 53.45287]}, "properties": {"name": "Newton-Le-Willows", "crs": "NLW", "usage": null, "operator": "", "trend": []}}, {"type": "Feature", "geometry": {"type": "Point", "coordinates": [-0.28452, 51.41191]}, "properties": {"name": "Norbiton", "crs": "NBT", "usage": null, "operator": "", "trend": []}}, {"type": "Feature", "geometry": {"type": "Point", "coordinates": [-0.12349, 51.41124]}, "properties": {"name": "Norbury", "crs": "NRB", "usage": null, "operator": "", "trend": []}}, {"type": "Feature", "geometry": {"type": "Point", "coordinates": [0.38967, 50.82538]}, "properties": {"name": "Normans Bay", "crs": "NSB", "usage": null, "operator": "", "trend": []}}, {"type": "Feature", "geometry": {"type": "Point", "coordinates": [-1.42438, 53.70025]}, "properties": {"name": "Normanton", "crs": "NOR", "usage": null, "operator": "", "trend": []}}, {"type": "Feature", "geometry": {"type": "Point", "coordinates": [-0.7312, 51.27552]}, "properties": {"name": "North Camp", "crs": "NCM", "usage": null, "operator": "", "trend": []}}, {"type": "Feature", "geometry": {"type": "Point", "coordinates": [-0.08716, 51.45471]}, "properties": {"name": "North Dulwich", "crs": "NDL", "usage": null, "operator": "", "trend": []}}, {"type": "Feature", "geometry": {"type": "Point", "coordinates": [0.6817, 51.64859]}, "properties": {"name": "North Fambridge", "crs": "NFA", "usage": null, "operator": "", "trend": []}}, {"type": "Feature", "geometry": {"type": "Point", "coordinates": [-1.55486, 54.53667]}, "properties": {"name": "North Road", "crs": "NRD", "usage": null, "operator": "", "trend": []}}, {"type": "Feature", "geometry": {"type": "Point", "coordinates": [-0.28542, 51.46498]}, "properties": {"name": "North Sheen", "crs": "NSH", "usage": null, "operator": "", "trend": []}}, {"type": "Feature", "geometry": {"type": "Point", "coordinates": [1.38514, 52.81738]}, "properties": {"name": "North Walsham", "crs": "NWA", "usage": null, "operator": "", "trend": []}}, {"type": "Feature", "geometry": {"type": "Point", "coordinates": [-0.30339, 51.56235]}, "properties": {"name": "North Wembley", "crs": "NWB", "usage": null, "operator": "", "trend": []}}, {"type": "Feature", "geometry": {"type": "Point", "coordinates": [-1.44172, 54.33308]}, "properties": {"name": "Northallerton", "crs": "NTR", "usage": null, "operator": "", "trend": []}}, {"type": "Feature", "geometry": {"type": "Point", "coordinates": [-0.90669, 52.23743]}, "properties": {"name": "Northampton", "crs": "NMP", "usage": null, "operator": "", "trend": []}}, {"type": "Feature", "geometry": {"type": "Point", "coordinates": [-1.96469, 52.40807]}, "properties": {"name": "Northfield", "crs": "NFD", "usage": null, "operator": "", "trend": []}}, {"type": "Feature", "geometry": {"type": "Point", "coordinates": [0.32409, 51.44638]}, "properties": {"name": "Northfleet - Cooper Arms", "crs": "NFL", "usage": null, "operator": "", "trend": []}}, {"type": "Feature", "geometry": {"type": "Point", "coordinates": [-0.35983, 51.55776]}, "properties": {"name": "Northolt Park", "crs": "NLT", "usage": null, "operator": "", "trend": []}}, {"type": "Feature", "geometry": {"type": "Point", "coordinates": [-0.05356, 51.60164]}, "properties": {"name": "Northumberland Park", "crs": "NUM", "usage": null, "operator": "", "trend": []}}, {"type": "Feature", "geometry": {"type": "Point", "coordinates": [-2.49681, 53.26141]}, "properties": {"name": "Northwich", "crs": "NWI", "usage": null, "operator": "", "trend": []}}, {"type": "Feature", "geometry": {"type": "Point", "coordinates": [-2.1901, 52.86551]}, "properties": {"name": "Norton Bridge", "crs": "NTB", "usage": null, "operator": "", "trend": []}}, {"type": "Feature", "geometry": {"type": "Point", "coordinates": [1.30688, 52.62712]}, "properties": {"name": "Norwich", "crs": "NRW", "usage": null, "operator": "", "trend": []}}, {"type": "Feature", "geometry": {"type": "Point", "coordinates": [-0.0752, 51.39697]}, "properties": {"name": "Norwood Junction", "crs": "NWD", "usage": null, "operator": "", "trend": []}}, {"type": "Feature", "geometry": {"type": "Point", "coordinates": [-1.14644, 52.94691]}, "properties": {"name": "Nottingham", "crs": "NOT", "usage": null, "operator": "", "trend": []}}, {"type": "Feature", "geometry": {"type": "Point", "coordinates": [-1.46343, 52.52644]}, "properties": {"name": "Nuneaton", "crs": "NUN", "usage": null, "operator": "", "trend": []}}, {"type": "Feature", "geometry": {"type": "Point", "coordinates": [-0.05355, 51.46675]}, "properties": {"name": "Nunhead", "crs": "NHD", "usage": null, "operator": "", "trend": []}}, {"type": "Feature", "geometry": {"type": "Point", "coordinates": [-1.1702, 54.52835]}, "properties": {"name": "Nunthorpe", "crs": "NNT", "usage": null, "operator": "", "trend": []}}, {"type": "Feature", "geometry": {"type": "Point", "coordinates": [-0.88351, 50.84631]}, "properties": {"name": "Nutbourne", "crs": "NUT", "usage": null, "operator": "", "trend": []}}, {"type": "Feature", "geometry": {"type": "Point", "coordinates": [-0.13242, 51.22702]}, "properties": {"name": "Nutfield", "crs": "NUF", "usage": null, "operator": "", "trend": []}}, {"type": "Feature", "geometry": {"type": "Point", "coordinates": [-2.45125, 52.6931]}, "properties": {"name": "Oakengates", "crs": "OKN", "usage": null, "operator": "", "trend": []}}, {"type": "Feature", "geometry": {"type": "Point", "coordinates": [-0.73402, 52.67191]}, "properties": {"name": "Oakham", "crs": "OKM", "usage": null, "operator": "", "trend": []}}, {"type": "Feature", "geometry": {"type": "Point", "coordinates": [-0.16619, 51.63763]}, "properties": {"name": "Oakleigh Park", "crs": "OKL", "usage": null, "operator": "", "trend": []}}, {"type": "Feature", "geometry": {"type": "Point", "coordinates": [0.29044, 51.52169]}, "properties": {"name": "Ockendon", "crs": "OCK", "usage": null, "operator": "", "trend": []}}, {"type": "Feature", "geometry": {"type": "Point", "coordinates": [-0.33569, 51.15096]}, "properties": {"name": "Ockley", "crs": "OLY", "usage": null, "operator": "", "trend": []}}, {"type": "Feature", "geometry": {"type": "Point", "coordinates": [-3.98827, 50.73168]}, "properties": {"name": "Okehampton", "crs": "OKE", "usage": null, "operator": "", "trend": []}}, {"type": "Feature", "geometry": {"type": "Point", "coordinates": [-2.05591, 52.47099]}, "properties": {"name": "Old Hill", "crs": "OHL", "usage": null, "operator": "", "trend": []}}, {"type": "Feature", "geometry": {"type": "Point", "coordinates": [-2.9511, 53.48687]}, "properties": {"name": "Old Roan", "crs": "ORN", "usage": null, "operator": "", "trend": []}}, {"type": "Feature", "geometry": {"type": "Point", "coordinates": [-0.08851, 51.52578]}, "properties": {"name": "Old Street", "crs": "OLD", "usage": null, "operator": "", "trend": []}}, {"type": "Feature", "geometry": {"type": "Point", "coordinates": [-2.38074, 51.37978]}, "properties": {"name": "Oldfield Park", "crs": "OLF", "usage": null, "operator": "", "trend": []}}, {"type": "Feature", "geometry": {"type": "Point", "coordinates": [-1.80431, 52.43848]}, "properties": {"name": "Olton", "crs": "OLT", "usage": null, "operator": "", "trend": []}}, {"type": "Feature", "geometry": {"type": "Point", "coordinates": [0.59078, 50.86696]}, "properties": {"name": "Ore", "crs": "ORE", "usage": null, "operator": "", "trend": []}}, {"type": "Feature", "geometry": {"type": "Point", "coordinates": [-2.88162, 53.56901]}, "properties": {"name": "Ormskirk", "crs": "OMS", "usage": null, "operator": "", "trend": []}}, {"type": "Feature", "geometry": {"type": "Point", "coordinates": [0.08905, 51.37346]}, "properties": {"name": "Orpington", "crs": "ORP", "usage": null, "operator": "", "trend": []}}, {"type": "Feature", "geometry": {"type": "Point", "coordinates": [-2.70903, 53.53055]}, "properties": {"name": "Orrell", "crs": "ORR", "usage": null, "operator": "", "trend": []}}, {"type": "Feature", "geometry": {"type": "Point", "coordinates": [-2.96291, 53.46199]}, "properties": {"name": "Orrell Park", "crs": "OPK", "usage": null, "operator": "", "trend": []}}, {"type": "Feature", "geometry": {"type": "Point", "coordinates": [0.19676, 51.31214]}, "properties": {"name": "Otford", "crs": "OTF", "usage": null, "operator": "", "trend": []}}, {"type": "Feature", "geometry": {"type": "Point", "coordinates": [1.717, 52.47823]}, "properties": {"name": "Oulton Broad North", "crs": "OUN", "usage": null, "operator": "", "trend": []}}, {"type": "Feature", "geometry": {"type": "Point", "coordinates": [1.70742, 52.46953]}, "properties": {"name": "Oulton Broad South", "crs": "OUS", "usage": null, "operator": "", "trend": []}}, {"type": "Feature", "geometry": {"type": "Point", "coordinates": [-1.51207, 53.71411]}, "properties": {"name": "Outwood", "crs": "OUT", "usage": null, "operator": "", "trend": []}}, {"type": "Feature", "geometry": {"type": "Point", "coordinates": [-2.92479, 53.28415]}, "properties": {"name": "Overpool", "crs": "OVE", "usage": null, "operator": "", "trend": []}}, {"type": "Feature", "geometry": {"type": "Point", "coordinates": [-1.25913, 51.25397]}, "properties": {"name": "Overton", "crs": "OVR", "usage": null, "operator": "", "trend": []}}, {"type": "Feature", "geometry": {"type": "Point", "coordinates": [-2.72225, 54.30517]}, "properties": {"name": "Oxenholme Lake District", "crs": "OXN", "usage": null, "operator": "", "trend": []}}, {"type": "Feature", "geometry": {"type": "Point", "coordinates": [-1.27004, 51.75355]}, "properties": {"name": "Oxford", "crs": "OXF", "usage": null, "operator": "", "trend": []}}, {"type": "Feature", "geometry": {"type": "Point", "coordinates": [-1.2745, 51.8042]}, "properties": {"name": "Oxford Parkway", "crs": "OXP", "usage": null, "operator": "", "trend": []}}, {"type": "Feature", "geometry": {"type": "Point", "coordinates": [-0.36199, 51.33658]}, "properties": {"name": "Oxshott", "crs": "OXS", "usage": null, "operator": "", "trend": []}}, {"type": "Feature", "geometry": {"type": "Point", "coordinates": [-0.00507, 51.2573]}, "properties": {"name": "Oxted", "crs": "OXT", "usage": null, "operator": "", "trend": []}}, {"type": "Feature", "geometry": {"type": "Point", "coordinates": [0.38949, 51.18245]}, "properties": {"name": "Paddock Wood", "crs": "PDW", "usage": null, "operator": "", "trend": []}}, {"type": "Feature", "geometry": {"type": "Point", "coordinates": [-2.55652, 53.40551]}, "properties": {"name": "Padgate", "crs": "PDG", "usage": null, "operator": "", "trend": []}}, {"type": "Feature", "geometry": {"type": "Point", "coordinates": [-3.56436, 50.43466]}, "properties": {"name": "Paignton", "crs": "PGN", "usage": null, "operator": "", "trend": []}}, {"type": "Feature", "geometry": {"type": "Point", "coordinates": [-0.10916, 51.61874]}, "properties": {"name": "Palmers Green", "crs": "PAL", "usage": null, "operator": "", "trend": []}}, {"type": "Feature", "geometry": {"type": "Point", "coordinates": [-1.09052, 51.48523]}, "properties": {"name": "Pangbourne", "crs": "PAN", "usage": null, "operator": "", "trend": []}}, {"type": "Feature", "geometry": {"type": "Point", "coordinates": [-1.53361, 53.95869]}, "properties": {"name": "Pannal", "crs": "PNL", "usage": null, "operator": "", "trend": []}}, {"type": "Feature", "geometry": {"type": "Point", "coordinates": [-4.70475, 50.35526]}, "properties": {"name": "Par", "crs": "PAR", "usage": null, "operator": "", "trend": []}}, {"type": "Feature", "geometry": {"type": "Point", "coordinates": [-2.77068, 53.59086]}, "properties": {"name": "Parbold", "crs": "PBL", "usage": null, "operator": "", "trend": []}}, {"type": "Feature", "geometry": {"type": "Point", "coordinates": [-0.34073, 51.72565]}, "properties": {"name": "Park Street", "crs": "PKT", "usage": null, "operator": "", "trend": []}}, {"type": "Feature", "geometry": {"type": "Point", "coordinates": [-1.94897, 50.72305]}, "properties": {"name": "Parkstone (Dorset)", "crs": "PKS", "usage": null, "operator": "", "trend": []}}, {"type": "Feature", "geometry": {"type": "Point", "coordinates": [-2.60991, 51.43276]}, "properties": {"name": "Parson Street", "crs": "PSN", "usage": null, "operator": "", "trend": []}}, {"type": "Feature", "geometry": {"type": "Point", "coordinates": [-3.58087, 54.56979]}, "properties": {"name": "Parton", "crs": "PRN", "usage": null, "operator": "", "trend": []}}, {"type": "Feature", "geometry": {"type": "Point", "coordinates": [-2.56265, 51.52578]}, "properties": {"name": "Patchway", "crs": "PWY", "usage": null, "operator": "", "trend": []}}, {"type": "Feature", "geometry": {"type": "Point", "coordinates": [-2.35792, 53.48474]}, "properties": {"name": "Patricroft", "crs": "PAT", "usage": null, "operator": "", "trend": []}}, {"type": "Feature", "geometry": {"type": "Point", "coordinates": [-1.4732, 52.89684]}, "properties": {"name": "Peartree", "crs": "PEA", "usage": null, "operator": "", "trend": []}}, {"type": "Feature", "geometry": {"type": "Point", "coordinates": [-0.06778, 51.47058]}, "properties": {"name": "Peckham Rye", "crs": "PMR", "usage": null, "operator": "", "trend": []}}, {"type": "Feature", "geometry": {"type": "Point", "coordinates": [-1.64509, 55.17862]}, "properties": {"name": "Pegswood", "crs": "PEG", "usage": null, "operator": "", "trend": []}}, {"type": "Feature", "geometry": {"type": "Point", "coordinates": [-2.67022, 53.53043]}, "properties": {"name": "Pemberton", "crs": "PEM", "usage": null, "operator": "", "trend": []}}, {"type": "Feature", "geometry": {"type": "Point", "coordinates": [-0.05557, 51.41913]}, "properties": {"name": "Penge East", "crs": "PNE", "usage": null, "operator": "", "trend": []}}, {"type": "Feature", "geometry": {"type": "Point", "coordinates": [-0.0614, 51.41742]}, "properties": {"name": "Penge West", "crs": "PNW", "usage": null, "operator": "", "trend": []}}, {"type": "Feature", "geometry": {"type": "Point", "coordinates": [-1.62134, 53.52576]}, "properties": {"name": "Penistone", "crs": "PNS", "usage": null, "operator": "", "trend": []}}, {"type": "Feature", "geometry": {"type": "Point", "coordinates": [-2.11945, 52.72361]}, "properties": {"name": "Penkridge", "crs": "PKG", "usage": null, "operator": "", "trend": []}}, {"type": "Feature", "geometry": {"type": "Point", "coordinates": [-5.08311, 50.14974]}, "properties": {"name": "Penmere", "crs": "PNM", "usage": null, "operator": "", "trend": []}}, {"type": "Feature", "geometry": {"type": "Point", "coordinates": [-2.75804, 54.66183]}, "properties": {"name": "Penrith", "crs": "PNR", "usage": null, "operator": "", "trend": []}}, {"type": "Feature", "geometry": {"type": "Point", "coordinates": [-5.11088, 50.17021]}, "properties": {"name": "Penryn", "crs": "PYN", "usage": null, "operator": "", "trend": []}}, {"type": "Feature", "geometry": {"type": "Point", "coordinates": [0.17413, 51.19745]}, "properties": {"name": "Penshurst", "crs": "PHR", "usage": null, "operator": "", "trend": []}}, {"type": "Feature", "geometry": {"type": "Point", "coordinates": [-5.53249, 50.12162]}, "properties": {"name": "Penzance", "crs": "PNZ", "usage": null, "operator": "", "trend": []}}, {"type": "Feature", "geometry": {"type": "Point", "coordinates": [-5.11187, 50.21643]}, "properties": {"name": "Perranwell", "crs": "PRW", "usage": null, "operator": "", "trend": []}}, {"type": "Feature", "geometry": {"type": "Point", "coordinates": [-1.90196, 52.51636]}, "properties": {"name": "Perry Barr", "crs": "PRY", "usage": null, "operator": "", "trend": []}}, {"type": "Feature", "geometry": {"type": "Point", "coordinates": [-2.07156, 52.13025]}, "properties": {"name": "Pershore", "crs": "PSH", "usage": null, "operator": "", "trend": []}}, {"type": "Feature", "geometry": {"type": "Point", "coordinates": [-0.24981, 52.57495]}, "properties": {"name": "Peterborough", "crs": "PBO", "usage": null, "operator": "", "trend": []}}, {"type": "Feature", "geometry": {"type": "Point", "coordinates": [-0.94095, 51.00692]}, "properties": {"name": "Petersfield", "crs": "PTR", "usage": null, "operator": "", "trend": []}}, {"type": "Feature", "geometry": {"type": "Point", "coordinates": [0.07539, 51.389]}, "properties": {"name": "Petts Wood", "crs": "PET", "usage": null, "operator": "", "trend": []}}, {"type": "Feature", "geometry": {"type": "Point", "coordinates": [0.32529, 50.8159]}, "properties": {"name": "Pevensey & Westham", "crs": "PEV", "usage": null, "operator": "", "trend": []}}, {"type": "Feature", "geometry": {"type": "Point", "coordinates": [0.34245, 50.81825]}, "properties": {"name": "Pevensey Bay", "crs": "PEB", "usage": null, "operator": "", "trend": []}}, {"type": "Feature", "geometry": {"type": "Point", "coordinates": [-1.77169, 51.34241]}, "properties": {"name": "Pewsey", "crs": "PEW", "usage": null, "operator": "", "trend": []}}, {"type": "Feature", "geometry": {"type": "Point", "coordinates": [-2.62719, 51.5565]}, "properties": {"name": "Pilning", "crs": "PIL", "usage": null, "operator": "", "trend": []}}, {"type": "Feature", "geometry": {"type": "Point", "coordinates": [-1.90966, 52.42999]}, "properties": {"name": "Pineapple Road", "crs": "PIR", "usage": null, "operator": "", "trend": []}}, {"type": "Feature", "geometry": {"type": "Point", "coordinates": [-3.46958, 50.73808]}, "properties": {"name": "Pinhoe", "crs": "PIN", "usage": null, "operator": "", "trend": []}}, {"type": "Feature", "geometry": {"type": "Point", "coordinates": [0.50881, 51.56039]}, "properties": {"name": "Pitsea", "crs": "PSE", "usage": null, "operator": "", "trend": []}}, {"type": "Feature", "geometry": {"type": "Point", "coordinates": [-2.54414, 53.73096]}, "properties": {"name": "Pleasington", "crs": "PLS", "usage": null, "operator": "", "trend": []}}, {"type": "Feature", "geometry": {"type": "Point", "coordinates": [0.74857, 51.15658]}, "properties": {"name": "Pluckley", "crs": "PLC", "usage": null, "operator": "", "trend": []}}, {"type": "Feature", "geometry": {"type": "Point", "coordinates": [-2.41961, 53.27481]}, "properties": {"name": "Plumley", "crs": "PLM", "usage": null, "operator": "", "trend": []}}, {"type": "Feature", "geometry": {"type": "Point", "coordinates": [-0.06044, 50.92907]}, "properties": {"name": "Plumpton", "crs": "PMP", "usage": null, "operator": "", "trend": []}}, {"type": "Feature", "geometry": {"type": "Point", "coordinates": [0.08283, 51.48959]}, "properties": {"name": "Plumstead", "crs": "PLU", "usage": null, "operator": "", "trend": []}}, {"type": "Feature", "geometry": {"type": "Point", "coordinates": [-4.14339, 50.37776]}, "properties": {"name": "Plymouth", "crs": "PLY", "usage": null, "operator": "", "trend": []}}, {"type": "Feature", "geometry": {"type": "Point", "coordinates": [-1.82568, 50.73102]}, "properties": {"name": "Pokesdown", "crs": "POK", "usage": null, "operator": "", "trend": []}}, {"type": "Feature", "geometry": {"type": "Point", "coordinates": [0.25171, 50.82093]}, "properties": {"name": "Polegate", "crs": "PLG", "usage": null, "operator": "", "trend": []}}, {"type": "Feature", "geometry": {"type": "Point", "coordinates": [-1.60995, 52.62589]}, "properties": {"name": "Polesworth", "crs": "PSW", "usage": null, "operator": "", "trend": []}}, {"type": "Feature", "geometry": {"type": "Point", "coordinates": [-3.50178, 50.73127]}, "properties": {"name": "Polsloe Bridge", "crs": "POL", "usage": null, "operator": "", "trend": []}}, {"type": "Feature", "geometry": {"type": "Point", "coordinates": [-0.03445, 51.64269]}, "properties": {"name": "Ponders End", "crs": "PON", "usage": null, "operator": "", "trend": []}}, {"type": "Feature", "geometry": {"type": "Point", "coordinates": [-1.30336, 53.69152]}, "properties": {"name": "Pontefract Baghill", "crs": "PFR", "usage": null, "operator": "", "trend": []}}, {"type": "Feature", "geometry": {"type": "Point", "coordinates": [-1.30475, 53.69871]}, "properties": {"name": "Pontefract Monkhill", "crs": "PFM", "usage": null, "operator": "", "trend": []}}, {"type": "Feature", "geometry": {"type": "Point", "coordinates": [-1.31996, 53.69431]}, "properties": {"name": "Pontefract Tanshelf", "crs": "POT", "usage": null, "operator": "", "trend": []}}, {"type": "Feature", "geometry": {"type": "Point", "coordinates": [-1.98296, 50.71856]}, "properties": {"name": "Poole", "crs": "POO", "usage": null, "operator": "", "trend": []}}, {"type": "Feature", "geometry": {"type": "Point", "coordinates": [-1.14766, 53.97635]}, "properties": {"name": "Poppleton", "crs": "POP", "usage": null, "operator": "", "trend": []}}, {"type": "Feature", "geometry": {"type": "Point", "coordinates": [-2.99825, 53.34912]}, "properties": {"name": "Port Sunlight", "crs": "PSL", "usage": null, "operator": "", "trend": []}}, {"type": "Feature", "geometry": {"type": "Point", "coordinates": [-1.12636, 50.84839]}, "properties": {"name": "Portchester", "crs": "PTC", "usage": null, "operator": "", "trend": []}}, {"type": "Feature", "geometry": {"type": "Point", "coordinates": [-0.2049, 50.83604]}, "properties": {"name": "Portslade", "crs": "PLD", "usage": null, "operator": "", "trend": []}}, {"type": "Feature", "geometry": {"type": "Point", "coordinates": [-1.09042, 50.79776]}, "properties": {"name": "Portsmouth & Southsea", "crs": "PMS", "usage": null, "operator": "", "trend": []}}, {"type": "Feature", "geometry": {"type": "Point", "coordinates": [-3.95063, 50.95677]}, "properties": {"name": "Portsmouth Arms", "crs": "PMA", "usage": null, "operator": "", "trend": []}}, {"type": "Feature", "geometry": {"type": "Point", "coordinates": [-1.10889, 50.7961]}, "properties": {"name": "Portsmouth Harbour", "crs": "PMH", "usage": null, "operator": "", "trend": []}}, {"type": "Feature", "geometry": {"type": "Point", "coordinates": [-2.68806, 51.48861]}, "properties": {"name": "Portway Park & Ride", "crs": "PRI", "usage": null, "operator": "", "trend": []}}, {"type": "Feature", "geometry": {"type": "Point", "coordinates": [-0.19271, 51.69739]}, "properties": {"name": "Potters Bar", "crs": "PBR", "usage": null, "operator": "", "trend": []}}, {"type": "Feature", "geometry": {"type": "Point", "coordinates": [-2.99021, 53.84813]}, "properties": {"name": "Poulton-Le-Fylde", "crs": "PFY", "usage": null, "operator": "", "trend": []}}, {"type": "Feature", "geometry": {"type": "Point", "coordinates": [-2.13448, 53.3504]}, "properties": {"name": "Poynton", "crs": "PYT", "usage": null, "operator": "", "trend": []}}, {"type": "Feature", "geometry": {"type": "Point", "coordinates": [-2.68976, 52.89962]}, "properties": {"name": "Prees", "crs": "PRS", "usage": null, "operator": "", "trend": []}}, {"type": "Feature", "geometry": {"type": "Point", "coordinates": [-2.79902, 53.42354]}, "properties": {"name": "Prescot", "crs": "PSC", "usage": null, "operator": "", "trend": []}}, {"type": "Feature", "geometry": {"type": "Point", "coordinates": [-2.14549, 53.29346]}, "properties": {"name": "Prestbury", "crs": "PRB", "usage": null, "operator": "", "trend": []}}, {"type": "Feature", "geometry": {"type": "Point", "coordinates": [-2.70719, 53.75572]}, "properties": {"name": "Preston", "crs": "PRE", "usage": null, "operator": "", "trend": []}}, {"type": "Feature", "geometry": {"type": "Point", "coordinates": [-0.15479, 50.84605]}, "properties": {"name": "Preston Park", "crs": "PRP", "usage": null, "operator": "", "trend": []}}, {"type": "Feature", "geometry": {"type": "Point", "coordinates": [-0.84406, 51.7177]}, "properties": {"name": "Princes Risborough", "crs": "PRR", "usage": null, "operator": "", "trend": []}}, {"type": "Feature", "geometry": {"type": "Point", "coordinates": [0.71167, 51.55048]}, "properties": {"name": "Prittlewell", "crs": "PRL", "usage": null, "operator": "", "trend": []}}, {"type": "Feature", "geometry": {"type": "Point", "coordinates": [-1.86408, 54.96607]}, "properties": {"name": "Prudhoe", "crs": "PRU", "usage": null, "operator": "", "trend": []}}, {"type": "Feature", "geometry": {"type": "Point", "coordinates": [-0.51775, 50.95735]}, "properties": {"name": "Pulborough", "crs": "PUL", "usage": null, "operator": "", "trend": []}}, {"type": "Feature", "geometry": {"type": "Point", "coordinates": [0.23658, 51.48136]}, "properties": {"name": "Purfleet", "crs": "PFL", "usage": null, "operator": "", "trend": []}}, {"type": "Feature", "geometry": {"type": "Point", "coordinates": [-0.11359, 51.33733]}, "properties": {"name": "Purley", "crs": "PUR", "usage": null, "operator": "", "trend": []}}, {"type": "Feature", "geometry": {"type": "Point", "coordinates": [-0.09884, 51.34699]}, "properties": {"name": "Purley Oaks", "crs": "PUO", "usage": null, "operator": "", "trend": []}}, {"type": "Feature", "geometry": {"type": "Point", "coordinates": [-0.21646, 51.46125]}, "properties": {"name": "Putney", "crs": "PUT", "usage": null, "operator": "", "trend": []}}, {"type": "Feature", "geometry": {"type": "Point", "coordinates": [0.74976, 51.41647]}, "properties": {"name": "Queenborough", "crs": "QBR", "usage": null, "operator": "", "trend": []}}, {"type": "Feature", "geometry": {"type": "Point", "coordinates": [-0.20497, 51.53392]}, "properties": {"name": "Queens Park (London)", "crs": "QPW", "usage": null, "operator": "", "trend": []}}, {"type": "Feature", "geometry": {"type": "Point", "coordinates": [-0.05755, 51.47401]}, "properties": {"name": "Queens Road Peckham", "crs": "QRP", "usage": null, "operator": "", "trend": []}}, {"type": "Feature", "geometry": {"type": "Point", "coordinates": [-0.14682, 51.47455]}, "properties": {"name": "Queenstown Road (Battersea)", "crs": "QRB", "usage": null, "operator": "", "trend": []}}, {"type": "Feature", "geometry": {"type": "Point", "coordinates": [-5.02984, 50.40391]}, "properties": {"name": "Quintrell Downs", "crs": "QUI", "usage": null, "operator": "", "trend": []}}, {"type": "Feature", "geometry": {"type": "Point", "coordinates": [-1.03106, 52.94891]}, "properties": {"name": "Radcliffe (Nottinghamshire)", "crs": "RDF", "usage": null, "operator": "", "trend": []}}, {"type": "Feature", "geometry": {"type": "Point", "coordinates": [-0.31763, 51.68486]}, "properties": {"name": "Radlett", "crs": "RDT", "usage": null, "operator": "", "trend": []}}, {"type": "Feature", "geometry": {"type": "Point", "coordinates": [-1.2404, 51.68559]}, "properties": {"name": "Radley", "crs": "RAD", "usage": null, "operator": "", "trend": []}}, {"type": "Feature", "geometry": {"type": "Point", "coordinates": [-2.78945, 53.51694]}, "properties": {"name": "Rainford", "crs": "RNF", "usage": null, "operator": "", "trend": []}}, {"type": "Feature", "geometry": {"type": "Point", "coordinates": [0.19072, 51.51745]}, "properties": {"name": "Rainham (Essex)", "crs": "RNM", "usage": null, "operator": "", "trend": []}}, {"type": "Feature", "geometry": {"type": "Point", "coordinates": [0.6117, 51.36657]}, "properties": {"name": "Rainham (Kent)", "crs": "RAI", "usage": null, "operator": "", "trend": []}}, {"type": "Feature", "geometry": {"type": "Point", "coordinates": [-2.7664, 53.41713]}, "properties": {"name": "Rainhill", "crs": "RNH", "usage": null, "operator": "", "trend": []}}, {"type": "Feature", "geometry": {"type": "Point", "coordinates": [1.40583, 51.34077]}, "properties": {"name": "Ramsgate", "crs": "RAM", "usage": null, "operator": "", "trend": []}}, {"type": "Feature", "geometry": {"type": "Point", "coordinates": [-2.47657, 53.78787]}, "properties": {"name": "Ramsgreave & Wilpshire", "crs": "RGW", "usage": null, "operator": "", "trend": []}}, {"type": "Feature", "geometry": {"type": "Point", "coordinates": [-0.45525, 52.98508]}, "properties": {"name": "Rauceby", "crs": "RAU", "usage": null, "operator": "", "trend": []}}, {"type": "Feature", "geometry": {"type": "Point", "coordinates": [-3.40946, 54.3558]}, "properties": {"name": "Ravenglass for Eskdale", "crs": "RAV", "usage": null, "operator": "", "trend": []}}, {"type": "Feature", "geometry": {"type": "Point", "coordinates": [-0.0069, 51.4138]}, "properties": {"name": "Ravensbourne", "crs": "RVB", "usage": null, "operator": "", "trend": []}}, {"type": "Feature", "geometry": {"type": "Point", "coordinates": [-1.6533, 53.67596]}, "properties": {"name": "Ravensthorpe", "crs": "RVN", "usage": null, "operator": "", "trend": []}}, {"type": "Feature", "geometry": {"type": "Point", "coordinates": [-0.96117, 53.68814]}, "properties": {"name": "Rawcliffe", "crs": "RWC", "usage": null, "operator": "", "trend": []}}, {"type": "Feature", "geometry": {"type": "Point", "coordinates": [0.60139, 51.58985]}, "properties": {"name": "Rayleigh", "crs": "RLG", "usage": null, "operator": "", "trend": []}}, {"type": "Feature", "geometry": {"type": "Point", "coordinates": [-0.22998, 51.40929]}, "properties": {"name": "Raynes Park", "crs": "RAY", "usage": null, "operator": "", "trend": []}}, {"type": "Feature", "geometry": {"type": "Point", "coordinates": [-0.97217, 51.45877]}, "properties": {"name": "Reading", "crs": "RDG", "usage": null, "operator": "", "trend": []}}, {"type": "Feature", "geometry": {"type": "Point", "coordinates": [-1.00139, 51.42667]}, "properties": {"name": "Reading Green Park", "crs": "RGP", "usage": null, "operator": "", "trend": []}}, {"type": "Feature", "geometry": {"type": "Point", "coordinates": [-0.99014, 51.45508]}, "properties": {"name": "Reading West", "crs": "RDW", "usage": null, "operator": "", "trend": []}}, {"type": "Feature", "geometry": {"type": "Point", "coordinates": [-0.06838, 51.55872]}, "properties": {"name": "Rectory Road", "crs": "REC", "usage": null, "operator": "", "trend": []}}, {"type": "Feature", "geometry": {"type": "Point", "coordinates": [-1.47074, 50.9197]}, "properties": {"name": "Redbridge", "crs": "RDB", "usage": null, "operator": "", "trend": []}}, {"type": "Feature", "geometry": {"type": "Point", "coordinates": [-1.06932, 54.61569]}, "properties": {"name": "Redcar Central", "crs": "RCC", "usage": null, "operator": "", "trend": []}}, {"type": "Feature", "geometry": {"type": "Point", "coordinates": [-1.05088, 54.60926]}, "properties": {"name": "Redcar East", "crs": "RCE", "usage": null, "operator": "", "trend": []}}, {"type": "Feature", "geometry": {"type": "Point", "coordinates": [-2.15656, 53.44896]}, "properties": {"name": "Reddish North", "crs": "RDN", "usage": null, "operator": "", "trend": []}}, {"type": "Feature", "geometry": {"type": "Point", "coordinates": [-2.15903, 53.43587]}, "properties": {"name": "Reddish South", "crs": "RDS", "usage": null, "operator": "", "trend": []}}, {"type": "Feature", "geometry": {"type": "Point", "coordinates": [-1.94525, 52.30634]}, "properties": {"name": "Redditch", "crs": "RDC", "usage": null, "operator": "", "trend": []}}, {"type": "Feature", "geometry": {"type": "Point", "coordinates": [-0.16485, 51.24012]}, "properties": {"name": "Redhill", "crs": "RDH", "usage": null, "operator": "", "trend": []}}, {"type": "Feature", "geometry": {"type": "Point", "coordinates": [-2.59888, 51.46879]}, "properties": {"name": "Redland", "crs": "RDA", "usage": null, "operator": "", "trend": []}}, {"type": "Feature", "geometry": {"type": "Point", "coordinates": [-5.22588, 50.23311]}, "properties": {"name": "Redruth", "crs": "RED", "usage": null, "operator": "", "trend": []}}, {"type": "Feature", "geometry": {"type": "Point", "coordinates": [-0.12385, 51.33211]}, "properties": {"name": "Reedham (London)", "crs": "RHM", "usage": null, "operator": "", "trend": []}}, {"type": "Feature", "geometry": {"type": "Point", "coordinates": [1.55894, 52.56405]}, "properties": {"name": "Reedham (Norfolk)", "crs": "REE", "usage": null, "operator": "", "trend": []}}, {"type": "Feature", "geometry": {"type": "Point", "coordinates": [-0.20347, 51.24162]}, "properties": {"name": "Reigate", "crs": "REI", "usage": null, "operator": "", "trend": []}}, {"type": "Feature", "geometry": {"type": "Point", "coordinates": [-0.94772, 53.31587]}, "properties": {"name": "Retford", "crs": "RET", "usage": null, "operator": "", "trend": []}}, {"type": "Feature", "geometry": {"type": "Point", "coordinates": [-2.36087, 54.20578]}, "properties": {"name": "Ribblehead", "crs": "RHD", "usage": null, "operator": "", "trend": []}}, {"type": "Feature", "geometry": {"type": "Point", "coordinates": [-2.96225, 53.45774]}, "properties": {"name": "Rice Lane", "crs": "RIL", "usage": null, "operator": "", "trend": []}}, {"type": "Feature", "geometry": {"type": "Point", "coordinates": [-0.30135, 51.46251]}, "properties": {"name": "Richmond", "crs": "RMD", "usage": null, "operator": "", "trend": []}}, {"type": "Feature", "geometry": {"type": "Point", "coordinates": [-0.47301, 51.64045]}, "properties": {"name": "Rickmansworth", "crs": "RIC", "usage": null, "operator": "", "trend": []}}, {"type": "Feature", "geometry": {"type": "Point", "coordinates": [-0.09944, 51.33261]}, "properties": {"name": "Riddlesdown", "crs": "RDD", "usage": null, "operator": "", "trend": []}}, {"type": "Feature", "geometry": {"type": "Point", "coordinates": [-0.5949, 52.02659]}, "properties": {"name": "Ridgmont", "crs": "RID", "usage": null, "operator": "", "trend": []}}, {"type": "Feature", "geometry": {"type": "Point", "coordinates": [-1.97186, 54.94907]}, "properties": {"name": "Riding Mill", "crs": "RDM", "usage": null, "operator": "", "trend": []}}, {"type": "Feature", "geometry": {"type": "Point", "coordinates": [-2.42016, 53.76381]}, "properties": {"name": "Rishton", "crs": "RIS", "usage": null, "operator": "", "trend": []}}, {"type": "Feature", "geometry": {"type": "Point", "coordinates": [0.46909, 50.98473]}, "properties": {"name": "Robertsbridge", "crs": "RBR", "usage": null, "operator": "", "trend": []}}, {"type": "Feature", "geometry": {"type": "Point", "coordinates": [-2.85596, 53.41003]}, "properties": {"name": "Roby", "crs": "ROB", "usage": null, "operator": "", "trend": []}}, {"type": "Feature", "geometry": {"type": "Point", "coordinates": [-2.15344, 53.61029]}, "properties": {"name": "Rochdale", "crs": "RCD", "usage": null, "operator": "", "trend": []}}, {"type": "Feature", "geometry": {"type": "Point", "coordinates": [-4.83066, 50.41891]}, "properties": {"name": "Roche", "crs": "ROC", "usage": null, "operator": "", "trend": []}}, {"type": "Feature", "geometry": {"type": "Point", "coordinates": [0.5107, 51.38497]}, "properties": {"name": "Rochester", "crs": "RTR", "usage": null, "operator": "", "trend": []}}, {"type": "Feature", "geometry": {"type": "Point", "coordinates": [0.70196, 51.58128]}, "properties": {"name": "Rochford", "crs": "RFD", "usage": null, "operator": "", "trend": []}}, {"type": "Feature", "geometry": {"type": "Point", "coordinates": [-3.0109, 53.37227]}, "properties": {"name": "Rock Ferry", "crs": "RFY", "usage": null, "operator": "", "trend": []}}, {"type": "Feature", "geometry": {"type": "Point", "coordinates": [-0.90009, 53.06554]}, "properties": {"name": "Rolleston", "crs": "ROL", "usage": null, "operator": "", "trend": []}}, {"type": "Feature", "geometry": {"type": "Point", "coordinates": [0.18199, 51.57502]}, "properties": {"name": "Romford", "crs": "RMF", "usage": null, "operator": "", "trend": []}}, {"type": "Feature", "geometry": {"type": "Point", "coordinates": [-2.08931, 53.41403]}, "properties": {"name": "Romiley", "crs": "RML", "usage": null, "operator": "", "trend": []}}, {"type": "Feature", "geometry": {"type": "Point", "coordinates": [-1.49272, 50.99264]}, "properties": {"name": "Romsey", "crs": "ROM", "usage": null, "operator": "", "trend": []}}, {"type": "Feature", "geometry": {"type": "Point", "coordinates": [-3.19457, 54.11516]}, "properties": {"name": "Roose", "crs": "ROO", "usage": null, "operator": "", "trend": []}}, {"type": "Feature", "geometry": {"type": "Point", "coordinates": [-2.28228, 53.78669]}, "properties": {"name": "Rose Grove", "crs": "RSG", "usage": null, "operator": "", "trend": []}}, {"type": "Feature", "geometry": {"type": "Point", "coordinates": [-2.0765, 53.39618]}, "properties": {"name": "Rose Hill Marple", "crs": "RSH", "usage": null, "operator": "", "trend": []}}, {"type": "Feature", "geometry": {"type": "Point", "coordinates": [-1.35881, 53.42936]}, "properties": {"name": "Rotherham Central", "crs": "RMC", "usage": null, "operator": "", "trend": []}}, {"type": "Feature", "geometry": {"type": "Point", "coordinates": [-0.05353, 51.50098]}, "properties": {"name": "Rotherhithe", "crs": "ROE", "usage": null, "operator": "", "trend": []}}, {"type": "Feature", "geometry": {"type": "Point", "coordinates": [1.29924, 52.91783]}, "properties": {"name": "Roughton Road", "crs": "RNR", "usage": null, "operator": "", "trend": []}}, {"type": "Feature", "geometry": {"type": "Point", "coordinates": [-0.95775, 50.89286]}, "properties": {"name": "Rowlands Castle", "crs": "RLN", "usage": null, "operator": "", "trend": []}}, {"type": "Feature", "geometry": {"type": "Point", "coordinates": [-2.03089, 52.4773]}, "properties": {"name": "Rowley Regis", "crs": "ROW", "usage": null, "operator": "", "trend": []}}, {"type": "Feature", "geometry": {"type": "Point", "coordinates": [0.03509, 51.77549]}, "properties": {"name": "Roydon", "crs": "RYN", "usage": null, "operator": "", "trend": []}}, {"type": "Feature", "geometry": {"type": "Point", "coordinates": [-0.02669, 52.05351]}, "properties": {"name": "Royston", "crs": "RYS", "usage": null, "operator": "", "trend": []}}, {"type": "Feature", "geometry": {"type": "Point", "coordinates": [-2.80679, 53.63482]}, "properties": {"name": "Rufford", "crs": "RUF", "usage": null, "operator": "", "trend": []}}, {"type": "Feature", "geometry": {"type": "Point", "coordinates": [-1.24926, 52.37872]}, "properties": {"name": "Rugby", "crs": "RUG", "usage": null, "operator": "", "trend": []}}, {"type": "Feature", "geometry": {"type": "Point", "coordinates": [-1.93696, 52.75467]}, "properties": {"name": "Rugeley Town", "crs": "RGT", "usage": null, "operator": "", "trend": []}}, {"type": "Feature", "geometry": {"type": "Point", "coordinates": [-1.93031, 52.76945]}, "properties": {"name": "Rugeley Trent Valley", "crs": "RGL", "usage": null, "operator": "", "trend": []}}, {"type": "Feature", "geometry": {"type": "Point", "coordinates": [-2.73919, 53.3387]}, "properties": {"name": "Runcorn", "crs": "RUN", "usage": null, "operator": "", "trend": []}}, {"type": "Feature", "geometry": {"type": "Point", "coordinates": [-2.6651, 53.32693]}, "properties": {"name": "Runcorn East", "crs": "RUE", "usage": null, "operator": "", "trend": []}}, {"type": "Feature", "geometry": {"type": "Point", "coordinates": [-0.38013, 53.04162]}, "properties": {"name": "Ruskington", "crs": "RKT", "usage": null, "operator": "", "trend": []}}, {"type": "Feature", "geometry": {"type": "Point", "coordinates": [-0.62666, 54.47037]}, "properties": {"name": "Ruswarp", "crs": "RUS", "usage": null, "operator": "", "trend": []}}, {"type": "Feature", "geometry": {"type": "Point", "coordinates": [-1.15968, 50.73352]}, "properties": {"name": "Ryde Esplanade", "crs": "RYD", "usage": null, "operator": "", "trend": []}}, {"type": "Feature", "geometry": {"type": "Point", "coordinates": [-1.15958, 50.73891]}, "properties": {"name": "Ryde Pier Head", "crs": "RYP", "usage": null, "operator": "", "trend": []}}, {"type": "Feature", "geometry": {"type": "Point", "coordinates": [-1.15703, 50.72361]}, "properties": {"name": "Ryde St Johns Road", "crs": "RYR", "usage": null, "operator": "", "trend": []}}, {"type": "Feature", "geometry": {"type": "Point", "coordinates": [-2.17617, 53.45792]}, "properties": {"name": "Ryder Brow", "crs": "RRB", "usage": null, "operator": "", "trend": []}}, {"type": "Feature", "geometry": {"type": "Point", "coordinates": [0.73078, 50.95192]}, "properties": {"name": "Rye", "crs": "RYE", "usage": null, "operator": "", "trend": []}}, {"type": "Feature", "geometry": {"type": "Point", "coordinates": [0.0058, 51.76881]}, "properties": {"name": "Rye House", "crs": "RYH", "usage": null, "operator": "", "trend": []}}, {"type": "Feature", "geometry": {"type": "Point", "coordinates": [-2.25469, 53.48291]}, "properties": {"name": "Salford Central", "crs": "SFD", "usage": null, "operator": "", "trend": []}}, {"type": "Feature", "geometry": {"type": "Point", "coordinates": [-2.27571, 53.48646]}, "properties": {"name": "Salford Crescent", "crs": "SLD", "usage": null, "operator": "", "trend": []}}, {"type": "Feature", "geometry": {"type": "Point", "coordinates": [-0.1621, 51.20141]}, "properties": {"name": "Salfords", "crs": "SAF", "usage": null, "operator": "", "trend": []}}, {"type": "Feature", "geometry": {"type": "Point", "coordinates": [1.39189, 52.67508]}, "properties": {"name": "Salhouse", "crs": "SAH", "usage": null, "operator": "", "trend": []}}, {"type": "Feature", "geometry": {"type": "Point", "coordinates": [-1.80586, 51.07091]}, "properties": {"name": "Salisbury", "crs": "SAL", "usage": null, "operator": "", "trend": []}}, {"type": "Feature", "geometry": {"type": "Point", "coordinates": [-1.79025, 53.83807]}, "properties": {"name": "Saltaire", "crs": "SAE", "usage": null, "operator": "", "trend": []}}, {"type": "Feature", "geometry": {"type": "Point", "coordinates": [-4.20945, 50.40711]}, "properties": {"name": "Saltash", "crs": "STS", "usage": null, "operator": "", "trend": []}}, {"type": "Feature", "geometry": {"type": "Point", "coordinates": [-0.97412, 54.58346]}, "properties": {"name": "Saltburn", "crs": "SLB", "usage": null, "operator": "", "trend": []}}, {"type": "Feature", "geometry": {"type": "Point", "coordinates": [-0.80876, 53.72268]}, "properties": {"name": "Saltmarshe", "crs": "SAM", "usage": null, "operator": "", "trend": []}}, {"type": "Feature", "geometry": {"type": "Point", "coordinates": [-2.81797, 53.78154]}, "properties": {"name": "Salwick", "crs": "SLW", "usage": null, "operator": "", "trend": []}}, {"type": "Feature", "geometry": {"type": "Point", "coordinates": [-1.4854, 53.66457]}, "properties": {"name": "Sandal & Agbrigg", "crs": "SNA", "usage": null, "operator": "", "trend": []}}, {"type": "Feature", "geometry": {"type": "Point", "coordinates": [-2.39353, 53.15011]}, "properties": {"name": "Sandbach", "crs": "SDB", "usage": null, "operator": "", "trend": []}}, {"type": "Feature", "geometry": {"type": "Point", "coordinates": [-0.09302, 51.34869]}, "properties": {"name": "Sanderstead", "crs": "SNR", "usage": null, "operator": "", "trend": []}}, {"type": "Feature", "geometry": {"type": "Point", "coordinates": [-2.9915, 53.43002]}, "properties": {"name": "Sandhills", "crs": "SDL", "usage": null, "operator": "", "trend": []}}, {"type": "Feature", "geometry": {"type": "Point", "coordinates": [-0.80391, 51.34642]}, "properties": {"name": "Sandhurst", "crs": "SND", "usage": null, "operator": "", "trend": []}}, {"type": "Feature", "geometry": {"type": "Point", "coordinates": [1.066, 51.09021]}, "properties": {"name": "Sandling", "crs": "SDG", "usage": null, "operator": "", "trend": []}}, {"type": "Feature", "geometry": {"type": "Point", "coordinates": [-1.16246, 50.6571]}, "properties": {"name": "Sandown", "crs": "SAN", "usage": null, "operator": "", "trend": []}}, {"type": "Feature", "geometry": {"type": "Point", "coordinates": [-4.46455, 50.38668]}, "properties": {"name": "Sandplace", "crs": "SDP", "usage": null, "operator": "", "trend": []}}, {"type": "Feature", "geometry": {"type": "Point", "coordinates": [-2.01128, 52.50843]}, "properties": {"name": "Sandwell & Dudley", "crs": "SAD", "usage": null, "operator": "", "trend": []}}, {"type": "Feature", "geometry": {"type": "Point", "coordinates": [1.34321, 51.26971]}, "properties": {"name": "Sandwich", "crs": "SDW", "usage": null, "operator": "", "trend": []}}, {"type": "Feature", "geometry": {"type": "Point", "coordinates": [-0.28065, 52.12493]}, "properties": {"name": "Sandy", "crs": "SDY", "usage": null, "operator": "", "trend": []}}, {"type": "Feature", "geometry": {"type": "Point", "coordinates": [-2.65109, 53.39245]}, "properties": {"name": "Sankey for Penketh", "crs": "SNK", "usage": null, "operator": "", "trend": []}}, {"type": "Feature", "geometry": {"type": "Point", "coordinates": [-0.82563, 51.67575]}, "properties": {"name": "Saunderton", "crs": "SDR", "usage": null, "operator": "", "trend": []}}, {"type": "Feature", "geometry": {"type": "Point", "coordinates": [0.16018, 51.81462]}, "properties": {"name": "Sawbridgeworth", "crs": "SAW", "usage": null, "operator": "", "trend": []}}, {"type": "Feature", "geometry": {"type": "Point", "coordinates": [-0.66402, 53.26719]}, "properties": {"name": "Saxilby", "crs": "SXY", "usage": null, "operator": "", "trend": []}}, {"type": "Feature", "geometry": {"type": "Point", "coordinates": [1.48996, 52.21531]}, "properties": {"name": "Saxmundham", "crs": "SAX", "usage": null, "operator": "", "trend": []}}, {"type": "Feature", "geometry": {"type": "Point", "coordinates": [-0.40567, 54.2798]}, "properties": {"name": "Scarborough", "crs": "SCA", "usage": null, "operator": "", "trend": []}}, {"type": "Feature", "geometry": {"type": "Point", "coordinates": [-0.65095, 53.58617]}, "properties": {"name": "Scunthorpe", "crs": "SCU", "usage": null, "operator": "", "trend": []}}, {"type": "Feature", "geometry": {"type": "Point", "coordinates": [-2.64943, 51.48021]}, "properties": {"name": "Sea Mills", "crs": "SML", "usage": null, "operator": "", "trend": []}}, {"type": "Feature", "geometry": {"type": "Point", "coordinates": [-1.38667, 54.92956]}, "properties": {"name": "Seaburn", "crs": "SEB", "usage": null, "operator": "", "trend": []}}, {"type": "Feature", "geometry": {"type": "Point", "coordinates": [0.10045, 50.77249]}, "properties": {"name": "Seaford", "crs": "SEF", "usage": null, "operator": "", "trend": []}}, {"type": "Feature", "geometry": {"type": "Point", "coordinates": [-3.00562, 53.46634]}, "properties": {"name": "Seaforth & Litherland", "crs": "SFL", "usage": null, "operator": "", "trend": []}}, {"type": "Feature", "geometry": {"type": "Point", "coordinates": [-1.34102, 54.83684]}, "properties": {"name": "Seaham", "crs": "SEA", "usage": null, "operator": "", "trend": []}}, {"type": "Feature", "geometry": {"type": "Point", "coordinates": [-0.41637, 54.24129]}, "properties": {"name": "Seamer", "crs": "SEM", "usage": null, "operator": "", "trend": []}}, {"type": "Feature", "geometry": {"type": "Point", "coordinates": [-3.48476, 54.39535]}, "properties": {"name": "Seascale", "crs": "SSC", "usage": null, "operator": "", "trend": []}}, {"type": "Feature", "geometry": {"type": "Point", "coordinates": [-1.20011, 54.65796]}, "properties": {"name": "Seaton Carew", "crs": "SEC", "usage": null, "operator": "", "trend": []}}, {"type": "Feature", "geometry": {"type": "Point", "coordinates": [-1.5372, 55.0755]}, "properties": {"name": "Seaton Delaval", "crs": "SEJ", "usage": null, "operator": "", "trend": []}}, {"type": "Feature", "geometry": {"type": "Point", "coordinates": [-0.60781, 51.60952]}, "properties": {"name": "Seer Green & Jordans", "crs": "SRG", "usage": null, "operator": "", "trend": []}}, {"type": "Feature", "geometry": {"type": "Point", "coordinates": [-1.06355, 53.78336]}, "properties": {"name": "Selby", "crs": "SBY", "usage": null, "operator": "", "trend": []}}, {"type": "Feature", "geometry": {"type": "Point", "coordinates": [-0.08976, 51.3927]}, "properties": {"name": "Selhurst", "crs": "SRS", "usage": null, "operator": "", "trend": []}}, {"type": "Feature", "geometry": {"type": "Point", "coordinates": [-3.51029, 54.41657]}, "properties": {"name": "Sellafield", "crs": "SEL", "usage": null, "operator": "", "trend": []}}, {"type": "Feature", "geometry": {"type": "Point", "coordinates": [0.9408, 51.27782]}, "properties": {"name": "Selling", "crs": "SEG", "usage": null, "operator": "", "trend": []}}, {"type": "Feature", "geometry": {"type": "Point", "coordinates": [-1.93671, 52.44132]}, "properties": {"name": "Selly Oak", "crs": "SLY", "usage": null, "operator": "", "trend": []}}, {"type": "Feature", "geometry": {"type": "Point", "coordinates": [-2.2807, 54.0669]}, "properties": {"name": "Settle", "crs": "SET", "usage": null, "operator": "", "trend": []}}, {"type": "Feature", "geometry": {"type": "Point", "coordinates": [0.09632, 51.56399]}, "properties": {"name": "Seven Kings", "crs": "SVK", "usage": null, "operator": "", "trend": []}}, {"type": "Feature", "geometry": {"type": "Point", "coordinates": [-0.07452, 51.58401]}, "properties": {"name": "Seven Sisters", "crs": "SVS", "usage": null, "operator": "", "trend": []}}, {"type": "Feature", "geometry": {"type": "Point", "coordinates": [0.18219, 51.27734]}, "properties": {"name": "Sevenoaks", "crs": "SEV", "usage": null, "operator": "", "trend": []}}, {"type": "Feature", "geometry": {"type": "Point", "coordinates": [-2.66423, 51.55986]}, "properties": {"name": "Severn Beach", "crs": "SVB", "usage": null, "operator": "", "trend": []}}, {"type": "Feature", "geometry": {"type": "Point", "coordinates": [-0.05743, 51.51093]}, "properties": {"name": "Shadwell", "crs": "SDE", "usage": null, "operator": "", "trend": []}}, {"type": "Feature", "geometry": {"type": "Point", "coordinates": [-0.56679, 51.21426]}, "properties": {"name": "Shalford", "crs": "SFR", "usage": null, "operator": "", "trend": []}}, {"type": "Feature", "geometry": {"type": "Point", "coordinates": [-1.17984, 50.63384]}, "properties": {"name": "Shanklin", "crs": "SHN", "usage": null, "operator": "", "trend": []}}, {"type": "Feature", "geometry": {"type": "Point", "coordinates": [-1.32843, 51.02149]}, "properties": {"name": "Shawford", "crs": "SHW", "usage": null, "operator": "", "trend": []}}, {"type": "Feature", "geometry": {"type": "Point", "coordinates": [0.7584, 51.44056]}, "properties": {"name": "Sheerness-On-Sea", "crs": "SSS", "usage": null, "operator": "", "trend": []}}, {"type": "Feature", "geometry": {"type": "Point", "coordinates": [-1.4633, 53.37864]}, "properties": {"name": "Sheffield", "crs": "SHF", "usage": null, "operator": "", "trend": []}}, {"type": "Feature", "geometry": {"type": "Point", "coordinates": [0.13981, 52.14952]}, "properties": {"name": "Shelford", "crs": "SED", "usage": null, "operator": "", "trend": []}}, {"type": "Feature", "geometry": {"type": "Point", "coordinates": [0.3306, 51.63061]}, "properties": {"name": "Shenfield", "crs": "SNF", "usage": null, "operator": "", "trend": []}}, {"type": "Feature", "geometry": {"type": "Point", "coordinates": [-1.84453, 52.63898]}, "properties": {"name": "Shenstone", "crs": "SEN", "usage": null, "operator": "", "trend": []}}, {"type": "Feature", "geometry": {"type": "Point", "coordinates": [-0.218, 51.506]}, "properties": {"name": "Shepherds Bush", "crs": "SPB", "usage": null, "operator": "", "trend": []}}, {"type": "Feature", "geometry": {"type": "Point", "coordinates": [1.22995, 51.18834]}, "properties": {"name": "Shepherds Well", "crs": "SPH", "usage": null, "operator": "", "trend": []}}, {"type": "Feature", "geometry": {"type": "Point", "coordinates": [-1.70386, 53.58891]}, "properties": {"name": "Shepley", "crs": "SPY", "usage": null, "operator": "", "trend": []}}, {"type": "Feature", "geometry": {"type": "Point", "coordinates": [-0.44752, 51.39709]}, "properties": {"name": "Shepperton", "crs": "SHP", "usage": null, "operator": "", "trend": []}}, {"type": "Feature", "geometry": {"type": "Point", "coordinates": [0.03152, 52.11457]}, "properties": {"name": "Shepreth", "crs": "STH", "usage": null, "operator": "", "trend": []}}, {"type": "Feature", "geometry": {"type": "Point", "coordinates": [-2.51382, 50.94405]}, "properties": {"name": "Sherborne", "crs": "SHE", "usage": null, "operator": "", "trend": []}}, {"type": "Feature", "geometry": {"type": "Point", "coordinates": [-1.23176, 53.79714]}, "properties": {"name": "Sherburn-In-Elmet", "crs": "SIE", "usage": null, "operator": "", "trend": []}}, {"type": "Feature", "geometry": {"type": "Point", "coordinates": [1.21019, 52.94096]}, "properties": {"name": "Sheringham", "crs": "SHM", "usage": null, "operator": "", "trend": []}}, {"type": "Feature", "geometry": {"type": "Point", "coordinates": [-2.37112, 52.6664]}, "properties": {"name": "Shifnal", "crs": "SFN", "usage": null, "operator": "", "trend": []}}, {"type": "Feature", "geometry": {"type": "Point", "coordinates": [-1.63752, 54.62682]}, "properties": {"name": "Shildon", "crs": "SHD", "usage": null, "operator": "", "trend": []}}, {"type": "Feature", "geometry": {"type": "Point", "coordinates": [-0.88245, 51.51121]}, "properties": {"name": "Shiplake", "crs": "SHI", "usage": null, "operator": "", "trend": []}}, {"type": "Feature", "geometry": {"type": "Point", "coordinates": [-1.77356, 53.83355]}, "properties": {"name": "Shipley", "crs": "SHY", "usage": null, "operator": "", "trend": []}}, {"type": "Feature", "geometry": {"type": "Point", "coordinates": [0.4123, 52.43022]}, "properties": {"name": "Shippea Hill", "crs": "SPP", "usage": null, "operator": "", "trend": []}}, {"type": "Feature", "geometry": {"type": "Point", "coordinates": [-1.59186, 51.86613]}, "properties": {"name": "Shipton", "crs": "SIP", "usage": null, "operator": "", "trend": []}}, {"type": "Feature", "geometry": {"type": "Point", "coordinates": [-1.20199, 53.20369]}, "properties": {"name": "Shirebrook", "crs": "SHB", "usage": null, "operator": "", "trend": []}}, {"type": "Feature", "geometry": {"type": "Point", "coordinates": [-2.67916, 51.48422]}, "properties": {"name": "Shirehampton", "crs": "SHH", "usage": null, "operator": "", "trend": []}}, {"type": "Feature", "geometry": {"type": "Point", "coordinates": [-1.16821, 53.32481]}, "properties": {"name": "Shireoaks", "crs": "SRO", "usage": null, "operator": "", "trend": []}}, {"type": "Feature", "geometry": {"type": "Point", "coordinates": [-1.84563, 52.40347]}, "properties": {"name": "Shirley", "crs": "SRL", "usage": null, "operator": "", "trend": []}}, {"type": "Feature", "geometry": {"type": "Point", "coordinates": [0.79562, 51.53141]}, "properties": {"name": "Shoeburyness", "crs": "SRY", "usage": null, "operator": "", "trend": []}}, {"type": "Feature", "geometry": {"type": "Point", "coordinates": [-1.36436, 50.89669]}, "properties": {"name": "Sholing", "crs": "SHO", "usage": null, "operator": "", "trend": []}}, {"type": "Feature", "geometry": {"type": "Point", "coordinates": [-0.07561, 51.52343]}, "properties": {"name": "Shoreditch High Street", "crs": "SDC", "usage": null, "operator": "", "trend": []}}, {"type": "Feature", "geometry": {"type": "Point", "coordinates": [0.18766, 51.33209]}, "properties": {"name": "Shoreham (Kent)", "crs": "SEH", "usage": null, "operator": "", "trend": []}}, {"type": "Feature", "geometry": {"type": "Point", "coordinates": [-0.27171, 50.83436]}, "properties": {"name": "Shoreham-By-Sea", "crs": "SSE", "usage": null, "operator": "", "trend": []}}, {"type": "Feature", "geometry": {"type": "Point", "coordinates": [0.0028, 51.40555]}, "properties": {"name": "Shortlands", "crs": "SRT", "usage": null, "operator": "", "trend": []}}, {"type": "Feature", "geometry": {"type": "Point", "coordinates": [-2.74897, 52.71137]}, "properties": {"name": "Shrewsbury", "crs": "SHR", "usage": null, "operator": "", "trend": []}}, {"type": "Feature", "geometry": {"type": "Point", "coordinates": [0.10334, 51.43436]}, "properties": {"name": "Sidcup", "crs": "SID", "usage": null, "operator": "", "trend": []}}, {"type": "Feature", "geometry": {"type": "Point", "coordinates": [-1.10998, 52.73159]}, "properties": {"name": "Sileby", "crs": "SIL", "usage": null, "operator": "", "trend": []}}, {"type": "Feature", "geometry": {"type": "Point", "coordinates": [-3.33428, 54.22597]}, "properties": {"name": "Silecroft", "crs": "SIC", "usage": null, "operator": "", "trend": []}}, {"type": "Feature", "geometry": {"type": "Point", "coordinates": [-1.56088, 53.53724]}, "properties": {"name": "Silkstone Common", "crs": "SLK", "usage": null, "operator": "", "trend": []}}, {"type": "Feature", "geometry": {"type": "Point", "coordinates": [-0.06742, 51.61536]}, "properties": {"name": "Silver Street", "crs": "SLV", "usage": null, "operator": "", "trend": []}}, {"type": "Feature", "geometry": {"type": "Point", "coordinates": [-2.80416, 54.16992]}, "properties": {"name": "Silverdale", "crs": "SVR", "usage": null, "operator": "", "trend": []}}, {"type": "Feature", "geometry": {"type": "Point", "coordinates": [0.73382, 51.3422]}, "properties": {"name": "Sittingbourne", "crs": "SIT", "usage": null, "operator": "", "trend": []}}, {"type": "Feature", "geometry": {"type": "Point", "coordinates": [0.33393, 53.14303]}, "properties": {"name": "Skegness", "crs": "SKG", "usage": null, "operator": "", "trend": []}}, {"type": "Feature", "geometry": {"type": "Point", "coordinates": [-2.02588, 53.95869]}, "properties": {"name": "Skipton", "crs": "SKI", "usage": null, "operator": "", "trend": []}}, {"type": "Feature", "geometry": {"type": "Point", "coordinates": [0.18979, 51.46696]}, "properties": {"name": "Slade Green", "crs": "SGR", "usage": null, "operator": "", "trend": []}}, {"type": "Feature", "geometry": {"type": "Point", "coordinates": [-1.87901, 53.62427]}, "properties": {"name": "Slaithwaite", "crs": "SWT", "usage": null, "operator": "", "trend": []}}, {"type": "Feature", "geometry": {"type": "Point", "coordinates": [-0.41017, 52.99527]}, "properties": {"name": "Sleaford", "crs": "SLR", "usage": null, "operator": "", "trend": []}}, {"type": "Feature", "geometry": {"type": "Point", "coordinates": [-0.66246, 54.46088]}, "properties": {"name": "Sleights", "crs": "SLH", "usage": null, "operator": "", "trend": []}}, {"type": "Feature", "geometry": {"type": "Point", "coordinates": [-0.5918, 51.51192]}, "properties": {"name": "Slough", "crs": "SLO", "usage": null, "operator": "", "trend": []}}, {"type": "Feature", "geometry": {"type": "Point", "coordinates": [-1.85867, 52.46283]}, "properties": {"name": "Small Heath", "crs": "SMA", "usage": null, "operator": "", "trend": []}}, {"type": "Feature", "geometry": {"type": "Point", "coordinates": [-1.15721, 50.71282]}, "properties": {"name": "Smallbrook Junction", "crs": "SAB", "usage": null, "operator": "", "trend": []}}, {"type": "Feature", "geometry": {"type": "Point", "coordinates": [-1.98063, 52.50183]}, "properties": {"name": "Smethwick Galton Bridge", "crs": "SGB", "usage": null, "operator": "", "trend": []}}, {"type": "Feature", "geometry": {"type": "Point", "coordinates": [-1.96989, 52.49632]}, "properties": {"name": "Smethwick Rolfe Street", "crs": "SMR", "usage": null, "operator": "", "trend": []}}, {"type": "Feature", "geometry": {"type": "Point", "coordinates": [-2.11339, 53.63327]}, "properties": {"name": "Smithy Bridge", "crs": "SMB", "usage": null, "operator": "", "trend": []}}, {"type": "Feature", "geometry": {"type": "Point", "coordinates": [-1.02768, 53.69319]}, "properties": {"name": "Snaith", "crs": "SNI", "usage": null, "operator": "", "trend": []}}, {"type": "Feature", "geometry": {"type": "Point", "coordinates": [0.44886, 51.33052]}, "properties": {"name": "Snodland", "crs": "SDA", "usage": null, "operator": "", "trend": []}}, {"type": "Feature", "geometry": {"type": "Point", "coordinates": [1.21319, 51.21489]}, "properties": {"name": "Snowdown", "crs": "SWO", "usage": null, "operator": "", "trend": []}}, {"type": "Feature", "geometry": {"type": "Point", "coordinates": [0.3277, 52.33415]}, "properties": {"name": "Soham", "crs": "SOJ", "usage": null, "operator": "", "trend": []}}, {"type": "Feature", "geometry": {"type": "Point", "coordinates": [0.37694, 51.38327]}, "properties": {"name": "Sole Street", "crs": "SOR", "usage": null, "operator": "", "trend": []}}, {"type": "Feature", "geometry": {"type": "Point", "coordinates": [-1.78972, 52.41508]}, "properties": {"name": "Solihull", "crs": "SOL", "usage": null, "operator": "", "trend": []}}, {"type": "Feature", "geometry": {"type": "Point", "coordinates": [1.65333, 52.50989]}, "properties": {"name": "Somerleyton", "crs": "SYT", "usage": null, "operator": "", "trend": []}}, {"type": "Feature", "geometry": {"type": "Point", "coordinates": [-0.2697, 51.49981]}, "properties": {"name": "South Acton", "crs": "SAT", "usage": null, "operator": "", "trend": []}}, {"type": "Feature", "geometry": {"type": "Point", "coordinates": [-1.18611, 54.58237]}, "properties": {"name": "South Bank", "crs": "SBK", "usage": null, "operator": "", "trend": []}}, {"type": "Feature", "geometry": {"type": "Point", "coordinates": [-0.0541, 51.48745]}, "properties": {"name": "South Bermondsey", "crs": "SBM", "usage": null, "operator": "", "trend": []}}, {"type": "Feature", "geometry": {"type": "Point", "coordinates": [-0.0939, 51.36219]}, "properties": {"name": "South Croydon", "crs": "SCY", "usage": null, "operator": "", "trend": []}}, {"type": "Feature", "geometry": {"type": "Point", "coordinates": [-1.28529, 53.59523]}, "properties": {"name": "South Elmsall", "crs": "SES", "usage": null, "operator": "", "trend": []}}, {"type": "Feature", "geometry": {"type": "Point", "coordinates": [-0.3364, 51.53334]}, "properties": {"name": "South Greenford", "crs": "SGN", "usage": null, "operator": "", "trend": []}}, {"type": "Feature", "geometry": {"type": "Point", "coordinates": [-0.17876, 51.54142]}, "properties": {"name": "South Hampstead", "crs": "SOH", "usage": null, "operator": "", "trend": []}}, {"type": "Feature", "geometry": {"type": "Point", "coordinates": [-0.30889, 51.56963]}, "properties": {"name": "South Kenton", "crs": "SOK", "usage": null, "operator": "", "trend": []}}, {"type": "Feature", "geometry": {"type": "Point", "coordinates": [-0.20576, 51.40353]}, "properties": {"name": "South Merton", "crs": "SMO", "usage": null, "operator": "", "trend": []}}, {"type": "Feature", "geometry": {"type": "Point", "coordinates": [-1.25177, 53.78199]}, "properties": {"name": "South Milford", "crs": "SOM", "usage": null, "operator": "", "trend": []}}, {"type": "Feature", "geometry": {"type": "Point", "coordinates": [-0.39881, 51.55674]}, "properties": {"name": "South Ruislip", "crs": "SRU", "usage": null, "operator": "", "trend": []}}, {"type": "Feature", "geometry": {"type": "Point", "coordinates": [-0.07179, 51.58036]}, "properties": {"name": "South Tottenham", "crs": "STO", "usage": null, "operator": "", "trend": []}}, {"type": "Feature", "geometry": {"type": "Point", "coordinates": [-1.13292, 52.58245]}, "properties": {"name": "South Wigston", "crs": "SWS", "usage": null, "operator": "", "trend": []}}, {"type": "Feature", "geometry": {"type": "Point", "coordinates": [0.60651, 51.64957]}, "properties": {"name": "South Woodham Ferrers", "crs": "SOF", "usage": null, "operator": "", "trend": []}}, {"type": "Feature", "geometry": {"type": "Point", "coordinates": [-0.37851, 51.50588]}, "properties": {"name": "Southall", "crs": "STL", "usage": null, "operator": "", "trend": []}}, {"type": "Feature", "geometry": {"type": "Point", "coordinates": [-1.36362, 50.95064]}, "properties": {"name": "Southampton Airport Parkway", "crs": "SOA", "usage": null, "operator": "", "trend": []}}, {"type": "Feature", "geometry": {"type": "Point", "coordinates": [-1.41398, 50.90774]}, "properties": {"name": "Southampton Central", "crs": "SOU", "usage": null, "operator": "", "trend": []}}, {"type": "Feature", "geometry": {"type": "Point", "coordinates": [-1.40578, 50.89504]}, "properties": {"name": "Southampton Town Quay", "crs": "STQ", "usage": null, "operator": "", "trend": []}}, {"type": "Feature", "geometry": {"type": "Point", "coordinates": [-0.9076, 50.84834]}, "properties": {"name": "Southbourne", "crs": "SOB", "usage": null, "operator": "", "trend": []}}, {"type": "Feature", "geometry": {"type": "Point", "coordinates": [-0.053, 51.6484]}, "properties": {"name": "Southbury", "crs": "SBU", "usage": null, "operator": "", "trend": []}}, {"type": "Feature", "geometry": {"type": "Point", "coordinates": [0.03066, 50.83128]}, "properties": {"name": "Southease", "crs": "SEE", "usage": null, "operator": "", "trend": []}}, {"type": "Feature", "geometry": {"type": "Point", "coordinates": [0.70408, 51.5687]}, "properties": {"name": "Southend Airport", "crs": "SIA", "usage": null, "operator": "", "trend": []}}, {"type": "Feature", "geometry": {"type": "Point", "coordinates": [0.7123, 51.53697]}, "properties": {"name": "Southend Central", "crs": "SOC", "usage": null, "operator": "", "trend": []}}, {"type": "Feature", "geometry": {"type": "Point", "coordinates": [0.7312, 51.53923]}, "properties": {"name": "Southend East", "crs": "SOE", "usage": null, "operator": "", "trend": []}}, {"type": "Feature", "geometry": {"type": "Point", "coordinates": [0.71118, 51.54239]}, "properties": {"name": "Southend Victoria", "crs": "SOV", "usage": null, "operator": "", "trend": []}}, {"type": "Feature", "geometry": {"type": "Point", "coordinates": [0.8354, 51.66087]}, "properties": {"name": "Southminster", "crs": "SMN", "usage": null, "operator": "", "trend": []}}, {"type": "Feature", "geometry": {"type": "Point", "coordinates": [-3.00223, 53.6466]}, "properties": {"name": "Southport", "crs": "SOP", "usage": null, "operator": "", "trend": []}}, {"type": "Feature", "geometry": {"type": "Point", "coordinates": [-0.23625, 50.83293]}, "properties": {"name": "Southwick", "crs": "SWK", "usage": null, "operator": "", "trend": []}}, {"type": "Feature", "geometry": {"type": "Point", "coordinates": [-1.90756, 53.70789]}, "properties": {"name": "Sowerby Bridge", "crs": "SOW", "usage": null, "operator": "", "trend": []}}, {"type": "Feature", "geometry": {"type": "Point", "coordinates": [-0.15672, 52.78842]}, "properties": {"name": "Spalding", "crs": "SPA", "usage": null, "operator": "", "trend": []}}, {"type": "Feature", "geometry": {"type": "Point", "coordinates": [-2.9939, 53.33987]}, "properties": {"name": "Spital", "crs": "SPI", "usage": null, "operator": "", "trend": []}}, {"type": "Feature", "geometry": {"type": "Point", "coordinates": [-1.41063, 52.91227]}, "properties": {"name": "Spondon", "crs": "SPO", "usage": null, "operator": "", "trend": []}}, {"type": "Feature", "geometry": {"type": "Point", "coordinates": [1.08609, 52.53506]}, "properties": {"name": "Spooner Row", "crs": "SPN", "usage": null, "operator": "", "trend": []}}, {"type": "Feature", "geometry": {"type": "Point", "coordinates": [-1.83666, 52.44392]}, "properties": {"name": "Spring Road", "crs": "SRI", "usage": null, "operator": "", "trend": []}}, {"type": "Feature", "geometry": {"type": "Point", "coordinates": [-3.0494, 53.77676]}, "properties": {"name": "Squires Gate", "crs": "SQU", "usage": null, "operator": "", "trend": []}}, {"type": "Feature", "geometry": {"type": "Point", "coordinates": [-0.32684, 51.74883]}, "properties": {"name": "St Albans", "crs": "SAC", "usage": null, "operator": "", "trend": []}}, {"type": "Feature", "geometry": {"type": "Point", "coordinates": [-0.34242, 51.74468]}, "properties": {"name": "St Albans Abbey", "crs": "SAA", "usage": null, "operator": "", "trend": []}}, {"type": "Feature", "geometry": {"type": "Point", "coordinates": [-2.69601, 51.51321]}, "properties": {"name": "St Andrews Road", "crs": "SAR", "usage": null, "operator": "", "trend": []}}, {"type": "Feature", "geometry": {"type": "Point", "coordinates": [-3.02966, 53.75338]}, "properties": {"name": "St Annes-On-The-Sea", "crs": "SAS", "usage": null, "operator": "", "trend": []}}, {"type": "Feature", "geometry": {"type": "Point", "coordinates": [-4.78956, 50.33886]}, "properties": {"name": "St Austell", "crs": "SAU", "usage": null, "operator": "", "trend": []}}, {"type": "Feature", "geometry": {"type": "Point", "coordinates": [-3.59126, 54.49247]}, "properties": {"name": "St Bees", "crs": "SBS", "usage": null, "operator": "", "trend": []}}, {"type": "Feature", "geometry": {"type": "Point", "coordinates": [-4.18666, 50.40124]}, "properties": {"name": "St Budeaux Ferry Road", "crs": "SBF", "usage": null, "operator": "", "trend": []}}, {"type": "Feature", "geometry": {"type": "Point", "coordinates": [-4.18814, 50.40301]}, "properties": {"name": "St Budeaux Victoria Road", "crs": "SBV", "usage": null, "operator": "", "trend": []}}, {"type": "Feature", "geometry": {"type": "Point", "coordinates": [-4.94085, 50.399]}, "properties": {"name": "St Columb Road", "crs": "SCR", "usage": null, "operator": "", "trend": []}}, {"type": "Feature", "geometry": {"type": "Point", "coordinates": [-1.3882, 50.922]}, "properties": {"name": "St Denys", "crs": "SDN", "usage": null, "operator": "", "trend": []}}, {"type": "Feature", "geometry": {"type": "Point", "coordinates": [-5.44369, 50.17107]}, "properties": {"name": "St Erth", "crs": "SER", "usage": null, "operator": "", "trend": []}}, {"type": "Feature", "geometry": {"type": "Point", "coordinates": [-4.30876, 50.39439]}, "properties": {"name": "St Germans", "crs": "SGM", "usage": null, "operator": "", "trend": []}}, {"type": "Feature", "geometry": {"type": "Point", "coordinates": [-2.73033, 53.45312]}, "properties": {"name": "St Helens Central", "crs": "SNH", "usage": null, "operator": "", "trend": []}}, {"type": "Feature", "geometry": {"type": "Point", "coordinates": [-2.69989, 53.43353]}, "properties": {"name": "St Helens Junction", "crs": "SHJ", "usage": null, "operator": "", "trend": []}}, {"type": "Feature", "geometry": {"type": "Point", "coordinates": [-0.19911, 51.38994]}, "properties": {"name": "St Helier", "crs": "SIH", "usage": null, "operator": "", "trend": []}}, {"type": "Feature", "geometry": {"type": "Point", "coordinates": [-5.47725, 50.20876]}, "properties": {"name": "St Ives", "crs": "SIV", "usage": null, "operator": "", "trend": []}}, {"type": "Feature", "geometry": {"type": "Point", "coordinates": [-0.0328, 51.58061]}, "properties": {"name": "St James Street", "crs": "SJS", "usage": null, "operator": "", "trend": []}}, {"type": "Feature", "geometry": {"type": "Point", "coordinates": [-3.5232, 50.73109]}, "properties": {"name": "St James' Park", "crs": "SJP", "usage": null, "operator": "", "trend": []}}, {"type": "Feature", "geometry": {"type": "Point", "coordinates": [-0.02322, 51.46894]}, "properties": {"name": "St Johns", "crs": "SAJ", "usage": null, "operator": "", "trend": []}}, {"type": "Feature", "geometry": {"type": "Point", "coordinates": [-4.4622, 50.42271]}, "properties": {"name": "St Keyne", "crs": "SKN", "usage": null, "operator": "", "trend": []}}, {"type": "Feature", "geometry": {"type": "Point", "coordinates": [0.56033, 50.85594]}, "properties": {"name": "St Leonards Warrior Square", "crs": "SLQ", "usage": null, "operator": "", "trend": []}}, {"type": "Feature", "geometry": {"type": "Point", "coordinates": [0.00084, 51.78777]}, "properties": {"name": "St Margarets (Herts)", "crs": "SMT", "usage": null, "operator": "", "trend": []}}, {"type": "Feature", "geometry": {"type": "Point", "coordinates": [-0.32035, 51.45469]}, "properties": {"name": "St Margarets (London)", "crs": "SMG", "usage": null, "operator": "", "trend": []}}, {"type": "Feature", "geometry": {"type": "Point", "coordinates": [0.10727, 51.39471]}, "properties": {"name": "St Mary Cray", "crs": "SMY", "usage": null, "operator": "", "trend": []}}, {"type": "Feature", "geometry": {"type": "Point", "coordinates": [-2.9527, 53.37565]}, "properties": {"name": "St Michaels", "crs": "STM", "usage": null, "operator": "", "trend": []}}, {"type": "Feature", "geometry": {"type": "Point", "coordinates": [-0.24724, 52.23144]}, "properties": {"name": "St Neots", "crs": "SNO", "usage": null, "operator": "", "trend": []}}, {"type": "Feature", "geometry": {"type": "Point", "coordinates": [-1.38387, 54.91066]}, "properties": {"name": "St Peters", "crs": "STZ", "usage": null, "operator": "", "trend": []}}, {"type": "Feature", "geometry": {"type": "Point", "coordinates": [-2.12309, 52.80447]}, "properties": {"name": "Stafford", "crs": "STA", "usage": null, "operator": "", "trend": []}}, {"type": "Feature", "geometry": {"type": "Point", "coordinates": [-0.50241, 51.43287]}, "properties": {"name": "Staines", "crs": "SNS", "usage": null, "operator": "", "trend": []}}, {"type": "Feature", "geometry": {"type": "Point", "coordinates": [-0.18258, 53.58716]}, "properties": {"name": "Stallingborough", "crs": "SLL", "usage": null, "operator": "", "trend": []}}, {"type": "Feature", "geometry": {"type": "Point", "coordinates": [-2.06264, 53.48447]}, "properties": {"name": "Stalybridge", "crs": "SYB", "usage": null, "operator": "", "trend": []}}, {"type": "Feature", "geometry": {"type": "Point", "coordinates": [-0.48047, 52.64736]}, "properties": {"name": "Stamford", "crs": "SMD", "usage": null, "operator": "", "trend": []}}, {"type": "Feature", "geometry": {"type": "Point", "coordinates": [-0.07634, 51.57503]}, "properties": {"name": "Stamford Hill", "crs": "SMH", "usage": null, "operator": "", "trend": []}}, {"type": "Feature", "geometry": {"type": "Point", "coordinates": [0.42263, 51.51363]}, "properties": {"name": "Stanford-Le-Hope", "crs": "SFO", "usage": null, "operator": "", "trend": []}}, {"type": "Feature", "geometry": {"type": "Point", "coordinates": [-2.84132, 53.278]}, "properties": {"name": "Stanlow & Thornton", "crs": "SNT", "usage": null, "operator": "", "trend": []}}, {"type": "Feature", "geometry": {"type": "Point", "coordinates": [0.26162, 51.88898]}, "properties": {"name": "Stansted Airport", "crs": "SSD", "usage": null, "operator": "", "trend": []}}, {"type": "Feature", "geometry": {"type": "Point", "coordinates": [0.19964, 51.90149]}, "properties": {"name": "Stansted Mountfitchet", "crs": "SST", "usage": null, "operator": "", "trend": []}}, {"type": "Feature", "geometry": {"type": "Point", "coordinates": [0.55061, 51.17186]}, "properties": {"name": "Staplehurst", "crs": "SPU", "usage": null, "operator": "", "trend": []}}, {"type": "Feature", "geometry": {"type": "Point", "coordinates": [-2.56575, 51.46805]}, "properties": {"name": "Stapleton Road", "crs": "SRD", "usage": null, "operator": "", "trend": []}}, {"type": "Feature", "geometry": {"type": "Point", "coordinates": [-1.50112, 53.999]}, "properties": {"name": "Starbeck", "crs": "SBE", "usage": null, "operator": "", "trend": []}}, {"type": "Feature", "geometry": {"type": "Point", "coordinates": [-3.44776, 50.62773]}, "properties": {"name": "Starcross", "crs": "SCS", "usage": null, "operator": "", "trend": []}}, {"type": "Feature", "geometry": {"type": "Point", "coordinates": [-2.81896, 54.37563]}, "properties": {"name": "Staveley", "crs": "SVL", "usage": null, "operator": "", "trend": []}}, {"type": "Feature", "geometry": {"type": "Point", "coordinates": [-1.81001, 52.48524]}, "properties": {"name": "Stechford", "crs": "SCF", "usage": null, "operator": "", "trend": []}}, {"type": "Feature", "geometry": {"type": "Point", "coordinates": [-1.9467, 53.90026]}, "properties": {"name": "Steeton & Silsden", "crs": "SON", "usage": null, "operator": "", "trend": []}}, {"type": "Feature", "geometry": {"type": "Point", "coordinates": [-0.20644, 51.89903]}, "properties": {"name": "Stevenage", "crs": "SVG", "usage": null, "operator": "", "trend": []}}, {"type": "Feature", "geometry": {"type": "Point", "coordinates": [-0.5206, 52.06974]}, "properties": {"name": "Stewartby", "crs": "SWR", "usage": null, "operator": "", "trend": []}}, {"type": "Feature", "geometry": {"type": "Point", "coordinates": [-2.16242, 53.4049]}, "properties": {"name": "Stockport", "crs": "SPT", "usage": null, "operator": "", "trend": []}}, {"type": "Feature", "geometry": {"type": "Point", "coordinates": [-1.91723, 54.94635]}, "properties": {"name": "Stocksfield", "crs": "SKS", "usage": null, "operator": "", "trend": []}}, {"type": "Feature", "geometry": {"type": "Point", "coordinates": [-1.72348, 53.59435]}, "properties": {"name": "Stocksmoor", "crs": "SSM", "usage": null, "operator": "", "trend": []}}, {"type": "Feature", "geometry": {"type": "Point", "coordinates": [-1.31784, 54.56971]}, "properties": {"name": "Stockton", "crs": "STK", "usage": null, "operator": "", "trend": []}}, {"type": "Feature", "geometry": {"type": "Point", "coordinates": [-0.78358, 51.78772]}, "properties": {"name": "Stoke Mandeville", "crs": "SKM", "usage": null, "operator": "", "trend": []}}, {"type": "Feature", "geometry": {"type": "Point", "coordinates": [-0.07244, 51.56508]}, "properties": {"name": "Stoke Newington", "crs": "SKW", "usage": null, "operator": "", "trend": []}}, {"type": "Feature", "geometry": {"type": "Point", "coordinates": [-2.18112, 53.00801]}, "properties": {"name": "Stoke-On-Trent", "crs": "SOT", "usage": null, "operator": "", "trend": []}}, {"type": "Feature", "geometry": {"type": "Point", "coordinates": [-2.15495, 52.90832]}, "properties": {"name": "Stone", "crs": "SNE", "usage": null, "operator": "", "trend": []}}, {"type": "Feature", "geometry": {"type": "Point", "coordinates": [0.26392, 51.45205]}, "properties": {"name": "Stone Crossing", "crs": "SCG", "usage": null, "operator": "", "trend": []}}, {"type": "Feature", "geometry": {"type": "Point", "coordinates": [-0.27523, 51.54396]}, "properties": {"name": "Stonebridge Park", "crs": "SBP", "usage": null, "operator": "", "trend": []}}, {"type": "Feature", "geometry": {"type": "Point", "coordinates": [0.36402, 51.02018]}, "properties": {"name": "Stonegate", "crs": "SOG", "usage": null, "operator": "", "trend": []}}, {"type": "Feature", "geometry": {"type": "Point", "coordinates": [-2.27952, 51.74603]}, "properties": {"name": "Stonehouse", "crs": "SHU", "usage": null, "operator": "", "trend": []}}, {"type": "Feature", "geometry": {"type": "Point", "coordinates": [-0.24755, 51.3637]}, "properties": {"name": "Stoneleigh", "crs": "SNL", "usage": null, "operator": "", "trend": []}}, {"type": "Feature", "geometry": {"type": "Point", "coordinates": [-2.13386, 52.44756]}, "properties": {"name": "Stourbridge Junction", "crs": "SBJ", "usage": null, "operator": "", "trend": []}}, {"type": "Feature", "geometry": {"type": "Point", "coordinates": [-2.14272, 52.45654]}, "properties": {"name": "Stourbridge Town", "crs": "SBT", "usage": null, "operator": "", "trend": []}}, {"type": "Feature", "geometry": {"type": "Point", "coordinates": [1.00066, 52.19011]}, "properties": {"name": "Stowmarket", "crs": "SMK", "usage": null, "operator": "", "trend": []}}, {"type": "Feature", "geometry": {"type": "Point", "coordinates": [-0.00417, 51.54236]}, "properties": {"name": "Stratford (London)", "crs": "SRA", "usage": null, "operator": "", "trend": []}}, {"type": "Feature", "geometry": {"type": "Point", "coordinates": [-0.00988, 51.54431]}, "properties": {"name": "Stratford International", "crs": "SFA", "usage": null, "operator": "", "trend": []}}, {"type": "Feature", "geometry": {"type": "Point", "coordinates": [-1.71615, 52.19376]}, "properties": {"name": "Stratford-upon-Avon", "crs": "SAV", "usage": null, "operator": "", "trend": []}}, {"type": "Feature", "geometry": {"type": "Point", "coordinates": [-1.7307, 52.20642]}, "properties": {"name": "Stratford-upon-Avon Parkway", "crs": "STY", "usage": null, "operator": "", "trend": []}}, {"type": "Feature", "geometry": {"type": "Point", "coordinates": [-0.3396, 51.43968]}, "properties": {"name": "Strawberry Hill", "crs": "STW", "usage": null, "operator": "", "trend": []}}, {"type": "Feature", "geometry": {"type": "Point", "coordinates": [-0.13154, 51.42576]}, "properties": {"name": "Streatham", "crs": "STE", "usage": null, "operator": "", "trend": []}}, {"type": "Feature", "geometry": {"type": "Point", "coordinates": [-0.13614, 51.41863]}, "properties": {"name": "Streatham Common", "crs": "SRC", "usage": null, "operator": "", "trend": []}}, {"type": "Feature", "geometry": {"type": "Point", "coordinates": [-0.12814, 51.43829]}, "properties": {"name": "Streatham Hill", "crs": "SRH", "usage": null, "operator": "", "trend": []}}, {"type": "Feature", "geometry": {"type": "Point", "coordinates": [-1.39935, 53.67616]}, "properties": {"name": "Streethouse", "crs": "SHC", "usage": null, "operator": "", "trend": []}}, {"type": "Feature", "geometry": {"type": "Point", "coordinates": [-2.03354, 53.37493]}, "properties": {"name": "Strines", "crs": "SRN", "usage": null, "operator": "", "trend": []}}, {"type": "Feature", "geometry": {"type": "Point", "coordinates": [0.4998, 51.396]}, "properties": {"name": "Strood", "crs": "SOO", "usage": null, "operator": "", "trend": []}}, {"type": "Feature", "geometry": {"type": "Point", "coordinates": [-2.21867, 51.74436]}, "properties": {"name": "Stroud", "crs": "STD", "usage": null, "operator": "", "trend": []}}, {"type": "Feature", "geometry": {"type": "Point", "coordinates": [1.12164, 51.30102]}, "properties": {"name": "Sturry", "crs": "STU", "usage": null, "operator": "", "trend": []}}, {"type": "Feature", "geometry": {"type": "Point", "coordinates": [-2.24031, 53.34814]}, "properties": {"name": "Styal", "crs": "SYA", "usage": null, "operator": "", "trend": []}}, {"type": "Feature", "geometry": {"type": "Point", "coordinates": [-0.31668, 51.55446]}, "properties": {"name": "Sudbury & Harrow Road", "crs": "SUD", "usage": null, "operator": "", "trend": []}}, {"type": "Feature", "geometry": {"type": "Point", "coordinates": [-0.33609, 51.55842]}, "properties": {"name": "Sudbury Hill Harrow", "crs": "SDH", "usage": null, "operator": "", "trend": []}}, {"type": "Feature", "geometry": {"type": "Point", "coordinates": [0.73511, 52.03559]}, "properties": {"name": "Sudbury Suffolk", "crs": "SUY", "usage": null, "operator": "", "trend": []}}, {"type": "Feature", "geometry": {"type": "Point", "coordinates": [-0.41661, 51.41826]}, "properties": {"name": "Sunbury", "crs": "SUU", "usage": null, "operator": "", "trend": []}}, {"type": "Feature", "geometry": {"type": "Point", "coordinates": [-1.38236, 54.90617]}, "properties": {"name": "Sunderland", "crs": "SUN", "usage": null, "operator": "", "trend": []}}, {"type": "Feature", "geometry": {"type": "Point", "coordinates": [0.0204, 51.41334]}, "properties": {"name": "Sundridge Park", "crs": "SUP", "usage": null, "operator": "", "trend": []}}, {"type": "Feature", "geometry": {"type": "Point", "coordinates": [-0.63314, 51.39131]}, "properties": {"name": "Sunningdale", "crs": "SNG", "usage": null, "operator": "", "trend": []}}, {"type": "Feature", "geometry": {"type": "Point", "coordinates": [-0.55878, 51.47045]}, "properties": {"name": "Sunnymeads", "crs": "SNY", "usage": null, "operator": "", "trend": []}}, {"type": "Feature", "geometry": {"type": "Point", "coordinates": [-0.30394, 51.39241]}, "properties": {"name": "Surbiton", "crs": "SUR", "usage": null, "operator": "", "trend": []}}, {"type": "Feature", "geometry": {"type": "Point", "coordinates": [0.04811, 51.49279]}, "properties": {"name": "Surrey Quays", "crs": "SQE", "usage": null, "operator": "", "trend": []}}, {"type": "Feature", "geometry": {"type": "Point", "coordinates": [-0.19022, 51.36013]}, "properties": {"name": "Sutton (London)", "crs": "SUO", "usage": null, "operator": "", "trend": []}}, {"type": "Feature", "geometry": {"type": "Point", "coordinates": [-1.8244, 52.56527]}, "properties": {"name": "Sutton Coldfield", "crs": "SUT", "usage": null, "operator": "", "trend": []}}, {"type": "Feature", "geometry": {"type": "Point", "coordinates": [-0.1968, 51.37552]}, "properties": {"name": "Sutton Common", "crs": "SUC", "usage": null, "operator": "", "trend": []}}, {"type": "Feature", "geometry": {"type": "Point", "coordinates": [-1.23639, 53.12211]}, "properties": {"name": "Sutton Parkway", "crs": "SPK", "usage": null, "operator": "", "trend": []}}, {"type": "Feature", "geometry": {"type": "Point", "coordinates": [0.74819, 51.39043]}, "properties": {"name": "Swale", "crs": "SWL", "usage": null, "operator": "", "trend": []}}, {"type": "Feature", "geometry": {"type": "Point", "coordinates": [0.16755, 51.39273]}, "properties": {"name": "Swanley", "crs": "SAY", "usage": null, "operator": "", "trend": []}}, {"type": "Feature", "geometry": {"type": "Point", "coordinates": [0.30985, 51.44936]}, "properties": {"name": "Swanscombe- George & Dragon", "crs": "SWM", "usage": null, "operator": "", "trend": []}}, {"type": "Feature", "geometry": {"type": "Point", "coordinates": [-1.26515, 50.87543]}, "properties": {"name": "Swanwick", "crs": "SNW", "usage": null, "operator": "", "trend": []}}, {"type": "Feature", "geometry": {"type": "Point", "coordinates": [-1.60986, 50.78445]}, "properties": {"name": "Sway", "crs": "SWY", "usage": null, "operator": "", "trend": []}}, {"type": "Feature", "geometry": {"type": "Point", "coordinates": [-1.37655, 50.94172]}, "properties": {"name": "Swaythling", "crs": "SWG", "usage": null, "operator": "", "trend": []}}, {"type": "Feature", "geometry": {"type": "Point", "coordinates": [-0.70298, 53.16873]}, "properties": {"name": "Swinderby", "crs": "SWD", "usage": null, "operator": "", "trend": []}}, {"type": "Feature", "geometry": {"type": "Point", "coordinates": [-1.78645, 51.56544]}, "properties": {"name": "Swindon", "crs": "SWI", "usage": null, "operator": "", "trend": []}}, {"type": "Feature", "geometry": {"type": "Point", "coordinates": [-0.18626, 52.96959]}, "properties": {"name": "Swineshead", "crs": "SWE", "usage": null, "operator": "", "trend": []}}, {"type": "Feature", "geometry": {"type": "Point", "coordinates": [-2.33738, 53.51482]}, "properties": {"name": "Swinton (Manchester)", "crs": "SNN", "usage": null, "operator": "", "trend": []}}, {"type": "Feature", "geometry": {"type": "Point", "coordinates": [-1.3052, 53.48748]}, "properties": {"name": "Swinton (South Yorks)", "crs": "SWN", "usage": null, "operator": "", "trend": []}}, {"type": "Feature", "geometry": {"type": "Point", "coordinates": [-0.05523, 51.42721]}, "properties": {"name": "Sydenham", "crs": "SYD", "usage": null, "operator": "", "trend": []}}, {"type": "Feature", "geometry": {"type": "Point", "coordinates": [-0.07944, 51.433]}, "properties": {"name": "Sydenham Hill", "crs": "SYH", "usage": null, "operator": "", "trend": []}}, {"type": "Feature", "geometry": {"type": "Point", "coordinates": [-0.32512, 51.48174]}, "properties": {"name": "Syon Lane", "crs": "SYL", "usage": null, "operator": "", "trend": []}}, {"type": "Feature", "geometry": {"type": "Point", "coordinates": [-1.08261, 52.69311]}, "properties": {"name": "Syston", "crs": "SYS", "usage": null, "operator": "", "trend": []}}, {"type": "Feature", "geometry": {"type": "Point", "coordinates": [-1.2972, 51.88118]}, "properties": {"name": "Tackley", "crs": "TAC", "usage": null, "operator": "", "trend": []}}, {"type": "Feature", "geometry": {"type": "Point", "coordinates": [-0.23595, 51.29158]}, "properties": {"name": "Tadworth", "crs": "TAD", "usage": null, "operator": "", "trend": []}}, {"type": "Feature", "geometry": {"type": "Point", "coordinates": [-1.9749, 52.55102]}, "properties": {"name": "Tame Bridge Parkway", "crs": "TAB", "usage": null, "operator": "", "trend": []}}, {"type": "Feature", "geometry": {"type": "Point", "coordinates": [-1.68708, 52.63737]}, "properties": {"name": "Tamworth", "crs": "TAM", "usage": null, "operator": "", "trend": []}}, {"type": "Feature", "geometry": {"type": "Point", "coordinates": [-0.68147, 51.52353]}, "properties": {"name": "Taplow", "crs": "TAP", "usage": null, "operator": "", "trend": []}}, {"type": "Feature", "geometry": {"type": "Point", "coordinates": [-0.24246, 51.30877]}, "properties": {"name": "Tattenham Corner", "crs": "TAT", "usage": null, "operator": "", "trend": []}}, {"type": "Feature", "geometry": {"type": "Point", "coordinates": [-3.10215, 51.02361]}, "properties": {"name": "Taunton", "crs": "TAU", "usage": null, "operator": "", "trend": []}}, {"type": "Feature", "geometry": {"type": "Point", "coordinates": [-0.33297, 51.42429]}, "properties": {"name": "Teddington", "crs": "TED", "usage": null, "operator": "", "trend": []}}, {"type": "Feature", "geometry": {"type": "Point", "coordinates": [-1.42531, 54.51815]}, "properties": {"name": "Teesside Airport", "crs": "TEA", "usage": null, "operator": "", "trend": []}}, {"type": "Feature", "geometry": {"type": "Point", "coordinates": [-3.49471, 50.54799]}, "properties": {"name": "Teignmouth", "crs": "TGM", "usage": null, "operator": "", "trend": []}}, {"type": "Feature", "geometry": {"type": "Point", "coordinates": [-2.44074, 52.67876]}, "properties": {"name": "Telford Central", "crs": "TFC", "usage": null, "operator": "", "trend": []}}, {"type": "Feature", "geometry": {"type": "Point", "coordinates": [-2.41753, 51.00108]}, "properties": {"name": "Templecombe", "crs": "TMC", "usage": null, "operator": "", "trend": []}}, {"type": "Feature", "geometry": {"type": "Point", "coordinates": [0.80794, 51.33325]}, "properties": {"name": "Teynham", "crs": "TEY", "usage": null, "operator": "", "trend": []}}, {"type": "Feature", "geometry": {"type": "Point", "coordinates": [-0.34003, 51.38842]}, "properties": {"name": "Thames Ditton", "crs": "THD", "usage": null, "operator": "", "trend": []}}, {"type": "Feature", "geometry": {"type": "Point", "coordinates": [1.36178, 51.33084]}, "properties": {"name": "Thanet Parkway", "crs": "THP", "usage": null, "operator": "", "trend": []}}, {"type": "Feature", "geometry": {"type": "Point", "coordinates": [-1.24305, 51.39384]}, "properties": {"name": "Thatcham", "crs": "THA", "usage": null, "operator": "", "trend": []}}, {"type": "Feature", "geometry": {"type": "Point", "coordinates": [-2.75942, 53.43659]}, "properties": {"name": "Thatto Heath", "crs": "THH", "usage": null, "operator": "", "trend": []}}, {"type": "Feature", "geometry": {"type": "Point", "coordinates": [-1.96313, 52.50516]}, "properties": {"name": "The Hawthorns", "crs": "THW", "usage": null, "operator": "", "trend": []}}, {"type": "Feature", "geometry": {"type": "Point", "coordinates": [-1.84578, 52.35944]}, "properties": {"name": "The Lakes", "crs": "TLK", "usage": null, "operator": "", "trend": []}}, {"type": "Feature", "geometry": {"type": "Point", "coordinates": [-1.07497, 51.43339]}, "properties": {"name": "Theale", "crs": "THE", "usage": null, "operator": "", "trend": []}}, {"type": "Feature", "geometry": {"type": "Point", "coordinates": [-0.03522, 51.69216]}, "properties": {"name": "Theobalds Grove", "crs": "TEO", "usage": null, "operator": "", "trend": []}}, {"type": "Feature", "geometry": {"type": "Point", "coordinates": [0.74411, 52.41938]}, "properties": {"name": "Thetford", "crs": "TTF", "usage": null, "operator": "", "trend": []}}, {"type": "Feature", "geometry": {"type": "Point", "coordinates": [-1.37257, 54.22849]}, "properties": {"name": "Thirsk", "crs": "THI", "usage": null, "operator": "", "trend": []}}, {"type": "Feature", "geometry": {"type": "Point", "coordinates": [-1.30101, 54.55973]}, "properties": {"name": "Thornaby", "crs": "TBY", "usage": null, "operator": "", "trend": []}}, {"type": "Feature", "geometry": {"type": "Point", "coordinates": [-0.97201, 53.61633]}, "properties": {"name": "Thorne North", "crs": "TNN", "usage": null, "operator": "", "trend": []}}, {"type": "Feature", "geometry": {"type": "Point", "coordinates": [-0.95723, 53.60271]}, "properties": {"name": "Thorne South", "crs": "TNS", "usage": null, "operator": "", "trend": []}}, {"type": "Feature", "geometry": {"type": "Point", "coordinates": [-2.57889, 50.91138]}, "properties": {"name": "Thornford", "crs": "THO", "usage": null, "operator": "", "trend": []}}, {"type": "Feature", "geometry": {"type": "Point", "coordinates": [-0.32346, 53.65394]}, "properties": {"name": "Thornton Abbey", "crs": "TNA", "usage": null, "operator": "", "trend": []}}, {"type": "Feature", "geometry": {"type": "Point", "coordinates": [-0.10098, 51.39918]}, "properties": {"name": "Thornton Heath", "crs": "TTH", "usage": null, "operator": "", "trend": []}}, {"type": "Feature", "geometry": {"type": "Point", "coordinates": [0.76283, 51.53759]}, "properties": {"name": "Thorpe Bay", "crs": "TPB", "usage": null, "operator": "", "trend": []}}, {"type": "Feature", "geometry": {"type": "Point", "coordinates": [0.19982, 53.12311]}, "properties": {"name": "Thorpe Culvert", "crs": "TPC", "usage": null, "operator": "", "trend": []}}, {"type": "Feature", "geometry": {"type": "Point", "coordinates": [1.16226, 51.8477]}, "properties": {"name": "Thorpe-Le-Soken", "crs": "TLS", "usage": null, "operator": "", "trend": []}}, {"type": "Feature", "geometry": {"type": "Point", "coordinates": [-0.16116, 51.11686]}, "properties": {"name": "Three Bridges", "crs": "TBD", "usage": null, "operator": "", "trend": []}}, {"type": "Feature", "geometry": {"type": "Point", "coordinates": [0.61256, 50.90066]}, "properties": {"name": "Three Oaks", "crs": "TOK", "usage": null, "operator": "", "trend": []}}, {"type": "Feature", "geometry": {"type": "Point", "coordinates": [-0.96216, 53.02924]}, "properties": {"name": "Thurgarton", "crs": "THU", "usage": null, "operator": "", "trend": []}}, {"type": "Feature", "geometry": {"type": "Point", "coordinates": [-1.30878, 53.54503]}, "properties": {"name": "Thurnscoe", "crs": "THC", "usage": null, "operator": "", "trend": []}}, {"type": "Feature", "geometry": {"type": "Point", "coordinates": [0.80835, 52.2497]}, "properties": {"name": "Thurston", "crs": "TRS", "usage": null, "operator": "", "trend": []}}, {"type": "Feature", "geometry": {"type": "Point", "coordinates": [0.35372, 51.46288]}, "properties": {"name": "Tilbury Town", "crs": "TIL", "usage": null, "operator": "", "trend": []}}, {"type": "Feature", "geometry": {"type": "Point", "coordinates": [-1.59436, 52.3948]}, "properties": {"name": "Tile Hill", "crs": "THL", "usage": null, "operator": "", "trend": []}}, {"type": "Feature", "geometry": {"type": "Point", "coordinates": [-1.02975, 51.47133]}, "properties": {"name": "Tilehurst", "crs": "TLH", "usage": null, "operator": "", "trend": []}}, {"type": "Feature", "geometry": {"type": "Point", "coordinates": [-2.0655, 52.53039]}, "properties": {"name": "Tipton", "crs": "TIP", "usage": null, "operator": "", "trend": []}}, {"type": "Feature", "geometry": {"type": "Point", "coordinates": [-2.07846, 51.06026]}, "properties": {"name": "Tisbury", "crs": "TIS", "usage": null, "operator": "", "trend": []}}, {"type": "Feature", "geometry": {"type": "Point", "coordinates": [-3.35998, 50.91748]}, "properties": {"name": "Tiverton Parkway", "crs": "TVP", "usage": null, "operator": "", "trend": []}}, {"type": "Feature", "geometry": {"type": "Point", "coordinates": [-2.09998, 53.71361]}, "properties": {"name": "Todmorden", "crs": "TOD", "usage": null, "operator": "", "trend": []}}, {"type": "Feature", "geometry": {"type": "Point", "coordinates": [-0.2801, 51.37677]}, "properties": {"name": "Tolworth", "crs": "TOL", "usage": null, "operator": "", "trend": []}}, {"type": "Feature", "geometry": {"type": "Point", "coordinates": [0.26971, 51.19113]}, "properties": {"name": "Tonbridge", "crs": "TON", "usage": null, "operator": "", "trend": []}}, {"type": "Feature", "geometry": {"type": "Point", "coordinates": [-0.16053, 51.41991]}, "properties": {"name": "Tooting", "crs": "TOO", "usage": null, "operator": "", "trend": []}}, {"type": "Feature", "geometry": {"type": "Point", "coordinates": [-3.4637, 50.68599]}, "properties": {"name": "Topsham", "crs": "TOP", "usage": null, "operator": "", "trend": []}}, {"type": "Feature", "geometry": {"type": "Point", "coordinates": [-3.54409, 50.46101]}, "properties": {"name": "Torquay", "crs": "TQY", "usage": null, "operator": "", "trend": []}}, {"type": "Feature", "geometry": {"type": "Point", "coordinates": [-3.54729, 50.47266]}, "properties": {"name": "Torre", "crs": "TRR", "usage": null, "operator": "", "trend": []}}, {"type": "Feature", "geometry": {"type": "Point", "coordinates": [-3.68832, 50.43562]}, "properties": {"name": "Totnes", "crs": "TOT", "usage": null, "operator": "", "trend": []}}, {"type": "Feature", "geometry": {"type": "Point", "coordinates": [-0.1309, 51.5162]}, "properties": {"name": "Tottenham Court Road", "crs": "TCR", "usage": null, "operator": "", "trend": []}}, {"type": "Feature", "geometry": {"type": "Point", "coordinates": [-0.05991, 51.58826]}, "properties": {"name": "Tottenham Hale", "crs": "TOM", "usage": null, "operator": "", "trend": []}}, {"type": "Feature", "geometry": {"type": "Point", "coordinates": [-1.48214, 50.91795]}, "properties": {"name": "Totton", "crs": "TTN", "usage": null, "operator": "", "trend": []}}, {"type": "Feature", "geometry": {"type": "Point", "coordinates": [-2.9045, 53.54281]}, "properties": {"name": "Town Green", "crs": "TWN", "usage": null, "operator": "", "trend": []}}, {"type": "Feature", "geometry": {"type": "Point", "coordinates": [-2.31084, 53.4549]}, "properties": {"name": "Trafford Park", "crs": "TRA", "usage": null, "operator": "", "trend": []}}, {"type": "Feature", "geometry": {"type": "Point", "coordinates": [1.31843, 51.97651]}, "properties": {"name": "Trimley", "crs": "TRM", "usage": null, "operator": "", "trend": []}}, {"type": "Feature", "geometry": {"type": "Point", "coordinates": [-0.62225, 51.80033]}, "properties": {"name": "Tring", "crs": "TRI", "usage": null, "operator": "", "trend": []}}, {"type": "Feature", "geometry": {"type": "Point", "coordinates": [-2.21522, 51.31995]}, "properties": {"name": "Trowbridge", "crs": "TRO", "usage": null, "operator": "", "trend": []}}, {"type": "Feature", "geometry": {"type": "Point", "coordinates": [-5.06302, 50.2636]}, "properties": {"name": "Truro", "crs": "TRU", "usage": null, "operator": "", "trend": []}}, {"type": "Feature", "geometry": {"type": "Point", "coordinates": [-0.10506, 51.43971]}, "properties": {"name": "Tulse Hill", "crs": "TUH", "usage": null, "operator": "", "trend": []}}, {"type": "Feature", "geometry": {"type": "Point", "coordinates": [0.26243, 51.13012]}, "properties": {"name": "Tunbridge Wells", "crs": "TBW", "usage": null, "operator": "", "trend": []}}, {"type": "Feature", "geometry": {"type": "Point", "coordinates": [-0.04759, 51.67348]}, "properties": {"name": "Turkey Street", "crs": "TUR", "usage": null, "operator": "", "trend": []}}, {"type": "Feature", "geometry": {"type": "Point", "coordinates": [-1.68209, 52.86434]}, "properties": {"name": "Tutbury & Hatton", "crs": "TUT", "usage": null, "operator": "", "trend": []}}, {"type": "Feature", "geometry": {"type": "Point", "coordinates": [-0.32914, 51.45032]}, "properties": {"name": "Twickenham", "crs": "TWI", "usage": null, "operator": "", "trend": []}}, {"type": "Feature", "geometry": {"type": "Point", "coordinates": [-0.86389, 51.47561]}, "properties": {"name": "Twyford", "crs": "TWY", "usage": null, "operator": "", "trend": []}}, {"type": "Feature", "geometry": {"type": "Point", "coordinates": [-1.83957, 52.45382]}, "properties": {"name": "Tyseley", "crs": "TYS", "usage": null, "operator": "", "trend": []}}, {"type": "Feature", "geometry": {"type": "Point", "coordinates": [0.09505, 50.96865]}, "properties": {"name": "Uckfield", "crs": "UCK", "usage": null, "operator": "", "trend": []}}, {"type": "Feature", "geometry": {"type": "Point", "coordinates": [-0.30063, 53.61946]}, "properties": {"name": "Ulceby", "crs": "ULC", "usage": null, "operator": "", "trend": []}}, {"type": "Feature", "geometry": {"type": "Point", "coordinates": [-1.21554, 53.85276]}, "properties": {"name": "Ulleskelf", "crs": "ULL", "usage": null, "operator": "", "trend": []}}, {"type": "Feature", "geometry": {"type": "Point", "coordinates": [-3.09733, 54.19187]}, "properties": {"name": "Ulverston", "crs": "ULV", "usage": null, "operator": "", "trend": []}}, {"type": "Feature", "geometry": {"type": "Point", "coordinates": [-3.98223, 50.9967]}, "properties": {"name": "Umberleigh", "crs": "UMB", "usage": null, "operator": "", "trend": []}}, {"type": "Feature", "geometry": {"type": "Point", "coordinates": [-1.93669, 52.45122]}, "properties": {"name": "University (Birmingham)", "crs": "UNI", "usage": null, "operator": "", "trend": []}}, {"type": "Feature", "geometry": {"type": "Point", "coordinates": [-2.74135, 53.52819]}, "properties": {"name": "Upholland", "crs": "UPL", "usage": null, "operator": "", "trend": []}}, {"type": "Feature", "geometry": {"type": "Point", "coordinates": [0.25194, 51.55931]}, "properties": {"name": "Upminster", "crs": "UPM", "usage": null, "operator": "", "trend": []}}, {"type": "Feature", "geometry": {"type": "Point", "coordinates": [-0.42972, 51.41304]}, "properties": {"name": "Upper Halliford", "crs": "UPH", "usage": null, "operator": "", "trend": []}}, {"type": "Feature", "geometry": {"type": "Point", "coordinates": [-0.12929, 51.56365]}, "properties": {"name": "Upper Holloway", "crs": "UHL", "usage": null, "operator": "", "trend": []}}, {"type": "Feature", "geometry": {"type": "Point", "coordinates": [-0.0775, 51.30797]}, "properties": {"name": "Upper Warlingham", "crs": "UWL", "usage": null, "operator": "", "trend": []}}, {"type": "Feature", "geometry": {"type": "Point", "coordinates": [-3.08401, 53.38571]}, "properties": {"name": "Upton", "crs": "UPT", "usage": null, "operator": "", "trend": []}}, {"type": "Feature", "geometry": {"type": "Point", "coordinates": [-2.46673, 50.64838]}, "properties": {"name": "Upwey", "crs": "UPW", "usage": null, "operator": "", "trend": []}}, {"type": "Feature", "geometry": {"type": "Point", "coordinates": [-2.35344, 53.4482]}, "properties": {"name": "Urmston", "crs": "URM", "usage": null, "operator": "", "trend": []}}, {"type": "Feature", "geometry": {"type": "Point", "coordinates": [-1.85726, 52.89704]}, "properties": {"name": "Uttoxeter", "crs": "UTT", "usage": null, "operator": "", "trend": []}}, {"type": "Feature", "geometry": {"type": "Point", "coordinates": [-0.12402, 51.48569]}, "properties": {"name": "Vauxhall", "crs": "VXH", "usage": null, "operator": "", "trend": []}}, {"type": "Feature", "geometry": {"type": "Point", "coordinates": [-0.56239, 51.40126]}, "properties": {"name": "Virginia Water", "crs": "VIR", "usage": null, "operator": "", "trend": []}}, {"type": "Feature", "geometry": {"type": "Point", "coordinates": [-0.11669, 51.36706]}, "properties": {"name": "Waddon", "crs": "WDO", "usage": null, "operator": "", "trend": []}}, {"type": "Feature", "geometry": {"type": "Point", "coordinates": [0.31248, 51.07338]}, "properties": {"name": "Wadhurst", "crs": "WAD", "usage": null, "operator": "", "trend": []}}, {"type": "Feature", "geometry": {"type": "Point", "coordinates": [0.23477, 53.10537]}, "properties": {"name": "Wainfleet", "crs": "WFL", "usage": null, "operator": "", "trend": []}}, {"type": "Feature", "geometry": {"type": "Point", "coordinates": [-1.48825, 53.67897]}, "properties": {"name": "Wakefield Kirkgate", "crs": "WKK", "usage": null, "operator": "", "trend": []}}, {"type": "Feature", "geometry": {"type": "Point", "coordinates": [-1.50639, 53.68174]}, "properties": {"name": "Wakefield Westgate", "crs": "WKF", "usage": null, "operator": "", "trend": []}}, {"type": "Feature", "geometry": {"type": "Point", "coordinates": [-2.39513, 53.52031]}, "properties": {"name": "Walkden", "crs": "WKD", "usage": null, "operator": "", "trend": []}}, {"type": "Feature", "geometry": {"type": "Point", "coordinates": [-3.06982, 53.42805]}, "properties": {"name": "Wallasey Grove Road", "crs": "WLG", "usage": null, "operator": "", "trend": []}}, {"type": "Feature", "geometry": {"type": "Point", "coordinates": [-3.0699, 53.42269]}, "properties": {"name": "Wallasey Village", "crs": "WLV", "usage": null, "operator": "", "trend": []}}, {"type": "Feature", "geometry": {"type": "Point", "coordinates": [-0.15143, 51.36042]}, "properties": {"name": "Wallington", "crs": "WLT", "usage": null, "operator": "", "trend": []}}, {"type": "Feature", "geometry": {"type": "Point", "coordinates": [1.38282, 51.20381]}, "properties": {"name": "Walmer", "crs": "WAM", "usage": null, "operator": "", "trend": []}}, {"type": "Feature", "geometry": {"type": "Point", "coordinates": [-1.98521, 52.58428]}, "properties": {"name": "Walsall", "crs": "WSL", "usage": null, "operator": "", "trend": []}}, {"type": "Feature", "geometry": {"type": "Point", "coordinates": [-2.10472, 53.69606]}, "properties": {"name": "Walsden", "crs": "WDN", "usage": null, "operator": "", "trend": []}}, {"type": "Feature", "geometry": {"type": "Point", "coordinates": [-0.02685, 51.68483]}, "properties": {"name": "Waltham Cross", "crs": "WLC", "usage": null, "operator": "", "trend": []}}, {"type": "Feature", "geometry": {"type": "Point", "coordinates": [-0.01971, 51.58309]}, "properties": {"name": "Walthamstow Central", "crs": "WHC", "usage": null, "operator": "", "trend": []}}, {"type": "Feature", "geometry": {"type": "Point", "coordinates": [-0.02411, 51.58137]}, "properties": {"name": "Walthamstow Queens Road", "crs": "WMW", "usage": null, "operator": "", "trend": []}}, {"type": "Feature", "geometry": {"type": "Point", "coordinates": [-2.96579, 53.45635]}, "properties": {"name": "Walton (Merseyside)", "crs": "WAO", "usage": null, "operator": "", "trend": []}}, {"type": "Feature", "geometry": {"type": "Point", "coordinates": [-0.41387, 51.37236]}, "properties": {"name": "Walton-On-Thames", "crs": "WAL", "usage": null, "operator": "", "trend": []}}, {"type": "Feature", "geometry": {"type": "Point", "coordinates": [1.26819, 51.8466]}, "properties": {"name": "Walton-On-The-Naze", "crs": "WON", "usage": null, "operator": "", "trend": []}}, {"type": "Feature", "geometry": {"type": "Point", "coordinates": [-0.66756, 51.24513]}, "properties": {"name": "Wanborough", "crs": "WAN", "usage": null, "operator": "", "trend": []}}, {"type": "Feature", "geometry": {"type": "Point", "coordinates": [-0.16524, 51.44607]}, "properties": {"name": "Wandsworth Common", "crs": "WSW", "usage": null, "operator": "", "trend": []}}, {"type": "Feature", "geometry": {"type": "Point", "coordinates": [-0.13833, 51.47083]}, "properties": {"name": "Wandsworth Road", "crs": "WWR", "usage": null, "operator": "", "trend": []}}, {"type": "Feature", "geometry": {"type": "Point", "coordinates": [-0.18768, 51.46081]}, "properties": {"name": "Wandsworth Town", "crs": "WNT", "usage": null, "operator": "", "trend": []}}, {"type": "Feature", "geometry": {"type": "Point", "coordinates": [0.02509, 51.55175]}, "properties": {"name": "Wanstead Park", "crs": "WNP", "usage": null, "operator": "", "trend": []}}, {"type": "Feature", "geometry": {"type": "Point", "coordinates": [-0.05629, 51.50372]}, "properties": {"name": "Wapping", "crs": "WPE", "usage": null, "operator": "", "trend": []}}, {"type": "Feature", "geometry": {"type": "Point", "coordinates": [-0.96716, 50.85338]}, "properties": {"name": "Warblington", "crs": "WBL", "usage": null, "operator": "", "trend": []}}, {"type": "Feature", "geometry": {"type": "Point", "coordinates": [-0.02873, 51.80806]}, "properties": {"name": "Ware", "crs": "WAR", "usage": null, "operator": "", "trend": []}}, {"type": "Feature", "geometry": {"type": "Point", "coordinates": [-2.11465, 50.69243]}, "properties": {"name": "Wareham", "crs": "WRM", "usage": null, "operator": "", "trend": []}}, {"type": "Feature", "geometry": {"type": "Point", "coordinates": [-0.87659, 51.49822]}, "properties": {"name": "Wargrave", "crs": "WGV", "usage": null, "operator": "", "trend": []}}, {"type": "Feature", "geometry": {"type": "Point", "coordinates": [-2.17747, 51.20672]}, "properties": {"name": "Warminster", "crs": "WMN", "usage": null, "operator": "", "trend": []}}, {"type": "Feature", "geometry": {"type": "Point", "coordinates": [-0.32919, 51.0933]}, "properties": {"name": "Warnham", "crs": "WNH", "usage": null, "operator": "", "trend": []}}, {"type": "Feature", "geometry": {"type": "Point", "coordinates": [-2.60287, 53.38551]}, "properties": {"name": "Warrington Bank Quay", "crs": "WBQ", "usage": null, "operator": "", "trend": []}}, {"type": "Feature", "geometry": {"type": "Point", "coordinates": [-2.59243, 53.39186]}, "properties": {"name": "Warrington Central", "crs": "WAC", "usage": null, "operator": "", "trend": []}}, {"type": "Feature", "geometry": {"type": "Point", "coordinates": [-2.63693, 53.39374]}, "properties": {"name": "Warrington West", "crs": "WAW", "usage": null, "operator": "", "trend": []}}, {"type": "Feature", "geometry": {"type": "Point", "coordinates": [-1.58215, 52.28686]}, "properties": {"name": "Warwick", "crs": "WRW", "usage": null, "operator": "", "trend": []}}, {"type": "Feature", "geometry": {"type": "Point", "coordinates": [-1.61349, 52.28627]}, "properties": {"name": "Warwick Parkway", "crs": "WRP", "usage": null, "operator": "", "trend": []}}, {"type": "Feature", "geometry": {"type": "Point", "coordinates": [-1.74354, 52.51838]}, "properties": {"name": "Water Orton", "crs": "WTO", "usage": null, "operator": "", "trend": []}}, {"type": "Feature", "geometry": {"type": "Point", "coordinates": [0.19656, 52.26268]}, "properties": {"name": "Waterbeach", "crs": "WBC", "usage": null, "operator": "", "trend": []}}, {"type": "Feature", "geometry": {"type": "Point", "coordinates": [0.42304, 51.24921]}, "properties": {"name": "Wateringbury", "crs": "WTR", "usage": null, "operator": "", "trend": []}}, {"type": "Feature", "geometry": {"type": "Point", "coordinates": [-3.02553, 53.47497]}, "properties": {"name": "Waterloo (Merseyside)", "crs": "WLO", "usage": null, "operator": "", "trend": []}}, {"type": "Feature", "geometry": {"type": "Point", "coordinates": [-0.39166, 51.65274]}, "properties": {"name": "Watford High Street", "crs": "WFH", "usage": null, "operator": "", "trend": []}}, {"type": "Feature", "geometry": {"type": "Point", "coordinates": [-0.39651, 51.66347]}, "properties": {"name": "Watford Junction", "crs": "WFJ", "usage": null, "operator": "", "trend": []}}, {"type": "Feature", "geometry": {"type": "Point", "coordinates": [-0.3903, 51.67509]}, "properties": {"name": "Watford North", "crs": "WFN", "usage": null, "operator": "", "trend": []}}, {"type": "Feature", "geometry": {"type": "Point", "coordinates": [0.38274, 52.6727]}, "properties": {"name": "Watlington", "crs": "WTG", "usage": null, "operator": "", "trend": []}}, {"type": "Feature", "geometry": {"type": "Point", "coordinates": [-0.11952, 51.8572]}, "properties": {"name": "Watton-At-Stone", "crs": "WAS", "usage": null, "operator": "", "trend": []}}, {"type": "Feature", "geometry": {"type": "Point", "coordinates": [-2.92296, 53.40513]}, "properties": {"name": "Wavertree Technology Park", "crs": "WAV", "usage": null, "operator": "", "trend": []}}, {"type": "Feature", "geometry": {"type": "Point", "coordinates": [-2.17114, 52.95184]}, "properties": {"name": "Wedgwood", "crs": "WED", "usage": null, "operator": "", "trend": []}}, {"type": "Feature", "geometry": {"type": "Point", "coordinates": [1.11466, 51.85257]}, "properties": {"name": "Weeley", "crs": "WEE", "usage": null, "operator": "", "trend": []}}, {"type": "Feature", "geometry": {"type": "Point", "coordinates": [-1.58121, 53.92381]}, "properties": {"name": "Weeton", "crs": "WET", "usage": null, "operator": "", "trend": []}}, {"type": "Feature", "geometry": {"type": "Point", "coordinates": [-0.20999, 51.73632]}, "properties": {"name": "Welham Green", "crs": "WMG", "usage": null, "operator": "", "trend": []}}, {"type": "Feature", "geometry": {"type": "Point", "coordinates": [0.10187, 51.46497]}, "properties": {"name": "Welling", "crs": "WLI", "usage": null, "operator": "", "trend": []}}, {"type": "Feature", "geometry": {"type": "Point", "coordinates": [-0.6765, 52.30387]}, "properties": {"name": "Wellingborough", "crs": "WEL", "usage": null, "operator": "", "trend": []}}, {"type": "Feature", "geometry": {"type": "Point", "coordinates": [-2.51644, 52.70093]}, "properties": {"name": "Wellington (Shropshire)", "crs": "WLN", "usage": null, "operator": "", "trend": []}}, {"type": "Feature", "geometry": {"type": "Point", "coordinates": [-0.20308, 51.80096]}, "properties": {"name": "Welwyn Garden City", "crs": "WGC", "usage": null, "operator": "", "trend": []}}, {"type": "Feature", "geometry": {"type": "Point", "coordinates": [-0.19199, 51.82417]}, "properties": {"name": "Welwyn North", "crs": "WLW", "usage": null, "operator": "", "trend": []}}, {"type": "Feature", "geometry": {"type": "Point", "coordinates": [-2.71878, 52.85629]}, "properties": {"name": "Wem", "crs": "WEM", "usage": null, "operator": "", "trend": []}}, {"type": "Feature", "geometry": {"type": "Point", "coordinates": [-0.29659, 51.55147]}, "properties": {"name": "Wembley Central", "crs": "WMB", "usage": null, "operator": "", "trend": []}}, {"type": "Feature", "geometry": {"type": "Point", "coordinates": [-0.28496, 51.55399]}, "properties": {"name": "Wembley Stadium", "crs": "WCX", "usage": null, "operator": "", "trend": []}}, {"type": "Feature", "geometry": {"type": "Point", "coordinates": [-0.74778, 51.76193]}, "properties": {"name": "Wendover", "crs": "WND", "usage": null, "operator": "", "trend": []}}, {"type": "Feature", "geometry": {"type": "Point", "coordinates": [-2.58752, 54.12353]}, "properties": {"name": "Wennington", "crs": "WNN", "usage": null, "operator": "", "trend": []}}, {"type": "Feature", "geometry": {"type": "Point", "coordinates": [-2.907, 53.36912]}, "properties": {"name": "West Allerton", "crs": "WSA", "usage": null, "operator": "", "trend": []}}, {"type": "Feature", "geometry": {"type": "Point", "coordinates": [-0.19526, 51.48729]}, "properties": {"name": "West Brompton", "crs": "WBP", "usage": null, "operator": "", "trend": []}}, {"type": "Feature", "geometry": {"type": "Point", "coordinates": [-0.50547, 51.33939]}, "properties": {"name": "West Byfleet", "crs": "WBY", "usage": null, "operator": "", "trend": []}}, {"type": "Feature", "geometry": {"type": "Point", "coordinates": [-0.10184, 51.37852]}, "properties": {"name": "West Croydon", "crs": "WCY", "usage": null, "operator": "", "trend": []}}, {"type": "Feature", "geometry": {"type": "Point", "coordinates": [-0.47252, 51.50983]}, "properties": {"name": "West Drayton", "crs": "WDT", "usage": null, "operator": "", "trend": []}}, {"type": "Feature", "geometry": {"type": "Point", "coordinates": [-0.09065, 51.44039]}, "properties": {"name": "West Dulwich", "crs": "WDU", "usage": null, "operator": "", "trend": []}}, {"type": "Feature", "geometry": {"type": "Point", "coordinates": [-0.32079, 51.51312]}, "properties": {"name": "West Ealing", "crs": "WEA", "usage": null, "operator": "", "trend": []}}, {"type": "Feature", "geometry": {"type": "Point", "coordinates": [0.00532, 51.52871]}, "properties": {"name": "West Ham", "crs": "WEH", "usage": null, "operator": "", "trend": []}}, {"type": "Feature", "geometry": {"type": "Point", "coordinates": [-0.19102, 51.54711]}, "properties": {"name": "West Hampstead", "crs": "WHD", "usage": null, "operator": "", "trend": []}}, {"type": "Feature", "geometry": {"type": "Point", "coordinates": [-0.1924, 51.54864]}, "properties": {"name": "West Hampstead Thameslink", "crs": "WHP", "usage": null, "operator": "", "trend": []}}, {"type": "Feature", "geometry": {"type": "Point", "coordinates": [0.34181, 51.56744]}, "properties": {"name": "West Horndon", "crs": "WHR", "usage": null, "operator": "", "trend": []}}, {"type": "Feature", "geometry": {"type": "Point", "coordinates": [-3.18377, 53.37317]}, "properties": {"name": "West Kirby", "crs": "WKI", "usage": null, "operator": "", "trend": []}}, {"type": "Feature", "geometry": {"type": "Point", "coordinates": [0.4181, 51.29158]}, "properties": {"name": "West Malling", "crs": "WMA", "usage": null, "operator": "", "trend": []}}, {"type": "Feature", "geometry": {"type": "Point", "coordinates": [-0.10252, 51.43158]}, "properties": {"name": "West Norwood", "crs": "WNW", "usage": null, "operator": "", "trend": []}}, {"type": "Feature", "geometry": {"type": "Point", "coordinates": [-0.43781, 51.56971]}, "properties": {"name": "West Ruislip", "crs": "WRU", "usage": null, "operator": "", "trend": []}}, {"type": "Feature", "geometry": {"type": "Point", "coordinates": [1.24552, 52.9355]}, "properties": {"name": "West Runton", "crs": "WRN", "usage": null, "operator": "", "trend": []}}, {"type": "Feature", "geometry": {"type": "Point", "coordinates": [0.5403, 50.85368]}, "properties": {"name": "West St Leonards", "crs": "WLD", "usage": null, "operator": "", "trend": []}}, {"type": "Feature", "geometry": {"type": "Point", "coordinates": [-0.20437, 51.36573]}, "properties": {"name": "West Sutton", "crs": "WSU", "usage": null, "operator": "", "trend": []}}, {"type": "Feature", "geometry": {"type": "Point", "coordinates": [-0.0155, 51.38158]}, "properties": {"name": "West Wickham", "crs": "WWI", "usage": null, "operator": "", "trend": []}}, {"type": "Feature", "geometry": {"type": "Point", "coordinates": [-0.39298, 50.81811]}, "properties": {"name": "West Worthing", "crs": "WWO", "usage": null, "operator": "", "trend": []}}, {"type": "Feature", "geometry": {"type": "Point", "coordinates": [-2.1992, 51.26693]}, "properties": {"name": "Westbury", "crs": "WSB", "usage": null, "operator": "", "trend": []}}, {"type": "Feature", "geometry": {"type": "Point", "coordinates": [0.69215, 51.53744]}, "properties": {"name": "Westcliff", "crs": "WCF", "usage": null, "operator": "", "trend": []}}, {"type": "Feature", "geometry": {"type": "Point", "coordinates": [0.01779, 51.48443]}, "properties": {"name": "Westcombe Park", "crs": "WCB", "usage": null, "operator": "", "trend": []}}, {"type": "Feature", "geometry": {"type": "Point", "coordinates": [1.03777, 51.09544]}, "properties": {"name": "Westenhanger", "crs": "WHA", "usage": null, "operator": "", "trend": []}}, {"type": "Feature", "geometry": {"type": "Point", "coordinates": [1.16708, 52.08142]}, "properties": {"name": "Westerfield", "crs": "WFI", "usage": null, "operator": "", "trend": []}}, {"type": "Feature", "geometry": {"type": "Point", "coordinates": [1.3384, 51.38139]}, "properties": {"name": "Westgate-On-Sea", "crs": "WGA", "usage": null, "operator": "", "trend": []}}, {"type": "Feature", "geometry": {"type": "Point", "coordinates": [-2.52377, 53.55577]}, "properties": {"name": "Westhoughton", "crs": "WHG", "usage": null, "operator": "", "trend": []}}, {"type": "Feature", "geometry": {"type": "Point", "coordinates": [-2.94224, 51.34858]}, "properties": {"name": "Weston Milton", "crs": "WNM", "usage": null, "operator": "", "trend": []}}, {"type": "Feature", "geometry": {"type": "Point", "coordinates": [-2.9723, 51.34454]}, "properties": {"name": "Weston-Super-Mare", "crs": "WSM", "usage": null, "operator": "", "trend": []}}, {"type": "Feature", "geometry": {"type": "Point", "coordinates": [-2.8339, 54.88331]}, "properties": {"name": "Wetheral", "crs": "WRL", "usage": null, "operator": "", "trend": []}}, {"type": "Feature", "geometry": {"type": "Point", "coordinates": [-0.45735, 51.36125]}, "properties": {"name": "Weybridge", "crs": "WYB", "usage": null, "operator": "", "trend": []}}, {"type": "Feature", "geometry": {"type": "Point", "coordinates": [-2.4551, 50.61515]}, "properties": {"name": "Weymouth", "crs": "WEY", "usage": null, "operator": "", "trend": []}}, {"type": "Feature", "geometry": {"type": "Point", "coordinates": [-1.98345, 53.3304]}, "properties": {"name": "Whaley Bridge", "crs": "WBR", "usage": null, "operator": "", "trend": []}}, {"type": "Feature", "geometry": {"type": "Point", "coordinates": [-2.41219, 53.82417]}, "properties": {"name": "Whalley", "crs": "WHE", "usage": null, "operator": "", "trend": []}}, {"type": "Feature", "geometry": {"type": "Point", "coordinates": [-1.50431, 53.08308]}, "properties": {"name": "Whatstandwell", "crs": "WTS", "usage": null, "operator": "", "trend": []}}, {"type": "Feature", "geometry": {"type": "Point", "coordinates": [-3.35424, 50.76825]}, "properties": {"name": "Whimple", "crs": "WHM", "usage": null, "operator": "", "trend": []}}, {"type": "Feature", "geometry": {"type": "Point", "coordinates": [-2.79641, 53.41393]}, "properties": {"name": "Whiston", "crs": "WHN", "usage": null, "operator": "", "trend": []}}, {"type": "Feature", "geometry": {"type": "Point", "coordinates": [-0.61538, 54.48461]}, "properties": {"name": "Whitby", "crs": "WTB", "usage": null, "operator": "", "trend": []}}, {"type": "Feature", "geometry": {"type": "Point", "coordinates": [-1.33818, 51.23736]}, "properties": {"name": "Whitchurch (Hampshire)", "crs": "WCH", "usage": null, "operator": "", "trend": []}}, {"type": "Feature", "geometry": {"type": "Point", "coordinates": [-2.6715, 52.96805]}, "properties": {"name": "Whitchurch (Shropshire)", "crs": "WTC", "usage": null, "operator": "", "trend": []}}, {"type": "Feature", "geometry": {"type": "Point", "coordinates": [-0.07076, 51.60462]}, "properties": {"name": "White Hart Lane", "crs": "WHL", "usage": null, "operator": "", "trend": []}}, {"type": "Feature", "geometry": {"type": "Point", "coordinates": [0.59687, 51.83907]}, "properties": {"name": "White Notley", "crs": "WNY", "usage": null, "operator": "", "trend": []}}, {"type": "Feature", "geometry": {"type": "Point", "coordinates": [-0.0614, 51.51909]}, "properties": {"name": "Whitechapel", "crs": "ZLW", "usage": null, "operator": "", "trend": []}}, {"type": "Feature", "geometry": {"type": "Point", "coordinates": [-3.58684, 54.55286]}, "properties": {"name": "Whitehaven", "crs": "WTH", "usage": null, "operator": "", "trend": []}}, {"type": "Feature", "geometry": {"type": "Point", "coordinates": [-1.15933, 53.69868]}, "properties": {"name": "Whitley Bridge", "crs": "WBD", "usage": null, "operator": "", "trend": []}}, {"type": "Feature", "geometry": {"type": "Point", "coordinates": [-1.85154, 52.3918]}, "properties": {"name": "Whitlocks End", "crs": "WTE", "usage": null, "operator": "", "trend": []}}, {"type": "Feature", "geometry": {"type": "Point", "coordinates": [1.03358, 51.3582]}, "properties": {"name": "Whitstable", "crs": "WHI", "usage": null, "operator": "", "trend": []}}, {"type": "Feature", "geometry": {"type": "Point", "coordinates": [-0.1166, 52.54952]}, "properties": {"name": "Whittlesea", "crs": "WLE", "usage": null, "operator": "", "trend": []}}, {"type": "Feature", "geometry": {"type": "Point", "coordinates": [0.16539, 52.10409]}, "properties": {"name": "Whittlesford Parkway", "crs": "WLF", "usage": null, "operator": "", "trend": []}}, {"type": "Feature", "geometry": {"type": "Point", "coordinates": [-0.35661, 51.44711]}, "properties": {"name": "Whitton", "crs": "WTN", "usage": null, "operator": "", "trend": []}}, {"type": "Feature", "geometry": {"type": "Point", "coordinates": [-1.20055, 53.28099]}, "properties": {"name": "Whitwell", "crs": "WWL", "usage": null, "operator": "", "trend": []}}, {"type": "Feature", "geometry": {"type": "Point", "coordinates": [-0.08173, 51.30983]}, "properties": {"name": "Whyteleafe", "crs": "WHY", "usage": null, "operator": "", "trend": []}}, {"type": "Feature", "geometry": {"type": "Point", "coordinates": [-0.07768, 51.30347]}, "properties": {"name": "Whyteleafe South", "crs": "WHS", "usage": null, "operator": "", "trend": []}}, {"type": "Feature", "geometry": {"type": "Point", "coordinates": [0.51905, 51.61503]}, "properties": {"name": "Wickford", "crs": "WIC", "usage": null, "operator": "", "trend": []}}, {"type": "Feature", "geometry": {"type": "Point", "coordinates": [1.39868, 52.15142]}, "properties": {"name": "Wickham Market", "crs": "WCM", "usage": null, "operator": "", "trend": []}}, {"type": "Feature", "geometry": {"type": "Point", "coordinates": [-1.61623, 55.24143]}, "properties": {"name": "Widdrington", "crs": "WDD", "usage": null, "operator": "", "trend": []}}, {"type": "Feature", "geometry": {"type": "Point", "coordinates": [-2.73356, 53.37849]}, "properties": {"name": "Widnes", "crs": "WID", "usage": null, "operator": "", "trend": []}}, {"type": "Feature", "geometry": {"type": "Point", "coordinates": [-1.77365, 52.39617]}, "properties": {"name": "Widney Manor", "crs": "WMR", "usage": null, "operator": "", "trend": []}}, {"type": "Feature", "geometry": {"type": "Point", "coordinates": [-2.63229, 53.54356]}, "properties": {"name": "Wigan North Western", "crs": "WGN", "usage": null, "operator": "", "trend": []}}, {"type": "Feature", "geometry": {"type": "Point", "coordinates": [-2.63381, 53.54535]}, "properties": {"name": "Wigan Wallgate", "crs": "WGW", "usage": null, "operator": "", "trend": []}}, {"type": "Feature", "geometry": {"type": "Point", "coordinates": [-3.16437, 54.82937]}, "properties": {"name": "Wigton", "crs": "WGT", "usage": null, "operator": "", "trend": []}}, {"type": "Feature", "geometry": {"type": "Point", "coordinates": [-0.2435, 51.5322]}, "properties": {"name": "Willesden Junction", "crs": "WIJ", "usage": null, "operator": "", "trend": []}}, {"type": "Feature", "geometry": {"type": "Point", "coordinates": [-1.56336, 52.85407]}, "properties": {"name": "Willington", "crs": "WIL", "usage": null, "operator": "", "trend": []}}, {"type": "Feature", "geometry": {"type": "Point", "coordinates": [-1.75549, 52.22262]}, "properties": {"name": "Wilmcote", "crs": "WMC", "usage": null, "operator": "", "trend": []}}, {"type": "Feature", "geometry": {"type": "Point", "coordinates": [-2.22518, 53.32659]}, "properties": {"name": "Wilmslow", "crs": "WML", "usage": null, "operator": "", "trend": []}}, {"type": "Feature", "geometry": {"type": "Point", "coordinates": [-1.6795, 52.61082]}, "properties": {"name": "Wilnecote", "crs": "WNE", "usage": null, "operator": "", "trend": []}}, {"type": "Feature", "geometry": {"type": "Point", "coordinates": [-0.2065, 51.42153]}, "properties": {"name": "Wimbledon", "crs": "WIM", "usage": null, "operator": "", "trend": []}}, {"type": "Feature", "geometry": {"type": "Point", "coordinates": [-0.21414, 51.40996]}, "properties": {"name": "Wimbledon Chase", "crs": "WBO", "usage": null, "operator": "", "trend": []}}, {"type": "Feature", "geometry": {"type": "Point", "coordinates": [0.70124, 50.93372]}, "properties": {"name": "Winchelsea", "crs": "WSE", "usage": null, "operator": "", "trend": []}}, {"type": "Feature", "geometry": {"type": "Point", "coordinates": [-1.32063, 51.0673]}, "properties": {"name": "Winchester", "crs": "WIN", "usage": null, "operator": "", "trend": []}}, {"type": "Feature", "geometry": {"type": "Point", "coordinates": [-0.90733, 51.28448]}, "properties": {"name": "Winchfield", "crs": "WNF", "usage": null, "operator": "", "trend": []}}, {"type": "Feature", "geometry": {"type": "Point", "coordinates": [-0.10131, 51.6339]}, "properties": {"name": "Winchmore Hill", "crs": "WIH", "usage": null, "operator": "", "trend": []}}, {"type": "Feature", "geometry": {"type": "Point", "coordinates": [-2.90434, 54.37974]}, "properties": {"name": "Windermere", "crs": "WDM", "usage": null, "operator": "", "trend": []}}, {"type": "Feature", "geometry": {"type": "Point", "coordinates": [-0.60881, 51.48275]}, "properties": {"name": "Windsor & Eton Central", "crs": "WNC", "usage": null, "operator": "", "trend": []}}, {"type": "Feature", "geometry": {"type": "Point", "coordinates": [-0.6058, 51.48631]}, "properties": {"name": "Windsor & Eton Riverside", "crs": "WNR", "usage": null, "operator": "", "trend": []}}, {"type": "Feature", "geometry": {"type": "Point", "coordinates": [-0.87795, 51.43078]}, "properties": {"name": "Winnersh", "crs": "WNS", "usage": null, "operator": "", "trend": []}}, {"type": "Feature", "geometry": {"type": "Point", "coordinates": [-0.89505, 51.43723]}, "properties": {"name": "Winnersh Triangle", "crs": "WTI", "usage": null, "operator": "", "trend": []}}, {"type": "Feature", "geometry": {"type": "Point", "coordinates": [-2.49467, 53.19051]}, "properties": {"name": "Winsford", "crs": "WSF", "usage": null, "operator": "", "trend": []}}, {"type": "Feature", "geometry": {"type": "Point", "coordinates": [-2.05475, 52.58192]}, "properties": {"name": "Willenhall", "crs": "WIA", "usage": null, "operator": "", "trend": []}}, {"type": "Feature", "geometry": {"type": "Point", "coordinates": [0.64137, 51.8057]}, "properties": {"name": "Witham", "crs": "WTM", "usage": null, "operator": "", "trend": []}}, {"type": "Feature", "geometry": {"type": "Point", "coordinates": [-0.64506, 51.13336]}, "properties": {"name": "Witley", "crs": "WTY", "usage": null, "operator": "", "trend": []}}, {"type": "Feature", "geometry": {"type": "Point", "coordinates": [-1.88357, 52.51141]}, "properties": {"name": "Witton", "crs": "WTT", "usage": null, "operator": "", "trend": []}}, {"type": "Feature", "geometry": {"type": "Point", "coordinates": [-0.12163, 50.96425]}, "properties": {"name": "Wivelsfield", "crs": "WVF", "usage": null, "operator": "", "trend": []}}, {"type": "Feature", "geometry": {"type": "Point", "coordinates": [0.95512, 51.85579]}, "properties": {"name": "Wivenhoe", "crs": "WIV", "usage": null, "operator": "", "trend": []}}, {"type": "Feature", "geometry": {"type": "Point", "coordinates": [-0.65407, 52.01817]}, "properties": {"name": "Woburn Sands", "crs": "WOB", "usage": null, "operator": "", "trend": []}}, {"type": "Feature", "geometry": {"type": "Point", "coordinates": [-0.55781, 51.31847]}, "properties": {"name": "Woking", "crs": "WOK", "usage": null, "operator": "", "trend": []}}, {"type": "Feature", "geometry": {"type": "Point", "coordinates": [-0.84247, 51.41156]}, "properties": {"name": "Wokingham", "crs": "WKM", "usage": null, "operator": "", "trend": []}}, {"type": "Feature", "geometry": {"type": "Point", "coordinates": [-0.05101, 51.28955]}, "properties": {"name": "Woldingham", "crs": "WOH", "usage": null, "operator": "", "trend": []}}, {"type": "Feature", "geometry": {"type": "Point", "coordinates": [-2.11953, 52.58782]}, "properties": {"name": "Wolverhampton", "crs": "WVH", "usage": null, "operator": "", "trend": []}}, {"type": "Feature", "geometry": {"type": "Point", "coordinates": [-0.80377, 52.06486]}, "properties": {"name": "Wolverton", "crs": "WOL", "usage": null, "operator": "", "trend": []}}, {"type": "Feature", "geometry": {"type": "Point", "coordinates": [-1.41781, 53.51775]}, "properties": {"name": "Wombwell", "crs": "WOM", "usage": null, "operator": "", "trend": []}}, {"type": "Feature", "geometry": {"type": "Point", "coordinates": [-1.84437, 52.34414]}, "properties": {"name": "Wood End", "crs": "WDE", "usage": null, "operator": "", "trend": []}}, {"type": "Feature", "geometry": {"type": "Point", "coordinates": [-0.00221, 51.58728]}, "properties": {"name": "Wood Street", "crs": "WST", "usage": null, "operator": "", "trend": []}}, {"type": "Feature", "geometry": {"type": "Point", "coordinates": [1.31807, 52.08986]}, "properties": {"name": "Woodbridge", "crs": "WDB", "usage": null, "operator": "", "trend": []}}, {"type": "Feature", "geometry": {"type": "Point", "coordinates": [0.04514, 51.54871]}, "properties": {"name": "Woodgrange Park", "crs": "WGR", "usage": null, "operator": "", "trend": []}}, {"type": "Feature", "geometry": {"type": "Point", "coordinates": [-1.35828, 53.36464]}, "properties": {"name": "Woodhouse", "crs": "WDH", "usage": null, "operator": "", "trend": []}}, {"type": "Feature", "geometry": {"type": "Point", "coordinates": [-1.44333, 53.75697]}, "properties": {"name": "Woodlesford", "crs": "WDS", "usage": null, "operator": "", "trend": []}}, {"type": "Feature", "geometry": {"type": "Point", "coordinates": [-2.09328, 53.42925]}, "properties": {"name": "Woodley", "crs": "WLY", "usage": null, "operator": "", "trend": []}}, {"type": "Feature", "geometry": {"type": "Point", "coordinates": [-0.15489, 51.31012]}, "properties": {"name": "Woodmansterne", "crs": "WME", "usage": null, "operator": "", "trend": []}}, {"type": "Feature", "geometry": {"type": "Point", "coordinates": [-2.1413, 53.38605]}, "properties": {"name": "Woodsmoor", "crs": "WSR", "usage": null, "operator": "", "trend": []}}, {"type": "Feature", "geometry": {"type": "Point", "coordinates": [-2.22078, 50.68148]}, "properties": {"name": "Wool", "crs": "WOO", "usage": null, "operator": "", "trend": []}}, {"type": "Feature", "geometry": {"type": "Point", "coordinates": [-1.37713, 50.89856]}, "properties": {"name": "Woolston", "crs": "WLS", "usage": null, "operator": "", "trend": []}}, {"type": "Feature", "geometry": {"type": "Point", "coordinates": [0.07182, 51.49158]}, "properties": {"name": "Woolwich", "crs": "WWC", "usage": null, "operator": "", "trend": []}}, {"type": "Feature", "geometry": {"type": "Point", "coordinates": [0.06988, 51.48982]}, "properties": {"name": "Woolwich Arsenal", "crs": "WWA", "usage": null, "operator": "", "trend": []}}, {"type": "Feature", "geometry": {"type": "Point", "coordinates": [0.05408, 51.49099]}, "properties": {"name": "Woolwich Dockyard", "crs": "WWD", "usage": null, "operator": "", "trend": []}}, {"type": "Feature", "geometry": {"type": "Point", "coordinates": [-1.78456, 52.26583]}, "properties": {"name": "Wootton Wawen", "crs": "WWW", "usage": null, "operator": "", "trend": []}}, {"type": "Feature", "geometry": {"type": "Point", "coordinates": [-2.22088, 52.1948]}, "properties": {"name": "Worcester Foregate Street", "crs": "WOF", "usage": null, "operator": "", "trend": []}}, {"type": "Feature", "geometry": {"type": "Point", "coordinates": [-0.24541, 51.38165]}, "properties": {"name": "Worcester Park", "crs": "WCP", "usage": null, "operator": "", "trend": []}}, {"type": "Feature", "geometry": {"type": "Point", "coordinates": [-2.21064, 52.19482]}, "properties": {"name": "Worcester Shrub Hill", "crs": "WOS", "usage": null, "operator": "", "trend": []}}, {"type": "Feature", "geometry": {"type": "Point", "coordinates": [-2.1597, 52.15622]}, "properties": {"name": "Worcestershire Parkway", "crs": "WOP", "usage": null, "operator": "", "trend": []}}, {"type": "Feature", "geometry": {"type": "Point", "coordinates": [-3.55863, 54.64506]}, "properties": {"name": "Workington", "crs": "WKG", "usage": null, "operator": "", "trend": []}}, {"type": "Feature", "geometry": {"type": "Point", "coordinates": [-1.12344, 53.31101]}, "properties": {"name": "Worksop", "crs": "WRK", "usage": null, "operator": "", "trend": []}}, {"type": "Feature", "geometry": {"type": "Point", "coordinates": [-2.9097, 51.358]}, "properties": {"name": "Worle", "crs": "WOR", "usage": null, "operator": "", "trend": []}}, {"type": "Feature", "geometry": {"type": "Point", "coordinates": [-0.58171, 51.28819]}, "properties": {"name": "Worplesdon", "crs": "WPL", "usage": null, "operator": "", "trend": []}}, {"type": "Feature", "geometry": {"type": "Point", "coordinates": [1.40428, 52.77726]}, "properties": {"name": "Worstead", "crs": "WRT", "usage": null, "operator": "", "trend": []}}, {"type": "Feature", "geometry": {"type": "Point", "coordinates": [-0.37592, 50.81877]}, "properties": {"name": "Worthing", "crs": "WRH", "usage": null, "operator": "", "trend": []}}, {"type": "Feature", "geometry": {"type": "Point", "coordinates": [1.17014, 51.93923]}, "properties": {"name": "Wrabness", "crs": "WRB", "usage": null, "operator": "", "trend": []}}, {"type": "Feature", "geometry": {"type": "Point", "coordinates": [-0.54191, 51.45766]}, "properties": {"name": "Wraysbury", "crs": "WRY", "usage": null, "operator": "", "trend": []}}, {"type": "Feature", "geometry": {"type": "Point", "coordinates": [-2.59609, 53.01931]}, "properties": {"name": "Wrenbury", "crs": "WRE", "usage": null, "operator": "", "trend": []}}, {"type": "Feature", "geometry": {"type": "Point", "coordinates": [-0.92417, 53.77321]}, "properties": {"name": "Wressle", "crs": "WRS", "usage": null, "operator": "", "trend": []}}, {"type": "Feature", "geometry": {"type": "Point", "coordinates": [0.92919, 51.18546]}, "properties": {"name": "Wye", "crs": "WYE", "usage": null, "operator": "", "trend": []}}, {"type": "Feature", "geometry": {"type": "Point", "coordinates": [-1.81406, 54.97499]}, "properties": {"name": "Wylam", "crs": "WYM", "usage": null, "operator": "", "trend": []}}, {"type": "Feature", "geometry": {"type": "Point", "coordinates": [-1.83146, 52.5456]}, "properties": {"name": "Wylde Green", "crs": "WYL", "usage": null, "operator": "", "trend": []}}, {"type": "Feature", "geometry": {"type": "Point", "coordinates": [1.11769, 52.5648]}, "properties": {"name": "Wymondham", "crs": "WMD", "usage": null, "operator": "", "trend": []}}, {"type": "Feature", "geometry": {"type": "Point", "coordinates": [-1.86628, 52.38013]}, "properties": {"name": "Wythall", "crs": "WYT", "usage": null, "operator": "", "trend": []}}, {"type": "Feature", "geometry": {"type": "Point", "coordinates": [0.4118, 51.22607]}, "properties": {"name": "Yalding", "crs": "YAL", "usage": null, "operator": "", "trend": []}}, {"type": "Feature", "geometry": {"type": "Point", "coordinates": [-1.8544, 52.42148]}, "properties": {"name": "Yardley Wood", "crs": "YRD", "usage": null, "operator": "", "trend": []}}, {"type": "Feature", "geometry": {"type": "Point", "coordinates": [-1.35597, 54.50612]}, "properties": {"name": "Yarm", "crs": "YRM", "usage": null, "operator": "", "trend": []}}, {"type": "Feature", "geometry": {"type": "Point", "coordinates": [-2.43254, 51.54055]}, "properties": {"name": "Yate", "crs": "YAE", "usage": null, "operator": "", "trend": []}}, {"type": "Feature", "geometry": {"type": "Point", "coordinates": [-2.82782, 51.39097]}, "properties": {"name": "Yatton", "crs": "YAT", "usage": null, "operator": "", "trend": []}}, {"type": "Feature", "geometry": {"type": "Point", "coordinates": [-3.72611, 50.77684]}, "properties": {"name": "Yeoford", "crs": "YEO", "usage": null, "operator": "", "trend": []}}, {"type": "Feature", "geometry": {"type": "Point", "coordinates": [-2.6132, 50.92469]}, "properties": {"name": "Yeovil Junction", "crs": "YVJ", "usage": null, "operator": "", "trend": []}}, {"type": "Feature", "geometry": {"type": "Point", "coordinates": [-2.61346, 50.94447]}, "properties": {"name": "Yeovil Pen Mill", "crs": "YVP", "usage": null, "operator": "", "trend": []}}, {"type": "Feature", "geometry": {"type": "Point", "coordinates": [-2.573, 50.89611]}, "properties": {"name": "Yetminster", "crs": "YET", "usage": null, "operator": "", "trend": []}}, {"type": "Feature", "geometry": {"type": "Point", "coordinates": [-1.09316, 53.95797]}, "properties": {"name": "York", "crs": "YRK", "usage": null, "operator": "", "trend": []}}, {"type": "Feature", "geometry": {"type": "Point", "coordinates": [-2.73645, 52.80901]}, "properties": {"name": "Yorton", "crs": "YRT", "usage": null, "operator": "", "trend": []}}]}