Sort,Station name,"Three Letter Code
(TLC)",National Location Code (NLC),Region,Local authority: district or unitary,Apr 1997 to Mar 1998,Apr 1998 to Mar 1999,Apr 1999 to Mar 2000,Apr 2000 to Mar 2001,Apr 2001 to Mar 2002,Apr 2002 to Mar 2003,Apr 2003 to Mar 2004,Apr 2004 to Mar 2005,Apr 2005 to Mar 2006,Apr 2006 to Mar 2007,Apr 2007 to Mar 2008,Apr 2008 to Mar 2009,Apr 2009 to Mar 2010,Apr 2010 to Mar 2011,Apr 2011 to Mar 2012,Apr 2012 to Mar 2013,Apr 2013 to Mar 2014,Apr 2014 to Mar 2015,Apr 2015 to Mar 2016,Apr 2016 to Mar 2017,Apr 2017 to Mar 2018,Apr 2018 to Mar 2019,Apr 2019 to Mar 2020,Apr 2020 to Mar 2021,Apr 2021 to Mar 2022,Apr 2022 to Mar 2023 [b],Apr 2023 to Mar 2024,Apr 2024 to Mar 2025
1,Abbey Wood,ABW,5131,London,Greenwich,"2,060,584","2,284,585","2,355,943","2,443,651","2,400,216","2,425,400",[x],"2,201,541","2,089,975","2,804,493","3,096,498","3,029,176","2,882,868","3,030,212","3,134,250","3,175,430","3,282,240","3,319,408","2,929,472","2,988,802","3,124,850","3,769,402","3,825,206","1,412,638","2,638,456","7,118,664","10,655,006","11,873,686"
2,Aber,ABE,3813,Wales,Caerphilly - Caerffili,"88,714","87,910","112,812","115,079","115,667","134,397",[x],"134,191","136,549","169,463","183,136","192,180","192,788","202,486","203,432","209,622","219,868","212,546","214,996","227,270","251,108","245,218","228,480","15,712","73,642","103,976","136,896","145,234"
3,Abercynon,ACY,3801,Wales,Rhondda Cynon Taf - Rhondda Cynon Taf,[z],[z],[z],[z],[z],[z],[z],[z],[z],[z],[z],"194,164","195,702","214,492","240,070","243,948","251,688","265,458","275,404","293,638","298,358","289,008","282,886","33,006","105,822","134,880","144,514","189,820"
4,Abercynon North,[z],[z],[z],[z],"43,073","42,890","47,417","52,014","62,184","82,961",[x],"112,811","114,833","123,455","127,598",[z],[z],[z],[z],[z],[z],[z],[z],[z],[z],[z],[z],[z],[z],[z],[z],[z]
5,Abercynon South,[z],[z],[z],[z],"51,191","49,553","56,520","67,107","72,290","68,360",[x],"92,256","82,208","70,294","64,660",[z],[z],[z],[z],[z],[z],[z],[z],[z],[z],[z],[z],[z],[z],[z],[z],[z]
6,Aberdare,ABA,3982,Wales,Rhondda Cynon Taf - Rhondda Cynon Taf,"158,945","178,680","219,986","260,244","302,859","331,006",[x],"464,026","465,675","469,086","471,586","506,004","507,820","524,592","537,542","552,436","557,992","551,928","566,904","569,364","571,746","555,780","504,622","53,668","177,350","226,714","238,580","341,438"
7,Aberdeen,ABD,8976,Scotland,Aberdeen City,"1,550,570","1,590,804","1,609,251","1,607,702","1,762,708","1,761,041",[x],"1,931,973","2,107,855","2,278,872","2,470,281","2,568,810","2,657,014","2,964,302","3,170,464","3,338,072","3,599,431","3,742,646","3,459,944","3,058,268","2,948,150","2,616,142","2,497,108","393,982","1,536,720","1,961,414","2,287,858","2,377,660"
8,Aberdour,AUR,9090,Scotland,Fife,"78,964","87,940","95,220","103,545","95,850","96,376",[x],"112,941","109,580","120,420","121,724","128,074","131,874","129,786","126,000","124,298","127,470","129,474","127,312","125,208","135,240","140,048","126,340","14,726","62,990","78,952","105,028","116,962"
9,Aberdovey,AVY,4435,Wales,Gwynedd - Gwynedd,"20,938","19,424","21,204","21,030","21,040","21,302",[x],"23,299","20,461","23,365","25,093","25,418","27,996","32,190","36,696","33,612","34,450","36,684","38,094","35,960","37,706","40,390","36,560","5,396","22,886","34,208","37,538","49,838"
10,Abererch,ABH,4440,Wales,Gwynedd - Gwynedd,513,426,516,735,473,498,[x],"1,038","1,027","1,095","1,261","1,258","1,326","1,620","1,786","1,214","1,380",326,"1,984","2,140","2,506","2,228","2,148",0,396,"2,040","2,306","3,552"
11,Abergavenny,AGV,3602,Wales,Monmouthshire - Sir Fynwy,"236,640","235,702","257,341","253,782","255,005","265,131",[x],"279,080","284,317","291,877","309,871","315,986","344,486","357,326","371,462","379,396","389,762","425,054","435,478","425,830","437,014","433,334","415,250","102,016","283,944","359,524","402,456","423,316"
12,Abergele and Pensarn,AGL,2448,Wales,Conwy - Conwy,"75,835","74,439","79,777","72,107","70,387","59,422",[x],"59,504","58,243","62,799","64,015","70,296","71,110","76,650","84,488","81,476","81,152","73,642","70,932","68,632","70,112","73,640","76,000","18,954","58,556","81,982","94,890","104,922"
13,Aberystwyth,AYW,4303,Wales,Ceredigion - Ceredigion,"186,024","198,030","213,891","203,326","211,239","218,498",[x],"241,351","254,499","257,127","269,070","273,410","299,770","310,870","326,274","322,562","307,382","303,738","321,758","327,334","335,422","309,420","278,880","41,430","171,262","241,566","276,076","298,878"
14,Accrington,ACR,2552,North West,Hyndburn,"188,245","186,631","205,432","210,698","195,302","179,836",[x],"216,059","224,452","236,668","259,944","275,652","279,442","313,382","345,666","363,546","369,726","382,678","433,618","460,472","459,408","422,806","465,758","119,210","385,604","459,616","473,720","503,794"
15,Achanalt,AAT,8600,Scotland,Highland,336,298,278,173,163,186,[x],192,198,173,208,230,202,200,162,164,228,482,312,424,434,394,326,26,342,282,506,550
16,Achnasheen,ACN,8601,Scotland,Highland,"2,580","2,124","2,214","2,319","2,598","2,147",[x],"2,379","2,471","2,697","2,974","3,202","3,614","3,698","3,998","3,566","3,972","3,722","3,700","3,076","3,310","3,284","3,234",620,"2,420","3,302","3,980","3,340"
17,Achnashellach,ACH,8602,Scotland,Highland,822,734,525,481,586,664,[x],691,593,540,655,646,778,738,"1,084","1,054",976,800,"1,078",878,870,820,836,130,650,752,"1,004",890
18,Acklington,ACK,7662,North East,Northumberland,979,"1,452","1,596","2,011",471,727,[x],917,"1,137",985,948,778,268,108,192,184,176,206,296,204,372,320,246,66,324,434,550,856
19,Acle,ACL,7286,East of England,Broadland,"42,298","44,022","51,204","56,231","53,588","36,454",[x],"32,504","31,949","33,522","53,214","50,764","45,482","48,170","52,596","52,356","50,282","48,076","48,660","47,714","44,914","45,336","41,618","8,478","33,642","40,672","41,334","47,882"
20,Acocks Green,ACG,4529,West Midlands,Birmingham,"131,566","138,999","132,752","130,246","136,131","127,571",[x],"149,101","149,570","160,128","161,363","383,698","384,260","381,938","372,326","388,592","415,420","427,480","450,122","468,256","497,834","541,810","551,230","138,884","271,554","304,906","372,298","417,750"
21,Acton Bridge (Cheshire),ACB,2287,North West,Cheshire West and Chester,"7,196","5,916","6,562","4,181","3,473","4,607",[x],"2,709","4,162","8,913","11,373","14,480","13,658","17,242","20,044","15,732","16,612","17,486","20,236","20,092","21,058","22,578","27,976","8,482","30,838","33,040","44,682","54,980"
22,Acton Central,ACC,1404,London,Ealing,"160,334","523,270","598,042","615,291","644,984","700,862",[x],"358,142","416,037","1,334,016","1,373,736","1,112,142","956,922","1,339,536","1,818,018","2,238,244","2,837,592","2,940,598","1,891,098","1,931,864","1,907,986","1,887,162","1,753,806","727,052","1,332,790","1,499,036","1,558,028","1,574,010"
23,Acton Main Line,AML,3000,London,Ealing,"101,396","335,330","351,137","377,214","350,323","358,208",[x],"115,209","87,880","309,456","393,785","336,108","264,122","346,756","349,636","383,980","442,054","454,106","262,212","238,536","263,590","310,962","350,930","125,954","321,076","1,099,704","2,234,516","2,699,464"
24,Adderley Park,ADD,1036,West Midlands,Birmingham,"38,620","34,327","32,567","31,897","28,784","28,174",[x],"26,543","28,784","19,507","20,395","30,060","29,614","31,048","53,086","54,378","61,388","59,240","73,254","82,404","86,436","115,726","114,200","42,226","74,256","120,046","138,118","147,180"
25,Addiewell,ADW,9310,Scotland,West Lothian,"6,947","6,652","6,838","6,478","7,357","7,555",[x],"8,919","10,157","10,460","13,459","15,012","25,738","22,868","24,200","23,268","21,070","22,214","23,346","20,502","19,616","17,640","17,242","1,762","11,226","14,566","17,680","18,496"
26,Addiscombe,[z],[z],[z],[z],"1,705","1,408",[z],[z],[z],[z],[z],[z],[z],[z],[z],[z],[z],[z],[z],[z],[z],[z],[z],[z],[z],[z],[z],[z],[z],[z],[z],[z]
27,Addlestone,ASN,5550,South East,Runnymede,"225,081","210,893","255,128","220,552","193,263","174,214",[x],"213,203","238,419","286,262","387,906","402,728","391,926","378,412","365,758","371,196","381,748","406,790","423,444","429,204","429,944","431,860","391,634","96,206","239,190","271,684","330,652","382,112"
28,Adisham,ADM,5160,South East,Canterbury,"44,479","55,698","58,001","49,469","49,431","49,241",[x],"53,898","53,857","58,776","55,873","49,002","45,560","36,938","32,046","28,388","24,058","22,374","21,454","21,218","25,584","27,600","27,624","7,368","19,464","23,470","26,744","26,556"
29,Adlington (Cheshire),ADC,2939,North West,Cheshire East,"14,883","14,219","13,766","14,492","14,351","12,596",[x],"12,318","16,194","16,050","15,974","16,224","13,618","15,852","16,822","20,252","20,736","23,174","28,390","30,316","33,152","31,390","27,278","5,114","17,284","18,782","26,046","24,710"
30,Adlington (Lancashire),ADL,2641,North West,Chorley,"87,459","81,925","92,456","99,256","93,030","74,122",[x],"79,777","82,138","83,270","94,043","91,126","94,610","104,910","109,978","109,400","109,672","110,902","115,786","122,514","114,488","102,646","134,180","29,544","80,814","105,040","142,894","166,760"
31,Adwick,AWK,8353,Yorkshire and The Humber,Doncaster,"88,633","135,959","161,888","137,124","118,995","115,496",[x],"176,479","175,754","156,826","160,541","253,986","244,904","247,964","257,886","248,084","180,132","193,960","205,618","197,926","186,818","170,790","183,614","26,534","109,004","121,204","142,938","175,978"
32,Aigburth,AIG,2255,North West,Liverpool,"135,081","142,020","150,190","141,935","133,724","146,283",[x],"179,458","241,063","246,583","265,442","761,362","696,992","681,774","702,378","614,374","686,496","746,784","833,452","812,582","743,410","864,238","974,200","203,034","483,488","567,018","638,404","597,462"
33,Ainsdale,ANS,2350,North West,Sefton,"222,180","235,701","254,934","229,607","190,467","210,317",[x],"289,260","322,911","328,423","345,791","998,438","955,328","972,616","960,772","899,420","956,960","983,858","1,004,554","1,023,510","928,028","1,016,242","1,127,850","321,382","768,028","920,626","947,558","892,242"
34,Aintree,AIN,2125,North West,Sefton,"236,070","244,779","267,449","255,994","242,879","284,514",[x],"388,230","376,908","412,132","473,143","1,251,404","1,173,276","1,197,258","1,147,296","1,078,704","1,141,532","1,084,348","1,059,602","1,048,614","1,093,656","1,175,920","1,295,348","301,632","725,908","841,662","908,962","977,074"
35,Airbles,AIR,9695,Scotland,North Lanarkshire,"42,628","46,086","48,240","45,936","38,034","41,145",[x],"62,000","78,562","89,219","94,205","107,524","104,490","107,862","110,164","113,582","112,842","119,128","126,986","142,930","132,762","114,442","118,856","14,100","64,168","79,500","110,728","109,620"
36,Airdrie,ADR,9759,Scotland,North Lanarkshire,"693,943","801,247","846,475","876,267","844,172","802,342",[x],"909,986","952,361","994,172","988,115","1,067,384","1,054,910","1,191,156","1,158,642","1,154,032","1,079,692","1,104,190","1,074,866","1,086,244","1,118,132","1,098,012","1,009,104","121,496","476,662","632,798","774,562","809,690"
37,Albany Park,AYP,5132,London,Bexley,"606,093","630,154","646,157","674,820","700,933","725,138",[x],"727,796","764,994","937,865","964,636","969,360","919,586","913,852","917,874","945,350","990,096","1,048,330","991,150","966,726","954,906","1,006,946","972,604","213,044","509,626","622,490","660,904","775,024"
38,Albrighton,ALB,4614,West Midlands,Shropshire,"42,633","47,748","37,464","40,970","48,972","45,818",[x],"44,289","49,847","56,118","63,997","77,216","77,240","79,232","104,902","87,842","89,358","89,410","95,322","99,380","98,872","101,548","99,316","16,886","56,078","69,556","91,340","92,196"
39,Alderley Edge,ALD,2760,North West,Cheshire East,"138,171","135,491","126,774","118,007","121,050","112,810",[x],"107,650","108,065","90,999","154,606","172,716","179,378","202,426","219,064","219,660","230,422","234,174","258,178","284,804","293,432","297,470","288,104","72,348","197,016","226,692","239,442","244,220"
40,Aldermaston,AMT,3145,South East,West Berkshire,"44,391","45,571","45,642","48,318","44,317","43,919",[x],"39,027","46,297","56,846","61,587","64,800","65,014","61,292","63,784","68,218","77,452","74,846","81,968","88,988","83,162","73,942","82,758","18,622","45,004","50,602","57,022","71,290"
41,Aldershot,AHT,5623,South East,Rushmoor,"855,586","919,926","953,092","1,021,168","966,715","1,023,032",[x],"1,121,499","1,196,067","1,277,324","1,415,479","1,441,470","1,406,724","1,492,704","1,469,676","1,448,130","1,401,204","1,434,250","1,465,212","1,437,614","1,394,782","1,367,252","1,283,830","364,844","888,372","1,093,476","1,229,064","1,371,112"
42,Aldrington,AGT,5280,South East,Brighton and Hove,"63,843","78,043","85,544","83,580","95,840","91,941",[x],"106,528","118,419","129,227","149,340","150,928","157,872","169,266","191,532","214,852","226,936","227,204","236,458","185,874","193,956","206,968","224,798","58,282","122,640","127,810","139,908","169,826"
43,Alexandra Palace,AAP,6025,London,Haringey,"412,146","476,131","515,642","491,852","523,460","592,357",[x],"609,875","692,845","1,042,833","1,310,940","1,057,712","1,063,484","1,114,960","1,157,296","1,197,166","1,282,462","1,419,852","1,685,542","1,621,664","1,769,736","1,843,648","1,735,976","409,034","969,372","1,340,050","1,595,988","1,855,806"
44,Alexandra Parade,AXP,9905,Scotland,Glasgow City,"20,211","26,072","65,298","82,836","66,252","48,028",[x],"83,750","105,590","99,311","106,276","128,474","142,610","157,348","182,226","193,932","245,666","272,470","312,032","322,264","364,924","418,768","392,600","59,874","199,742","263,714","362,228","343,914"
45,Alexandria,ALX,9861,Scotland,West Dunbartonshire,"274,790","337,257","335,803","308,072","285,191","270,904",[x],"276,238","305,459","294,563","298,266","333,302","343,238","346,556","348,418","357,744","347,056","359,874","344,530","307,348","278,932","244,378","233,278","26,080","111,434","148,340","176,956","185,556"
46,Alfreton,ALF,1805,East Midlands,Amber Valley,"118,610","123,980","136,838","133,537","147,582","143,092",[x],"150,999","153,909","156,614","134,946","158,850","187,552","205,306","212,016","224,866","241,066","269,698","282,880","292,130","294,758","314,464","311,030","61,690","245,910","289,838","316,196","382,994"
47,Allens West,ALW,7520,North East,Stockton-on-Tees,"28,475","31,938","37,221","39,146","41,386","45,197",[x],"51,087","69,438","67,465","71,940","66,958","59,296","59,174","63,630","62,030","59,066","59,316","63,190","65,414","64,792","65,136","66,766","16,258","58,750","73,166","85,356","99,646"
48,Allerton,[z],[z],[z],[z],"13,180","10,544","11,781","11,326","9,718","7,731",[x],"11,443","4,693",[z],[z],[z],[z],[z],[z],[z],[z],[z],[z],[z],[z],[z],[z],[z],[z],[z],[z],[z]
49,Alloa,ALO,9883,Scotland,Clackmannanshire,[z],[z],[z],[z],[z],[z],[z],[z],[z],[z],[z],"335,654","390,072","394,326","401,150","380,864","383,786","402,402","386,528","360,596","388,194","370,452","393,360","70,732","258,994","355,280","496,520","528,768"
50,Alness,ASS,8605,Scotland,Highland,"2,221","2,275","1,917","2,788","2,530","3,717",[x],"6,950","7,633","9,822","11,550","13,722","14,306","17,782","25,498","28,384","27,796","25,934","23,614","26,376","29,272","30,426","27,050","3,220","15,810","16,804","20,928","20,482"
51,Alnmouth,ALM,7787,North East,Northumberland,"72,864","83,956","92,305","91,053","89,266","86,436",[x],"134,902","165,049","172,170","181,912","197,222","192,380","214,230","256,176","257,702","283,233","305,104","294,042","312,452","339,814","344,602","344,862","61,222","285,882","331,064","353,254","378,954"
52,Alresford (Essex),ALR,6847,East of England,Tendring,"51,480","44,769","46,313","47,552","51,377","49,436",[x],"49,386","45,144","48,966","46,833","50,888","56,012","62,516","58,734","57,342","57,480","62,098","68,436","69,720","61,752","62,994","65,602","15,816","47,180","63,450","85,564","97,088"
53,Alsager,ASG,1223,North West,Cheshire East,"41,649","41,990","36,544","31,690","30,219","25,350",[x],"22,297","25,998","32,216","36,529","35,342","56,290","74,474","85,408","87,974","98,046","96,292","101,794","111,016","112,588","116,446","128,254","27,572","77,184","94,622","101,420","115,024"
54,Althorne (Essex),ALN,6869,East of England,Maldon,"61,258","48,599","53,493","49,583","43,432","42,177",[x],"43,158","39,640","34,042","46,917","42,418","35,084","36,708","37,012","38,346","43,006","45,346","41,456","44,538","40,788","43,816","39,690","6,736","18,576","21,908","29,314","33,650"
55,Althorpe,ALP,6532,Yorkshire and The Humber,North Lincolnshire,"5,143","5,681","5,006","4,408","3,322","2,783",[x],"5,490","6,660","7,428","9,853","8,906","6,700","8,430","9,296","8,476","6,404","10,086","11,894","10,702","9,816","7,978","9,752","2,048","4,488","1,408","3,294","3,816"
56,Altnabreac,ABC,8606,Scotland,Highland,98,61,58,121,149,93,[x],164,171,222,177,212,156,172,238,296,138,240,312,356,658,408,232,46,230,280,250,[z]
57,Alton,AON,5544,South East,East Hampshire,"380,289","394,270","412,480","430,338","391,228","400,944",[x],"480,790","498,254","548,291","625,926","650,674","706,582","720,478","717,170","720,584","697,306","744,138","753,202","716,162","710,322","711,292","679,324","133,396","386,882","496,032","544,058","590,922"
58,Altrincham,ALT,2806,North West,Trafford,"212,746","203,942","198,719","192,583","183,800","146,100",[x],"193,755","210,021","223,338","282,958","260,882","264,932","476,526","462,640","479,878","474,362","407,836","507,592","568,734","458,224","396,832","372,682","69,168","222,136","247,514","273,008","316,474"
59,Alvechurch,ALV,1198,West Midlands,Bromsgrove,"62,955","80,110","67,124","67,479","68,306","68,407",[x],"76,963","94,044","94,100","94,129","135,048","137,862","137,552","161,392","151,628","159,572","144,824","167,154","188,536","198,152","199,862","179,964","32,418","91,124","123,554","151,042","163,368"
60,Ambergate,AMB,1678,East Midlands,Amber Valley,"24,220","24,391","23,673","22,784","21,632","18,532",[x],"18,655","19,006","17,222","19,807","25,868","35,842","39,600","39,952","38,444","39,848","39,122","41,506","46,890","46,552","41,130","41,552","8,956","27,852","33,162","34,922","39,004"
61,Amberley,AMY,5250,South East,Horsham,"27,356","30,366","32,675","34,519","31,039","35,010",[x],"33,103","34,295","38,292","40,397","48,570","49,006","48,994","61,468","60,674","58,738","58,380","57,828","50,596","53,704","60,296","59,806","17,084","44,318","60,580","70,836","89,218"
62,Amersham,AMR,506,South East,Buckinghamshire,[z],[z],[z],[z],[z],[z],[z],[z],[z],"1,805,767","1,510,922","1,059,766","1,218,936","1,713,718","1,784,008","2,035,452","2,164,370","2,133,978","1,944,310","1,958,866","1,940,360","1,991,780","2,067,212","450,702","1,140,340","1,563,462","1,766,908","1,892,926"
63,Ammanford,AMF,4236,Wales,Carmarthenshire - Sir Gaerfyrddin,"8,094","8,614","9,006","9,702","10,436","13,928",[x],"17,463","14,627","12,163","14,782","16,506","17,524","19,256","18,892","20,412","19,912","20,238","18,968","19,428","19,934","19,596","18,016",556,"7,348","11,010","16,062","23,694"
64,Ancaster,ANC,6358,East Midlands,South Kesteven,"4,303","3,165","2,883","4,829","5,203","6,155",[x],"4,468","4,641","6,109","5,238","4,652","3,764","4,388","4,042","7,408","8,878","9,910","7,356","7,162","6,572","5,904","5,006","1,798","6,160","7,548","5,484","5,532"
65,Anderston,AND,9965,Scotland,Glasgow City,"115,292","163,047","171,600","196,152","184,646","163,967",[x],"240,667","340,728","381,946","428,595","561,906","551,894","576,912","647,182","630,822","602,826","633,668","624,644","661,282","711,556","728,408","715,074","119,942","217,646","228,506","368,574","419,400"
66,Andover,ADV,5510,South East,Test Valley,"588,571","632,178","690,449","760,806","785,952","833,452",[x],"982,255","990,989","1,014,898","1,041,364","1,070,908","1,030,838","1,089,684","1,135,300","1,123,736","1,179,202","1,178,074","1,205,858","1,225,902","1,198,536","1,232,336","1,152,576","267,620","709,312","921,726","1,023,710","1,141,420"
67,Anerley,ANZ,5397,London,Bromley,"190,024","250,797","263,417","242,868","240,520","261,283",[x],"239,360","235,382","389,392","407,730","387,558","380,320","508,902","628,650","688,280","735,932","760,490","887,484","973,012","994,266","1,043,346","1,033,264","325,286","727,730","900,882","944,622","948,840"
68,Angel Road,[z],[z],[z],[z],"11,066","13,137","15,847","14,758","16,787","16,721",[x],"17,074","15,786","16,368","37,330","32,394","26,960","28,646","28,240","63,040","83,714","85,770","27,754","33,544","32,938","35,570","5,882",[z],[z],[z],[z],[z]
69,Angmering,ANG,5267,South East,Arun,"366,334","354,820","438,018","384,505","418,948","444,100",[x],"526,011","553,609","614,236","659,931","678,478","690,682","764,818","819,488","864,926","883,150","882,480","865,380","699,978","801,006","826,622","859,340","290,554","677,210","733,842","719,952","843,312"
70,Annan,ANN,9451,Scotland,Dumfries and Galloway,"36,056","49,566","64,923","75,838","78,959","89,753",[x],"113,275","115,662","94,299","100,409","112,566","111,492","117,166","126,706","127,502","129,676","126,806","119,278","124,398","128,754","139,370","133,270","16,448","81,834","99,398","128,040","127,412"
71,Anniesland,ANL,9972,Scotland,Glasgow City,"485,151","513,448","550,744","538,893","518,146","525,716",[x],"662,422","775,049","808,956","848,987","962,696","998,824","1,047,958","1,103,308","1,145,740","1,066,714","1,133,042","1,154,430","1,218,022","1,195,190","1,136,078","1,144,568","173,104","564,808","735,448","936,024","1,013,182"
72,Ansdell and Fairhaven,AFV,2662,North West,Fylde,"30,217","30,517","34,626","33,323","46,241","29,444",[x],"26,801","30,608","34,237","36,242","36,544","35,424","40,238","41,518","59,344","41,812","36,794","38,794","40,528","32,482","32,240","42,386","9,476","35,218","40,982","45,500","48,776"
73,Apperley Bridge,APY,8562,Yorkshire and The Humber,Bradford,[z],[z],[z],[z],[z],[z],[z],[z],[z],[z],[z],[z],[z],[z],[z],[z],[z],[z],"96,418","350,312","372,436","375,794","394,558","91,410","263,090","362,988","388,504","455,666"
74,Appleby,APP,2052,North West,Westmorland and Furness,"64,616","59,817","60,669","59,432","50,221","47,604",[x],"62,521","66,449","61,886","61,781","61,904","61,984","70,808","68,884","60,992","62,600","57,078","53,036","61,446","60,254","57,526","60,310","11,232","47,476","52,674","56,512","63,348"
75,Appledore (Kent),APD,5003,South East,Ashford,"19,577","18,030","19,399","15,984","15,678","15,459",[x],"21,126","20,718","25,693","31,457","32,856","31,488","34,182","31,344","36,908","40,116","37,464","39,190","35,886","39,668","42,792","40,656","9,492","24,818","26,478","28,764","29,092"
76,Appleford,APF,3109,South East,Vale of White Horse,"7,197","7,231","8,745","7,363","8,046","7,157",[x],"10,622","11,134","10,429","8,138","10,772","9,086","8,890","7,772","9,368","8,826","7,738","7,752","6,426","6,562","7,504","7,232","1,768","5,336","7,234","7,306","9,074"
77,Appley Bridge,APB,2396,North West,West Lancashire,"78,862","87,623","113,028","127,160","141,063","134,086",[x],"146,150","171,572","174,175","178,291","206,156","220,060","226,086","237,396","241,314","241,738","243,034","247,246","246,606","231,150","224,338","226,782","39,006","127,662","130,716","129,034","126,192"
78,Apsley,APS,1430,East of England,Dacorum,"230,131","244,116","281,238","247,220","253,407","247,521",[x],"325,714","371,612","414,680","405,780","396,118","363,096","401,244","427,910","447,908","486,374","510,464","576,422","634,484","631,890","667,192","658,734","118,074","326,894","405,772","472,812","518,088"
79,Arbroath,ARB,9079,Scotland,Angus,"237,251","241,169","251,994","261,208","279,723","284,392",[x],"373,219","396,979","393,408","427,820","410,162","393,310","404,212","398,892","388,320","388,612","392,994","383,102","361,038","367,468","369,906","377,582","53,058","229,364","293,274","359,108","362,306"
80,Ardgay,ARD,8613,Scotland,Highland,"2,424","2,077","2,148","2,011","2,360","2,503",[x],"2,297","3,067","3,964","5,851","6,516","7,388","7,404","8,890","8,108","8,806","8,416","6,732","7,144","7,140","6,998","6,408",624,"3,968","4,412","5,674","5,734"
81,Ardlui,AUI,9962,Scotland,Argyll and Bute,"15,574","1,560","1,980","1,647","1,655","1,569",[x],"2,309","2,344","2,383","1,870","2,212","1,970","2,092","2,260","2,216","4,566","5,074","5,072","5,426","5,104","5,622","3,982",864,"3,054","3,282","4,118","4,050"
82,Ardrossan Harbour,ADS,9453,Scotland,North Ayrshire,"58,758","55,398","54,001","54,443","55,827","59,444",[x],"66,073","67,280","68,331","85,251","102,690","110,562","115,954","113,864","116,440","124,746","129,782","111,086","121,004","126,608","131,374","123,904","13,128","58,594","92,422","107,452","84,144"
83,Ardrossan South Beach,ASB,9569,Scotland,North Ayrshire,"120,500","148,232","163,411","155,808","152,239","157,557",[x],"180,767","186,954","191,782","201,388","219,852","216,002","229,090","235,224","241,502","218,638","219,186","221,090","224,466","229,512","220,638","215,924","23,670","118,668","143,200","171,736","167,462"
84,Ardrossan Town,ADN,9455,Scotland,North Ayrshire,"10,226","10,691","9,445","9,060","7,954","7,132",[x],"13,539","16,455","16,524","15,153","20,688","18,568","18,872","20,592","21,048","21,208","21,902","20,068","24,186","21,586","22,348","22,364","2,272","10,928","14,082","17,304","17,108"
85,Ardwick,ADK,2960,North West,Manchester,920,486,473,407,591,281,[x],285,358,456,479,574,754,668,584,616,568,542,896,860,882,"1,238","1,520",238,404,324,396,262
86,Argyle Street,AGS,9961,Scotland,Glasgow City,"395,533","485,354","458,512","449,476","414,227","363,186",[x],"467,305","574,278","616,686","606,397","748,878","734,756","783,634","1,196,468","1,336,662","1,369,928","1,438,396","1,382,948","1,413,190","1,411,372","1,295,376","1,311,820","382,016","773,154","809,914","1,270,566","1,279,026"
87,Arisaig,ARG,8821,Scotland,Highland,"7,022","6,593","5,871","6,935","7,154","7,678",[x],"7,228","7,086","7,636","7,290","6,188","7,076","7,622","7,526","7,390","7,394","7,596","7,058","6,262","6,886","6,226","5,942","1,072","3,802","4,196","6,078","5,572"
88,Arlesey,ARL,6171,East of England,Central Bedfordshire,"191,235","228,141","218,291","225,525","254,655","256,882",[x],"327,106","349,725","369,425","398,128","413,870","411,056","444,680","503,446","535,054","562,728","627,196","667,602","693,548","674,192","662,676","696,708","152,836","407,022","552,150","592,464","688,476"
89,Armadale (West Lothian),ARM,990,Scotland,West Lothian,[z],[z],[z],[z],[z],[z],[z],[z],[z],[z],[z],[z],[z],"11,170","126,088","141,076","164,696","186,334","215,390","238,688","249,778","260,082","251,770","35,928","134,362","172,918","213,400","232,232"
90,Armathwaite,AWT,2054,North West,Westmorland and Furness,"6,813","8,265","10,219","10,604","8,806","8,340",[x],"9,489","9,698","7,984","8,057","10,266","10,128","9,684","9,554","9,194","8,130","7,786","5,950","2,180","7,100","7,616","9,510","1,700","6,988","8,430","11,432","13,282"
91,Arnside,ARN,1963,North West,Westmorland and Furness,"79,970","81,226","89,763","87,048","84,757","76,334",[x],"89,182","90,928","92,774","105,084","102,314","107,698","115,862","102,426","110,032","115,464","114,090","109,736","110,610","103,168","96,348","115,338","28,764","100,034","91,330","106,286","119,618"
92,Arram,ARR,8045,Yorkshire and The Humber,East Riding of Yorkshire,"2,304","1,863","1,964","2,555","2,653","2,154",[x],"2,043","2,126","2,420","2,825","2,698","3,518","3,234","3,484","2,496","1,900","1,976","1,704","1,506","1,998","1,392",828,92,738,598,"1,790","1,030"
93,Arrochar and Tarbet,ART,9963,Scotland,Argyll and Bute,"5,372","5,331","9,622","12,989","7,231","7,662",[x],"7,998","9,171","10,067","9,569","10,038","9,012","8,784","9,546","9,232","10,662","13,618","15,236","15,742","17,800","20,192","18,288","3,824","15,400","16,958","21,686","20,438"
94,Arundel,ARU,5251,South East,Arun,"186,796","191,996","199,683","209,470","213,769","220,660",[x],"233,284","240,359","250,436","265,511","262,294","267,834","274,844","288,752","291,114","300,890","304,460","311,906","272,682","302,718","327,110","316,818","85,660","208,680","258,394","279,888","308,686"
95,Ascot (Berks),ACT,5666,South East,Windsor and Maidenhead,"698,858","747,115","803,007","864,547","839,690","857,875",[x],"939,510","789,039","1,008,215","1,045,853","1,081,070","1,014,440","1,084,438","1,140,482","1,143,716","1,179,120","1,225,750","1,255,918","1,247,078","1,212,682","1,234,810","1,118,622","154,666","550,756","821,410","857,346","947,036"
96,Ascott-Under-Wychwood,AUW,3003,South East,West Oxfordshire,"2,310","3,135","2,641","2,337","2,104","2,050",[x],"2,534","2,931","1,769","2,499","2,860","2,264","1,658","2,702","2,484","2,856","4,026","4,532","4,644","3,312","2,638","3,036",638,"1,162","1,628","1,392","1,282"
97,Ash,ASH,5641,South East,Guildford,"181,615","188,358","207,728","201,313","186,269","200,666",[x],"215,700","224,467","238,863","272,414","281,700","288,932","270,936","273,152","283,620","274,754","288,550","288,430","279,244","261,276","268,106","245,978","67,150","160,032","204,050","232,930","259,336"
98,Ash Vale,AHV,5547,South East,Guildford,"315,847","326,761","339,801","364,203","335,835","350,887",[x],"395,265","398,287","407,035","471,787","476,558","437,858","437,436","452,036","452,824","454,772","474,462","488,636","480,854","466,782","459,054","421,022","88,390","227,016","303,058","328,490","358,324"
99,Ashburys,ABY,2941,North West,Manchester,"56,391","54,823","50,336","47,606","49,417","51,278",[x],"55,946","52,620","46,528","45,418","66,526","68,558","71,722","86,106","83,264","91,330","91,502","87,136","98,472","90,950","112,846","128,958","35,190","65,502","65,988","89,420","105,284"
100,Ashchurch for Tewkesbury,ASC,4700,South West,Tewkesbury,"30,814","38,212","50,319","49,217","48,937","49,180",[x],"47,501","56,513","64,592","58,212","67,390","64,622","68,964","74,168","76,386","83,840","87,384","91,000","94,244","101,236","102,688","108,234","17,576","68,810","81,830","93,894","108,740"
101,Ashfield,ASF,9953,Scotland,Glasgow City,"217,599","31,656","40,862","44,123","39,818","29,496",[x],"39,944","38,735","42,469","43,850","53,040","58,046","54,662","69,676","76,390","74,160","80,470","76,500","50,340","83,486","84,458","66,384","23,920","45,230","52,060","69,608","64,718"
102,Ashford (Surrey),AFS,5667,South East,Spelthorne,"503,480","524,094","622,159","592,735","535,611","534,929",[x],"610,706","642,131","697,972","928,868","998,700","954,572","913,396","958,994","963,786","975,950","1,043,988","1,066,986","1,057,340","1,032,946","1,076,006","986,432","236,906","616,080","724,968","762,484","882,266"
103,Ashford International,AFK,5004,South East,Ashford,"1,710,114","1,791,672","1,822,014","1,942,014","2,005,787","2,072,300",[x],"2,286,350","2,408,539","2,606,065","2,819,499","2,758,866","2,756,090","3,123,070","3,310,834","3,329,948","3,481,076","3,614,790","3,764,590","3,798,486","3,900,868","4,102,872","4,020,566","1,064,288","2,656,922","3,246,968","3,510,838","3,791,778"
104,Ashington,ASL,7608,North East,Northumberland,[z],[z],[z],[z],[z],[z],[z],[z],[z],[z],[z],[z],[z],[z],[z],[z],[z],[z],[z],[z],[z],[z],[z],[z],[z],[z],[z],"130,630"
105,Ashley,ASY,2850,North West,Cheshire East,"5,170","5,522","6,849","5,443","4,441","3,868",[x],"3,378","4,300","3,898","3,870","4,740","4,328","5,478","6,676","7,174","5,856","6,362","7,578","8,680","8,114","8,030","8,224","1,918","6,666","7,902","8,248","8,648"
106,Ashley Down,ASD,5548,South West,"Bristol, City of",[z],[z],[z],[z],[z],[z],[z],[z],[z],[z],[z],[z],[z],[z],[z],[z],[z],[z],[z],[z],[z],[z],[z],[z],[z],[z],[z],"50,988"
107,Ashtead,AHD,5347,South East,Mole Valley,"655,473","743,100","799,579","806,660","776,304","777,382",[x],"830,308","874,137","925,232","1,035,665","1,048,224","1,056,286","1,095,148","1,176,568","1,205,956","1,249,748","1,296,434","1,329,660","1,317,284","1,264,878","1,308,084","1,272,990","261,410","696,822","847,384","933,800","1,023,956"
108,Ashton-Under-Lyne,AHN,2790,North West,Tameside,"156,595","145,901","195,198","217,484","234,825","245,428",[x],"324,797","337,993","337,580","344,041","450,868","461,086","519,126","581,362","492,472","470,580","380,042","361,946","386,720","324,674","326,674","362,246","70,596","168,024","142,178","154,486","180,238"
109,Ashurst (Kent),AHS,5398,South East,Tunbridge Wells,"4,517","5,439","5,685","4,634","4,567","5,058",[x],"6,572","10,831","14,732","17,360","20,172","16,694","22,326","24,432","24,976","24,630","23,524","26,508","22,628","25,700","38,190","45,624","6,094","18,842","26,488","27,422","27,738"
110,Ashurst New Forest,ANF,5906,South East,New Forest,"24,949","22,770","25,615","30,723","31,812","38,400",[x],"49,102","56,768","71,275","82,733","88,500","88,710","101,108","103,642","109,842","117,340","124,132","129,164","131,592","144,608","153,670","134,242","30,792","74,566","91,488","101,806","108,328"
111,Ashwell and Morden,AWM,6083,East of England,South Cambridgeshire,"75,395","85,410","96,117","91,556","91,648","89,061",[x],"98,481","96,452","108,013","104,417","116,908","112,350","115,720","130,196","119,042","131,148","138,638","144,158","150,384","152,372","156,490","159,254","34,748","104,212","140,696","146,024","173,122"
112,Askam,ASK,1953,North West,Westmorland and Furness,"65,877","49,199","45,545","49,787","43,798","44,909",[x],"46,956","49,306","53,589","66,066","43,230","72,420","59,936","62,610","64,862","63,186","63,652","63,440","65,752","62,882","68,716","75,810","24,680","51,616","57,606","64,180","70,730"
113,Aslockton,ALK,6233,East Midlands,Rushcliffe,"22,652","20,897","20,943","20,914","20,624","15,991",[x],"16,064","18,538","21,363","21,473","18,334","13,712","14,644","15,912","15,704","21,100","22,226","23,766","30,572","24,942","31,204","33,438","3,736","15,914","23,472","23,194","23,218"
114,Aspatria,ASP,2095,North West,Cumberland,"19,620","15,905","14,321","12,672","12,178","10,826",[x],"18,259","21,844","21,032","25,715","27,540","32,622","30,734","30,078","29,472","26,170","27,682","26,842","25,904","22,420","21,026","29,096","9,968","25,962","27,878","28,040","31,666"
115,Aspley Guise,APG,1380,East of England,Central Bedfordshire,"21,944","16,762","14,795","13,360","13,749","10,986",[x],"11,202","11,916","10,552","11,880","14,050","11,348","13,646","12,444","11,246","12,884","10,086","9,564","9,454","9,962","11,636","9,408","2,858","4,146","4,650","3,320","8,300"
116,Aston,AST,1004,West Midlands,Birmingham,"133,530","131,436","136,444","125,757","149,696","153,463",[x],"162,092","162,901","167,698","206,324","341,302","344,792","336,266","445,164","437,680","484,232","489,476","533,212","525,306","570,798","658,072","683,092","128,910","388,006","555,192","632,440","613,448"
117,Atherstone,ATH,1074,West Midlands,North Warwickshire,"8,483","10,381","9,062","7,625","6,779","5,779",[x],"1,658","1,425","3,162","4,757","10,630","40,006","65,340","77,564","83,342","99,974","120,764","141,494","143,476","148,934","171,606","151,174","29,300","95,118","98,690","106,942","113,120"
118,Atherton,ATN,2584,North West,Wigan,"176,792","171,136","185,868","192,274","199,684","179,915",[x],"200,086","225,721","231,362","239,276","369,202","367,554","410,512","424,058","448,934","433,766","441,830","436,000","338,164","295,810","288,906","329,668","65,272","179,860","192,862","204,852","218,476"
119,Attadale,ATT,8608,Scotland,Highland,259,314,234,294,231,216,[x],325,398,439,469,472,478,526,968,658,998,784,820,938,"1,170","1,322","1,228",62,764,"1,042","1,344","1,034"
120,Attenborough,ATB,1624,East Midlands,Broxtowe,"30,430","29,895","28,436","28,839","29,554","31,116",[x],"26,797","24,756","33,333","37,566","37,418","58,748","66,038","79,798","89,938","94,756","112,532","111,678","105,742","107,902","99,484","106,882","17,586","46,934","52,704","68,916","96,094"
121,Attercliffe,[z],[z],[z],[z],20,[z],[z],[z],[z],[z],[z],[z],[z],[z],[z],[z],[z],[z],[z],[z],[z],[z],[z],[z],[z],[z],[z],[z],[z],[z],[z],[z]
122,Attleborough,ATL,7367,East of England,Breckland,"41,828","46,531","46,141","48,457","48,530","65,840",[x],"133,370","139,252","154,442","151,389","154,064","153,410","161,610","171,018","157,792","154,172","153,828","153,804","159,466","159,916","163,062","158,464","41,592","131,918","168,896","172,376","175,046"
123,Auchinleck,AUK,9457,Scotland,East Ayrshire,"17,013","21,903","25,832","28,399","29,505","28,870",[x],"35,915","37,773","39,006","35,729","35,758","37,818","48,584","55,768","57,124","55,966","62,658","61,986","61,838","67,404","77,754","72,080","5,162","35,324","44,532","61,900","64,852"
124,Audley End,AUD,7017,East of England,Uttlesford,"647,508","671,952","739,673","735,296","773,260","762,515",[x],"751,265","721,057","728,880","773,805","765,608","722,606","746,746","751,194","810,540","838,804","878,746","928,532","930,960","1,011,622","979,414","1,006,730","172,636","502,644","623,570","751,334","814,130"
125,Aughton Park,AUG,2215,North West,West Lancashire,"85,650","86,669","103,120","100,142","92,840","95,060",[x],"86,413","83,012","89,200","85,699","124,736","109,592","96,224","78,530","78,136","179,740","183,340","187,670","200,604","180,544","204,282","218,496","37,232","112,192","139,550","162,460","185,634"
126,Aviemore,AVM,8610,Scotland,Highland,"53,872","61,358","61,795","62,338","70,230","70,272",[x],"80,977","91,456","101,294","115,431","121,090","124,972","132,336","132,052","136,456","141,311","150,724","152,082","145,200","147,964","138,490","132,618","25,492","92,240","112,090","130,090","123,654"
127,Avoncliff,AVF,3265,South West,Wiltshire,"6,440","6,313","7,700","8,866","8,812","7,928",[x],"8,428","10,624","13,888","15,256","15,774","16,240","19,650","18,266","16,404","19,394","19,432","19,948","21,016","20,510","24,396","23,448","6,088","18,812","23,402","24,136","25,078"
128,Avonmouth,AVN,3200,South West,"Bristol, City of","41,042","41,659","36,925","36,514","39,992","40,089",[x],"33,815","43,365","47,834","44,468","61,948","68,448","83,674","88,642","97,880","111,440","119,924","129,860","144,110","123,932","107,752","127,142","46,076","88,332","109,936","134,538","171,440"
129,Axminster,AXM,5714,South West,East Devon,"208,433","204,535","221,027","208,879","174,790","167,029",[x],"181,586","176,270","181,825","205,870","213,590","211,204","252,662","279,604","345,560","355,710","386,226","394,438","395,216","399,084","384,220","377,688","141,960","303,842","366,450","379,754","417,946"
130,Aylesbury,AYS,1492,South East,Buckinghamshire,"695,298","841,798","893,701","946,496","957,599","939,033",[x],"1,101,302","1,048,931","1,092,423","1,129,973","1,093,076","1,025,136","1,067,280","1,060,518","1,068,894","1,104,398","1,134,222","1,158,350","1,176,646","1,178,490","1,235,236","1,207,764","298,176","742,942","873,932","852,610","900,484"
131,Aylesbury Vale Parkway,AVP,1090,South East,Buckinghamshire,[z],[z],[z],[z],[z],[z],[z],[z],[z],[z],[z],"13,042","49,212","55,864","73,130","81,696","100,886","128,644","168,610","169,164","185,748","203,266","206,834","36,706","86,896","103,744","108,894","127,578"
132,Aylesford,AYL,5162,South East,Tonbridge and Malling,"82,882","84,892","88,820","70,305","67,739","60,545",[x],"62,484","83,218","80,375","92,776","97,428","96,178","96,396","98,924","107,356","112,666","115,906","115,314","122,554","144,792","162,366","166,018","41,442","117,816","109,192","152,216","184,616"
133,Aylesham,AYH,5197,South East,Dover,"75,482","70,184","80,924","83,488","79,761","73,566",[x],"78,255","89,758","97,712","93,672","89,906","74,004","72,766","71,356","68,472","68,376","80,828","83,346","88,752","109,050","120,244","121,648","44,884","96,992","103,126","100,646","106,320"
134,Ayr,AYR,9463,Scotland,South Ayrshire,"1,143,214","1,152,157","1,180,367","1,137,686","1,097,949","1,153,577",[x],"1,256,522","1,365,515","1,417,081","1,384,604","1,459,894","1,423,932","1,513,874","1,523,418","1,539,552","1,476,414","1,572,182","1,555,702","1,634,550","1,676,046","1,458,918","1,395,968","238,652","725,962","821,288","684,190","795,560"
135,Bache,BAC,2187,North West,Cheshire West and Chester,"68,257","64,575","60,259","45,089","32,398","50,475",[x],"58,283","60,430","53,016","88,074","104,334","187,704","197,178","191,796","187,208","321,052","368,236","366,028","360,100","338,656","458,908","466,508","129,020","307,870","346,922","403,316","495,366"
136,Baglan,BAJ,4186,Wales,Neath Port Talbot - Castell-nedd Port Talbot,"22,781","18,400","14,414","10,401","11,605","12,576",[x],"10,810","10,169","8,023","10,826","18,506","20,972","17,642","19,638","20,828","22,552","27,510","26,882","23,776","23,716","22,894","21,770","5,976","17,780","25,072","25,040","35,200"
137,Bagshot,BAG,5681,South East,Surrey Heath,"85,014","83,978","88,198","89,985","82,815","81,653",[x],"95,357","102,262","118,241","138,110","140,500","136,836","145,444","149,408","153,586","165,174","166,896","173,680","160,076","157,480","143,736","131,110","31,562","85,444","104,228","114,140","120,552"
138,Baildon,BLD,8552,Yorkshire and The Humber,Bradford,"149,539","158,946","167,284","165,490","148,490","145,848",[x],"170,826","179,592","170,751","178,691","219,246","213,690","221,770","220,296","208,456","216,490","250,846","276,716","289,944","286,048","296,602","294,380","112,288","206,774","214,742","198,294","210,976"
139,Baillieston,BIO,9763,Scotland,Glasgow City,"56,481","58,058","53,322","51,355","44,909","38,976",[x],"48,120","50,550","57,376","66,369","81,434","89,118","97,056","109,156","114,694","111,966","112,870","126,234","156,480","159,510","149,914","175,460","29,156","93,060","117,350","155,306","162,068"
140,Balcombe,BAB,5492,South East,Mid Sussex,"79,801","91,253","87,713","82,158","83,045","89,872",[x],"102,564","109,748","109,506","110,226","105,060","103,042","118,202","121,982","124,448","124,892","128,740","128,748","128,066","132,118","152,040","179,896","49,106","123,504","163,380","180,896","213,026"
141,Baldock,BDK,6084,East of England,North Hertfordshire,"229,353","264,542","288,326","315,713","315,216","331,732",[x],"377,278","386,350","427,635","419,784","473,396","455,724","496,896","517,036","535,106","568,182","623,898","658,208","648,738","653,280","637,664","654,320","154,004","387,170","502,586","527,306","568,602"
142,Balham,BAL,5399,London,Wandsworth,"1,623,938","2,468,685","2,696,217","2,801,798","2,746,281","2,910,390",[x],"3,161,416","3,236,366","5,455,384","5,543,764","5,084,538","5,052,242","5,935,140","6,463,982","6,784,734","6,916,220","7,643,798","10,114,526","8,750,756","8,463,278","8,140,418","7,823,990","2,043,894","3,688,758","4,175,938","5,213,410","5,955,232"
143,Balloch,BHC,9862,Scotland,West Dunbartonshire,"381,198","458,641","476,617","453,307","448,533","463,350",[x],"486,973","552,343","554,798","571,658","600,764","539,450","546,924","552,912","559,570","516,450","553,606","546,584","543,006","529,196","554,282","487,734","67,320","278,900","351,268","430,574","444,334"
144,Balmossie,BSI,9013,Scotland,Angus,171,384,253,268,344,797,[x],136,993,"1,227",615,406,804,362,314,"1,078","1,446","1,092",992,"1,364",698,984,"1,524",392,"1,172",834,"1,186","1,708"
145,Bamber Bridge,BMB,2561,North West,South Ribble,"64,814","63,942","69,066","66,713","64,268","57,613",[x],"66,867","64,725","64,189","69,633","66,402","70,060","77,160","82,878","84,876","88,540","83,172","86,178","89,676","88,718","68,764","87,266","20,844","67,978","69,168","73,916","75,068"
146,Bamford,BAM,2820,East Midlands,High Peak,"14,811","15,796","16,352","18,038","16,888","15,510",[x],"16,618","18,621","19,547","22,836","23,836","24,442","25,656","25,050","27,044","27,774","28,628","27,922","30,514","31,624","34,526","43,746","20,208","45,520","49,270","68,984","72,778"
147,Banavie,BNV,8839,Scotland,Highland,"2,036","1,763","1,335","2,072","2,467","2,918",[x],"2,514","2,688","3,066","4,037","4,208","4,478","5,056","5,328","6,542","5,672","5,918","6,344","5,852","6,468","6,462","6,260","1,056","4,228","4,284","6,798","6,796"
148,Banbury,BAN,4502,South East,Cherwell,"667,451","759,084","833,538","881,112","908,065","920,602",[x],"1,137,434","1,174,068","1,289,983","1,469,985","1,579,510","1,706,264","1,857,004","1,942,390","2,055,032","2,180,646","2,336,852","2,429,822","2,488,760","2,618,632","2,787,266","2,870,216","630,722","1,885,448","1,813,406","1,895,360","2,269,872"
149,Bangor (Gwynedd),BNG,2471,Wales,Gwynedd - Gwynedd,"531,567","510,718","524,639","508,245","529,705","512,981",[x],"534,185","537,511","547,163","564,158","550,714","591,978","633,664","676,858","680,102","662,970","670,770","673,626","657,050","662,040","658,934","624,926","106,520","444,790","578,010","697,246","720,066"
150,Bank Hall,BAH,2238,North West,Liverpool,"63,232","66,950","72,990","65,474","55,234","51,477",[x],"71,052","74,624","62,692","85,014","197,086","171,010","172,426","174,680","160,480","160,876","159,438","164,114","168,450","172,016","257,006","317,538","93,466","184,840","211,188","214,170","226,404"
151,Banstead,BAD,5348,South East,Reigate and Banstead,"57,053","64,362","74,255","65,428","76,135","83,873",[x],"93,069","96,173","96,248","105,664","115,030","108,084","115,680","128,148","135,180","131,382","138,666","163,524","142,128","126,378","151,280","151,414","42,692","94,576","115,472","138,830","148,780"
152,Barassie,BSS,9466,Scotland,South Ayrshire,"111,583","110,826","111,857","103,298","98,361","98,890",[x],"106,653","110,837","115,655","121,452","138,066","135,110","137,708","142,508","147,896","154,304","166,310","169,762","173,818","184,288","171,492","168,448","15,150","79,534","112,118","136,726","154,888"
153,Barbican,[z],[z],[z],[z],[z],[z],[z],[z],[z],[z],[z],[z],[z],"45,793","52,481",[z],[z],[z],[z],[z],[z],[z],[z],[z],[z],[z],[z],[z],[z],[z],[z],[z]
154,Bardon Mill,BLL,7563,North East,Northumberland,"6,200","7,408","6,506","7,951","5,154","4,801",[x],"4,362","3,848","4,127","5,626","6,228","5,538","6,452","9,076","9,050","8,142","9,328","9,880","11,284","10,482","9,394","10,306","2,228","7,490","8,270","10,736","10,046"
155,Bare Lane,BAR,2690,North West,Lancaster,"118,851","125,886","123,624","125,093","113,211","101,181",[x],"116,597","117,576","117,264","126,706","132,652","131,752","137,856","141,200","138,054","167,726","183,830","188,120","179,506","155,096","137,840","136,968","50,502","91,640","112,792","109,644","119,252"
156,Bargeddie,BGI,9764,Scotland,North Lanarkshire,"39,959","43,333","42,010","36,684","36,886","37,032",[x],"58,663","66,746","74,376","78,063","87,206","85,806","89,916","99,408","98,344","88,012","85,868","95,214","114,912","105,826","91,788","104,888","14,540","56,962","73,208","88,830","98,846"
157,Bargoed,BGD,4011,Wales,Caerphilly - Caerffili,"122,544","127,187","150,606","169,313","173,904","175,852",[x],"148,448","133,034","142,857","145,345","132,804","144,406","168,108","170,994","195,912","208,994","222,294","210,480","215,054","226,342","216,046","198,314","26,928","99,540","148,092","168,084","188,436"
158,Barking,BKG,7492,London,Barking and Dagenham,"3,091,467","4,054,507","4,022,445","4,199,567","4,413,389","4,687,665",[x],"5,121,894","4,908,499","3,762,562","3,993,035","3,753,582","4,677,952","6,515,606","7,427,502","8,072,356","8,330,632","9,675,012","13,428,608","12,786,542","13,473,374","14,451,652","13,831,488","6,742,918","11,231,850","12,730,212","13,236,252","13,359,426"
159,Barking Riverside,BGV,1335,London,Barking and Dagenham,[z],[z],[z],[z],[z],[z],[z],[z],[z],[z],[z],[z],[z],[z],[z],[z],[z],[z],[z],[z],[z],[z],[z],[z],[z],"461,384","944,810","1,209,476"
160,Barlaston,[z],[z],[z],[z],"11,465","12,674","12,522","11,524","8,894","5,702",[x],"1,849","1,113",773,[z],[z],[z],[z],[z],[z],[z],[z],[z],[z],[z],[z],[z],[z],[z],[z],[z],[z]
161,Barming,BMG,5133,South East,Tonbridge and Malling,"64,802","77,944","82,418","94,384","101,501","112,528",[x],"116,214","121,260","134,178","139,892","143,552","124,816","123,140","126,984","124,318","127,656","129,926","136,362","142,850","142,338","168,764","172,590","42,146","160,132","204,946","251,650","236,990"
162,Barmouth,BRM,4445,Wales,Gwynedd - Gwynedd,"141,139","130,195","145,639","185,081","178,920","174,204",[x],"162,219","159,750","127,982","139,844","144,686","156,570","167,268","173,762","167,324","150,288","173,272","191,802","185,586","186,824","197,922","195,644","52,848","124,896","170,358","177,776","236,854"
163,Barnehurst,BNH,5089,London,Bexley,"1,089,884","1,182,498","1,211,715","1,272,005","1,283,450","1,251,390",[x],"1,224,619","1,176,408","1,590,107","1,686,615","1,566,210","1,510,580","1,586,718","1,590,024","1,599,146","1,695,802","1,777,802","1,775,310","1,758,466","1,744,582","1,646,204","1,553,586","375,632","807,202","841,032","887,598","955,890"
164,Barnes,BNS,5551,London,Richmond upon Thames,"579,097","747,353","808,160","882,741","818,183","846,344",[x],"843,780","848,648","1,644,374","1,833,851","1,658,148","1,655,054","1,807,348","1,916,498","2,022,944","2,106,180","2,286,338","2,652,558","2,661,284","2,548,446","2,443,722","2,611,836","835,144","1,726,746","1,905,200","2,124,422","2,251,810"
165,Barnes Bridge,BNI,5580,London,Richmond upon Thames,"88,803","129,497","135,734","128,106","118,441","128,026",[x],"118,487","143,772","352,079","503,736","487,906","516,968","580,988","626,008","681,764","710,756","763,888","916,476","895,376","862,758","922,602","1,019,214","285,718","603,620","684,578","797,568","872,264"
166,Barnetby,BTB,6406,Yorkshire and The Humber,North Lincolnshire,"30,896","31,733","35,803","36,822","37,872","40,051",[x],"47,280","50,714","59,498","57,957","60,472","54,190","61,526","68,636","64,904","61,437","67,242","64,576","63,100","71,230","73,998","66,360","9,760","42,282","42,462","52,328","61,434"
167,Barnham,BAA,5252,South East,Arun,"577,052","554,098","583,313","607,982","649,261","709,641",[x],"742,799","781,424","865,721","890,059","873,418","895,096","983,110","991,290","995,652","995,262","1,015,654","1,019,876","904,224","954,750","1,005,324","972,052","396,938","846,378","924,552","969,364","1,032,190"
168,Barnhill,BNL,9973,Scotland,Glasgow City,"12,818","13,113","30,203","43,978","35,200","28,828",[x],"45,594","54,216","51,126","54,900","62,520","62,678","58,932","60,864","63,900","73,612","73,016","72,362","65,858","68,668","91,680","82,236","10,424","42,560","54,494","72,366","84,686"
169,Barnsley,BNY,6774,Yorkshire and The Humber,Barnsley,"620,135","634,282","687,011","679,859","624,456","613,238",[x],"783,481","867,801","822,470","875,736","1,319,512","1,336,314","1,393,954","1,447,918","1,463,576","1,349,954","1,502,040","1,482,876","1,478,778","1,419,844","1,333,218","1,337,688","314,126","1,033,054","1,213,334","1,397,540","1,519,762"
170,Barnstaple,BNP,5725,South West,North Devon,"201,967","201,367","179,926","155,934","163,473","176,682",[x],"194,474","210,846","238,082","261,175","283,920","302,998","342,328","372,438","382,186","384,234","427,394","421,346","443,450","440,404","432,196","424,822","172,130","423,176","536,940","549,860","608,780"
171,Barnt Green,BTG,1096,West Midlands,Bromsgrove,"127,871","151,830","143,568","140,381","135,142","133,502",[x],"127,723","154,044","160,227","171,202","216,324","221,434","231,346","256,110","249,310","260,706","251,260","270,142","285,336","303,318","304,800","315,418","72,116","193,280","246,496","297,650","327,146"
172,Barrhead,BRR,9674,Scotland,East Renfrewshire,"362,986","438,542","453,800","460,721","437,882","413,778",[x],"472,629","511,073","551,209","562,908","605,634","579,136","616,386","648,646","669,082","655,514","680,272","688,976","738,126","734,456","761,664","760,512","151,356","349,332","437,280","492,018","553,018"
173,Barrhill,BRL,9467,Scotland,South Ayrshire,"5,628","4,103","4,765","3,840","4,830","5,543",[x],"5,591","5,352","4,789","4,810","4,864","4,568","4,804","5,290","5,712","11,214","11,016","10,150","13,552","12,980","10,124","7,144",768,"3,430","5,024","3,874","3,878"
174,Barrow Haven,BAV,6212,Yorkshire and The Humber,North Lincolnshire,"4,292","3,236","3,802","3,489","3,992","3,103",[x],"3,521","3,324","3,121","2,670","2,734","2,168","1,906","1,776","1,744","2,128","1,638","1,604","1,526","1,432","1,916","2,310",184,790,478,"1,236","1,194"
175,Barrow-In-Furness,BIF,1954,North West,Westmorland and Furness,"485,303","489,456","504,133","515,941","504,090","469,623",[x],"508,430","503,891","491,105","538,702","474,268","611,364","597,972","562,696","604,356","631,062","649,824","631,364","653,310","652,220","625,596","686,568","198,024","522,182","539,732","559,258","589,658"
176,Barrow-Upon-Soar,BWS,1903,East Midlands,Charnwood,"45,060","46,515","47,037","45,603","47,683","47,129",[x],"45,241","49,964","52,143","53,635","62,372","70,356","71,362","75,350","79,664","89,374","93,010","98,708","87,792","80,610","91,964","100,446","23,794","58,688","75,716","90,826","101,842"
177,Barry,BRY,3805,Wales,Vale of Glamorgan - Bro Morgannwg,"314,086","336,765","374,687","413,286","462,217","464,258",[x],"425,166","451,164","475,639","499,983","480,254","505,758","503,634","506,272","526,808","559,104","531,130","543,764","532,602","533,732","524,102","518,364","109,594","349,146","452,024","528,696","600,062"
178,Barry Docks,BYD,3806,Wales,Vale of Glamorgan - Bro Morgannwg,"116,700","115,493","131,114","141,421","149,097","122,269",[x],"50,492","68,228","97,820","115,226","119,946","131,566","148,754","176,352","191,272","203,624","205,226","215,932","224,246","245,760","251,044","238,964","53,694","169,502","219,792","248,184","285,566"
179,Barry Island,BYI,3807,Wales,Vale of Glamorgan - Bro Morgannwg,"225,816","198,120","252,555","302,573","382,756","429,203",[x],"626,912","584,474","557,109","559,976","577,924","561,490","618,346","617,212","592,354","621,224","608,204","653,778","711,812","753,404","832,222","762,042","110,356","303,684","367,594","382,218","446,058"
180,Barry Links,BYL,9020,Scotland,Angus,115,238,60,31,24,8,[x],26,28,44,98,94,90,74,86,52,40,60,68,24,52,122,638,184,244,470,666,450
181,Barton-On-Humber,BAU,6207,Yorkshire and The Humber,North Lincolnshire,"50,289","46,010","46,291","45,507","53,205","49,555",[x],"45,325","41,492","44,487","48,319","48,756","46,428","46,088","47,698","45,114","42,950","43,766","37,486","39,784","39,486","38,798","36,646","4,784","20,338","24,296","29,848","33,106"
182,Basildon,BSO,7494,East of England,Basildon,"1,544,895","1,686,972","1,777,582","1,829,887","1,834,578","1,961,409",[x],"2,117,293","2,160,305","2,289,222","2,538,275","2,529,874","2,429,748","2,486,796","2,621,518","2,667,746","2,764,400","2,810,112","2,955,948","3,180,178","3,233,788","3,267,698","3,112,414","1,065,228","2,023,524","2,394,160","2,431,174","2,566,830"
183,Basingstoke,BSK,5520,South East,Basingstoke and Deane,"2,817,651","3,019,858","3,303,015","3,572,880","3,544,630","3,669,224",[x],"4,084,424","4,161,704","4,394,401","4,596,490","4,807,902","4,639,966","4,903,644","5,184,930","5,261,426","5,373,748","5,561,414","5,739,458","5,694,954","5,794,622","5,979,370","5,702,326","1,279,258","3,662,208","4,004,066","4,239,778","4,793,820"
184,Bat and Ball,BBL,5090,South East,Sevenoaks,"53,256","58,888","74,824","69,084","61,843","53,911",[x],"68,671","71,586","91,963","107,680","104,142","81,820","75,416","75,694","74,214","78,182","83,866","88,946","102,356","128,908","130,830","147,320","51,838","133,826","170,732","205,726","218,476"
185,Bath Spa,BTH,3271,South West,Bath and North East Somerset,"2,681,441","2,760,990","2,933,619","3,009,640","3,108,318","3,332,671",[x],"3,726,900","3,905,144","4,244,776","4,478,305","4,757,904","4,779,480","5,217,954","5,681,212","5,757,880","5,990,274","6,222,126","6,134,318","6,432,334","6,395,688","6,538,056","6,432,812","1,198,504","4,085,704","5,468,466","6,118,136","6,510,506"
186,Bathgate,BHG,9311,Scotland,West Lothian,"420,835","502,379","598,028","581,867","581,048","599,101",[x],"627,122","645,430","650,567","650,036","645,806","607,250","704,346","871,002","973,872","1,060,686","1,176,514","1,223,126","1,302,786","1,282,136","1,292,630","1,209,782","210,824","600,474","769,530","898,240","938,148"
187,Batley,BTL,8484,Yorkshire and The Humber,Kirklees,"79,782","94,960","101,268","87,179","56,508","76,416",[x],"122,371","138,196","144,722","149,896","237,212","241,766","272,638","276,764","263,850","296,046","315,250","330,878","351,166","338,324","341,942","341,800","90,188","240,882","264,888","260,764","227,096"
188,Battersby,BTT,7909,Yorkshire and The Humber,North Yorkshire,"2,014","1,515","1,667","1,611","1,455","1,314",[x],"1,591","1,653","1,711","2,028","1,806","2,012","1,476","1,504","1,574","1,592","1,488","1,458","1,660","1,564","1,520","1,760",396,"2,736","2,164","2,268","2,524"
189,Battersea Park,BAK,5420,London,Wandsworth,"657,105","1,419,781","1,637,116","1,704,488","1,760,988","1,590,085",[x],"947,543","973,657","1,761,522","1,639,539","1,735,280","1,856,048","2,297,250","2,469,906","2,325,476","2,402,604","2,417,214","2,105,048","1,782,560","1,802,572","1,993,298","2,203,142","740,580","1,216,900","1,373,794","1,892,662","2,183,506"
190,Battle,BAT,5215,South East,Rother,"418,412","415,936","450,251","442,352","455,809","466,281",[x],"488,983","496,754","536,493","552,466","572,928","528,404","521,774","431,408","464,970","456,658","532,640","556,020","559,896","539,474","559,164","527,210","102,550","340,786","400,814","447,796","511,760"
191,Battlesbridge,BLB,6870,East of England,Chelmsford,"6,748","6,698","8,258","8,905","8,369","9,256",[x],"8,541","7,129","6,106","8,791","10,572","9,844","10,722","11,846","13,278","14,810","14,950","14,984","16,804","21,108","16,446","19,848","5,580","18,712","19,086","21,852","22,560"
192,Bayford,BAY,6006,East of England,East Hertfordshire,"12,991","14,527","17,278","18,613","18,848","16,995",[x],"23,023","23,338","28,840","34,907","35,504","36,464","36,406","39,304","37,596","41,358","49,796","53,484","50,146","48,236","50,398","66,058","13,750","34,538","55,776","65,400","78,874"
193,Beaconsfield,BCF,3047,South East,Buckinghamshire,"792,056","873,792","953,242","1,074,583","1,001,757","996,030",[x],"1,085,861","981,711","1,127,628","1,272,423","1,276,736","1,307,226","1,320,232","1,374,402","1,440,418","1,490,066","1,558,378","1,570,746","1,598,250","1,625,908","1,627,052","1,509,092","227,076","727,082","964,906","1,043,260","1,146,906"
194,Bearley,BER,2420,West Midlands,Stratford-on-Avon,"1,793","1,421","1,397","1,469","2,194","1,983",[x],"1,462","1,658","1,880","1,567","1,716","1,212",944,960,670,"1,220","1,222","1,062",796,"1,106","1,022","1,086",306,"1,394","1,380","1,766","2,552"
195,Bearsden,BRN,9966,Scotland,East Dunbartonshire,"327,813","340,143","349,570","339,093","308,414","256,252",[x],"324,602","378,360","419,891","446,277","497,514","486,600","495,454","534,454","570,742","537,886","570,722","565,354","555,990","542,322","550,546","549,580","56,438","222,160","307,430","391,478","399,528"
196,Bearsted,BSD,5091,South East,Maidstone,"284,085","276,907","301,498","309,822","303,337","294,887",[x],"317,160","327,457","371,664","421,414","461,546","411,338","393,688","395,956","396,034","391,478","396,840","398,246","390,814","386,364","391,758","380,266","76,660","202,754","261,750","290,212","316,948"
197,Beasdale,BSL,8822,Scotland,Highland,691,513,381,420,706,489,[x],349,264,307,213,200,272,378,376,410,506,472,366,312,418,342,324,0,162,170,260,230
198,Beaulieu Road,BEU,5890,South East,New Forest,"6,798","5,536","7,362","9,687","8,393","13,098",[x],"3,114","2,435","2,246","3,791","4,568","5,178","7,026","9,794","10,094","10,730","8,380","9,228","8,858","9,034","10,586","12,040","4,038","11,832","15,446","16,038","19,838"
199,Beauly,BEL,8877,Scotland,Highland,[z],[z],[z],[z],23,"21,337",[x],"26,616","28,384","35,860","41,878","52,422","51,094","49,858","54,536","55,236","57,946","57,446","59,406","52,870","51,522","48,270","46,510","14,918","30,178","36,588","38,376","33,508"
200,Bebington,BEB,2188,North West,Wirral,"356,107","355,164","374,564","363,822","360,991","343,218",[x],"434,248","445,325","430,423","449,350","1,196,036","1,136,626","1,203,132","1,215,936","1,137,982","888,038","919,782","924,850","854,388","818,166","911,750","1,002,982","278,516","678,354","749,574","806,496","917,836"
201,Beccles,BCC,7258,East of England,East Suffolk,"52,528","59,929","73,680","82,849","82,258","75,621",[x],"59,686","57,290","62,499","84,990","89,826","82,146","83,762","78,822","85,040","101,280","105,254","108,800","109,906","110,772","114,302","110,152","17,682","97,838","111,814","118,074","129,850"
202,Beckenham Hill,BEC,5076,London,Lewisham,"99,387","122,810","105,518","112,917","125,870","115,422",[x],"140,899","152,015","217,750","294,597","297,360","267,730","281,612","283,128","286,772","312,312","339,222","328,086","329,790","339,644","356,958","392,668","128,708","265,130","311,510","352,542","378,666"
203,Beckenham Junction,BKJ,5046,London,Bromley,"1,356,122","1,620,061","1,684,241","1,687,314","1,718,804","1,761,457",[x],"1,760,816","1,864,281","2,444,386","2,765,028","2,668,134","2,564,452","2,633,876","2,625,644","2,677,450","2,761,006","2,794,134","2,713,014","2,777,104","2,780,258","2,705,700","2,550,644","558,164","1,273,842","1,451,438","1,632,760","1,694,068"
204,Beddington Lane,[z],[z],[z],[z],"1,033","20,775",[z],[z],[z],[z],[z],[z],[z],[z],[z],[z],[z],[z],[z],[z],[z],[z],[z],[z],[z],[z],[z],[z],[z],[z],[z],[z]
205,Bedford,BDM,1512,East of England,Bedford,"1,789,520","2,210,447","2,371,999","2,461,552","2,529,883","2,652,356",[x],"2,770,367","2,828,638","3,033,827","3,184,488","3,199,084","2,980,542","3,175,274","3,314,880","3,303,270","3,471,747","3,713,333","3,830,074","3,941,364","4,001,640","4,058,190","3,870,440","837,192","2,324,364","3,035,712","3,247,246","3,763,978"
206,Bedford St Johns,BSJ,1510,East of England,Bedford,124,251,327,340,644,710,[x],470,361,942,"12,106","14,068","11,908","12,168","10,140","154,976","162,880","173,191","178,636","183,826","186,638","189,276","180,520","39,046","108,408","141,586","151,452","175,552"
207,Bedhampton,BDH,5538,South East,Havant,"85,079","81,908","81,107","77,157","78,399","85,957",[x],"96,397","98,761","101,576","119,484","113,680","98,120","115,866","249,212","171,554","145,468","136,952","132,926","117,084","118,606","129,136","115,474","43,624","86,884","90,032","101,194","86,206"
208,Bedminster,BMT,3245,South West,"Bristol, City of","17,431","19,372","21,031","23,542","25,685","24,817",[x],"32,489","40,917","43,379","43,145","58,690","69,898","70,006","76,416","80,262","83,242","87,542","92,868","93,744","91,822","95,466","104,050","23,974","63,064","103,246","122,906","140,918"
209,Bedworth,BEH,1165,West Midlands,Nuneaton and Bedworth,"21,625","22,192","18,257","16,366","20,450","19,990",[x],"7,274","15,447","19,717","23,401","29,296","36,568","53,116","61,130","61,598","70,106","77,628","83,086","85,310","91,708","101,306","102,112","17,444","38,414","54,536","52,904","69,046"
210,Bedwyn,BDW,3070,South West,Wiltshire,"56,750","60,387","78,216","86,160","83,150","87,568",[x],"78,439","74,773","77,048","81,160","83,718","83,492","94,584","106,702","119,352","111,512","115,808","121,700","120,534","116,310","109,320","129,886","20,398","74,180","81,534","93,570","99,948"
211,Beeston,BEE,1625,East Midlands,Broxtowe,"207,023","223,250","264,529","288,058","323,087","364,841",[x],"330,651","337,148","368,248","400,139","404,062","414,718","484,210","541,138","546,180","572,548","609,702","574,056","534,672","545,438","566,094","574,304","109,068","327,608","439,410","518,670","606,570"
212,Bekesbourne,BKS,5198,South East,Canterbury,"32,298","33,575","35,456","30,315","29,289","28,266",[x],"35,386","39,140","49,045","48,737","55,912","45,970","38,450","38,398","32,966","28,692","29,780","28,550","26,288","31,576","25,546","24,474","11,924","19,584","22,870","29,130","37,720"
213,Belle Vue,BLV,2785,North West,Manchester,"13,728","13,292","13,154","12,128","8,993","10,755",[x],"8,460","10,138","8,467","9,470","11,724","12,256","14,722","19,982","18,350","10,122","9,480","10,340","11,456","9,990","6,820","8,624","2,602","8,644","6,544","12,580","15,288"
214,Bellgrove,BLG,9895,Scotland,Glasgow City,"197,631","232,759","239,991","255,662","225,363","198,431",[x],"275,448","330,307","337,389","357,469","407,012","425,160","440,350","504,336","530,798","580,240","642,258","692,426","673,976","742,928","767,426","726,496","147,848","421,792","554,046","718,628","744,374"
215,Bellingham,BGM,5062,London,Lewisham,"351,275","456,411","493,926","491,055","465,794","452,026",[x],"464,090","484,386","617,205","675,381","658,568","599,644","627,854","648,618","656,868","730,948","795,658","809,492","781,452","800,444","809,272","828,264","242,312","462,028","552,154","603,716","623,114"
216,Bellshill,BLH,9714,Scotland,North Lanarkshire,"323,729","447,336","452,137","442,386","449,587","427,587",[x],"468,717","514,900","519,472","534,008","592,940","581,130","630,424","672,752","716,316","824,358","860,672","879,462","852,210","815,946","784,890","783,902","147,280","380,576","511,244","620,518","643,576"
217,Belmont,BLM,5350,London,Sutton,"19,637","22,935","26,007","25,265","29,388","31,251",[x],"50,732","57,688","114,588","127,588","123,580","132,436","139,754","147,668","150,572","149,294","151,502","158,708","136,770","127,714","157,348","180,466","57,358","108,296","144,536","178,278","200,356"
218,Belper,BLP,1679,East Midlands,Amber Valley,"87,112","89,598","81,027","76,910","75,373","74,337",[x],"77,856","74,449","77,564","79,196","93,380","134,938","160,872","173,512","177,420","193,358","210,040","225,426","230,244","233,370","210,692","236,080","50,948","145,814","168,490","180,154","219,184"
219,Beltring,BEG,5227,South East,Maidstone,"4,453","5,570","7,554","6,455","6,889","6,929",[x],"6,154","6,964","7,230","8,180","9,598","11,532","14,510","12,766","13,152","11,890","13,502","11,418","11,314","15,074","13,962","13,260","3,316","10,560","12,226","15,040","14,532"
220,Belvedere,BVD,5092,London,Bexley,"337,684","347,902","361,854","389,981","411,177","458,016",[x],"463,375","451,835","622,337","688,289","685,676","618,396","683,282","732,462","732,510","816,124","906,840","1,018,914","1,036,688","1,093,176","1,219,758","1,197,360","404,880","762,646","799,054","743,882","696,406"
221,Bempton,BEM,8047,Yorkshire and The Humber,East Riding of Yorkshire,"11,859","9,099","9,932","9,048","9,662","8,758",[x],"10,818","10,183","9,925","10,797","10,254","9,842","10,086","10,954","10,080","10,318","11,472","12,412","12,846","13,132","12,946","16,242","5,116","18,076","21,098","20,752","23,682"
222,Ben Rhydding,BEY,8564,Yorkshire and The Humber,Bradford,"110,047","114,857","114,187","110,184","96,319","102,267",[x],"126,351","124,455","139,834","143,073","174,576","174,100","180,778","181,518","196,524","198,462","210,342","220,770","230,388","218,742","221,492","226,530","57,658","145,386","183,782","192,156","218,968"
223,Benfleet,BEF,7439,East of England,Castle Point,"2,293,681","2,406,865","2,449,104","2,409,798","2,444,863","2,447,364",[x],"2,447,625","2,448,898","2,480,038","2,989,139","2,997,824","2,844,178","2,886,164","3,547,228","3,505,946","3,401,023","3,421,246","3,723,078","3,844,366","3,680,038","3,664,766","3,534,214","927,154","2,059,774","2,398,060","2,357,616","2,439,326"
224,Bentham,BEN,2676,Yorkshire and The Humber,North Yorkshire,"12,973","13,436","14,692","15,164","13,472","11,616",[x],"15,449","15,924","16,535","20,585","18,248","19,162","20,210","25,014","24,602","24,094","22,832","22,578","23,630","24,148","26,424","29,932","4,990","25,544","36,416","36,766","41,208"
225,Bentley (Hampshire),BTY,5624,South East,East Hampshire,"76,570","78,505","80,391","74,212","65,592","75,671",[x],"87,973","93,589","104,859","115,569","119,270","122,004","133,794","137,392","137,916","142,748","150,858","150,558","141,706","145,672","144,020","132,018","20,640","64,764","82,486","98,966","109,846"
226,Bentley (South Yorkshire),BYK,8352,Yorkshire and The Humber,Doncaster,"70,031","91,758","115,385","93,538","87,608","81,494",[x],"114,419","123,292","98,641","95,264","159,788","153,550","152,994","161,514","156,884","119,032","131,306","140,724","130,434","131,276","130,044","150,832","23,024","94,042","112,702","133,296","157,944"
227,Bere Alston,BAS,3549,South West,West Devon,"33,875","32,988","35,893","37,851","39,292","37,944",[x],"29,552","27,263","26,866","28,936","32,112","36,272","41,666","44,792","42,128","38,762","37,082","39,570","40,978","39,710","40,250","39,462","12,052","27,588","31,090","37,610","39,426"
228,Bere Ferrers,BFE,3550,South West,West Devon,"15,184","14,614","16,136","16,634","15,898","17,808",[x],"12,862","11,459","10,824","10,103","11,252","12,606","14,374","15,012","15,724","17,472","16,858","16,982","16,000","15,704","16,108","15,026","4,410","10,786","11,258","13,026","14,614"
229,Berkhamsted,BKM,1390,East of England,Dacorum,"991,866","1,011,545","1,084,531","1,058,979","1,054,681","1,042,408",[x],"1,116,767","1,248,144","1,340,014","1,422,663","1,383,782","1,390,488","1,483,916","1,543,838","1,604,674","1,659,838","1,679,700","1,739,522","1,773,858","1,769,676","1,778,774","1,664,916","221,776","784,034","1,023,366","1,169,582","1,322,820"
230,Berkswell,BKW,1045,West Midlands,Solihull,"93,203","142,605","112,931","111,528","114,561","108,875",[x],"99,071","108,335","111,963","114,064","194,566","195,632","188,672","235,842","239,172","263,740","264,492","294,946","317,164","336,368","355,928","334,268","52,916","162,348","222,208","254,568","284,690"
231,Bermuda Park,BEP,6543,West Midlands,Nuneaton and Bedworth,[z],[z],[z],[z],[z],[z],[z],[z],[z],[z],[z],[z],[z],[z],[z],[z],[z],[z],"2,384","20,106","28,378","36,088","38,078","10,000","25,612","21,942","19,798","28,434"
232,Berney Arms,BYA,7330,East of England,Broadland,756,789,775,817,845,"1,105",[x],806,896,722,"1,014","1,038","1,628","1,686","1,436","1,054","1,510","1,396","1,016","1,126",966,442,42,348,868,950,800,802
233,Berry Brow,BBW,8431,Yorkshire and The Humber,Kirklees,"17,352","17,169","18,826","17,970","16,403","15,481",[x],"19,572","19,306","22,249","23,109","27,950","30,246","31,256","27,388","25,978","25,360","31,056","32,906","30,316","29,466","26,066","24,544","9,694","21,828","25,202","26,600","27,114"
234,Berrylands,BRS,5581,London,Kingston upon Thames,"112,844","160,799","166,810","184,554","175,365","182,658",[x],"191,698","174,464","329,473","354,882","375,638","339,894","359,072","374,064","378,024","389,012","405,862","374,332","374,746","382,686","400,700","373,514","88,366","233,480","288,216","339,932","363,954"
235,Berwick (Sussex),BRK,5323,South East,Wealden,"76,104","78,705","74,783","75,733","75,668","82,633",[x],"87,086","88,646","85,128","80,334","72,682","68,760","76,888","76,872","77,914","78,126","77,346","84,254","69,722","78,494","78,310","79,442","24,508","67,324","71,168","73,830","79,434"
236,Berwick-Upon-Tweed,BWK,7791,North East,Northumberland,"278,947","290,697","308,299","290,715","314,909","331,108",[x],"378,727","395,000","380,555","391,772","405,828","419,454","454,568","480,048","501,670","527,159","538,510","528,998","539,778","568,326","571,130","602,484","142,290","589,866","567,782","629,944","707,310"
237,Bescar Lane,BES,2351,North West,West Lancashire,"4,547","4,044","4,309","3,650","3,665","2,151",[x],"2,802","3,253","3,154","3,485","3,946","3,954","3,684","3,512","3,982","3,146","2,934","3,946","3,988","3,766","2,124","2,364",572,"2,516","2,190","2,304","2,442"
238,Bescot Stadium,BSC,1003,West Midlands,Sandwell,"61,721","68,249","69,031","61,563","58,900","54,799",[x],"46,963","46,444","55,030","48,155","84,206","83,552","87,908","132,930","128,946","136,546","136,440","156,020","158,840","158,478","174,876","172,432","23,772","90,614","134,194","150,102","154,824"
239,Beses-O'-Th'-Barn,[z],[z],[z],[z],14,3,[z],[z],[z],[z],[z],[z],[z],[z],[z],[z],[z],[z],[z],[z],[z],[z],[z],[z],[z],[z],[z],[z],[z],[z],[z],[z]
240,Betchworth,BTO,5472,South East,Mole Valley,"14,001","14,851","13,629","11,818","10,435","10,705",[x],"12,214","13,610","14,503","17,500","21,240","19,646","16,570","19,874","21,868","18,620","16,446","16,640","15,232","14,972","13,974","15,134","5,228","12,152","12,368","10,460","14,482"
241,Bethnal Green,BET,6961,London,Tower Hamlets,"67,948","304,516","318,473","309,671","342,374","385,488",[x],"448,364","445,506","488,838","682,488","545,306","515,758","617,342","666,118","708,792","815,176","903,572","1,062,062","1,256,376","1,248,048","1,272,734","1,191,852","550,384","1,150,474","1,330,912","1,686,946","1,564,066"
242,Betws-y-Coed,BYC,2449,Wales,Conwy - Conwy,"41,573","40,464","39,823","36,029","32,964","27,652",[x],"26,206","26,047","26,032","30,507","28,572","29,516","32,390","38,352","34,402","35,400","41,484","35,872","36,286","35,322","35,364","23,126","3,040","24,716","33,322","44,014","52,838"
243,Beverley,BEV,8048,Yorkshire and The Humber,East Riding of Yorkshire,"538,573","547,215","575,130","574,231","553,085","549,155",[x],"590,634","604,883","598,321","593,243","597,998","581,698","590,004","611,450","594,636","604,014","608,448","637,620","673,076","693,222","658,662","682,496","124,538","518,028","603,634","642,776","754,186"
244,Bexhill,BEX,5211,South East,Rother,"586,857","636,038","709,229","714,511","815,362","860,433",[x],"941,613","1,009,791","1,086,787","1,164,787","1,224,568","1,288,774","1,432,174","1,648,316","1,622,548","1,577,690","1,509,550","1,524,654","1,207,046","1,327,850","1,448,466","1,502,382","581,730","1,297,516","1,399,580","1,383,558","1,488,932"
245,Bexley,BXY,5093,London,Bexley,"683,230","729,734","758,264","807,659","869,925","883,457",[x],"887,780","888,178","1,143,795","1,235,570","1,173,934","1,130,520","1,157,362","1,174,536","1,215,340","1,300,524","1,391,444","1,176,890","1,147,112","1,150,930","1,302,454","1,310,436","303,106","767,810","954,496","1,044,856","1,096,808"
246,Bexleyheath,BXH,5094,London,Bexley,"1,871,227","1,988,220","1,991,526","2,140,637","2,153,938","2,226,389",[x],"2,241,474","2,259,630","2,988,642","3,178,650","3,069,610","2,854,782","2,932,868","2,910,358","2,981,984","3,173,066","3,307,264","3,008,344","3,070,198","2,946,744","2,842,130","2,669,380","621,046","1,447,076","1,423,426","1,463,740","1,475,374"
247,Bicester North,BCS,3048,South East,Cherwell,"321,912","378,029","462,698","546,649","560,086","596,326",[x],"702,998","673,664","801,822","910,506","984,806","1,126,838","1,227,590","1,355,708","1,462,954","1,620,764","1,696,402","1,416,600","923,400","791,874","681,726","838,604","147,760","512,480","632,544","758,300","822,816"
248,Bicester Village,BIT,3104,South East,Cherwell,"37,474","39,163","42,140","45,774","50,092","52,198",[x],"50,197","48,685","43,950","51,902","59,964","104,788","157,446","213,224","214,416","207,896","88,440","413,432","1,311,238","1,978,986","1,777,700","2,265,112","374,742","1,177,866","1,610,596","1,760,214","1,925,568"
249,Bickley,BKL,5063,London,Bromley,"449,593","574,715","585,818","581,116","587,141","618,412",[x],"595,914","581,455","790,256","836,559","821,986","799,424","781,582","786,414","814,474","902,624","949,392","913,344","939,130","951,606","921,486","871,246","215,246","478,454","578,168","691,420","738,246"
250,Bidston,BID,2136,North West,Wirral,"75,322","80,202","91,151","90,071","73,291","71,632",[x],"95,455","99,798","108,835","119,162","285,816","262,836","273,150","275,716","264,780","293,272","321,194","319,994","287,080","288,614","344,100","398,678","109,252","236,994","270,874","296,662","301,450"
251,Biggleswade,BIW,6170,East of England,Central Bedfordshire,"408,877","478,572","518,640","525,882","546,726","582,318",[x],"638,358","653,872","689,369","751,155","734,458","703,386","739,632","788,120","819,356","858,474","943,358","992,082","1,029,086","1,058,184","1,038,164","1,033,622","227,702","592,254","753,050","789,284","894,928"
252,Bilbrook,BBK,4618,West Midlands,South Staffordshire,"25,420","30,302","22,717","21,135","21,058","19,974",[x],"21,318","28,096","32,044","39,835","75,336","93,616","100,234","128,628","119,124","120,548","113,350","117,998","126,188","128,606","133,688","123,790","19,808","79,802","102,336","135,478","139,092"
253,Billericay,BIC,6871,East of England,Basildon,"2,489,424","2,609,637","2,696,925","2,708,274","2,666,076","2,718,642",[x],"2,698,460","2,766,934","2,791,639","2,840,285","2,833,474","2,631,346","2,755,782","2,807,732","2,942,476","3,017,148","3,106,750","3,104,220","3,070,934","3,030,162","3,043,344","2,828,104","505,756","1,446,204","1,887,014","2,193,948","2,348,512"
254,Billingham,BIL,7910,North East,Stockton-on-Tees,"35,398","39,647","42,274","33,749","32,052","32,400",[x],"43,972","55,751","62,181","69,375","71,490","67,854","68,428","71,328","68,720","73,493","75,980","86,016","94,994","81,862","78,004","91,504","23,126","75,062","77,234","98,006","118,110"
255,Billingshurst,BIG,5464,South East,Horsham,"266,273","279,982","319,994","333,516","340,842","342,022",[x],"356,015","375,505","436,546","462,423","444,812","421,450","437,230","438,058","464,588","484,242","497,524","484,872","418,566","458,618","484,148","488,230","110,222","310,228","390,872","408,086","447,136"
256,Bingham,BIN,6235,East Midlands,Rushcliffe,"23,833","26,928","31,932","38,573","40,979","41,038",[x],"28,053","26,134","25,181","29,457","29,974","31,212","34,512","36,822","36,682","39,786","51,778","59,018","67,216","68,964","77,128","79,410","14,442","55,774","63,540","61,816","72,680"
257,Bingley,BIY,8553,Yorkshire and The Humber,Bradford,"350,693","422,561","468,183","472,032","458,272","479,371",[x],"646,309","692,168","721,405","749,834","1,012,816","1,040,072","1,154,644","1,211,654","1,153,256","1,182,242","1,224,412","1,219,714","1,254,652","1,244,924","1,207,142","1,173,342","320,374","806,822","920,000","938,782","1,017,970"
258,Birchgrove,BCG,3907,Wales,Cardiff - Caerdydd,"44,575","41,717","49,284","50,373","49,866","42,096",[x],"10,785","9,654","12,480","19,195","20,204","22,914","18,728","21,428","19,214","33,974","45,586","51,688","56,326","54,570","55,822","54,528","5,104","17,072","33,378","49,066","53,024"
259,Birchington-On-Sea,BCH,5163,South East,Thanet,"148,761","149,209","169,836","188,696","197,768","208,249",[x],"229,263","250,204","257,582","272,103","278,552","273,564","266,722","270,194","269,146","291,776","324,674","342,430","377,512","414,440","410,808","405,730","122,366","282,836","307,846","340,838","350,024"
260,Birchwood,BWD,2304,North West,Warrington,"300,482","298,419","314,871","329,745","324,246","307,124",[x],"366,301","434,306","481,594","493,027","512,042","489,242","526,880","555,138","549,578","583,454","686,668","670,450","712,562","687,748","626,200","599,620","120,136","330,190","358,756","372,320","437,172"
261,Birkbeck,BIK,5401,London,Bromley,"14,713","41,309","47,250","48,379","54,031","53,615",[x],"21,893","21,642","23,183","40,488","38,300","35,368","47,646","68,640","86,360","104,110","103,676","116,948","82,662","108,172","137,144","147,542","33,850","55,104","71,244","82,390","105,178"
262,Birkdale,BDL,2352,North West,Sefton,"192,065","210,396","215,279","193,709","165,271","164,753",[x],"251,641","256,424","270,277","289,106","820,240","783,066","770,104","734,950","702,168","915,232","954,774","999,758","1,035,000","1,051,252","1,257,834","1,361,614","337,370","851,710","974,514","1,026,910","1,064,598"
263,Birkenhead Central,BKC,2217,North West,Wirral,"557,110","451,782","403,896","357,031","321,102","312,621",[x],"411,631","439,743","427,186","452,358","1,030,798","960,376","995,676","1,005,212","948,380","910,378","1,062,924","965,262","933,834","891,934","835,662","922,770","317,518","595,500","627,194","651,336","644,332"
264,Birkenhead Hamilton Square,BKQ,2219,North West,Wirral,"1,102,670","998,583","1,015,758","1,023,580","1,020,963","1,021,562",[x],"1,146,052","1,238,532","1,133,624","1,051,091","2,623,342","2,429,424","2,507,430","2,523,974","2,363,224","2,237,746","1,723,020","2,017,478","1,940,846","1,952,444","1,619,752","1,822,344","530,284","1,223,206","1,294,758","1,394,148","1,657,330"
265,Birkenhead North,BKN,2145,North West,Wirral,"179,635","223,687","230,621","224,776","189,185","171,152",[x],"251,957","280,060","307,927","338,946","881,912","821,990","869,784","903,218","842,260","682,940","744,004","771,214","756,368","800,276","920,880","1,074,168","298,418","681,208","878,478","985,472","944,022"
266,Birkenhead Park,BKP,2220,North West,Wirral,"487,346","499,639","526,038","521,846","505,308","472,335",[x],"495,994","409,715","397,026","410,893","1,152,638","1,040,640","1,087,898","1,108,238","1,056,164","765,604","785,566","771,118","692,454","663,700","700,952","807,934","246,518","535,942","596,460","630,922","669,528"
267,Birmingham International,BHI,1215,West Midlands,Solihull,"1,863,555","2,232,580","1,981,235","1,878,775","1,759,158","1,958,216",[x],"1,946,537","2,201,350","2,448,241","2,576,096","4,122,370","4,228,378","4,444,278","4,348,756","4,523,404","4,858,978","5,128,792","5,772,848","6,468,034","6,742,828","6,975,002","6,519,612","512,176","2,411,308","4,185,090","4,680,188","5,002,974"
268,Birmingham Moor Street,BMO,4515,West Midlands,Birmingham,"115,860","123,567","113,230","85,481","64,594","59,938",[x],"161,187","245,628","2,680,847","687,439","3,602,444","4,259,185","4,756,321","5,865,922","6,101,444","6,229,634","6,521,272","6,874,222","6,803,086","6,817,920","7,200,372","7,273,548","1,555,688","4,383,606","5,525,776","6,416,708","7,148,012"
269,Birmingham New Street,BHM,1127,West Midlands,Birmingham,"11,420,880","12,832,341","12,718,225","12,458,229","13,335,383","14,220,536",[x],"16,243,912","17,303,169","14,525,873","17,007,185","25,191,945","25,267,757","24,686,632","31,235,638","32,090,346","34,748,984","35,312,788","39,077,018","42,366,776","44,379,256","47,925,924","46,510,526","7,350,942","22,682,526","30,726,280","33,335,376","36,623,678"
270,Birmingham Snow Hill,BSW,1006,West Midlands,Birmingham,"131,395","205,166","180,301","226,712","232,379","225,085",[x],"295,937","293,788","1,938,950","2,407,283","4,030,223","3,579,270","4,442,761","4,530,530","4,402,376","4,435,982","4,538,108","4,713,174","4,450,874","4,551,822","5,366,788","5,619,976","842,300","2,311,494","2,718,318","2,851,220","3,153,970"
271,Bishop Auckland,BIA,7835,North East,County Durham,"61,886","61,240","64,963","62,740","60,073","54,718",[x],"66,681","74,092","85,063","94,785","96,712","95,428","94,732","100,810","101,974","109,035","107,966","110,060","118,742","123,144","155,378","158,052","51,274","146,166","153,564","156,458","169,032"
272,Bishopbriggs,BBG,9940,Scotland,East Dunbartonshire,"408,153","501,256","467,233","422,394","379,588","353,622",[x],"503,303","540,071","555,489","591,069","710,496","743,550","780,994","805,662","806,934","754,304","836,384","783,884","581,422","772,256","785,368","772,086","163,940","421,484","543,590","669,734","758,698"
273,Bishops Lydeard,BIB,3446,South West,Somerset,[z],[z],[z],[z],[z],[z],[z],[z],[z],[z],[z],[z],[z],[z],[z],[z],[z],[z],[z],[z],[z],[x],[x],[x],[x],[x],[x],[z]
274,Bishops Stortford,BIS,6800,East of England,East Hertfordshire,"1,395,609","1,908,324","2,047,026","2,072,274","2,113,070","2,166,675",[x],"2,215,843","2,180,975","2,294,840","2,464,403","2,480,700","2,346,220","2,464,026","2,660,140","2,820,376","2,920,187","3,030,210","3,104,298","3,165,150","3,179,796","3,259,594","3,074,350","712,050","2,003,538","2,363,480","2,806,012","3,003,190"
275,Bishopstone (Sussex),BIP,5402,South East,Lewes,"20,300","23,408","21,845","18,789","21,218","19,282",[x],"17,128","18,099","24,041","27,542","28,784","29,632","30,432","34,558","31,852","30,876","30,934","28,982","20,320","33,686","39,422","41,660","15,878","36,450","43,104","47,000","51,166"
276,Bishopton (Renfrewshire),BPT,9620,Scotland,Renfrewshire,"407,690","451,404","463,094","451,975","434,844","424,594",[x],"470,520","503,955","518,678","509,551","536,964","523,238","500,338","479,758","508,308","586,772","633,360","654,250","621,054","676,866","747,094","782,688","123,580","403,328","551,566","670,750","701,908"
277,Bitterne,BTE,5945,South East,Southampton,"28,961","29,492","33,290","34,619","33,819","36,339",[x],"47,315","46,477","51,123","56,813","67,920","69,454","83,608","86,720","96,668","104,568","104,102","97,946","89,798","95,832","85,280","75,634","19,646","55,388","65,298","71,222","83,962"
278,Blackburn,BBN,2737,North West,Blackburn with Darwen,"829,758","777,119","822,041","823,119","805,586","781,561",[x],"930,144","982,355","1,051,142","1,132,415","1,162,930","1,184,162","1,254,980","1,370,600","1,384,360","1,332,672","1,264,374","1,159,802","1,277,930","1,258,172","1,200,186","1,323,216","393,174","1,065,362","1,201,704","1,244,512","1,297,980"
279,Blackheath,BKH,5095,London,Lewisham,"2,057,115","2,333,350","2,366,786","2,292,727","2,248,699","2,280,945",[x],"1,980,817","2,005,382","2,739,811","2,935,004","2,779,272","2,739,618","2,863,788","2,878,152","2,929,406","3,055,518","3,226,102","3,448,280","3,468,992","3,350,574","3,274,008","3,216,220","766,986","1,832,930","2,069,668","2,209,940","2,278,510"
280,Blackhorse Road,BHO,7400,London,Waltham Forest,[x],[x],[x],"28,780",[x],[x],[x],"26,143","22,593","169,067","115,906","69,904","184,472","444,802","669,054","828,002","813,532","1,101,636","2,013,700","774,220","1,428,396","2,014,394","1,838,242","972,286","1,753,120","1,932,462","2,280,790","2,693,538"
281,Blackpool North,BPN,2739,North West,Blackpool,"1,642,020","1,582,417","1,632,602","1,664,030","1,692,788","1,572,280",[x],"1,664,064","1,609,528","1,673,032","1,684,803","1,621,228","1,613,494","1,712,406","1,725,306","1,683,010","1,652,600","1,757,542","1,764,014","1,858,794","1,577,460","1,549,842","1,791,822","534,858","1,781,704","1,908,778","1,973,138","2,065,566"
282,Blackpool Pleasure Beach,BPB,2738,North West,Blackpool,"25,500","27,472","28,360","31,035","30,877","24,178",[x],"28,545","24,463","30,016","40,597","52,758","67,476","81,994","94,972","85,914","90,960","109,172","107,040","105,466","106,832","115,456","126,928","47,680","137,134","133,082","133,652","118,576"
283,Blackpool South,BPS,2740,North West,Blackpool,"66,589","69,523","78,205","78,758","77,285","67,703",[x],"82,804","83,004","94,084","105,193","106,822","120,294","130,674","144,368","132,356","136,768","131,434","126,162","127,530","117,230","104,480","100,488","30,040","97,984","104,564","114,944","113,644"
284,Blackridge,BKR,991,Scotland,West Lothian,[z],[z],[z],[z],[z],[z],[z],[z],[z],[z],[z],[z],[z],"12,394","43,262","42,646","47,330","51,470","53,194","56,894","58,030","59,780","57,178","6,522","27,086","37,282","48,902","51,822"
285,Blackrod,BLK,2732,North West,Bolton,"96,638","123,472","199,540","157,887","151,660","148,256",[x],"185,170","208,091","218,946","246,014","388,072","384,178","437,642","456,454","573,782","589,026","545,612","555,594","609,150","549,876","563,764","606,246","51,754","132,044","154,244","195,800","226,316"
286,Blackwater,BAW,5625,South East,Hart,"266,706","282,197","300,206","332,907","339,807","333,268",[x],"387,010","383,220","404,197","448,023","448,140","415,382","433,310","433,708","477,706","483,892","507,298","534,794","526,282","507,390","493,756","463,456","99,814","263,554","320,938","343,760","383,848"
287,Blaenau Ffestiniog,BFF,2450,Wales,Gwynedd - Gwynedd,"39,621","41,535","41,487","38,984","42,198","35,381",[x],"25,700","23,553","19,272","36,569","33,368","38,330","42,726","47,810","44,638","44,828","47,666","35,826","40,710","39,932","39,102","24,832","1,500","17,958","29,810","39,950","47,240"
288,Blair Atholl,BLA,8750,Scotland,Perth and Kinross,"10,710","10,776","10,893","9,341","8,573","8,613",[x],"11,708","11,896","10,491","10,443","10,580","11,572","13,948","12,608","14,280","14,084","16,062","16,652","17,598","19,802","21,008","18,388","3,688","11,870","13,402","15,126","16,446"
289,Blairhill,BAI,9760,Scotland,North Lanarkshire,"456,535","507,489","499,376","559,060","507,397","508,538",[x],"534,739","580,520","606,403","602,816","619,272","588,244","582,370","568,018","562,228","447,906","449,698","462,604","482,954","489,328","491,822","474,076","54,710","203,126","290,164","342,648","377,514"
290,Blake Street,BKT,1176,West Midlands,Birmingham,"167,506","280,816","174,789","153,721","158,150","153,989",[x],"168,438","172,107","175,868","183,992","338,852","331,756","325,996","313,772","306,770","338,302","343,992","378,066","380,216","394,022","435,334","427,322","65,766","198,912","264,252","306,532","344,892"
291,Blakedown,BKD,4574,West Midlands,Wyre Forest,"45,322","45,498","43,091","37,765","35,732","32,008",[x],"28,311","40,636","53,365","61,109","70,870","85,166","76,114","83,314","83,008","89,252","91,698","97,028","95,164","111,280","97,242","99,500","38,914","60,810","72,972","88,008","96,472"
292,Blantyre,BLT,9716,Scotland,South Lanarkshire,"200,559","254,274","256,880","239,529","221,896","207,174",[x],"272,911","340,118","382,883","410,401","460,462","459,820","490,204","527,100","560,532","602,544","623,058","610,730","567,570","551,508","511,822","515,938","64,912","234,322","312,248","377,508","413,806"
293,Blaydon,BLO,7503,North East,Gateshead,"3,471","2,865","2,570","1,921","2,999","2,150",[x],"3,881","4,166","5,768","3,566","3,828","2,752","4,284","4,220","2,770","5,002","11,880","13,466","15,128","14,116","21,428","32,842","9,392","28,824","44,158","75,080","69,496"
294,Bleasby,BSB,6204,East Midlands,Newark and Sherwood,"7,393","5,954","4,761","4,518","4,190","4,555",[x],"3,868","4,606","5,208","5,403","5,140","4,614","3,852","4,058","4,920","3,798","4,538","5,938","6,808","8,014","7,426","8,688","1,472","3,742","5,284","6,298","7,552"
295,Bletchley,BLY,1360,South East,Milton Keynes,"666,424","648,953","672,816","644,989","665,967","669,043",[x],"677,429","681,556","688,677","732,326","723,652","715,226","807,790","849,364","881,064","927,512","988,918","1,062,872","1,081,728","1,066,282","1,135,190","1,139,094","242,554","581,148","734,210","964,728","1,385,658"
296,Bloxwich,BLX,1141,West Midlands,Walsall,"16,603","16,760","18,349","18,082","16,457","17,278",[x],"16,080","16,317","21,129","24,003","38,490","42,602","42,726","39,170","41,808","43,540","40,184","43,728","49,672","44,198","49,186","55,014","14,794","60,324","75,046","102,284","114,166"
297,Bloxwich North,BWN,1018,West Midlands,Walsall,"19,230","17,033","15,864","15,163","15,303","16,425",[x],"18,583","20,927","23,824","26,634","41,036","42,904","49,742","45,444","44,464","47,426","40,944","46,730","51,300","41,808","47,238","55,878","11,460","59,526","77,770","107,842","123,090"
298,Blundellsands and Crosby,BLN,2123,North West,Sefton,"362,685","377,834","414,149","358,389","295,520","296,685",[x],"457,346","518,823","561,676","599,071","1,839,920","1,717,962","1,735,882","1,643,472","1,532,170","1,324,328","1,369,650","1,411,140","1,470,212","1,437,202","1,667,950","1,829,110","482,154","1,196,618","1,365,008","1,497,638","1,563,538"
299,Blythe Bridge,BYB,1282,West Midlands,Staffordshire Moorlands,"46,971","41,701","39,184","37,617","38,362","33,571",[x],"31,136","31,389","37,220","38,383","42,732","52,468","60,162","64,000","60,632","68,444","78,470","91,354","95,918","95,564","91,610","91,124","26,082","70,590","72,300","77,568","103,852"
300,Bodmin Parkway,BOD,3501,South West,Cornwall,"129,428","135,510","144,723","140,472","146,191","144,146",[x],"158,172","166,743","185,498","203,061","225,140","221,616","235,876","248,566","238,616","225,296","237,776","234,792","236,190","240,996","234,030","243,344","75,998","230,370","261,416","279,642","305,298"
301,Bodorgan,BOR,2435,Wales,Isle of Anglesey - Ynys Môn,"3,212","4,024","4,302","4,016","4,139","2,740",[x],"3,754","3,626","4,939","4,199","3,966","5,354","7,314","8,406","7,736","5,638","5,678","5,316","4,956","5,552","5,394","5,030",682,"4,302","4,956","6,374","7,414"
302,Bognor Regis,BOG,5253,South East,Arun,"660,885","630,891","708,874","760,663","827,055","905,682",[x],"951,144","988,758","1,089,805","1,145,011","1,135,006","1,132,818","1,190,612","1,220,262","1,237,174","1,231,386","1,236,794","1,202,460","971,848","1,038,012","1,094,562","1,073,764","425,796","906,780","1,025,024","1,009,440","1,086,762"
303,Bogston,BGS,9668,Scotland,Inverclyde,"18,793","21,920","14,071","8,069","12,630","11,397",[x],"12,727","14,531","17,282","18,792","25,634","25,724","25,744","62,992","29,902","38,130","38,456","41,766","38,798","41,486","37,860","35,706","3,184","16,298","19,470","23,616","27,266"
304,Bolton,BON,2599,North West,Bolton,"1,575,866","1,544,638","1,654,816","1,720,713","1,718,128","1,612,794",[x],"1,867,937","1,929,990","1,952,364","2,097,879","2,743,684","2,833,866","3,059,186","3,262,442","3,583,392","3,695,050","3,518,716","2,866,316","3,240,136","2,950,270","3,074,022","3,262,460","865,704","2,344,116","2,499,322","2,712,174","3,011,850"
305,Bolton-Upon-Dearne,BTD,8536,Yorkshire and The Humber,Barnsley,"45,255","44,512","46,106","42,504","38,990","37,991",[x],"54,759","59,983","56,048","51,209","64,512","63,374","61,180","59,988","64,888","66,180","77,730","75,196","74,764","75,168","69,520","75,644","17,376","62,824","63,436","71,378","77,700"
306,Bond Street,BDS,6553,London,Westminster,[z],[z],[z],[z],[z],[z],[z],[z],[z],[z],[z],[z],[z],[z],[z],[z],[z],[z],[z],[z],[z],[z],[z],[z],[z],"19,400,416","38,307,986","42,752,242"
307,Bookham,BKA,5626,South East,Mole Valley,"170,395","175,748","196,590","178,291","151,816","154,323",[x],"160,940","165,378","186,330","248,785","278,964","279,954","273,536","294,908","307,088","304,773","318,842","333,282","331,782","321,086","322,142","290,572","45,452","133,660","168,054","197,928","212,440"
308,Bootle (Cumbria),BOC,1993,North West,Cumberland,"14,686","14,698","13,936","14,176","12,906","9,290",[x],"13,397","12,537","14,512","14,403","17,828","15,582","14,946","12,796","13,312","11,496","13,862","12,172","11,850","10,870","13,386","17,226","4,616","12,154","11,966","11,998","13,844"
309,Bootle New Strand,BNW,2195,North West,Sefton,"248,012","259,099","347,470","382,541","326,335","345,451",[x],"415,685","404,558","348,458","405,802","977,696","909,922","931,806","911,870","842,682","952,994","974,574","976,556","982,592","966,082","1,026,300","1,221,302","398,572","789,718","747,492","769,970","885,026"
310,Bootle Oriel Road,BOT,2239,North West,Sefton,"148,767","154,901","132,547","78,936","58,289","57,791",[x],"155,295","203,956","249,030","209,041","523,944","511,614","521,576","511,164","475,814","598,050","617,332","642,868","637,608","649,772","787,114","842,670","224,108","503,766","584,074","601,644","691,544"
311,Bordesley,BBS,4513,West Midlands,Birmingham,930,"1,077","1,454","1,495",878,"1,438",[x],"9,981","3,551","3,697","3,996","5,594","7,410","7,306","14,134","12,592","12,434","11,638","13,350","15,092","18,416","20,688","24,180",120,"10,038","9,088","15,116","29,062"
312,Borough Green and Wrotham,BRG,5130,South East,Tonbridge and Malling,"378,904","399,126","404,851","381,827","373,165","382,991",[x],"381,399","393,726","420,201","444,520","461,782","444,608","429,668","430,074","424,560","411,726","415,616","421,402","440,934","431,936","448,990","427,344","78,272","269,350","306,950","390,852","438,368"
313,Borth,BRH,4304,Wales,Ceredigion - Ceredigion,"32,455","32,906","34,418","34,504","35,260","37,040",[x],"39,527","47,643","47,263","52,735","50,508","60,892","60,088","56,790","55,848","52,712","53,662","61,468","64,498","67,162","61,446","55,634","8,444","32,764","44,902","57,948","61,940"
314,Bosham,BOH,5254,South East,Chichester,"63,459","66,013","73,905","70,949","81,686","92,953",[x],"87,884","80,743","87,411","91,894","89,138","90,532","102,190","103,850","109,986","103,152","103,510","102,358","63,076","77,102","76,172","70,160","22,890","48,246","59,204","62,116","69,330"
315,Boston,BSN,6216,East Midlands,Boston,"133,310","195,395","195,614","203,119","207,303","209,417",[x],"221,405","219,327","208,880","204,268","198,898","205,046","207,822","216,818","213,034","206,994","209,618","207,368","211,824","217,844","226,940","210,854","59,220","170,976","200,092","225,228","267,184"
316,Botley,BOE,5894,South East,Winchester,"56,385","56,271","58,937","65,368","66,356","69,663",[x],"80,925","87,987","91,700","99,200","120,054","130,460","135,936","135,464","142,846","143,280","154,388","157,654","163,836","162,070","156,754","136,918","34,436","104,380","125,444","135,316","154,578"
317,Bottesford,BTF,6237,East Midlands,Melton,"22,798","22,491","27,542","30,528","26,634","25,215",[x],"29,251","31,191","40,514","48,905","51,498","50,902","52,378","57,488","50,820","47,422","57,446","61,268","65,464","64,722","63,628","62,464","9,368","35,752","48,508","52,460","56,560"
318,Bourne End,BNE,3018,South East,Buckinghamshire,"215,287","219,359","232,470","251,720","244,373","243,180",[x],"253,787","240,163","238,018","233,195","228,978","211,690","237,216","239,870","249,672","252,244","244,818","251,288","257,156","243,296","266,376","261,122","61,366","166,912","194,058","236,470","254,624"
319,Bournemouth,BMH,5876,South West,"Bournemouth, Christchurch and Poole","1,690,183","1,779,697","1,901,481","1,971,227","2,020,414","2,108,166",[x],"2,199,464","2,120,747","2,310,099","2,455,927","2,542,092","2,519,100","2,582,864","2,604,162","2,505,754","2,623,628","2,624,682","2,688,160","2,755,772","2,721,494","2,751,866","2,526,398","698,046","2,010,170","2,430,124","2,520,904","2,664,456"
320,Bournville,BRV,1112,West Midlands,Birmingham,"231,982","255,814","255,877","260,693","278,547","295,231",[x],"342,156","374,809","405,876","466,944","764,076","772,234","785,842","984,150","976,424","1,027,470","1,034,224","1,106,334","1,167,304","1,218,288","1,331,472","1,319,408","199,738","510,706","702,378","862,142","996,134"
321,Bow Brickhill,BWB,1381,South East,Milton Keynes,"25,019","23,548","23,772","21,262","21,835","24,928",[x],"22,415","19,336","26,993","28,648","31,640","26,938","35,894","33,638","34,116","36,836","40,918","43,016","40,626","38,846","43,410","41,340","12,178","17,046","18,532","13,274","32,874"
322,Bow Street,BOW,4219,Wales,Ceredigion - Ceredigion,[z],[z],[z],[z],[z],[z],[z],[z],[z],[z],[z],[z],[z],[z],[z],[z],[z],[z],[z],[z],[z],[z],[z],306,"13,694","23,282","28,582","34,538"
323,Bowes Park,BOP,6027,London,Haringey,"132,903","150,138","178,739","172,093","189,509","218,185",[x],"174,304","213,675","313,738","559,055","559,322","617,792","725,062","814,584","957,914","968,580","958,680","918,126","869,578","863,586","788,328","672,086","157,546","306,554","402,952","426,896","524,702"
324,Bowling,BWG,9968,Scotland,West Dunbartonshire,"144,687","170,119","194,348","168,664","154,921","151,079",[x],"113,682","129,518","113,598","121,129","96,012","43,916","31,784","32,502","33,948","55,820","55,014","58,878","34,438","43,894","61,326","50,366","5,320","18,274","25,434","24,670","27,310"
325,Box Hill and Westhumble,BXW,5403,South East,Mole Valley,"43,955","44,836","49,643","38,309","33,476","36,070",[x],"43,255","42,204","44,548","51,376","53,682","58,588","62,772","81,126","103,962","83,914","102,914","101,864","97,854","98,210","102,486","115,152","48,982","93,512","105,948","132,880","145,860"
326,Bracknell,BCE,5693,South East,Bracknell Forest,"1,312,779","1,444,734","1,688,890","1,742,655","1,575,296","1,559,421",[x],"1,684,705","1,735,335","1,837,642","1,978,831","1,971,718","1,850,372","1,976,868","1,998,604","2,050,564","2,207,932","2,315,218","2,386,098","2,354,570","2,311,474","2,328,350","2,179,272","469,584","1,190,856","1,490,668","1,602,212","1,775,202"
327,Bradford Forster Square,BDQ,8346,Yorkshire and The Humber,Bradford,"246,793","291,914","317,662","329,249","335,826","327,682",[x],"403,577","394,391","1,388,668","1,529,174","1,971,327","1,955,024","2,118,109","2,160,282","2,043,728","2,043,974","2,080,602","2,065,658","2,112,894","2,027,260","1,994,854","1,946,622","614,708","1,301,266","1,437,732","1,425,866","1,457,418"
328,Bradford Interchange,BDI,8345,Yorkshire and The Humber,Bradford,"1,918,503","2,020,839","2,160,473","1,995,451","1,762,901","1,848,319",[x],"2,401,201","2,482,799","1,514,705","1,517,280","2,225,363","2,274,096","2,803,554","2,876,716","3,004,718","2,990,294","2,922,956","2,993,340","2,976,052","2,768,436","2,609,372","2,675,278","662,282","1,762,388","2,224,912","2,328,886","2,359,354"
329,Bradford-On-Avon,BOA,3341,South West,Wiltshire,"187,957","191,379","214,998","211,968","217,180","220,558",[x],"254,354","250,514","259,775","290,527","343,638","377,774","416,602","455,314","482,196","499,466","534,946","524,180","543,246","525,968","534,086","550,720","117,522","351,558","426,700","486,806","532,216"
330,Brading,BDN,5530,South East,Isle of Wight,"63,106","62,007","69,441","69,024","71,921","73,546",[x],"66,932","69,074","68,841","60,680","65,794","61,406","63,872","67,834","60,540","55,594","50,954","43,846","48,500","45,848","42,170","32,842","4,276","10,410","16,378","16,122","17,080"
331,Braintree,BTR,6801,East of England,Braintree,"503,582","592,982","661,612","669,115","725,977","763,399",[x],"760,653","779,149","845,994","892,412","907,798","813,182","831,670","819,498","814,944","806,471","808,240","803,716","788,006","746,512","727,982","730,086","174,914","460,478","524,782","575,482","630,814"
332,Braintree Freeport,BTP,2053,East of England,Braintree,[z],[z],[z],"12,804","16,877","19,986",[x],"24,438","22,156","29,099","37,038","53,610","57,928","64,728","55,936","59,530","73,614","72,354","73,362","82,698","78,160","91,574","109,536","26,098","91,046","109,306","124,202","141,614"
333,Bramhall,BML,2944,North West,Stockport,"175,612","157,511","157,441","142,711","130,874","117,793",[x],"109,079","144,974","164,284","165,544","233,946","226,048","230,410","246,652","265,718","274,442","265,308","289,976","302,912","297,848","326,008","311,620","38,604","138,206","149,308","186,786","214,228"
334,Bramley (Hampshire),BMY,5500,South East,Basingstoke and Deane,"189,428","196,718","223,244","234,749","234,455","235,159",[x],"216,751","208,161","197,973","205,630","218,546","232,020","250,768","252,764","256,238","250,400","277,720","273,790","290,932","282,618","301,134","301,732","87,738","182,602","219,520","241,488","264,730"
335,Bramley (West Yorkshire),BLE,8496,Yorkshire and The Humber,Leeds,"92,701","112,305","116,710","83,483","67,539","86,293",[x],"136,736","154,249","165,535","173,215","242,980","252,986","315,482","336,538","299,482","317,132","305,580","315,342","345,974","338,140","335,624","352,482","71,306","195,548","258,202","297,084","336,358"
336,Brampton (Cumbria),BMP,7565,North West,Cumberland,"6,332","7,143","7,167","7,433","5,927","7,004",[x],"9,197","9,700","9,083","9,795","9,798","10,456","9,622","11,896","14,722","17,821","19,174","18,860","17,708","18,540","17,032","15,850","3,880","11,956","9,960","13,710","15,976"
337,Brampton (Suffolk),BRP,7259,East of England,East Suffolk,"3,117","3,870","4,506","4,498","5,809","4,457",[x],"4,609","5,033","5,229","5,569","6,440","5,980","6,826","6,052","6,628","7,284","8,968","8,630","7,842","9,004","9,532","9,858","1,342","7,674","9,390","11,920","14,508"
338,Branchton,BCN,9938,Scotland,Inverclyde,"127,286","56,404","55,310","55,589","56,993","58,912",[x],"62,198","72,152","69,969","76,781","94,320","93,632","97,140","98,692","108,114","114,192","117,404","121,696","113,200","115,902","110,698","107,050","18,714","68,962","88,506","109,904","122,300"
339,Brandon,BND,7200,East of England,Breckland,"13,923","15,969","16,257","18,204","20,563","22,167",[x],"23,556","32,086","35,656","50,232","65,342","71,406","84,648","89,638","101,396","102,090","103,196","106,302","112,670","115,928","117,798","111,572","26,804","93,682","115,102","119,300","128,812"
340,Branksome,BSM,5875,South West,"Bournemouth, Christchurch and Poole","133,958","139,106","142,263","140,644","133,783","138,994",[x],"159,072","168,831","189,961","218,298","214,914","205,478","233,162","230,688","242,610","258,816","256,342","282,650","291,532","287,516","286,162","290,598","56,690","149,928","202,464","235,364","280,126"
341,Braystones,BYS,2045,North West,Cumberland,"1,570","1,962","2,880","1,907","2,413","1,636",[x],"1,679",966,706,876,"1,096","1,964","1,970",966,"1,046",620,892,"1,028",956,992,"1,036","1,374",354,"1,476","1,282","1,532","1,472"
342,Bredbury,BDY,2779,North West,Stockport,"87,680","90,716","96,309","102,593","100,328","99,840",[x],"125,173","131,785","128,878","109,355","157,162","158,626","176,832","188,176","215,162","214,550","215,662","211,006","214,500","215,798","232,302","239,204","48,242","141,336","156,446","193,422","172,036"
343,Breich,BRC,9251,Scotland,West Lothian,136,115,531,241,440,691,[x],118,53,75,303,200,116,68,90,102,64,92,138,48,102,342,"2,550",220,"3,638","4,484","6,036","5,924"
344,Brent Cross West,BCZ,7777,London,Barnet,[z],[z],[z],[z],[z],[z],[z],[z],[z],[z],[z],[z],[z],[z],[z],[z],[z],[z],[z],[z],[z],[z],[z],[z],[z],[z],"140,266","675,392"
345,Brentford,BFD,5552,London,Hounslow,"133,304","179,791","204,265","238,288","230,421","285,613",[x],"517,740","514,596","914,790","1,161,664","1,093,834","1,116,026","1,269,148","1,386,216","1,440,306","1,527,764","1,700,002","1,926,198","1,857,608","1,767,584","1,762,670","1,720,186","413,654","806,012","897,678","983,680","976,928"
346,Brentwood,BRE,6872,East of England,Brentwood,"1,886,526","2,054,698","2,144,435","2,207,093","2,271,548","2,361,639",[x],"2,475,272","2,535,139","2,479,150","2,520,143","2,557,092","2,322,842","2,420,930","2,495,480","2,701,998","2,809,578","2,871,330","2,818,560","2,883,890","2,992,072","3,210,516","3,132,758","834,604","1,860,822","2,849,612","3,713,034","3,232,020"
347,Bricket Wood,BWO,1560,East of England,St Albans,"53,760","49,930","55,157","48,870","51,179","46,630",[x],"47,446","49,374","49,255","56,540","47,304","42,476","44,906","48,254","46,298","43,110","29,242","28,942","27,640","28,618","36,840","31,022","4,978","13,060","21,708","23,234","27,058"
348,Bridge Of Allan,BEA,9889,Scotland,Stirling,"108,688","112,879","119,175","117,464","115,137","106,684",[x],"130,880","167,080","191,784","224,140","224,598","235,238","231,430","243,470","248,216","258,714","274,972","278,942","271,416","289,060","290,858","291,838","42,486","136,332","192,560","267,050","268,412"
349,Bridge Of Orchy,BRO,8823,Scotland,Argyll and Bute,"4,126","4,080","4,461","4,102","4,320","4,916",[x],"4,941","5,112","5,108","5,966","5,690","5,416","6,192","5,890","5,726","5,932","6,024","5,880","5,680","6,032","6,490","5,906",986,"4,126","5,390","7,286","7,958"
350,Bridgend,BGN,3809,Wales,Bridgend - Pen-y-bont ar Ogwr,"624,798","624,025","660,390","661,202","708,677","743,063",[x],"904,526","1,056,552","1,170,507","1,343,580","1,504,498","1,534,664","1,604,944","1,578,766","1,547,098","1,669,880","1,518,220","1,540,674","1,524,162","1,526,620","1,559,076","1,508,294","321,576","937,180","1,133,284","1,278,334","1,379,566"
351,Bridgeton,BDG,9789,Scotland,Glasgow City,"165,298","197,714","194,729","194,885","171,381","139,734",[x],"206,660","240,092","286,177","308,699","390,860","393,962","409,236","489,326","617,186","646,974","647,014","631,798","610,466","702,290","715,782","814,234","272,742","476,300","500,308","767,684","802,898"
352,Bridgwater,BWT,3449,South West,Somerset,"120,076","119,906","125,550","120,941","124,779","135,725",[x],"166,969","182,267","199,684","233,202","242,394","237,804","264,924","286,686","286,352","293,924","308,856","312,292","344,290","346,448","365,788","363,828","133,410","351,620","428,728","442,188","486,562"
353,Bridlington,BDT,8049,Yorkshire and The Humber,East Riding of Yorkshire,"320,434","322,312","344,831","345,342","363,510","353,806",[x],"375,227","381,131","389,024","388,272","391,516","401,594","417,898","430,304","411,826","423,555","422,686","439,150","463,330","473,862","452,690","484,342","144,146","442,558","504,788","491,854","546,078"
354,Brierfield,BRF,2554,North West,Pendle,"19,094","18,649","21,766","24,216","20,878","16,913",[x],"16,688","18,539","18,600","22,316","20,006","20,934","25,226","28,382","35,366","35,010","31,548","31,504","33,350","31,350","25,504","37,688","8,976","27,308","29,410","29,958","36,894"
355,Brigg,BGG,6464,Yorkshire and The Humber,North Lincolnshire,194,315,325,194,254,204,[x],580,746,665,629,554,414,702,692,794,922,"1,000","1,172","1,710","1,688",928,"1,678",130,632,288,"1,018","1,636"
356,Brighouse,BGH,8514,Yorkshire and The Humber,Calderdale,[z],[z],[z],"47,564","43,046","40,983",[x],"64,419","72,229","87,073","89,309","146,714","179,500","223,186","267,020","349,036","371,666","384,922","416,094","427,758","404,886","388,522","397,012","89,736","287,364","329,782","367,760","387,592"
357,Brighton,BTN,5268,South East,Brighton and Hove,"7,376,192","8,309,344","8,930,490","9,282,656","10,153,601","10,368,208",[x],"11,295,080","11,854,512","12,853,442","13,474,555","13,806,628","13,741,582","14,493,010","16,052,520","16,187,024","16,940,764","17,170,740","17,333,326","15,993,072","16,928,728","17,384,634","17,355,572","4,149,082","11,228,212","14,052,890","14,547,650","15,328,450"
358,Brightside,[z],[z],[z],[z],8,[z],[z],[z],[z],[z],[z],[z],[z],[z],[z],[z],[z],[z],[z],[z],[z],[z],[z],[z],[z],[z],[z],[z],[z],[z],[z],[z]
359,Brimsdown,BMD,6810,London,Enfield,"201,315","257,084","275,203","305,325","325,023","348,347",[x],"328,654","315,148","460,844","586,037","518,704","453,426","465,520","508,416","598,966","658,160","764,160","978,310","1,044,968","969,748","988,074","1,058,308","501,158","821,934","937,572","1,051,164","1,135,474"
360,Brinnington,BNT,2603,North West,Stockport,"57,153","61,271","58,373","59,500","57,539","50,977",[x],"59,436","59,217","53,495","52,305","62,018","70,816","75,128","79,282","75,816","74,722","71,648","78,548","79,512","83,442","98,004","109,278","32,852","78,476","82,072","99,400","88,708"
361,Bristol Parkway,BPW,3230,South West,South Gloucestershire,"984,712","1,024,713","1,065,950","1,089,039","1,186,548","1,293,192",[x],"1,456,350","1,633,280","1,789,848","1,897,941","2,084,200","2,041,548","2,114,876","2,262,000","2,255,298","2,215,810","2,340,506","2,511,016","2,499,246","2,324,796","2,208,904","2,371,812","366,904","1,414,120","1,823,646","2,069,150","2,325,558"
362,Bristol Temple Meads,BRI,3231,South West,"Bristol, City of","3,688,553","3,871,646","4,042,916","4,184,675","4,680,753","5,177,118",[x],"5,641,372","6,066,239","6,548,859","7,082,102","7,829,628","7,875,686","8,409,340","8,884,626","9,099,368","9,522,840","10,099,526","10,711,464","11,336,806","11,350,114","11,367,652","11,619,360","2,032,828","6,627,950","9,291,680","10,227,188","10,877,308"
363,Brithdir,BHD,4012,Wales,Caerphilly - Caerffili,"20,879","21,497","24,480","27,097","25,110","20,395",[x],"14,695","9,926","11,039","10,009","9,904","11,308","10,380","10,964","11,066","13,516","15,586","14,928","15,254","14,408","13,094","10,608","1,934","9,140","12,370","12,262","13,052"
364,Briton Ferry,BNF,4187,Wales,Neath Port Talbot - Castell-nedd Port Talbot,"33,139","32,460","25,992","20,823","22,175","22,869",[x],"18,687","18,019","18,332","22,656","24,874","28,974","31,748","32,492","30,798","35,370","36,872","35,224","36,900","33,868","35,256","33,618","6,902","20,962","25,422","31,274","41,642"
365,Brixton,BRX,5081,London,Lambeth,"121,458","257,019","290,151","299,240","307,163","320,050",[x],"381,182","412,621","652,422","641,523","656,286","687,127","785,610","843,786","896,848","942,548","1,055,340","1,282,232","1,344,198","1,338,068","1,227,746","1,131,682","298,874","645,718","704,160","781,842","804,378"
366,Broad Green,BGE,2240,North West,Liverpool,"147,753","155,110","161,585","154,520","144,805","127,945",[x],"169,529","210,252","209,863","218,284","607,974","594,678","642,608","661,458","633,378","580,760","575,614","622,400","646,528","692,018","423,710","482,604","106,760","304,598","367,552","364,888","415,724"
367,Broadbottom,BDB,2892,North West,Tameside,"92,606","92,566","87,322","89,112","83,594","82,339",[x],"97,743","107,315","96,795","98,055","121,858","119,014","126,480","132,916","149,250","155,826","151,698","143,514","158,652","163,900","197,316","202,140","35,400","99,086","102,844","120,372","130,298"
368,Broadstairs,BSR,5006,South East,Thanet,"388,127","378,163","399,790","437,834","453,720","443,220",[x],"449,134","486,005","498,262","537,275","557,710","525,362","553,912","571,076","556,450","580,227","606,420","662,898","710,318","764,050","798,842","746,960","188,266","494,548","631,408","713,510","794,074"
369,Brockenhurst,BCU,5886,South East,New Forest,"777,501","728,321","772,358","802,685","857,429","924,115",[x],"939,843","1,013,424","1,128,079","1,188,066","1,223,036","1,249,094","1,354,964","1,195,938","1,145,402","1,156,246","1,057,346","1,094,160","958,902","1,085,806","1,072,642","1,002,572","230,602","733,582","799,132","838,388","986,394"
370,Brockholes,BHS,8429,Yorkshire and The Humber,Kirklees,"31,407","33,711","37,242","34,583","32,864","28,364",[x],"31,896","32,943","34,493","37,414","48,826","49,622","54,018","54,136","49,460","59,260","57,720","61,974","60,082","57,926","56,236","50,848","10,216","31,306","34,750","35,640","37,888"
371,Brockley,BCY,5404,London,Lewisham,"987,253","1,234,096","1,285,126","1,223,213","1,251,870","1,425,973",[x],"1,286,233","1,256,952","2,019,575","1,825,556","1,977,306","1,999,948","2,727,378","3,292,456","3,622,110","3,731,380","3,745,400","4,230,946","4,450,652","4,288,830","4,428,748","4,269,380","1,189,490","2,662,242","3,330,910","3,670,464","3,668,366"
372,Brockley Whins,[z],[z],[z],[z],"70,508","74,777","77,062","67,153","55,953",907,[x],470,577,[z],[z],[z],[z],[z],[z],[z],[z],[z],[z],[z],[z],[z],[z],[z],[z],[z],[z],[z]
373,Bromborough,BOM,2190,North West,Wirral,"286,970","304,782","317,263","299,835","284,993","259,306",[x],"301,801","305,026","296,783","310,014","879,634","841,946","880,082","877,304","823,694","586,486","624,938","645,174","610,300","594,140","635,082","709,022","178,264","440,912","526,550","579,326","530,726"
374,Bromborough Rake,BMR,2191,North West,Wirral,"107,393","120,920","126,518","108,533","100,902","102,514",[x],"128,266","127,666","132,055","141,253","399,160","375,418","396,530","407,562","385,890","297,856","306,796","298,204","271,634","259,406","311,362","355,030","110,834","231,066","213,484","227,688","222,626"
375,Bromley Cross (Lancs),BMC,2697,North West,Bolton,"145,200","135,550","162,910","168,845","168,787","177,281",[x],"214,088","226,008","210,875","221,853","315,846","322,000","341,800","398,770","381,002","386,130","371,452","291,754","360,602","311,432","328,540","412,582","73,988","211,250","239,014","263,650","311,940"
376,Bromley North,BMN,5096,London,Bromley,"327,613","361,748","384,380","372,471","416,902","481,250",[x],"528,586","471,533","632,751","664,713","626,524","604,860","624,124","647,300","635,062","627,930","661,088","536,856","497,248","468,910","505,472","449,106","63,164","149,850","179,896","201,504","226,164"
377,Bromley South,BMS,5064,London,Bromley,"3,933,202","4,664,573","4,796,642","4,822,569","4,755,186","4,709,254",[x],"4,573,542","4,474,726","5,735,906","6,048,342","5,796,166","5,537,642","5,763,662","5,867,108","6,013,790","6,869,016","7,381,458","8,317,456","8,532,022","8,551,676","8,368,348","7,973,572","2,024,926","4,599,346","5,543,296","5,984,728","6,193,798"
378,Bromsgrove,BMV,4715,West Midlands,Bromsgrove,"75,038","150,744","93,385","100,925","118,411","138,716",[x],"172,859","210,385","206,546","230,081","425,842","440,578","465,208","523,036","539,826","570,994","569,210","619,880","644,350","690,894","752,792","790,432","133,276","415,268","513,174","591,650","695,994"
379,Brondesbury,BSY,1437,London,Brent,"153,253","393,162","428,671","414,023","405,103","428,563",[x],"248,142","287,849","1,126,408","1,115,898","836,930","769,270","1,171,504","1,782,514","2,247,222","2,722,376","2,809,910","2,709,888","2,657,888","2,558,250","2,761,092","2,569,112","1,152,038","1,976,694","2,178,718","2,404,762","2,442,938"
380,Brondesbury Park,BSP,1438,London,Brent,"57,203","132,893","156,599","163,538","168,116","191,060",[x],"110,050","125,507","906,296","847,000","627,316","519,680","741,434","1,113,282","1,379,112","1,789,902","1,838,742","1,048,556","1,045,944","1,085,330","1,121,536","1,023,300","392,764","767,208","893,576","1,014,226","1,067,324"
381,Brookmans Park,BPK,6074,East of England,Welwyn Hatfield,"113,379","123,361","126,745","124,480","126,291","136,394",[x],"143,537","150,325","167,346","185,759","198,784","191,500","203,654","209,080","220,568","227,474","230,090","240,784","243,808","233,566","233,128","230,002","49,302","151,432","219,546","248,656","275,238"
382,Brookwood,BKO,5687,South East,Woking,"601,923","627,929","642,562","642,096","622,892","628,572",[x],"679,893","694,226","757,006","888,411","896,710","891,976","912,268","934,368","940,704","966,250","989,826","995,142","967,406","1,016,384","1,035,048","963,736","204,918","551,946","723,386","784,458","874,760"
383,Broome,BME,4175,West Midlands,Shropshire,"1,849","1,317","1,493","1,684","2,087","2,829",[x],"1,687","1,600","1,925","1,614","1,830","1,622","1,642","1,472","1,620","1,990","2,530","1,564",782,"1,150","1,118","1,040",34,452,622,"1,300","1,682"
384,Broomfleet,BMF,8050,Yorkshire and The Humber,East Riding of Yorkshire,"3,124","2,644","2,719","3,342","3,998","3,729",[x],"2,912","2,307","2,236","2,190","2,494","2,572","2,106","1,562","1,608","1,326","1,304","1,364","1,426","1,400",716,864,280,586,790,894,"1,300"
385,Brora,BRA,8618,Scotland,Highland,"4,226","4,250","4,824","4,261","3,873","4,024",[x],"3,462","3,483","3,277","3,723","4,660","5,614","5,780","5,164","5,556","6,380","5,616","5,524","5,616","5,994","6,992","6,354",648,"4,722","4,594","5,990","5,836"
386,Brough,BUH,8051,Yorkshire and The Humber,East Riding of Yorkshire,"208,498","210,508","226,063","220,413","233,830","248,508",[x],"290,929","311,927","341,722","355,419","357,460","343,454","340,442","342,466","356,454","372,140","374,454","405,072","443,708","467,858","458,664","457,598","88,780","361,246","417,312","473,044","551,506"
387,Broughty Ferry,BYF,9023,Scotland,Dundee City,"6,226","5,389","4,743","4,049","5,183","5,237",[x],"4,943","4,996","6,271","6,277","5,918","5,570","5,362","9,288","23,180","34,970","41,246","43,276","40,718","43,330","57,454","91,678","21,720","76,182","84,268","124,272","148,586"
388,Broxbourne,BXB,6812,East of England,Broxbourne,"1,145,144","1,178,318","1,252,146","1,281,423","1,336,016","1,355,293",[x],"1,367,328","1,334,843","1,394,165","1,495,519","1,452,982","1,340,338","1,340,234","1,431,442","1,605,960","1,630,470","1,707,972","1,780,328","1,837,884","1,872,322","1,915,332","1,856,654","389,060","1,140,532","1,376,250","1,624,830","1,797,220"
389,Bruce Grove,BCV,6958,London,Haringey,"113,733","202,196","185,441","178,625","188,829","183,756",[x],"158,704","152,833","296,050","396,464","339,786","311,398","361,626","444,106","473,466","530,676","581,492","990,150","1,100,662","1,103,798","1,111,886","1,116,160","407,136","831,698","999,148","1,387,826","1,364,934"
390,Brundall,BDA,7289,East of England,Broadland,"37,022","42,253","51,635","60,158","66,995","50,382",[x],"49,643","48,504","53,081","92,143","89,204","86,738","90,594","88,986","94,554","92,892","98,472","104,734","108,202","99,930","97,164","89,742","33,282","83,006","92,068","100,552","103,312"
391,Brundall Gardens,BGA,7006,East of England,Broadland,"5,392","5,935","5,587","6,109","4,977","4,781",[x],"4,514","5,350","4,903","9,178","11,096","10,720","11,010","10,964","12,144","10,534","11,482","12,176","14,360","14,022","12,248","9,408","9,318","11,358","14,558","19,246","17,886"
392,Brunstane,BSU,8807,Scotland,City of Edinburgh,[z],[z],[z],[z],[z],"66,611",[x],"90,025","119,922","121,752","109,543","135,150","134,284","128,932","132,806","144,182","159,584","164,532","165,978","162,074","177,290","178,068","171,772","30,258","78,796","109,944","162,702","156,782"
393,Brunswick,BRW,3623,North West,Liverpool,"6,566","165,777","238,042","247,502","213,614","224,476",[x],"352,854","407,134","410,813","442,711","1,061,698","979,312","963,252","1,007,874","908,670","829,356","871,856","929,958","1,037,186","1,032,192","1,128,162","1,273,262","311,496","696,788","782,698","873,682","847,394"
394,Bruton,BRU,5702,South West,Somerset,"14,568","15,456","15,718","15,731","16,407","14,706",[x],"17,167","18,449","19,369","18,520","23,444","25,576","25,544","27,364","30,078","32,088","34,096","36,950","40,660","41,364","42,798","48,818","12,308","40,688","46,238","51,030","53,002"
395,Bryn,BYN,2222,North West,Wigan,"47,129","55,351","72,791","78,332","80,614","67,348",[x],"79,638","84,850","92,213","90,250","112,896","128,994","150,960","177,166","172,428","165,120","147,932","150,632","154,298","153,272","160,748","172,300","33,044","85,596","83,486","98,146","105,238"
396,Buckenham,BUC,7290,East of England,Broadland,30,23,33,22,41,48,[x],39,29,22,97,132,154,106,100,72,80,88,134,122,202,216,212,98,300,354,360,284
397,Buckley,BCK,2422,Wales,Flintshire - Sir y Fflint,"26,471","28,782","35,885","40,046","38,682","41,392",[x],"40,381","33,887","36,328","40,658","43,038","48,364","51,472","52,404","52,100","50,544","51,684","48,430","47,776","41,008","40,504","41,874","6,094","22,338","30,328","26,754","44,006"
398,Bucknell,BUK,4182,West Midlands,Shropshire,"5,444","4,782","4,652","4,563","4,634","4,321",[x],"5,358","5,480","5,878","6,206","3,482","3,798","4,228","4,486","5,478","5,806","8,340","5,696","5,516","4,324","3,758","3,468",566,"2,132","3,044","3,264","3,858"
399,Buckshaw Parkway,BSV,7501,North West,Chorley,[z],[z],[z],[z],[z],[z],[z],[z],[z],[z],[z],[z],[z],[z],"91,630","225,250","273,856","290,266","303,892","353,688","350,390","366,486","455,016","74,406","268,160","340,256","341,192","355,252"
400,Bugle,BGL,3502,South West,Cornwall,983,"1,385","1,262","1,042",943,836,[x],"1,362","1,661","1,691","1,557","2,508","3,694","3,650","5,902","6,762","6,810","5,554","4,342","4,462","4,766","5,616","4,794","2,412","6,390","6,620","6,342","6,528"
401,Builth Road,BHR,4317,Wales,Powys - Powys,"6,387","6,739","6,529","6,488","4,039","7,000",[x],"8,530","7,632","8,564","11,114","11,524","9,730","9,124","9,028","9,526","8,340","8,054","8,244","7,672","7,458","7,132","6,548",246,"2,336","3,914","4,638","5,582"
402,Bulwell,BLW,1865,East Midlands,Nottingham,"120,412","116,034","113,709","119,862","108,546","104,536",[x],"62,021","59,173","50,414","39,923","39,084","48,842","48,162","52,836","54,060","46,592","50,952","57,716","59,632","61,116","68,178","68,852","20,138","43,504","56,336","65,298","71,838"
403,Bures,BUE,7085,East of England,Braintree,"37,882","41,496","50,131","45,183","46,956","46,733",[x],"47,980","48,479","49,391","48,383","50,532","49,216","51,370","53,942","57,632","60,172","60,450","61,586","62,838","58,680","60,432","58,024","8,626","35,712","45,068","46,312","53,342"
404,Burgess Hill,BUG,5483,South East,Mid Sussex,"1,248,748","1,282,795","1,334,889","1,256,898","1,265,798","1,254,201",[x],"1,328,091","1,345,230","1,393,758","1,545,687","1,580,188","1,517,066","1,645,870","1,721,420","1,745,474","1,756,326","1,783,438","1,890,062","1,807,568","1,819,764","1,838,748","1,945,504","528,358","1,196,942","1,467,092","1,538,448","1,676,614"
405,Burley Park,BUY,8500,Yorkshire and The Humber,Leeds,"238,271","248,080","274,117","215,232","178,777","216,206",[x],"327,259","400,181","426,469","406,082","543,040","544,494","632,112","652,976","557,234","585,712","638,718","697,856","739,308","736,242","694,704","686,932","174,424","512,696","569,020","638,610","756,200"
406,Burley-In-Wharfedale,BUW,8565,Yorkshire and The Humber,Bradford,"200,862","215,761","230,733","224,116","212,993","222,793",[x],"308,283","315,034","324,656","323,560","393,784","396,738","441,078","445,444","424,584","434,066","464,898","487,484","510,760","497,322","495,522","489,442","171,636","376,438","465,246","492,382","606,872"
407,Burnage,BNA,2945,North West,Manchester,"71,774","69,175","70,803","68,442","67,082","58,795",[x],"92,908","113,566","111,475","119,943","144,672","158,674","187,184","216,200","218,292","213,146","186,778","204,120","223,780","220,078","211,880","212,504","37,962","135,406","142,188","160,364","171,926"
408,Burneside (Cumbria),BUD,1975,North West,Westmorland and Furness,"8,295","11,143","13,619","13,176","8,795","6,213",[x],"7,759","9,392","9,561","12,394","13,776","16,112","18,040","17,282","17,434","15,996","14,258","16,066","14,260","18,048","14,112","22,016","8,508","17,618","16,918","22,240","28,192"
409,Burnham (Buckinghamshire),BNM,3176,South East,Slough,"586,084","667,237","793,177","877,271","841,312","848,686",[x],"822,267","836,673","883,590","917,630","959,666","947,050","1,058,996","1,117,064","1,160,278","1,226,532","1,285,000","1,297,344","1,317,976","1,260,118","1,396,596","1,408,170","388,348","919,150","1,257,832","1,566,076","1,725,890"
410,Burnham-On-Crouch,BUU,6873,East of England,Maldon,"268,351","267,113","296,893","292,721","296,387","287,747",[x],"280,714","263,798","275,532","267,416","269,948","246,856","261,164","253,852","256,628","293,876","278,924","261,292","249,402","242,162","241,362","233,108","39,922","152,944","162,970","193,182","227,510"
411,Burnley Barracks,BUB,2743,North West,Burnley,"1,395","1,106","1,997","1,067","1,106","1,070",[x],"1,103",964,"1,776","2,110","3,854","9,986","13,980","17,186","18,580","24,772","25,834","24,572","20,080","22,130","18,028","26,008","9,316","26,928","25,904","29,030","29,796"
412,Burnley Central,BNC,2550,North West,Burnley,"121,059","116,247","116,459","124,690","119,325","94,155",[x],"108,231","107,770","110,993","116,269","116,486","125,750","145,892","150,388","140,308","149,788","145,328","128,614","125,778","120,326","91,204","102,278","28,804","99,658","100,182","94,256","114,562"
413,Burnley Manchester Road,BYM,2549,North West,Burnley,"118,922","123,529","136,478","130,600","115,567","115,156",[x],"143,181","151,216","167,159","178,869","190,070","191,274","216,244","232,404","247,488","244,548","273,000","393,304","433,396","451,258","422,116","482,736","99,694","421,608","507,364","520,890","583,322"
414,Burnside (South Lanarkshire),BUI,9767,Scotland,South Lanarkshire,"238,222","265,138","264,625","251,009","245,918","249,715",[x],"265,978","273,199","281,779","289,795","309,398","312,644","328,082","337,056","318,628","270,748","275,500","270,746","276,012","282,282","272,764","263,304","30,194","132,112","182,226","215,682","225,114"
415,Burntisland,BTS,9107,Scotland,Fife,"93,134","100,231","122,596","128,499","120,343","122,095",[x],"144,395","147,859","160,626","173,771","188,878","192,694","191,946","201,562","194,210","206,058","222,476","236,342","229,442","231,240","225,594","211,238","26,548","132,798","150,662","180,538","206,194"
416,Burscough Bridge,BCB,2279,North West,West Lancashire,"93,132","94,416","99,376","107,067","111,124","102,069",[x],"136,966","155,437","178,147","194,615","211,512","215,558","222,382","219,206","210,842","219,590","227,888","233,552","241,534","241,684","216,156","217,920","51,210","140,864","165,298","167,468","166,054"
417,Burscough Junction,BCJ,2280,North West,West Lancashire,"33,810","38,329","39,822","42,044","38,196","33,106",[x],"41,198","43,276","44,642","42,518","40,850","37,754","36,570","37,380","36,464","37,814","39,226","38,396","46,854","43,406","34,936","47,908","11,590","40,584","40,270","47,946","50,780"
418,Bursledon,BUO,5927,South East,Eastleigh,"32,590","31,654","32,280","35,186","34,232","33,171",[x],"34,852","42,331","44,263","49,124","54,776","54,894","60,264","59,294","59,614","65,206","63,560","64,756","60,092","54,012","60,754","62,040","16,768","47,822","54,750","58,546","68,028"
419,Burton Joyce,BUJ,6200,East Midlands,Gedling,"7,440","7,820","8,509","7,367","8,191","8,095",[x],"7,906","9,934","10,049","9,418","7,782","5,760","7,400","6,786","6,928","5,302","5,372","8,228","11,542","16,268","16,084","15,330","1,826","6,146","9,426","11,014","13,392"
420,Burton-On-Trent,BUT,1658,West Midlands,East Staffordshire,"335,156","350,894","389,840","388,724","413,572","432,572",[x],"559,573","613,612","655,269","682,443","668,002","683,178","718,996","703,472","700,996","710,480","736,692","790,880","820,808","833,040","875,332","848,012","181,742","573,162","663,498","705,092","913,000"
421,Bury,[z],[z],[z],[z],2,1,[z],[z],[z],[z],[z],[z],[z],[z],[z],[z],[z],[z],[z],[z],[z],[z],[z],[z],[z],[z],[z],[z],[z],[z],[z],[z]
422,Bury St Edmunds,BSE,7008,East of England,West Suffolk,"166,576","181,021","185,675","186,823","211,096","203,996",[x],"211,468","240,952","275,403","373,740","415,914","419,782","469,500","490,154","566,110","578,007","595,638","603,518","633,362","652,080","665,112","657,942","151,514","564,972","698,282","834,744","929,244"
423,Busby,BUS,9791,Scotland,East Renfrewshire,"97,808","102,327","99,273","93,702","86,435","90,136",[x],"87,892","94,433","99,035","105,581","127,678","131,520","143,730","146,272","154,836","144,868","161,092","167,530","166,222","167,312","174,702","175,142","23,424","82,968","105,092","136,388","110,486"
424,Bush Hill Park,BHK,6913,London,Enfield,"471,704","534,110","566,748","567,841","571,558","558,587",[x],"523,950","479,449","723,256","739,732","648,074","580,542","610,532","661,200","713,604","785,642","825,372","992,280","1,037,808","1,096,702","1,104,330","1,107,834","283,412","692,138","893,678","1,143,890","1,188,288"
425,Bushey,BSH,1395,East of England,Watford,"330,860","388,722","473,623","477,387","471,479","494,455",[x],"563,255","620,562","737,058","723,486","491,710","533,866","881,958","964,610","1,059,704","1,136,518","1,240,946","1,457,950","1,472,746","1,490,134","1,520,068","1,478,460","367,978","825,582","1,000,848","1,157,470","1,225,400"
426,Butlers Lane,BUL,1179,West Midlands,Birmingham,"85,437","135,011","93,480","92,052","97,419","89,871",[x],"91,568","93,003","95,990","103,030","197,372","193,526","186,394","188,918","186,450","202,862","206,556","221,634","229,830","240,062","254,278","246,344","42,252","115,710","142,068","168,140","193,930"
427,Buxted,BXD,5324,South East,Wealden,"38,641","47,839","59,235","60,258","64,645","71,835",[x],"86,368","118,248","133,020","159,893","157,130","152,592","163,280","168,100","175,624","161,777","150,310","133,062","114,176","116,338","125,672","158,546","21,704","68,978","92,856","95,564","99,310"
428,Buxton,BUX,2946,East Midlands,High Peak,"248,055","232,498","238,981","221,009","211,862","220,247",[x],"225,066","260,931","263,772","283,681","301,320","301,432","308,856","298,328","289,182","290,486","323,676","328,734","331,220","331,776","345,596","343,686","98,236","272,226","301,568","348,876","381,872"
429,Byfleet and New Haw,BFN,5689,South East,Runnymede,"238,019","255,148","302,636","287,752","258,342","262,141",[x],"300,040","282,560","320,676","409,799","417,098","384,168","390,188","401,074","407,454","406,010","439,790","475,420","477,106","447,024","445,004","401,872","163,446","277,930","316,800","369,342","408,252"
430,Bynea,BYE,4124,Wales,Carmarthenshire - Sir Gaerfyrddin,703,752,704,524,537,550,[x],"1,064",750,906,"1,547","1,300","1,664","1,376","1,430","1,490","1,662","2,046","1,628","1,930","2,228","2,686","2,336",34,820,"1,266","1,990","2,716"
431,Cadoxton,CAD,3811,Wales,Vale of Glamorgan - Bro Morgannwg,"250,050","252,464","284,214","293,417","294,298","270,285",[x],"198,132","208,722","227,811","252,940","260,782","257,140","249,714","254,046","272,522","278,276","268,544","282,134","287,136","282,098","270,514","256,400","75,100","204,930","258,164","298,106","322,908"
432,Caergwrle,CGW,2536,Wales,Flintshire - Sir y Fflint,"28,109","29,157","29,019","28,696","26,345","21,642",[x],"25,148","21,071","20,065","21,056","19,780","23,778","22,186","21,886","24,264","24,438","23,034","19,828","18,086","17,800","17,160","15,914","3,060","7,806","9,866","9,742","14,738"
433,Caerphilly,CPH,3812,Wales,Caerphilly - Caerffili,"527,627","530,745","572,374","572,039","634,839","652,614",[x],"620,269","599,502","608,934","606,461","598,214","622,016","665,328","678,380","691,516","698,318","709,020","743,856","757,094","771,930","760,346","712,648","119,314","372,912","524,900","568,944","623,058"
434,Caersws,CWS,4412,Wales,Powys - Powys,"20,733","21,044","22,150","22,566","22,528","23,600",[x],"24,901","28,257","29,988","34,159","33,950","36,090","42,272","44,872","46,486","45,900","49,250","57,942","64,636","69,668","60,626","59,274","13,196","31,398","42,500","49,136","69,134"
435,Caldercruix,CAC,992,Scotland,North Lanarkshire,[z],[z],[z],[z],[z],[z],[z],[z],[z],[z],[z],[z],[z],"11,120","90,992","92,996","101,926","109,038","111,472","88,688","100,404","98,254","104,292","9,628","51,724","67,194","70,158","73,754"
436,Caldicot,CDT,3680,Wales,Monmouthshire - Sir Fynwy,"49,478","49,911","52,184","51,156","51,947","46,721",[x],"59,699","60,289","70,289","71,743","79,858","79,006","83,292","85,426","87,750","93,068","96,324","96,856","104,438","101,248","96,522","89,024","20,838","56,838","65,912","73,862","87,972"
437,Caledonian Road and Barnsbury,CIR,1439,London,Islington,"40,963","142,970","183,573","189,811","195,335","217,401",[x],"116,504","135,634","441,830","607,670","473,534","381,866","576,072","978,444","1,273,854","1,594,646","1,689,712","1,764,760","1,837,942","1,730,414","1,733,864","1,639,948","598,816","1,161,496","1,328,442","1,537,520","1,566,788"
438,Calstock,CSK,3562,South West,Cornwall,"23,267","21,650","24,133","22,208","24,880","25,739",[x],"24,024","21,123","23,476","26,825","30,600","33,368","33,198","32,450","30,346","35,190","33,704","33,794","35,346","37,426","37,834","34,758","10,534","27,566","31,616","34,506","38,968"
439,Cam and Dursley,CDU,3238,South West,Stroud,"61,215","58,605","55,582","52,051","53,983","50,534",[x],"64,355","72,113","92,437","114,901","131,660","136,384","153,102","162,992","166,870","177,094","185,504","193,640","201,188","188,914","191,426","225,792","42,818","131,894","182,976","207,950","239,284"
440,Camberley,CAM,5682,South East,Surrey Heath,"376,272","378,006","371,156","368,606","332,442","325,165",[x],"343,634","355,415","377,291","432,878","449,692","439,678","444,080","461,576","466,450","455,070","460,372","472,358","446,350","414,680","391,680","341,572","83,076","237,332","287,900","340,568","364,372"
441,Camborne,CBN,3504,South West,Cornwall,"105,101","107,570","112,063","105,140","101,231","109,628",[x],"146,595","157,026","181,671","193,948","215,600","224,950","247,360","275,440","279,898","283,400","280,452","269,034","262,070","255,658","266,006","277,540","118,444","280,418","295,808","333,710","372,746"
442,Cambridge,CBG,7022,East of England,Cambridge,"3,909,257","4,281,743","4,679,635","4,868,452","5,154,064","5,478,112",[x],"6,060,475","6,137,423","6,522,309","6,997,887","7,571,838","7,661,146","8,245,416","8,823,236","9,168,938","9,824,859","10,420,178","10,954,212","11,424,902","11,530,158","11,983,320","11,599,814","2,300,528","6,952,780","9,341,600","10,033,088","10,597,572"
443,Cambridge Heath,CBH,6962,London,Tower Hamlets,"3,723","76,230","74,340","75,359","84,338","101,231",[x],"46,476","43,024","114,369","173,697","150,220","152,816","223,850","266,838","296,692","357,754","402,078","646,748","765,702","774,528","786,006","774,306","252,404","601,582","771,490","1,051,058","1,050,568"
444,Cambridge North,CMB,8001,East of England,South Cambridgeshire,[z],[z],[z],[z],[z],[z],[z],[z],[z],[z],[z],[z],[z],[z],[z],[z],[z],[z],[z],[z],"488,876","812,972","949,550","220,958","733,612","1,074,602","1,268,788","1,459,946"
445,Cambuslang,CBL,9768,Scotland,South Lanarkshire,"415,663","491,333","502,086","474,271","426,019","419,258",[x],"481,858","557,494","579,420","604,899","660,234","655,394","689,836","757,572","777,400","716,608","750,022","774,352","806,638","850,510","758,836","769,008","165,944","443,054","629,278","767,364","831,150"
446,Camden Road,CMD,1440,London,Camden,"199,162","763,162","920,517","954,375","1,000,405","1,087,391",[x],"577,851","688,609","2,005,886","1,935,301","1,414,848","1,193,916","1,833,296","3,085,420","3,810,066","4,736,392","4,952,576","5,120,672","5,257,708","5,016,280","4,968,410","4,560,560","1,482,204","3,071,342","3,724,674","4,290,962","4,330,314"
447,Camelon,CMO,9878,Scotland,Falkirk,"45,473","51,543","48,875","54,869","61,525","61,389",[x],"83,000","89,975","90,457","96,584","97,264","92,058","98,606","104,446","110,860","116,378","130,478","136,100","132,166","127,576","142,044","162,874","24,596","94,790","124,872","153,246","165,762"
448,Cameron Bridge,CBX,244,Scotland,Fife,[z],[z],[z],[z],[z],[z],[z],[z],[z],[z],[z],[z],[z],[z],[z],[z],[z],[z],[z],[z],[z],[z],[z],[z],[z],[z],[z],"45,796"
449,Canada Water,ZCW,1659,London,Southwark,[z],[z],[z],[z],[z],[z],[z],[z],[z],[z],[z],[z],[z],"2,793,891","4,883,262","6,499,764","6,213,910","10,330,664","23,643,842","25,015,768","24,997,198","23,725,794","21,797,466","5,576,276","13,644,950","16,226,090","17,517,222","18,668,762"
450,Canary Wharf,CWX,6560,London,Tower Hamlets,[z],[z],[z],[z],[z],[z],[z],[z],[z],[z],[z],[z],[z],[z],[z],[z],[z],[z],[z],[z],[z],[z],[z],[z],[z],"9,924,606","14,787,440","15,927,588"
451,Canley,CNL,1129,West Midlands,Coventry,"38,613","76,026","55,157","56,551","55,958","52,448",[x],"57,821","69,371","77,905","90,012","183,976","185,742","195,664","221,440","221,212","254,502","274,282","327,550","378,844","392,006","398,880","369,574","89,840","257,834","363,796","429,930","453,276"
452,Canning Town,[z],[z],[z],[z],"23,698","37,875","17,058","25,092","29,009","32,198",[x],"50,651","57,475","500,275",[z],[z],[z],[z],[z],[z],[z],[z],[z],[z],[z],[z],[z],[z],[z],[z],[z],[z]
453,Cannock,CAO,1016,West Midlands,Cannock Chase,"86,789","104,009","105,766","110,001","113,751","114,665",[x],"122,041","124,652","141,751","147,782","182,918","203,736","224,584","253,890","246,014","247,942","221,124","220,290","233,172","199,956","208,260","197,732","39,180","197,960","233,290","314,972","329,244"
454,Canonbury,CNN,1441,London,Islington,"60,092","168,265","234,860","219,591","222,191","243,368",[x],"127,763","164,672","789,228","718,793","561,388","472,010","772,976","1,784,642","2,317,888","2,741,100","2,928,630","2,859,228","3,005,382","2,975,418","3,085,176","2,885,562","913,278","1,950,210","2,349,684","2,752,422","2,834,562"
455,Canterbury East,CBE,5164,South East,Canterbury,"363,697","353,178","372,840","431,296","386,502","347,156",[x],"410,001","429,063","1,640,246","1,618,418","1,575,014","1,330,917","1,158,433","1,175,090","1,043,578","945,600","1,003,925","1,034,102","1,060,553","1,109,015","1,144,046","1,096,734","280,318","770,802","935,628","1,059,206","1,170,446"
456,Canterbury West,CBW,5007,South East,Canterbury,"1,644,080","1,725,925","1,671,022","1,705,023","1,748,911","1,792,446",[x],"2,015,286","2,172,469","1,134,891","1,351,397","1,390,831","1,464,545","1,921,370","2,132,030","2,121,098","2,223,350","2,336,199","2,406,422","2,467,975","2,580,749","2,662,266","2,552,170","652,324","1,793,700","2,177,268","2,464,836","2,723,706"
457,Cantley,CNY,7292,East of England,Broadland,"12,473","11,149","13,862","16,721","17,959","14,036",[x],"11,429","11,204","11,107","17,935","17,866","16,062","16,668","16,174","18,008","18,898","21,350","21,530","23,216","21,682","20,590","17,048","7,004","14,776","15,740","18,298","20,390"
458,Capenhurst,CPU,2186,North West,Cheshire West and Chester,"45,932","55,359","44,966","43,195","37,351","56,191",[x],"57,794","53,069","44,215","59,931","75,050","122,192","131,890","113,314","108,088","189,510","209,620","220,834","220,814","184,800","179,960","168,866","56,230","141,012","170,728","185,428","206,002"
459,Carbis Bay,CBB,3542,South West,Cornwall,"44,784","40,364","38,410","42,717","48,616","60,620",[x],"66,298","23,737","6,347","8,208","8,454","7,980","55,334","206,738","198,734","203,782","231,800","191,408","195,124","234,668","227,854","212,354","111,158","230,256","226,768","256,874","276,938"
460,Cardenden,CDD,9112,Scotland,Fife,"21,607","22,164","24,905","29,446","32,487","33,093",[x],"43,608","47,996","48,675","49,635","56,254","56,968","56,820","61,770","60,778","62,340","62,574","62,312","60,100","52,374","49,636","42,734","3,062","25,118","31,650","37,974","43,222"
461,Cardiff Bay,CDB,3815,Wales,Cardiff - Caerdydd,"93,687","98,362","123,516","136,138","163,849","177,911",[x],"245,910","274,133","404,049","518,572","594,520","685,608","753,148","793,382","869,126","1,019,348","1,143,746","1,190,780","1,242,214","1,302,676","1,531,444","1,462,962","88,028","314,932","510,964","546,878","755,714"
462,Cardiff Central,CDF,3899,Wales,Cardiff - Caerdydd,"5,858,915","5,738,681","6,457,827","6,707,944","7,479,904","7,949,395",[x],"7,743,280","8,357,732","9,126,923","9,875,014","10,485,084","10,742,546","11,259,968","11,507,598","11,637,744","11,739,630","11,939,360","12,744,582","12,534,884","12,951,702","12,934,304","12,670,920","1,975,462","7,463,378","10,185,022","11,499,126","12,513,720"
463,Cardiff Queen Street,CDQ,3900,Wales,Cardiff - Caerdydd,"1,128,656","1,208,512","1,440,708","1,479,870","1,626,309","1,841,260",[x],"2,072,551","2,126,479","2,231,784","2,486,005","2,559,748","2,437,638","2,411,438","2,488,920","2,495,238","2,462,700","2,523,314","2,643,568","2,850,984","2,912,364","2,919,214","2,694,084","472,914","1,366,108","1,713,720","1,828,790","2,010,584"
464,Cardonald,CDO,9624,Scotland,Glasgow City,"77,213","85,544","88,879","89,981","83,221","81,662",[x],"95,928","118,960","118,056","114,680","155,624","157,662","150,516","151,962","172,842","202,118","211,372","226,814","220,122","236,616","250,602","239,988","122,578","167,080","181,818","214,202","222,856"
465,Cardross,CDR,9969,Scotland,Argyll and Bute,"174,031","174,652","181,811","178,112","162,898","156,692",[x],"186,479","196,675","194,365","204,476","238,070","226,918","227,656","230,504","227,026","227,826","180,394","164,610","145,004","142,808","145,428","121,228","68,212","110,812","126,248","146,792","156,448"
466,Carfin,CRF,9877,Scotland,North Lanarkshire,"33,264","35,471","39,290","39,711","39,015","36,175",[x],"55,928","58,996","66,814","69,070","79,042","81,498","81,088","92,734","99,378","104,506","111,680","117,036","131,190","124,146","100,602","102,158","17,510","65,146","87,220","116,600","118,882"
467,Cark and Cartmel,CAK,1964,North West,Westmorland and Furness,"43,988","43,490","44,671","44,241","37,873","37,112",[x],"46,598","43,986","36,993","51,141","49,400","49,378","55,924","51,690","60,588","64,754","70,980","76,448","75,790","76,572","71,234","82,828","24,112","78,306","84,244","84,822","93,858"
468,Carlisle,CAR,2118,North West,Cumberland,"926,994","1,019,230","1,077,633","1,044,538","1,104,756","1,072,971",[x],"1,169,761","1,296,587","1,365,675","1,470,219","1,515,226","1,617,150","1,740,540","1,789,398","1,770,286","1,814,786","1,908,872","1,833,028","1,856,268","1,967,434","2,074,220","2,224,702","448,260","1,779,358","1,801,198","2,103,288","2,316,310"
469,Carlton,CTO,6201,East Midlands,Gedling,"21,646","20,701","17,155","16,786","16,893","16,642",[x],"14,621","16,609","17,732","18,329","18,938","17,344","20,112","22,372","21,410","20,298","25,168","36,344","46,578","54,282","54,632","57,552","12,254","27,610","36,846","43,120","52,580"
470,Carluke,CLU,9702,Scotland,South Lanarkshire,"168,262","204,058","212,646","208,599","192,208","189,146",[x],"225,687","253,635","267,376","274,525","291,128","282,582","313,882","328,268","345,766","369,582","392,812","396,046","428,140","420,170","405,328","399,962","35,624","154,426","230,770","287,912","292,568"
471,Carmarthen,CMN,4068,Wales,Carmarthenshire - Sir Gaerfyrddin,"248,579","250,379","257,221","261,156","268,724","283,427",[x],"288,795","294,208","323,233","348,329","365,478","367,276","398,786","421,428","434,220","418,952","428,094","419,794","426,890","416,694","383,386","361,924","76,852","256,498","292,606","374,496","439,846"
472,Carmyle,CML,9769,Scotland,Glasgow City,"61,559","60,589","55,162","54,396","58,141","56,571",[x],"79,973","100,001","102,165","106,206","118,234","124,262","127,114","135,392","143,276","132,080","131,114","132,454","155,484","137,994","121,206","134,734","28,404","82,270","92,446","122,228","129,922"
473,Carnforth,CNF,2640,North West,Lancaster,"110,164","107,814","112,957","103,958","98,461","105,046",[x],"149,649","157,240","150,824","174,644","176,918","179,602","196,972","191,306","196,470","206,590","204,196","206,572","198,270","175,378","166,556","189,000","51,772","151,484","162,400","174,598","196,102"
474,Carnoustie,CAN,9028,Scotland,Angus,"27,457","27,355","82,759","35,557","40,640","43,576",[x],"55,507","66,800","71,184","145,700","92,268","91,508","91,740","100,698","107,758","120,432","123,928","123,920","119,278","127,364","200,460","133,828","18,674","82,578","100,084","132,740","137,292"
475,Carntyne,CAY,9897,Scotland,Glasgow City,"127,258","134,508","130,014","129,044","113,591","87,204",[x],"109,529","127,606","135,375","151,327","183,710","192,872","211,206","248,400","268,616","282,822","321,442","342,154","351,572","359,828","381,342","354,000","61,828","203,020","254,530","362,438","383,786"
476,Carpenders Park,CPK,1442,East of England,Three Rivers,"364,009","368,706","347,212","373,624","370,482","352,083",[x],"366,494","380,394","460,798","420,387","263,516","343,400","705,776","750,914","824,156","884,130","958,362","1,154,092","1,189,056","1,200,976","1,186,250","1,153,106","465,982","862,578","974,748","1,073,672","1,224,684"
477,Carrbridge,CAG,8621,Scotland,Highland,"2,365","2,030","2,432","2,441","1,930","1,531",[x],"1,910","2,987","3,954","5,438","3,796","4,500","5,118","5,636","4,454","5,540","6,256","6,898","5,808","6,064","5,584","5,474","1,622","3,714","4,840","6,544","7,020"
478,Carshalton,CSH,5405,London,Sutton,"514,146","617,452","695,973","669,640","708,354","743,553",[x],"796,695","798,202","1,122,233","1,261,108","1,166,884","1,145,582","1,186,776","1,239,984","1,276,752","1,354,706","1,425,636","1,430,116","1,296,178","1,300,972","1,405,916","1,464,432","444,590","975,976","1,059,336","1,073,810","1,139,060"
479,Carshalton Beeches,CSB,5406,London,Sutton,"451,916","584,222","613,287","614,252","635,862","644,890",[x],"577,595","504,983","847,138","874,072","798,958","760,434","790,764","849,100","899,718","952,730","1,020,594","974,434","861,202","840,810","888,246","898,246","199,498","478,384","626,396","688,586","786,788"
480,Carstairs,CRS,9704,Scotland,South Lanarkshire,"7,618","7,361","7,238","6,848","7,464","9,407",[x],"12,329","14,589","13,766","13,261","13,860","11,098","10,680","13,546","20,610","33,398","43,388","84,796","95,862","84,166","62,376","60,948","4,138","6,986","13,506","28,352","31,886"
481,Cartsdyke,CDY,9680,Scotland,Inverclyde,"64,105","61,292","58,715","57,480","57,112","57,872",[x],"67,209","71,744","75,084","79,515","96,330","98,286","103,926","112,086","114,002","111,880","118,534","123,400","125,646","118,738","120,508","105,276","12,498","60,528","75,522","95,612","99,116"
482,Castle Bar Park,CBP,3098,London,Ealing,"23,751","40,571","44,626","52,564","47,067","40,678",[x],"13,522","19,893","97,263","100,705","92,768","84,868","124,492","124,362","144,182","158,806","180,504","188,120","151,942","80,386","79,866","81,088","26,778","41,128","66,670","101,564","112,884"
483,Castle Cary,CLC,5703,South West,Somerset,"124,041","142,946","153,828","156,635","110,173","151,944",[x],"183,133","193,954","171,136","227,250","231,750","235,000","259,220","276,312","233,992","244,846","245,296","241,466","244,242","251,974","222,474","278,246","50,758","240,462","311,814","309,574","354,740"
484,Castleford,CFD,8359,Yorkshire and The Humber,Wakefield,"216,893","236,867","248,825","228,208","173,507","199,028",[x],"292,839","312,423","304,485","306,220","372,046","359,410","393,776","416,752","537,898","555,244","566,420","574,844","599,134","579,282","538,708","539,210","121,070","353,258","410,456","424,144","487,384"
485,Castleton (Manchester),CAS,2919,North West,Rochdale,"61,335","49,576","60,227","66,183","62,792","61,129",[x],"80,682","85,695","87,758","100,345","122,678","120,382","126,592","153,010","150,108","143,506","148,596","148,262","170,024","167,112","178,582","172,682","35,900","78,216","95,966","132,292","141,112"
486,Castleton Moor,CSM,7914,Yorkshire and The Humber,North Yorkshire,"25,522","25,750","25,322","27,001","27,544","30,270",[x],"6,452","7,174","6,062","5,613","5,172","5,544","5,164","5,030","4,850","4,892","4,858","4,930","5,444","6,182","4,928","5,014","1,258","4,732","4,794","5,756","6,668"
487,Caterham,CAT,5351,South East,Tandridge,"439,600","488,766","515,301","513,830","548,722","568,353",[x],"640,105","685,391","755,135","833,810","882,196","909,838","967,400","1,023,972","1,028,288","1,055,698","1,065,066","1,128,196","1,007,526","1,011,822","1,027,318","990,992","209,436","479,848","571,828","568,072","584,834"
488,Catford,CTF,5077,London,Lewisham,"603,768","794,275","849,768","851,263","837,450","882,143",[x],"825,747","816,133","931,777","1,054,985","984,942","905,533","934,649","956,624","944,090","1,068,898","1,157,498","1,160,754","1,153,164","1,219,006","1,123,848","1,168,568","322,654","581,460","686,862","745,360","777,398"
489,Catford Bridge,CFB,5047,London,Lewisham,"885,411","971,416","976,536","1,007,543","1,042,936","1,071,014",[x],"834,503","788,198","1,630,661","1,738,548","1,628,636","1,652,704","1,833,319","1,815,604","1,896,018","2,029,742","2,203,494","2,402,410","2,549,568","2,574,972","2,815,980","2,756,404","696,454","1,452,454","1,833,306","2,356,720","2,512,134"
490,Cathays,CYS,3820,Wales,Cardiff - Caerdydd,"217,056","211,186","260,553","277,124","287,819","298,011",[x],"482,993","379,153","387,697","509,043","622,306","674,706","701,082","755,408","772,586","806,646","860,502","903,646","954,372","946,272","977,984","964,616","135,646","514,730","698,912","823,010","933,746"
491,Cathcart,CCT,9795,Scotland,Glasgow City,"279,593","326,942","341,595","338,887","318,685","310,190",[x],"360,093","375,286","383,753","382,029","408,956","471,572","497,766","526,526","533,628","542,832","573,548","586,512","632,276","658,616","663,772","662,128","110,860","288,468","369,082","481,464","544,872"
492,Cattal,CTL,8232,Yorkshire and The Humber,North Yorkshire,"30,241","32,869","32,652","30,382","30,956","32,315",[x],"40,587","42,442","46,285","46,806","44,946","47,234","53,188","52,552","55,780","56,961","59,948","60,234","60,646","61,406","61,356","61,562","16,242","51,422","64,446","74,534","103,416"
493,Causeland,CAU,3568,South West,Cornwall,"2,298","2,200","2,203","2,257","2,162","2,099",[x],"2,281","2,671","3,035","3,471","4,014","3,652","2,674","3,366","2,544","2,198","2,094","1,976","1,736","1,834","1,620","1,336",504,"2,040","1,588","1,800","2,108"
494,Cefn-Y-Bedd,CYB,2425,Wales,Flintshire - Sir y Fflint,"10,547","11,027","11,726","12,479","11,625","9,077",[x],"9,854","7,646","6,616","7,795","8,526","8,492","9,284","8,898","9,372","9,388","8,918","7,810","6,818","7,620","7,108","6,954","1,410","3,680","5,632","5,076","8,550"
495,Chadwell Heath,CTH,6874,London,Redbridge,"1,129,809","1,431,187","1,549,483","1,564,697","1,698,001","1,836,872",[x],"1,607,729","1,556,568","2,208,567","2,352,716","2,246,672","1,977,616","2,144,996","2,228,662","2,346,218","2,686,904","3,006,994","3,673,514","3,883,758","3,755,174","3,973,098","4,054,746","1,510,058","2,745,800","4,500,098","5,970,062","4,874,090"
496,Chafford Hundred Lakeside,CFH,7447,East of England,Thurrock,"242,799","402,131","589,547","825,279","1,049,511","1,376,386",[x],"1,651,415","1,736,350","1,953,278","2,065,829","2,032,000","1,898,824","2,085,524","2,082,542","2,085,674","2,083,828","2,273,500","2,534,474","2,723,610","2,817,544","2,911,958","2,816,408","881,722","1,916,280","2,127,970","2,331,974","2,317,972"
497,Chalfont and Latimer,CFO,539,South East,Buckinghamshire,[z],[z],[z],[z],[z],[z],[z],[z],[z],"446,522","349,370","254,398","398,650","686,488","718,276","702,438","748,158","817,372","822,284","831,716","845,664","865,584","849,242","198,200","499,944","709,356","825,202","780,010"
498,Chalkwell,CHW,7469,East of England,Southend-on-Sea,"640,262","699,878","775,365","846,613","899,502","982,046",[x],"1,083,462","1,145,978","1,210,351","1,312,625","1,377,332","1,384,692","1,457,014","1,541,790","1,586,516","1,735,302","1,818,472","1,534,620","1,562,918","1,968,412","1,913,550","1,832,344","425,496","966,158","1,182,696","1,224,874","1,286,264"
499,Chandlers Ford,CFR,5836,South East,Eastleigh,[z],[z],[z],[z],[z],[z],[z],"155,477","180,281","198,588","212,987","236,102","218,640","225,622","241,514","238,502","244,338","231,912","224,034","230,174","220,262","207,192","164,990","38,800","94,656","128,806","145,804","157,796"
500,Chapel-En-Le-Frith,CEF,2762,East Midlands,High Peak,"40,019","35,150","37,592","32,861","29,443","34,483",[x],"35,154","39,032","40,691","49,172","48,148","45,532","44,630","44,026","43,170","45,848","45,974","51,366","56,224","60,900","67,196","68,066","20,680","60,208","64,718","74,536","77,786"
501,Chapelton (Devon),CPN,5820,South West,North Devon,818,749,850,921,698,734,[x],472,161,120,208,176,162,190,190,258,232,192,100,566,188,446,192,66,142,194,186,160
502,Chapeltown (South Yorkshire),CLN,6664,Yorkshire and The Humber,Sheffield,"148,097","155,249","162,487","157,346","139,551","135,695",[x],"188,039","206,076","185,011","191,327","264,296","271,026","304,144","310,198","323,068","304,866","347,432","352,284","343,278","311,958","301,998","307,430","74,514","254,278","283,176","330,160","382,952"
503,Chappel and Wakes Colne,CWC,7051,East of England,Colchester,"19,568","21,763","22,470","21,660","22,340","26,625",[x],"25,526","26,292","28,579","29,903","30,940","31,674","32,756","38,176","41,642","47,976","42,868","41,420","37,408","38,544","39,360","46,258","4,090","22,490","28,176","28,762","32,962"
504,Charing (Kent),CHG,5097,South East,Ashford,"48,726","52,384","58,984","60,733","57,367","60,486",[x],"64,291","66,676","70,970","88,204","89,962","77,538","75,810","79,420","77,416","67,236","66,616","72,652","74,688","72,940","86,140","89,554","26,234","60,508","75,588","89,516","94,218"
505,Charing Cross (Glasgow),CHC,9911,Scotland,Glasgow City,"1,537,062","1,802,559","1,984,235","2,138,516","2,029,829","1,802,243",[x],"1,406,239","1,528,890","1,491,105","1,478,342","1,697,268","1,678,918","1,635,982","2,046,688","2,026,602","1,888,745","1,968,322","2,038,954","2,153,640","2,252,592","2,229,356","2,149,716","362,892","917,702","1,310,006","1,505,422","1,562,948"
506,Charlbury,CBY,3004,South East,West Oxfordshire,"216,143","243,082","242,133","230,888","220,393","229,000",[x],"236,749","232,040","249,781","239,426","238,918","231,582","244,586","253,202","271,738","287,778","305,284","327,518","294,758","292,934","285,784","314,296","55,812","199,856","257,350","275,526","343,240"
507,Charlton,CTN,5144,London,Greenwich,"871,812","996,827","1,057,602","999,194","994,405","1,017,420",[x],"832,293","908,725","1,306,867","1,505,735","1,504,416","1,572,798","1,672,850","1,685,648","1,683,442","1,713,732","1,800,766","1,683,580","1,495,928","1,501,022","1,680,552","1,708,510","459,500","1,072,998","1,169,386","1,172,750","1,269,452"
508,Chartham,CRT,5008,South East,Canterbury,"33,516","35,149","38,110","37,120","38,718","36,253",[x],"43,819","49,666","51,477","67,531","70,012","65,798","64,336","64,726","64,948","66,180","59,594","62,180","61,764","70,058","73,888","79,206","21,736","64,192","79,814","86,902","102,986"
509,Chassen Road,CSR,2947,North West,Trafford,"18,779","17,826","19,378","19,381","21,708","20,910",[x],"26,904","27,854","27,094","30,134","34,454","33,400","40,380","38,940","37,474","43,492","44,410","48,020","50,430","49,210","53,530","57,780","6,216","26,166","32,830","34,446","42,472"
510,Chatelherault,CTE,9707,Scotland,South Lanarkshire,[z],[z],[z],[z],[z],[z],[z],[z],"3,763","17,268","23,480","40,958","49,830","57,116","59,532","62,526","66,948","74,934","85,898","105,464","111,076","108,456","114,042","13,102","45,960","61,912","73,122","76,190"
511,Chatham,CTM,5199,South East,Medway,"2,440,174","2,746,203","2,862,171","2,858,530","2,860,540","2,879,487",[x],"2,893,126","2,945,044","3,092,522","3,261,803","3,202,334","2,919,828","2,883,930","2,861,326","2,742,960","2,699,480","2,696,730","2,767,892","2,742,800","2,730,498","2,730,416","2,619,120","825,756","1,729,376","2,010,328","2,172,512","2,397,976"
512,Chathill,CHT,7792,North East,Northumberland,"1,417","2,013","1,748","1,549","1,027","1,482",[x],"1,503","2,279","1,037","1,847","1,864","2,612","2,642","5,250","2,794","2,578","2,448","2,574","2,768","2,162","2,546","2,840",892,"1,492","1,348","1,264","1,580"
513,Cheadle Hulme,CHU,2870,North West,Stockport,"448,136","404,191","406,939","371,083","347,040","336,156",[x],"288,104","357,133","376,572","424,114","572,894","552,382","616,210","698,462","716,944","762,294","750,562","785,174","861,360","870,028","963,034","908,988","139,174","489,564","563,656","618,166","650,726"
514,Cheam,CHE,5352,London,Sutton,"502,038","577,818","624,770","605,381","610,643","627,290",[x],"661,160","705,233","999,671","1,109,639","1,080,256","1,052,920","1,051,736","1,073,572","1,071,236","1,110,888","1,168,046","1,126,420","978,986","989,268","1,086,296","1,114,808","265,946","665,166","790,362","843,402","932,574"
515,Cheddington,CED,1372,South East,Buckinghamshire,"75,940","76,357","81,471","82,067","76,842","74,187",[x],"56,710","65,130","74,703","79,051","70,168","69,732","70,684","66,900","73,378","75,250","72,302","78,208","84,048","79,682","84,132","78,694","12,408","32,180","48,014","68,006","83,010"
516,Chelford (Cheshire),CEL,2764,North West,Cheshire East,"26,376","28,222","23,985","23,912","21,517","21,511",[x],"21,847","19,952","16,750","28,019","28,824","28,776","29,834","31,288","32,804","32,368","33,420","36,740","37,996","35,760","38,906","42,446","9,516","36,838","39,986","41,124","46,262"
517,Chelmsford,CHM,6836,East of England,Chelmsford,"4,788,316","5,168,616","5,685,278","5,993,425","6,165,887","6,445,365",[x],"6,698,243","6,801,193","7,113,065","7,447,696","7,375,452","6,934,970","7,335,952","7,876,686","8,002,126","8,286,879","8,381,166","8,488,146","8,536,968","8,619,942","8,926,576","8,606,294","1,716,828","4,595,710","5,784,584","6,538,092","7,030,130"
518,Chelsfield,CLD,5098,London,Bromley,"528,163","554,248","601,871","611,305","612,554","614,599",[x],"623,963","626,644","877,343","947,763","874,004","850,210","906,166","904,242","924,494","947,226","1,008,758","944,166","920,538","966,706","993,598","973,208","115,200","345,652","478,232","549,246","593,350"
519,Cheltenham Spa,CNM,4731,South West,Cheltenham,"731,388","756,556","798,725","757,244","820,680","881,062",[x],"1,036,744","1,127,845","1,206,187","1,338,855","1,529,004","1,598,538","1,727,246","1,816,020","1,891,974","1,924,750","2,038,404","2,178,472","2,352,712","2,400,392","2,467,768","2,590,718","462,294","1,793,710","1,965,252","2,045,044","2,418,292"
520,Chepstow,CPW,3774,Wales,Monmouthshire - Sir Fynwy,"87,866","86,399","95,795","88,527","89,990","88,299",[x],"113,613","120,543","129,076","146,338","168,828","176,980","188,374","203,476","208,316","217,030","231,080","246,742","251,824","253,464","252,790","229,288","35,062","147,434","179,274","210,598","239,434"
521,Cherry Tree,CYT,2573,North West,Blackburn with Darwen,"25,712","23,959","24,497","25,902","27,623","20,893",[x],"21,308","20,061","22,836","24,586","25,022","28,556","33,112","40,746","42,250","44,674","42,700","40,490","40,136","38,012","29,634","41,128","11,130","34,498","32,612","34,104","33,742"
522,Chertsey,CHY,5553,South East,Runnymede,"383,251","368,179","413,825","362,756","315,663","279,661",[x],"360,715","419,259","430,757","587,986","632,210","604,808","612,488","597,072","613,244","688,156","695,908","674,418","706,642","697,204","727,072","665,420","221,558","496,676","551,148","608,808","638,340"
523,Cheshunt,CHN,6814,East of England,Broxbourne,"952,881","1,075,026","1,200,176","1,239,514","1,282,113","1,321,617",[x],"1,408,988","1,408,338","1,533,387","1,692,201","1,704,992","1,555,370","1,590,082","1,716,944","1,915,362","2,021,678","2,140,962","2,247,262","2,260,412","2,369,724","2,514,920","2,463,510","729,632","1,708,766","2,125,726","2,442,904","2,547,310"
524,Chessington North,CSN,5582,London,Kingston upon Thames,"207,569","266,631","272,030","293,301","266,982","281,449",[x],"309,951","285,980","575,477","610,728","509,958","492,516","532,518","566,474","580,448","592,762","611,368","561,330","552,584","499,552","568,166","513,088","127,954","317,282","376,680","459,344","488,812"
525,Chessington South,CSS,5554,London,Kingston upon Thames,"191,152","233,997","242,446","254,450","237,487","218,003",[x],"199,542","206,316","485,008","582,078","525,860","505,480","502,582","518,636","493,008","524,144","551,302","431,898","405,786","338,824","375,964","352,830","85,936","235,888","275,306","314,944","344,218"
526,Chester,CTR,2412,North West,Cheshire West and Chester,"1,936,106","2,161,447","2,207,580","2,128,772","2,168,285","2,163,082",[x],"2,239,061","2,336,893","2,440,874","2,607,835","2,829,358","2,989,704","3,052,806","2,957,446","3,011,202","4,256,524","4,523,402","4,620,230","4,649,800","4,686,322","4,972,298","5,093,756","1,057,794","3,443,368","4,121,592","4,727,440","5,271,572"
527,Chester Road,CRD,1130,West Midlands,Birmingham,"186,768","191,379","194,878","186,922","190,894","195,836",[x],"244,553","250,808","266,660","296,230","536,798","563,680","567,660","750,114","763,286","799,256","815,640","881,950","909,432","958,028","1,048,284","1,050,494","152,254","389,624","489,082","593,094","658,658"
528,Chesterfield,CHD,6615,East Midlands,Chesterfield,"811,956","794,106","841,491","800,187","881,486","904,049",[x],"1,027,569","1,043,957","1,147,806","1,181,145","1,268,894","1,328,866","1,465,990","1,490,616","1,498,814","1,564,882","1,640,288","1,731,432","1,783,870","1,852,786","1,944,524","1,866,000","322,942","1,204,996","1,450,020","1,542,920","1,820,668"
529,Chester-Le-Street,CLS,7736,North East,County Durham,"67,758","82,135","101,986","85,172","85,919","86,686",[x],"126,033","151,486","160,799","192,519","186,930","197,398","205,572","189,460","174,968","199,131","200,844","223,326","230,972","219,592","199,260","193,456","31,274","148,692","118,086","152,994","232,324"
530,Chestfield and Swalecliffe,CSW,5200,South East,Canterbury,"106,682","112,643","113,060","127,680","140,285","138,794",[x],"142,694","146,829","149,813","172,706","165,226","152,140","142,774","151,540","127,408","123,552","124,800","124,720","122,242","137,734","129,258","128,714","29,322","71,064","80,432","93,938","107,718"
531,Chetnole,CNO,5840,South West,Dorset,"1,890","2,522","2,615","2,539","1,753","1,706",[x],"2,248","2,470","2,705","1,699","1,944","2,132","2,386","2,206","2,358","2,398","2,334","1,946","2,598","2,998","3,090","2,720",460,"1,768","2,048","2,238","2,638"
532,Chichester,CCH,5255,South East,Chichester,"1,402,428","1,437,542","1,596,764","1,642,461","1,804,006","2,052,550",[x],"2,265,876","2,401,077","2,599,788","2,762,838","2,889,964","2,984,494","3,144,194","3,190,228","3,236,004","3,269,044","3,232,654","3,231,354","2,608,084","2,841,832","2,977,098","2,883,112","914,014","2,172,492","2,434,584","2,446,464","2,687,308"
533,Chilham,CIL,5009,South East,Ashford,"22,207","22,919","22,371","22,156","20,610","20,139",[x],"27,812","30,003","31,581","40,055","41,364","36,860","37,444","40,548","37,322","36,524","38,682","38,320","40,318","43,422","53,108","53,688","15,658","40,214","48,300","59,724","66,206"
534,Chilworth,CHL,5296,South East,Guildford,"14,805","15,249","13,964","16,134","16,230","15,436",[x],"17,627","17,349","16,669","17,444","20,706","19,748","20,430","19,302","21,016","23,466","25,910","26,498","27,252","24,120","20,114","21,704","5,904","17,202","23,712","25,844","27,352"
535,Chingford,CHI,6914,London,Waltham Forest,"861,422","1,001,475","1,044,045","1,035,956","1,084,961","1,234,994",[x],"1,116,809","994,515","1,341,535","1,439,694","1,315,548","1,225,642","1,319,926","1,391,776","1,492,560","1,649,170","1,766,848","1,918,148","2,063,184","2,085,446","2,165,308","2,020,496","562,644","1,361,032","1,695,448","2,039,732","2,036,058"
536,Chinley,CLY,2823,East Midlands,High Peak,"44,466","46,211","46,668","48,286","46,366","47,317",[x],"68,169","67,213","75,127","75,885","86,002","91,434","100,458","103,154","104,764","108,278","108,582","112,078","120,132","120,676","128,602","129,220","21,856","80,106","93,244","102,150","128,746"
537,Chippenham,CPM,3267,South West,Wiltshire,"945,435","967,760","1,016,145","1,041,917","1,060,444","1,150,802",[x],"1,257,940","1,315,654","1,414,824","1,473,561","1,560,906","1,516,726","1,653,544","1,755,608","1,746,840","1,826,343","1,895,980","1,815,922","1,938,692","1,890,094","1,972,350","1,937,240","373,482","1,124,226","1,444,874","1,578,070","1,713,674"
538,Chipstead,CHP,5353,South East,Reigate and Banstead,"62,779","69,429","87,694","91,723","94,420","107,581",[x],"125,459","127,983","146,109","164,954","165,746","154,002","150,828","153,250","156,026","160,948","166,284","179,110","153,290","160,954","154,918","145,724","22,290","57,976","80,850","78,164","87,736"
539,Chirk,CRK,4449,Wales,Wrexham - Wrecsam,"33,267","32,937","30,234","30,036","29,049","31,532",[x],"32,094","36,295","42,762","50,688","54,988","56,310","60,356","65,998","72,116","70,646","70,724","68,444","71,814","75,524","77,106","78,030","14,788","57,766","73,002","83,562","106,900"
540,Chislehurst,CIT,5099,London,Bromley,"704,785","796,816","832,308","815,939","802,319","846,227",[x],"835,021","836,871","1,094,889","1,175,964","1,118,226","1,080,602","1,101,634","1,116,102","1,128,300","1,159,288","1,208,786","1,204,760","1,193,732","1,149,598","1,209,164","1,113,406","224,412","628,006","864,292","958,726","1,012,880"
541,Chiswick,CHK,5583,London,Hounslow,"178,561","268,927","286,973","318,596","267,307","289,535",[x],"250,383","304,367","610,798","793,039","750,756","770,508","871,938","924,822","971,802","993,106","1,047,292","1,122,186","1,071,486","1,030,528","1,031,340","995,936","275,978","545,552","589,318","646,328","707,048"
542,Cholsey,CHO,3031,South East,South Oxfordshire,"195,344","203,455","214,636","227,752","215,736","214,381",[x],"209,521","184,427","181,977","190,239","192,184","185,970","187,384","203,608","221,286","239,034","272,430","275,100","281,438","271,850","290,196","284,448","54,628","155,450","212,398","240,656","275,420"
543,Chorley,CRL,2745,North West,Chorley,"443,195","458,585","497,687","533,087","568,313","529,120",[x],"637,076","670,556","703,702","730,069","684,144","737,964","819,548","836,494","841,912","843,744","720,130","650,346","695,340","662,504","567,494","698,696","159,614","493,202","560,136","621,956","716,034"
544,Chorleywood,CLW,546,East of England,Three Rivers,[z],[z],[z],[z],[z],[z],[z],[z],[z],"650,033","499,400","339,532","402,688","608,914","613,284","632,460","671,680","721,940","537,576","552,374","553,378","564,838","557,144","128,464","335,742","455,396","517,682","493,600"
545,Christchurch,CHR,5879,South West,"Bournemouth, Christchurch and Poole","407,947","358,538","318,883","320,572","322,370","314,115",[x],"356,637","357,361","357,013","368,081","401,544","392,088","453,944","444,944","449,562","471,928","465,334","498,016","495,788","519,332","522,964","488,304","117,886","338,458","400,560","429,720","484,080"
546,Christs Hospital,CHH,5319,South East,Horsham,"70,105","76,965","93,685","91,401","94,473","98,160",[x],"115,096","120,861","138,753","139,237","133,636","128,088","144,118","155,536","163,832","179,304","183,174","181,970","152,726","165,174","174,900","174,670","33,016","84,196","119,722","139,504","168,878"
547,Church and Oswaldtwistle,CTW,2556,North West,Hyndburn,"27,489","26,609","27,736","29,911","26,543","20,036",[x],"27,608","31,143","33,107","32,147","32,596","32,788","39,554","41,960","40,460","43,524","41,812","40,426","39,486","39,064","28,738","37,920","11,176","42,370","45,522","47,148","59,450"
548,Church Fenton,CHF,8233,Yorkshire and The Humber,North Yorkshire,"37,424","39,121","46,082","41,180","44,318","40,370",[x],"48,825","49,682","54,741","64,585","63,696","67,510","70,634","72,906","72,370","69,230","66,888","71,354","71,180","75,946","93,088","119,332","21,492","105,804","116,718","145,744","159,050"
549,Church Stretton,CTT,4365,West Midlands,Shropshire,"89,088","88,608","90,848","99,107","102,840","107,449",[x],"100,068","104,206","111,834","125,955","125,024","117,812","118,990","119,254","125,604","126,118","131,766","127,748","132,352","130,378","124,098","126,760","45,818","114,430","110,636","105,190","123,462"
550,Cilmeri,CIM,3785,Wales,Powys - Powys,670,753,801,942,"1,125",975,[x],"1,023",988,795,"1,232","1,530","1,690","1,690","1,830","1,776","1,998","2,556","1,964","1,698","1,436","1,266","1,214",16,420,760,874,"1,066"
551,City Thameslink,CTK,5121,London,City of London,"11,448,332","13,015,817","12,495,406","12,300,563","12,579,789","12,951,138",[x],"4,010,107","4,644,522","5,479,452","5,370,116","5,294,439","4,881,181","5,346,096","5,606,032","5,540,830","6,019,946","6,354,128","6,340,256","6,339,202","6,433,058","7,150,132","8,072,822","973,934","2,994,784","6,439,414","7,039,914","7,635,634"
552,Clacton-on-Sea,CLT,6850,East of England,Tendring,"546,748","590,762","627,223","647,618","667,858","674,391",[x],"699,316","664,812","706,643","704,195","713,108","660,964","713,998","752,666","743,038","785,578","794,306","804,508","824,270","790,862","799,344","763,016","276,656","623,870","705,916","792,630","836,512"
553,Clandon,CLA,5555,South East,Guildford,"142,780","147,359","155,727","151,730","140,098","140,085",[x],"149,556","141,921","152,813","178,203","185,630","177,902","188,300","186,530","187,258","202,062","216,602","222,396","222,750","206,156","203,266","185,012","31,444","93,054","119,104","150,296","165,566"
554,Clapham (North Yorkshire),CPY,2653,Yorkshire and The Humber,North Yorkshire,"6,503","6,754","6,835","5,811","4,931","5,289",[x],"5,609","5,652","4,954","5,957","6,738","6,720","6,952","7,388","7,624","7,768","6,618","6,654","7,442","6,688","6,576","8,492","1,188","6,158","9,140","9,176","9,690"
555,Clapham High Street,CLP,5301,London,Lambeth,"21,801","48,166","99,650","75,368","87,100","107,554",[x],"90,840","101,912","199,646","242,421","223,936","238,238","288,158","316,472","461,490","1,088,500","1,221,838","2,299,688","2,112,006","1,981,564","1,908,680","1,704,788","561,318","1,289,288","1,386,974","1,377,720","1,383,296"
556,Clapham Junction,CLJ,5595,London,Wandsworth,"7,300,966","14,320,885","15,543,924","15,743,895","15,825,576","17,122,208",[x],"12,550,035","12,426,542","18,868,026","18,180,739","17,445,432","17,758,808","19,671,342","21,917,126","23,622,718","25,287,250","26,465,840","32,282,220","30,680,766","29,444,710","29,520,132","28,892,348","8,370,706","17,397,120","20,790,150","22,858,198","24,447,510"
557,Clapton,CPT,6926,London,Hackney,"408,189","714,399","758,739","744,381","811,739","870,728",[x],"355,521","329,235","460,103","542,403","632,554","663,604","999,400","1,161,124","1,381,710","1,568,544","1,629,866","1,598,734","1,805,730","1,787,146","1,871,836","1,730,946","571,470","1,281,918","1,690,150","2,195,596","2,130,232"
558,Clarbeston Road,CLR,4069,Wales,Pembrokeshire - Sir Benfro,"5,311","4,396","3,173","2,713","2,963","2,853",[x],"3,011","3,210","3,802","4,127","4,992","5,068","6,832","8,462","9,146","10,356","11,046","10,138","9,208","7,828","7,216","6,746",990,"4,660","6,366","7,556","7,670"
559,Clarkston,CKS,9792,Scotland,East Renfrewshire,"388,803","431,982","433,541","424,283","381,066","363,186",[x],"383,112","401,312","430,520","442,982","508,426","504,550","515,886","550,846","559,478","518,472","549,630","553,288","541,236","566,990","569,280","547,252","65,206","233,612","310,412","409,050","320,542"
560,Claverdon,CLV,4593,West Midlands,Stratford-on-Avon,"3,116","3,259","3,523","3,337","2,895","2,720",[x],"1,718","1,668","1,777","2,359","2,042","2,006","2,294","2,570","2,300","2,654","1,722","2,596","3,122","2,782","2,842","3,696",828,"2,386","3,172","6,336","7,820"
561,Claygate,CLG,5556,South East,Elmbridge,"411,901","450,260","481,664","476,061","427,432","428,141",[x],"470,260","463,888","519,030","589,341","606,732","583,488","596,476","625,010","650,126","657,480","672,906","695,010","693,752","651,366","656,558","594,834","91,254","305,144","410,800","462,934","516,838"
562,Cleethorpes,CLE,6274,Yorkshire and The Humber,North East Lincolnshire,"160,217","166,848","192,468","193,441","202,734","179,086",[x],"208,039","210,294","227,959","240,910","235,626","204,850","245,100","264,686","239,802","277,724","269,992","259,844","288,094","285,364","296,002","274,032","68,322","228,184","194,646","252,632","307,184"
563,Cleland,CEA,9718,Scotland,North Lanarkshire,"35,465","40,296","41,318","43,809","42,421","43,979",[x],"48,542","53,253","59,981","66,552","72,036","72,386","74,752","86,810","96,458","92,733","90,484","92,334","89,850","87,614","78,068","72,140","13,254","70,166","88,768","109,956","107,380"
564,Clifton (Manchester),CLI,2795,North West,Salford,747,108,126,794,645,175,[x],417,182,277,152,216,278,170,496,334,298,152,116,352,280,282,282,128,140,208,202,"1,102"
565,Clifton Down,CFN,3202,South West,"Bristol, City of","93,786","99,575","93,251","102,843","122,771","187,383",[x],"141,838","153,027","180,656","204,397","281,876","361,828","433,088","470,980","522,010","573,770","619,766","672,386","764,192","692,122","628,888","727,774","168,394","400,730","608,640","771,552","817,690"
566,Clitheroe,CLH,2574,North West,Ribble Valley,"154,869","131,579","138,231","148,011","149,469","146,574",[x],"202,408","217,659","230,732","237,496","226,806","235,858","269,686","338,724","351,822","319,436","287,502","240,112","284,362","271,350","263,656","305,258","93,220","257,792","287,170","268,242","264,536"
567,Clock House,CLK,5048,London,Bromley,"514,565","579,677","612,105","687,015","734,946","812,153",[x],"840,145","867,552","1,129,412","1,195,871","1,133,290","1,110,700","1,133,278","1,103,268","1,100,068","1,174,034","1,191,336","1,154,194","1,157,240","1,143,734","1,208,986","1,185,968","208,060","558,708","778,322","969,524","1,067,284"
568,Clunderwen,CUW,4070,Wales,Pembrokeshire - Sir Benfro,"6,317","7,639","8,578","9,649","11,171","10,958",[x],"12,709","12,430","14,297","17,439","18,772","20,542","22,072","24,782","24,196","24,572","24,968","24,128","24,212","24,472","21,974","20,252","2,486","12,382","16,522","18,948","22,754"
569,Clydebank,CYK,9855,Scotland,West Dunbartonshire,"399,948","510,039","465,745","424,831","371,911","332,851",[x],"344,759","399,231","389,094","334,195","382,824","386,516","393,200","396,296","398,708","375,809","394,268","382,862","349,406","382,270","377,758","376,942","49,338","172,724","218,850","290,608","304,952"
570,Coatbridge Central,CBC,9747,Scotland,North Lanarkshire,"44,362","51,186","54,290","53,540","38,978","22,290",[x],"35,300","37,559","42,387","41,723","55,034","53,434","48,754","54,476","57,524","56,316","51,620","54,788","64,178","59,902","48,156","49,572","4,068","22,980","34,102","41,514","45,164"
571,Coatbridge Sunnyside,CBS,9752,Scotland,North Lanarkshire,"288,429","357,471","377,047","386,726","386,006","370,397",[x],"434,276","476,831","478,838","472,162","512,498","497,220","539,740","642,578","648,568","613,064","658,264","660,922","714,436","739,010","668,214","595,062","60,374","265,670","358,950","435,870","472,270"
572,Coatdyke,COA,9762,Scotland,North Lanarkshire,"165,277","173,210","189,414","203,260","197,790","182,068",[x],"232,362","256,449","269,117","291,261","336,038","324,956","330,650","343,372","331,880","343,112","344,302","336,860","370,302","293,476","289,376","279,634","35,562","127,564","183,632","221,842","236,050"
573,Cobham and Stoke D'abernon,CSD,5557,South East,Elmbridge,"461,455","489,327","503,096","486,081","451,850","446,270",[x],"482,998","484,673","522,629","618,647","605,582","562,464","584,454","591,112","599,600","610,306","640,722","623,248","629,416","592,248","589,700","546,460","86,406","290,962","389,462","453,804","508,614"
574,Codsall,CSL,4616,West Midlands,South Staffordshire,"42,435","46,918","33,514","30,023","32,839","27,124",[x],"26,210","37,515","42,986","55,078","84,696","99,140","104,952","121,430","115,528","115,406","108,848","117,036","126,954","125,008","125,222","144,578","22,082","87,982","106,340","122,224","135,854"
575,Cogan,CGN,3828,Wales,Vale of Glamorgan - Bro Morgannwg,"117,994","119,452","136,937","144,757","153,997","146,142",[x],"126,673","128,510","148,086","168,374","188,328","193,892","204,942","237,322","260,766","282,860","289,336","316,528","317,012","310,002","309,080","285,600","50,428","184,704","242,638","283,854","308,096"
576,Colchester,COL,6861,East of England,Colchester,"3,109,162","3,391,331","3,525,677","3,678,120","3,828,259","4,005,869",[x],"4,305,315","4,287,601","4,337,926","4,516,616","4,502,739","4,218,622","4,362,914","4,584,110","4,291,055","4,402,045","4,457,306","4,460,848","4,475,581","4,378,743","4,453,178","4,249,444","1,029,176","2,913,266","3,392,742","3,719,094","3,648,216"
577,Colchester Town,CET,6853,East of England,Colchester,"124,096","128,669","138,268","133,802","140,840","145,101",[x],"163,488","161,215","457,276","451,769","448,381","394,882","381,232","464,398","743,017","762,235","771,804","772,418","774,969","758,201","771,090","735,814","178,206","504,448","587,470","643,980","1,012,034"
578,Coleshill Parkway,CEH,9882,West Midlands,North Warwickshire,[z],[z],[z],[z],[z],[z],[z],[z],[z],[z],"47,955","104,532","130,640","151,792","170,352","192,242","213,284","228,386","266,654","286,992","297,966","293,748","264,328","38,466","127,956","164,042","187,288","205,662"
579,Collingham,CLM,6349,East Midlands,Newark and Sherwood,"16,704","18,770","22,020","24,894","25,962","25,677",[x],"22,289","23,178","31,145","29,781","31,772","46,548","48,296","59,738","54,598","55,356","68,792","80,726","102,974","114,292","116,434","128,032","23,820","87,440","108,074","118,164","141,448"
580,Collington,CLL,5457,South East,Rother,"55,741","65,020","80,653","89,656","92,389","82,461",[x],"96,581","122,311","119,105","124,376","123,588","132,246","150,860","180,984","204,392","220,436","225,214","223,718","149,412","168,370","191,418","208,058","47,356","114,882","132,200","156,654","182,218"
581,Colne,CNE,2562,North West,Pendle,"58,594","58,981","64,005","65,963","62,209","50,872",[x],"58,401","62,056","61,098","64,533","70,412","80,034","89,148","98,022","92,146","98,114","96,830","96,946","95,598","92,132","66,000","81,126","21,090","68,804","66,808","71,486","82,154"
582,Colwall,CWL,4876,West Midlands,"Herefordshire, County of","39,997","42,956","41,931","44,206","44,023","43,788",[x],"40,574","44,596","51,392","56,384","56,528","63,062","61,356","66,110","63,374","65,210","63,560","66,642","60,870","64,162","62,146","67,664","19,102","44,866","52,402","56,824","63,456"
583,Colwyn Bay,CWB,2451,Wales,Conwy - Conwy,"251,405","254,004","267,062","246,498","246,362","224,940",[x],"234,341","240,588","260,908","261,585","271,044","275,232","299,222","309,394","309,774","305,368","294,858","286,472","277,642","269,126","278,524","271,444","64,770","207,114","258,928","320,342","357,852"
584,Combe (Oxon),CME,3005,South East,West Oxfordshire,"1,343",962,"1,404","2,071","1,894","1,548",[x],"2,037","2,591","2,612","2,042","2,120","1,836","2,546","2,838","2,112","1,684","1,248","1,460","2,008","1,994","2,722","2,762",340,"1,238","1,398","1,554","1,326"
585,Commondale,COM,7515,Yorkshire and The Humber,North Yorkshire,"3,915","4,228","4,085","4,821","3,681","4,756",[x],"3,219","2,976","2,959","2,974","3,142","2,858","3,972","5,000","4,852","5,026","4,602","5,232","3,754","1,888","2,344","2,444",434,"2,446","2,294","2,224","2,120"
586,Congleton,CNG,1227,North West,Cheshire East,"96,086","93,990","107,226","107,239","103,961","97,528",[x],"97,992","129,987","158,185","177,779","186,246","213,650","247,348","263,446","278,660","290,816","291,302","313,290","347,208","348,390","314,312","333,510","58,250","219,046","255,892","299,154","323,770"
587,Conisbrough,CNS,6488,Yorkshire and The Humber,Doncaster,"41,471","46,646","63,872","43,525","52,359","51,592",[x],"70,234","71,245","66,855","62,391","79,032","78,928","86,094","87,628","85,972","75,128","84,046","95,756","91,724","98,356","118,012","116,516","22,550","68,660","61,596","81,770","96,416"
588,Connel Ferry,CON,8708,Scotland,Argyll and Bute,"3,927","3,154","3,145","2,739","2,814","2,686",[x],"3,268","3,482","3,834","4,058","4,330","4,088","4,056","4,316","4,004","4,400","8,564","6,592","6,262","7,272","6,996","7,220","14,552","15,630","18,620","22,348","18,594"
589,Conon Bridge,CBD,6393,Scotland,Highland,[z],[z],[z],[z],[z],[z],[z],[z],[z],[z],[z],[z],[z],[z],[z],"3,788","18,114","15,510","15,276","15,494","15,100","17,530","18,022","2,598","9,212","10,898","13,104","11,716"
590,Cononley,CEY,8470,Yorkshire and The Humber,North Yorkshire,"62,243","89,227","89,995","89,187","81,087","77,914",[x],"87,600","99,020","107,917","127,910","135,160","130,712","141,610","151,902","155,148","169,850","185,566","168,366","177,918","196,626","188,702","187,196","58,386","126,036","155,400","171,350","182,966"
591,Conway Park,CNP,3624,North West,Wirral,[z],"329,492","516,272","558,412","509,896","502,429",[x],"709,082","740,352","783,029","764,253","1,818,326","1,686,954","1,723,564","1,717,794","1,591,048","1,061,434","1,284,510","1,061,164","897,220","875,020","1,002,716","1,145,832","301,530","625,222","649,652","646,946","630,102"
592,Conwy,CNW,2486,Wales,Conwy - Conwy,"13,110","13,517","13,538","18,272","19,760","17,332",[x],"18,539","19,131","23,411","26,000","30,240","27,168","32,156","38,130","38,412","38,982","41,560","46,336","48,832","57,006","59,030","57,486","3,280","28,038","52,568","67,464","83,682"
593,Cooden Beach,COB,5458,South East,Rother,"85,232","74,816","75,618","77,123","91,412","95,147",[x],"105,484","103,002","104,911","106,598","110,546","106,012","114,038","121,568","121,900","118,060","126,478","122,668","85,186","90,694","108,300","109,526","30,732","85,266","97,424","110,230","131,188"
594,Cookham,COO,3019,South East,Windsor and Maidenhead,"164,895","169,226","189,294","185,129","175,512","178,335",[x],"180,647","186,701","195,044","189,804","194,764","190,238","202,488","207,050","209,972","206,654","213,964","217,826","216,336","210,040","226,892","220,664","41,180","117,978","151,602","189,206","204,462"
595,Cooksbridge,CBR,5336,South East,Lewes,"23,239","23,306","22,675","25,373","23,012","24,905",[x],"26,792","31,760","28,979","35,327","38,950","36,198","41,370","39,198","44,232","44,310","46,530","45,374","37,058","39,044","40,912","42,858","21,152","47,552","62,220","80,692","91,322"
596,Coombe Junction Halt,COE,3570,South West,Cornwall,127,56,32,44,45,71,[x],96,59,32,54,118,42,38,60,48,42,26,48,212,156,204,188,28,112,120,140,224
597,Copplestone,COP,5821,South West,Mid Devon,"1,954","2,841","3,018",828,465,"1,231",[x],356,"1,090","2,283","4,563","7,422","8,164","10,024","12,682","10,990","14,058","13,476","12,304","13,522","15,262","17,868","19,438","8,662","23,068","30,380","35,014","41,732"
598,Corbridge,CRB,7504,North East,Northumberland,"49,097","49,221","50,712","51,291","48,627","48,925",[x],"65,665","68,143","65,421","68,398","76,314","76,704","81,688","74,950","72,344","71,217","68,860","52,676","53,972","54,170","54,384","62,552","10,364","46,692","55,668","66,982","77,068"
599,Corby,COR,1847,East Midlands,North Northamptonshire,642,[z],[z],[z],[z],[z],[z],[z],[z],[z],[z],[z],"115,372","176,706","216,984","232,792","255,834","270,762","278,198","272,162","296,704","301,820","301,588","65,878","299,968","402,244","498,620","561,182"
600,Corfe Castle,CFC,7765,South West,Dorset,[z],[z],[z],[z],[z],[z],[z],[z],[z],[z],[z],[z],[z],[z],[z],[z],[z],[z],[z],[z],[z],[x],[x],[x],[x],[x],[x],[z]
601,Corkerhill,CKH,9627,Scotland,Glasgow City,"122,301","137,990","142,257","137,949","116,577","96,248",[x],"126,183","147,216","153,053","154,740","188,416","192,376","211,954","236,558","233,544","245,032","247,750","266,154","284,918","276,036","277,132","266,904","41,664","129,018","183,996","212,972","209,532"
602,Corkickle,CKL,2049,North West,Cumberland,"10,865","11,195","6,674","8,179","7,863","9,348",[x],"7,130","17,707","17,658","22,575","14,434","24,286","22,986","29,294","30,066","31,312","40,522","43,580","45,852","50,422","53,668","68,974","18,114","44,724","51,068","54,254","65,558"
603,Corpach,CPA,8824,Scotland,Highland,"1,468","1,600","1,271","1,828","2,104","1,964",[x],"2,213","2,091","2,494","2,433","2,262","2,278","2,554","2,660","2,774","2,532","2,754","2,762","2,518","2,632","2,814","2,798",428,"2,210","2,858","4,042","3,776"
604,Corrour,CRR,8825,Scotland,Highland,"10,530","11,324","11,994","9,496","8,737","9,887",[x],"10,817","9,885","11,045","13,226","12,724","12,280","12,782","12,222","12,058","13,138","12,856","11,156","11,092","13,302","14,344","12,630","2,268","11,518","14,108","17,930","20,500"
605,Coryton,COY,3905,Wales,Cardiff - Caerdydd,"103,361","105,503","116,340","121,017","124,646","135,440",[x],"251,688","253,984","254,033","266,372","277,022","279,722","284,656","279,030","289,832","265,778","254,922","250,250","224,794","194,556","191,218","171,664","13,220","35,126","53,884","68,146","76,514"
606,Coseley,CSY,1143,West Midlands,Dudley,"80,386","176,330","101,857","98,855","93,473","94,967",[x],"98,979","110,780","117,172","126,625","248,332","265,916","271,958","367,848","360,658","407,098","411,584","454,090","479,864","518,698","563,340","551,348","105,316","373,908","516,196","482,638","519,672"
607,Cosford,COS,4617,West Midlands,Shropshire,"50,686","58,580","58,855","67,359","71,889","64,930",[x],"52,741","44,582","46,073","59,523","74,830","84,988","85,072","61,378","66,556","83,652","78,084","81,530","84,384","87,538","87,414","87,412","15,688","49,816","62,352","71,394","82,350"
608,Cosham,CSA,5896,South East,Portsmouth,"495,659","502,963","540,164","588,460","597,821","613,865",[x],"649,931","682,199","663,817","668,777","810,544","821,552","855,184","909,294","945,188","975,742","976,770","967,946","881,818","887,178","925,066","938,210","262,740","661,590","765,158","812,488","895,766"
609,Cottingham,CGM,8056,Yorkshire and The Humber,East Riding of Yorkshire,"239,594","239,789","264,594","257,025","232,455","213,770",[x],"215,154","213,669","209,440","198,831","200,306","199,300","193,078","200,984","215,244","215,728","206,818","218,798","237,302","230,430","211,464","219,476","40,218","161,946","210,554","258,492","318,072"
610,Cottingley,COT,8505,Yorkshire and The Humber,Leeds,"20,875","18,857","18,766","16,529","9,726","15,269",[x],"25,179","33,141","43,504","54,401","73,414","77,562","90,870","97,296","95,770","101,124","87,242","88,810","97,180","96,596","96,604","101,830","26,172","51,756","61,416","57,294","52,858"
611,Coulsdon South,CDS,5408,London,Croydon,"691,727","862,436","916,681","822,189","799,911","810,233",[x],"921,326","1,039,995","1,361,625","1,554,638","1,390,080","1,420,670","1,490,036","1,563,918","1,706,606","1,714,322","1,753,430","1,616,746","1,271,416","1,420,156","1,680,860","1,850,162","459,736","1,222,118","1,555,754","1,734,854","1,959,570"
612,Coulsdon Town,CDN,5382,London,Croydon,[z],[z],[z],[z],[z],[z],[z],[z],[z],[z],[z],[z],[z],[z],"300,972","286,906","304,808","316,930","265,592","281,970","246,284","251,790","212,854","57,768","85,876","99,896","93,482","97,562"
613,Coventry,COV,1030,West Midlands,Coventry,"2,110,537","2,415,176","2,332,860","2,255,785","2,242,878","2,349,669",[x],"2,359,641","2,719,034","2,874,928","3,039,543","4,519,856","4,807,512","5,155,756","5,455,660","5,640,652","5,961,070","6,252,888","6,921,432","7,377,584","7,682,920","8,207,914","7,876,772","1,746,708","4,636,054","5,976,658","6,471,428","6,826,768"
614,Coventry Arena,CAA,7416,West Midlands,Coventry,[z],[z],[z],[z],[z],[z],[z],[z],[z],[z],[z],[z],[z],[z],[z],[z],[z],[z],"11,964","86,706","99,514","111,462","122,400","25,452","68,134","107,660","108,950","135,028"
615,Cowden (Kent),CWN,5409,South East,Sevenoaks,"7,293","7,188","7,403","6,909","7,915","9,815",[x],"10,518","21,229","26,078","32,469","34,310","35,264","38,042","45,756","53,444","51,600","52,100","51,066","48,072","53,896","54,354","58,762","9,312","30,608","41,112","40,504","48,136"
616,Cowdenbeath,COW,9185,Scotland,Fife,"85,936","87,244","93,530","112,323","111,822","109,160",[x],"136,153","142,036","151,191","146,057","155,196","151,892","141,154","151,352","157,612","162,347","170,528","181,606","171,066","167,428","157,022","135,050","17,956","82,690","94,078","118,708","121,674"
617,Cradley Heath,CRA,4639,West Midlands,Sandwell,"198,116","289,866","187,362","190,683","182,031","174,786",[x],"208,842","231,727","242,499","288,333","649,210","660,426","685,832","672,142","684,806","726,046","740,842","772,658","788,408","845,740","881,000","871,666","178,414","467,744","539,490","626,676","719,310"
618,Craigendoran,CGD,9970,Scotland,Argyll and Bute,"130,800","130,117","141,857","145,789","135,717","131,146",[x],"148,508","162,922","158,599","180,486","200,914","194,718","198,606","195,522","193,958","208,894","170,944","152,756","136,294","137,522","119,170","127,380","70,988","122,892","141,704","154,082","163,838"
619,Cramlington,CRM,7579,North East,Northumberland,"24,682","27,321","28,614","32,887","31,535","40,886",[x],"68,472","77,304","83,314","87,737","89,828","87,374","85,454","81,732","89,858","85,381","89,070","92,316","94,544","98,928","107,800","136,534","21,308","111,440","133,834","129,834","183,856"
620,Cranbrook (Devon),CBK,9850,South West,East Devon,[z],[z],[z],[z],[z],[z],[z],[z],[z],[z],[z],[z],[z],[z],[z],[z],[z],[z],"20,404","90,458","104,602","107,350","105,400","29,804","95,524","103,238","114,574","120,374"
621,Craven Arms,CRV,3634,West Midlands,Shropshire,"48,074","50,380","53,096","56,896","57,303","63,946",[x],"72,375","81,427","88,822","99,547","103,024","95,908","98,512","100,338","99,834","100,610","116,762","109,478","100,914","96,996","100,968","96,166","23,912","71,224","93,000","86,754","99,908"
622,Crawley,CRW,5484,South East,Crawley,"1,080,872","1,219,680","1,441,442","1,389,763","1,420,122","1,470,518",[x],"1,585,462","1,688,703","1,802,035","1,898,950","1,881,418","1,819,720","1,953,778","2,056,448","2,024,088","2,018,115","1,997,288","1,982,096","1,652,874","1,716,798","1,747,126","1,698,198","487,976","1,004,708","1,160,750","1,287,172","1,370,856"
623,Crayford,CRY,5100,London,Bexley,"738,531","785,869","806,518","880,714","910,701","955,549",[x],"1,011,863","1,028,431","1,302,457","1,366,190","1,326,646","1,266,124","1,340,748","1,423,970","1,517,576","1,617,906","1,783,342","1,610,250","1,546,710","1,511,270","1,594,426","1,547,698","367,438","816,508","964,768","1,012,546","1,086,958"
624,Crediton,CDI,5754,South West,Mid Devon,"30,467","28,494","22,833","16,243","18,176","21,607",[x],"22,478","22,550","24,021","27,422","32,344","36,784","44,074","48,978","43,016","50,342","52,492","55,112","58,390","56,006","57,670","66,606","26,306","84,502","133,176","162,178","187,194"
625,Cressing (Essex),CES,6837,East of England,Braintree,"31,798","27,285","25,294","35,428","36,881","43,817",[x],"49,308","40,088","39,540","37,561","30,518","31,494","29,536","26,994","29,838","39,846","34,680","29,992","33,176","34,568","39,010","46,568","13,106","34,374","39,294","45,284","51,142"
626,Cressington,CSG,2225,North West,Liverpool,"98,581","91,661","100,313","84,895","73,663","74,789",[x],"120,034","152,383","164,734","170,409","456,042","424,174","421,076","427,480","386,376","463,148","477,112","476,636","490,986","517,108","636,070","750,210","181,814","432,612","484,174","544,600","530,514"
627,Creswell,CWD,1874,East Midlands,Bolsover,[z],"34,394","38,681","39,897","37,359","37,930",[x],"41,808","42,240","42,692","38,869","40,284","46,638","47,722","44,860","41,702","34,508","38,360","40,766","43,434","39,008","40,070","39,550","10,664","30,718","37,078","40,532","40,768"
628,Crewe,CRE,1243,North West,Cheshire East,"1,403,520","1,434,661","1,504,267","1,480,976","1,562,596","1,537,815",[x],"1,528,562","1,652,040","1,750,043","1,900,155","1,954,478","2,034,546","2,246,474","2,363,662","2,443,714","2,511,958","2,650,534","2,843,396","3,085,604","3,146,882","3,305,352","3,400,916","746,474","2,717,032","2,922,754","3,143,316","3,389,590"
629,Crewkerne,CKN,5832,South West,Somerset,"76,692","78,290","82,964","84,732","82,297","87,835",[x],"97,021","91,754","93,213","98,515","99,416","99,764","114,946","124,722","123,410","131,160","141,812","155,696","162,362","165,210","164,344","158,950","45,674","127,508","157,562","160,042","177,884"
630,Crews Hill,CWH,6007,London,Enfield,"19,755","20,814","22,352","19,699","22,917","24,443",[x],"26,593","33,372","42,307","61,513","83,638","138,750","197,924","200,406","203,854","194,968","179,144","120,398","132,606","141,186","139,344","113,610","45,210","88,944","103,948","112,556","119,492"
631,Crianlarich,CNR,8826,Scotland,Stirling,"10,914","10,922","10,540","10,096","9,833","9,812",[x],"10,576","10,464","10,587","11,163","10,700","11,820","13,544","16,666","15,276","13,040","16,752","16,726","16,672","17,586","16,960","14,250","2,428","11,030","13,370","16,108","16,156"
632,Criccieth,CCC,4312,Wales,Gwynedd - Gwynedd,"16,748","16,476","17,232","13,949","13,415","12,341",[x],"13,049","12,518","16,546","25,334","18,782","22,460","22,208","24,580","23,328","18,064","15,580","28,692","29,600","27,486","27,532","23,954","2,320","16,316","26,218","25,666","36,588"
633,Cricklewood,CRI,1519,London,Barnet,"305,648","488,386","568,580","531,938","545,201","551,298",[x],"421,354","432,477","1,541,830","1,211,310","1,041,954","929,150","991,970","1,067,312","1,080,312","1,338,296","1,493,558","1,057,184","947,640","967,072","900,650","1,025,048","348,660","611,548","820,702","871,750","859,464"
634,Croftfoot,CFF,9778,Scotland,Glasgow City,"158,052","142,724","142,532","139,929","124,904","116,041",[x],"120,186","139,821","155,627","161,982","161,094","169,136","172,158","189,188","196,202","194,964","207,322","219,538","229,346","256,420","258,692","269,538","56,688","145,018","185,492","226,428","215,558"
635,Crofton Park,CFT,5078,London,Lewisham,"295,216","377,282","392,250","418,868","400,220","391,652",[x],"353,002","339,599","509,987","654,649","608,606","552,220","571,998","570,772","593,566","689,810","780,524","742,774","712,162","793,800","794,144","863,236","196,096","455,670","575,916","645,464","699,392"
636,Cromer,CMR,7295,East of England,North Norfolk,"66,391","77,423","91,654","98,960","125,535","107,157",[x],"133,704","131,565","137,982","181,546","188,700","171,236","178,778","185,278","194,444","186,672","183,032","192,100","201,300","204,570","219,244","213,936","60,352","212,590","244,294","245,658","249,402"
637,Cromford,CMF,1822,East Midlands,Derbyshire Dales,"17,469","19,676","16,523","15,541","14,222","12,026",[x],"13,633","14,387","14,497","17,404","20,514","23,974","31,096","34,408","32,444","35,752","40,694","42,630","47,700","47,484","41,640","44,548","8,594","29,452","35,328","40,752","49,680"
638,Crookston,CKT,9628,Scotland,Glasgow City,"60,306","62,691","64,707","60,842","57,740","59,674",[x],"81,202","99,782","113,237","114,739","118,624","115,084","120,226","126,574","127,206","132,552","149,816","174,822","188,064","200,322","194,566","202,090","36,860","113,406","148,630","191,814","184,128"
639,Cross Gates,CRG,8473,Yorkshire and The Humber,Leeds,"278,976","291,249","286,492","229,315","176,632","175,958",[x],"238,757","260,135","281,691","294,904","402,240","416,596","480,344","499,470","454,376","475,699","482,960","502,700","546,536","542,722","524,994","519,234","116,704","311,984","387,372","420,442","474,490"
640,Crossflatts,CFL,8554,Yorkshire and The Humber,Bradford,"107,971","131,398","147,068","145,321","137,122","145,557",[x],"176,705","186,571","194,036","213,126","291,304","305,758","334,482","353,446","428,744","464,022","512,126","524,846","544,516","532,178","535,220","505,540","157,198","317,100","375,566","396,548","442,214"
641,Crosshill,COI,9814,Scotland,Glasgow City,"378,047","399,721","402,911","364,845","322,876","332,726",[x],"289,953","321,324","321,388","325,863","320,028","332,802","285,700","298,468","290,148","298,676","313,878","324,408","347,330","351,988","357,112","362,752","90,108","181,230","211,978","262,796","297,828"
642,Crosskeys,CKY,9902,Wales,Caerphilly - Caerffili,[z],[z],[z],[z],[z],[z],[z],[z],[z],[z],8,"67,334","103,734","107,674","117,362","117,012","119,362","113,926","118,742","118,604","122,656","110,526","99,846","12,474","53,018","72,072","63,340","91,558"
643,Crossmyloof,CMY,9796,Scotland,Glasgow City,"237,839","250,121","246,975","243,025","228,145","231,645",[x],"234,555","273,956","300,406","346,297","397,802","436,124","464,276","530,590","573,612","564,894","611,544","674,688","688,880","728,496","715,910","732,808","213,784","473,588","617,204","746,344","710,384"
644,Croston,CSO,2313,North West,Chorley,"44,633","43,273","43,366","44,373","42,286","39,700",[x],"38,772","37,457","41,690","41,975","44,476","39,848","41,650","44,802","46,306","47,814","45,228","46,322","47,870","48,582","35,598","47,318","8,346","36,622","38,758","45,964","56,382"
645,Crouch Hill,CRH,7406,London,Islington,"40,544","59,161","69,656","64,116","73,930","72,727",[x],"45,251","44,680","271,491","244,218","189,696","171,598","321,100","497,970","636,424","789,704","832,150","825,262","284,672","469,790","706,722","596,958","353,194","668,250","726,486","857,934","901,274"
646,Crowborough,COH,5325,South East,Wealden,"100,457","113,857","133,615","134,595","137,588","136,516",[x],"175,063","259,386","323,538","365,658","350,854","325,806","363,584","402,308","406,254","411,360","399,962","388,762","334,852","355,642","358,082","376,424","56,362","165,884","227,138","234,072","254,886"
647,Crowhurst,CWU,5233,South East,Rother,"33,543","33,288","41,348","38,127","40,294","39,122",[x],"40,288","47,353","50,365","54,031","53,520","44,266","39,124","33,368","39,302","36,268","43,616","44,612","45,476","48,736","47,864","46,586","12,112","30,520","36,444","38,576","45,154"
648,Crowle,CWE,6524,Yorkshire and The Humber,North Lincolnshire,"14,914","15,845","17,967","17,479","18,374","16,147",[x],"19,399","22,229","26,142","29,022","27,940","22,496","31,650","33,864","29,264","23,616","30,942","28,350","29,164","28,354","26,956","29,898","6,136","13,796","5,770","13,758","14,622"
649,Crowthorne,CRN,5628,South East,Bracknell Forest,"222,663","228,661","229,919","248,411","239,443","228,768",[x],"251,229","252,520","270,856","274,800","269,158","268,166","269,414","281,232","292,840","296,692","303,816","312,430","301,880","310,436","298,916","277,328","61,142","151,174","190,800","214,924","248,220"
650,Croxley Green,[z],[z],[z],[z],"1,339","2,418",478,[z],[z],[z],[z],[z],[z],[z],[z],[z],[z],[z],[z],[z],[z],[z],[z],[z],[z],[z],[z],[z],[z],[z],[z],[z]
651,Croy,CRO,9943,Scotland,North Lanarkshire,"251,411","281,669","353,030","415,664","450,298","515,708",[x],"717,171","829,395","935,139","957,247","1,045,652","1,072,328","1,140,064","1,179,094","1,184,354","1,239,064","1,341,910","1,302,488","1,305,750","1,415,502","1,409,026","1,372,748","193,744","719,004","1,060,672","1,306,282","1,402,586"
652,Crumpsall,[z],[z],[z],[z],12,6,[z],[z],[z],[z],[z],[z],[z],[z],[z],[z],[z],[z],[z],[z],[z],[z],[z],[z],[z],[z],[z],[z],[z],[z],[z],[z]
653,Crystal Palace,CYP,5356,London,Bromley,"594,612","757,026","869,339","838,181","818,557","873,253",[x],"905,820","1,038,211","1,466,922","1,670,985","1,619,916","1,627,446","1,868,566","2,126,762","2,201,664","2,473,534","2,772,768","3,626,424","3,646,690","3,644,090","3,691,584","3,570,354","941,968","2,003,066","2,412,004","2,745,834","2,781,506"
654,Cuddington,CUD,2305,North West,Cheshire West and Chester,"43,734","43,412","45,212","44,974","40,920","38,242",[x],"44,834","46,583","48,809","51,775","53,040","53,368","58,984","58,976","61,718","64,066","66,646","76,550","82,638","85,996","80,650","87,252","18,598","54,570","66,064","78,622","83,840"
655,Cuffley,CUF,6008,East of England,Welwyn Hatfield,"477,429","509,560","535,438","503,930","513,048","528,451",[x],"555,977","557,199","579,411","616,894","610,514","604,180","623,988","658,364","669,718","696,762","730,752","747,026","735,360","721,352","680,484","767,740","136,628","395,100","569,820","615,808","662,862"
656,Culham,CUM,3107,South East,South Oxfordshire,"17,817","22,857","23,988","26,879","27,730","35,185",[x],"38,747","36,715","45,156","46,832","60,032","55,226","46,014","48,748","51,652","61,062","63,210","59,958","69,216","83,908","92,784","107,072","21,586","60,142","80,752","72,232","113,542"
657,Culrain,CUA,8625,Scotland,Highland,"2,061","1,866","1,789","1,680","1,549","1,756",[x],"2,016","1,707","1,771","1,785","1,886","1,722","1,708",526,474,628,530,432,372,300,280,312,42,164,304,300,318
658,Cumbernauld,CUB,9721,Scotland,North Lanarkshire,"176,333","169,534","180,375","182,986","166,428","145,936",[x],"210,847","236,715","246,828","218,731","230,184","222,462","227,320","225,690","221,044","196,072","208,782","205,922","199,470","220,054","205,622","199,884","23,674","106,736","140,092","190,372","187,882"
659,Cupar,CUP,9121,Scotland,Fife,"110,125","119,878","129,520","137,577","143,377","155,367",[x],"188,904","202,335","218,773","229,212","226,654","227,656","203,658","196,706","190,820","194,273","199,360","211,648","198,226","201,116","200,492","184,592","22,610","95,794","122,158","173,112","196,056"
660,Curriehill,CUH,9218,Scotland,City of Edinburgh,"39,409","47,549","44,709","36,013","30,836","28,295",[x],"40,127","43,593","41,053","43,321","47,122","46,888","49,270","52,900","63,912","65,762","67,180","67,020","66,722","69,340","69,184","80,978","8,972","40,210","69,292","109,626","124,218"
661,Custom House,CUS,6561,London,Newham,"42,713","75,985","84,369","88,990","92,302","75,767",[x],"64,956","66,184","335,689",[z],[z],[z],[z],[z],[z],[z],[z],[z],[z],[z],[z],[z],[z],[z],"5,272,498","9,238,076","9,794,628"
662,Cuxton,CUX,5201,South East,Medway,"55,505","48,141","51,105","41,565","35,122","32,607",[x],"32,699","36,933","41,559","42,499","42,548","38,326","39,018","43,488","45,140","39,854","41,578","40,808","42,512","51,124","57,986","56,624","26,064","46,312","48,600","55,970","60,952"
663,Cwmbach,CMH,3981,Wales,Rhondda Cynon Taf - Rhondda Cynon Taf,"22,859","22,758","28,416","31,045","30,899","29,435",[x],"14,480","14,175","20,595","19,866","19,768","22,692","19,234","18,126","20,470","20,278","22,988","24,606","22,798","27,422","28,666","29,134","3,612","24,532","32,994","34,096","49,736"
664,Cwmbran,CWM,3738,Wales,Torfaen - Torfaen,"138,826","129,151","151,984","156,367","172,427","176,996",[x],"184,255","177,414","210,173","242,354","263,034","309,252","317,582","327,702","336,162","347,888","353,592","375,614","386,224","399,758","400,116","412,670","107,216","262,904","353,056","385,466","431,856"
665,Cynghordy,CYN,4147,Wales,Carmarthenshire - Sir Gaerfyrddin,"2,125","2,253","1,496","1,240",989,"1,598",[x],"1,871","1,741","1,282","1,430","1,660","1,396","1,628","1,166","1,752","1,312","1,286","1,104",994,"1,170","1,046","1,430",28,614,"1,112","1,012","1,188"
666,Dagenham Dock,DDK,7440,London,Barking and Dagenham,"55,138","50,504","65,109","66,185","71,810","76,380",[x],"78,441","91,936","401,433","734,840","290,616","290,544","344,322","351,436","333,304","361,957","369,984","318,086","389,204","401,826","416,604","390,760","181,320","289,482","386,470","400,868","424,946"
667,Daisy Hill,DSY,2777,North West,Bolton,"86,412","84,446","94,750","96,832","107,385","96,385",[x],"106,257","115,920","113,178","115,652","210,054","216,216","241,480","259,508","279,782","280,194","266,114","336,540","298,322","285,998","285,946","309,608","50,132","149,930","161,288","187,872","195,254"
668,Dalgety Bay,DAG,9135,Scotland,Fife,"2,608","155,295","206,604","234,308","202,046","186,421",[x],"239,311","246,907","262,284","270,918","272,718","247,778","246,790","264,166","268,420","284,290","307,812","340,972","315,212","323,190","306,016","272,682","26,088","105,432","143,422","197,188","229,602"
669,Dalmally,DAL,8711,Scotland,Argyll and Bute,"1,945","1,875","2,014","1,907","2,217","2,330",[x],"3,947","4,283","3,909","3,652","4,128","4,046","4,696","3,604","4,534","4,632","8,338","6,802","5,618","7,470","6,588","6,524","12,996","13,132","13,632","15,298","13,690"
670,Dalmarnock,DAK,9790,Scotland,Glasgow City,"60,688","64,712","60,721","63,567","54,519","42,195",[x],"48,618","58,081","61,109","61,209","70,162","77,290","76,982","79,558","21,506","100,360","217,120","283,204","367,722","449,026","414,150","419,858","72,720","227,388","255,538","404,044","462,014"
671,Dalmeny,DAM,9415,Scotland,City of Edinburgh,"207,533","258,977","316,648","346,387","286,694","272,712",[x],"326,769","360,919","371,165","386,841","396,074","384,262","351,306","355,612","394,696","436,034","451,838","499,492","532,640","585,580","606,138","573,042","88,890","269,638","342,328","441,074","488,872"
672,Dalmuir,DMR,9992,Scotland,West Dunbartonshire,"519,881","657,830","633,485","601,134","530,217","458,679",[x],"536,035","620,781","623,286","618,003","736,614","715,916","744,184","801,950","805,254","845,818","899,962","907,038","961,242","921,420","922,534","915,936","128,016","440,666","561,532","731,324","767,842"
673,Dalreoch,DLR,9864,Scotland,West Dunbartonshire,"308,730","343,738","365,702","337,211","313,765","316,146",[x],"303,851","321,643","313,186","318,398","331,162","315,876","337,210","322,230","318,230","391,096","390,800","397,382","364,594","294,780","291,698","278,512","42,802","132,936","179,500","191,950","196,628"
674,Dalry,DLY,9483,Scotland,North Ayrshire,"123,524","114,810","109,920","104,857","102,392","109,200",[x],"122,558","135,850","152,539","156,556","172,468","160,944","167,594","166,754","176,116","186,760","196,914","204,296","200,452","214,002","210,638","208,416","19,872","102,106","138,740","161,684","168,264"
675,Dalston (Cumbria),DLS,2077,North West,Cumberland,"14,460","18,466","18,505","18,680","16,886","13,889",[x],"17,101","18,278","21,486","26,943","25,160","20,512","24,824","28,764","24,836","24,014","23,206","20,262","22,180","21,556","20,122","31,940","14,108","30,562","37,400","39,620","57,392"
676,Dalston Junction,DLJ,1443,London,Hackney,[z],[z],[z],[z],[z],[z],[z],[z],[z],[z],[z],[z],[z],"1,331,580","2,295,104","2,759,676","3,199,980","3,711,788","5,139,640","5,296,838","5,676,786","5,888,846","5,906,454","1,447,394","3,506,044","5,032,470","5,787,778","5,648,732"
677,Dalston Kingsland,DLK,1429,London,Hackney,"452,242","1,150,325","1,223,349","1,244,170","1,149,565","1,192,428",[x],"777,867","821,558","2,538,141","2,445,308","2,018,220","1,755,312","2,564,994","4,016,534","5,182,058","6,174,590","6,388,654","5,931,382","6,184,348","5,553,836","5,978,472","5,677,050","2,129,528","4,089,690","4,564,214","5,133,722","5,308,786"
678,Dalton (Cumbria),DLT,1957,North West,Westmorland and Furness,"19,032","19,613","21,333","21,188","20,193","20,095",[x],"27,042","27,570","20,314","32,326","36,312","38,492","44,280","39,740","52,636","53,786","61,222","67,056","76,690","73,378","64,192","77,968","25,286","76,932","68,796","74,906","78,420"
679,Dalwhinnie,DLW,8628,Scotland,Highland,"2,080","1,974","1,937","2,027","2,062","2,066",[x],"1,619","2,013","1,774","1,975","2,296","2,208","1,894","1,984","2,172","2,472","2,460","2,392","3,188","3,372","3,368","3,226",614,"1,960","2,832","3,340","3,356"
680,Danby,DNY,7915,Yorkshire and The Humber,North Yorkshire,"18,232","20,368","21,171","20,595","25,604","24,545",[x],"23,729","21,899","18,760","12,560","9,710","11,370","10,878","11,622","9,902","10,836","8,440","7,084","6,334","6,810","6,184","6,796","1,132","4,400","5,596","7,414","8,520"
681,Dane Road,[z],[z],[z],[z],[z],5,[z],[z],[z],[z],[z],[z],[z],[z],[z],[z],[z],[z],[z],[z],[z],[z],[z],[z],[z],[z],[z],[z],[z],[z],[z],[z]
682,Danescourt,DCT,3797,Wales,Cardiff - Caerdydd,"35,090","34,676","33,772","38,328","39,930","42,953",[x],"45,943","37,105","49,048","64,930","68,884","64,528","61,712","65,904","70,308","85,522","95,334","104,278","107,740","108,278","111,374","107,538","7,402","31,796","39,874","52,492","83,824"
683,Danzey,DZY,4519,West Midlands,Stratford-on-Avon,"5,105","6,537","5,532","4,965","4,464","5,388",[x],"5,009","6,207","5,675","5,842","8,128","7,664","6,988","6,910","7,060","7,272","6,670","7,286","7,556","8,144","10,112","7,998",866,"3,488","4,860","4,554","6,170"
684,Darlington,DAR,7877,North East,Darlington,"1,393,707","1,442,034","1,470,725","1,373,084","1,482,381","1,509,282",[x],"1,795,683","1,906,131","2,013,516","2,099,480","2,184,436","2,164,428","2,209,274","2,261,790","2,179,326","2,207,775","2,257,424","2,244,498","2,269,974","2,324,846","2,394,446","2,387,932","537,674","2,075,056","2,219,678","2,349,906","2,827,176"
685,Darnall,DAN,6729,Yorkshire and The Humber,Sheffield,"4,515","5,660","6,552","5,967","6,038","4,797",[x],"5,847","5,145","5,453","4,306","6,980","9,488","10,958","12,310","12,394","10,902","12,994","12,454","14,094","13,156","13,024","13,450","4,954","12,426","16,854","19,902","22,132"
686,Darsham,DSM,7211,East of England,East Suffolk,"20,376","24,155","24,890","25,426","27,266","27,911",[x],"29,711","33,159","38,149","39,862","39,356","39,744","43,434","44,522","47,676","55,498","56,744","56,262","55,880","57,728","59,924","61,534","13,092","48,180","55,964","60,836","68,476"
687,Dartford,DFD,5101,South East,Dartford,"2,207,280","2,488,943","2,658,317","2,606,979","2,648,224","2,715,673",[x],"2,894,087","2,963,223","3,147,339","3,311,472","3,208,306","3,033,670","3,048,700","3,066,906","3,022,354","3,020,132","3,183,414","3,449,536","3,908,158","4,163,906","4,622,554","4,659,338","1,484,874","3,152,900","3,991,074","4,497,840","4,815,874"
688,Darton,DRT,8420,Yorkshire and The Humber,Barnsley,"81,331","87,533","92,523","90,379","83,612","88,834",[x],"134,260","122,502","122,922","126,571","156,088","146,496","152,172","152,618","202,480","189,404","220,592","218,190","201,242","188,776","165,298","162,762","50,352","104,096","101,530","109,734","120,506"
689,Darwen,DWN,2576,North West,Blackburn with Darwen,"106,624","105,195","120,475","123,181","130,271","126,663",[x],"175,771","205,841","230,721","247,662","250,082","256,798","262,098","286,616","309,510","319,156","326,668","235,122","322,972","289,574","268,350","351,974","86,422","234,638","269,146","301,708","345,590"
690,Datchet,DAT,5668,South East,Windsor and Maidenhead,"183,614","190,256","227,066","238,878","210,785","221,988",[x],"253,156","254,661","263,030","319,733","321,436","311,462","325,720","324,084","334,320","323,040","351,798","356,114","351,092","333,790","340,704","306,836","62,642","173,840","217,814","199,760","228,122"
691,Davenport,DVN,2770,North West,Stockport,"124,393","122,159","134,907","128,716","130,760","130,765",[x],"116,551","145,847","155,084","183,465","208,580","202,128","210,880","216,366","242,676","286,326","274,848","285,066","296,366","297,996","338,124","349,314","68,610","215,242","232,674","262,872","291,496"
692,Dawlish,DWL,3408,South West,Teignbridge,"275,521","252,904","286,224","272,539","253,770","265,036",[x],"281,659","293,164","325,911","369,382","395,976","400,922","437,742","480,490","507,058","484,174","556,796","526,736","530,212","535,964","536,152","519,582","223,894","481,282","510,574","534,856","580,660"
693,Dawlish Warren,DWW,3409,South West,Teignbridge,"47,495","44,683","45,036","46,278","51,664","55,275",[x],"69,763","74,045","80,275","94,252","99,742","114,376","130,322","141,044","145,712","138,966","157,212","166,248","182,366","188,140","189,756","186,548","88,954","233,636","233,060","242,858","248,086"
694,Deal,DEA,5011,South East,Dover,"377,883","412,536","402,031","415,666","396,383","392,684",[x],"407,030","421,155","469,671","490,496","537,112","483,454","493,262","533,764","509,218","469,770","494,760","506,568","516,492","574,278","608,346","586,950","163,884","393,602","427,624","493,290","529,856"
695,Dean (Wilts),DEN,5942,South West,Wiltshire,"6,215","7,715","7,576","8,235","9,306","8,810",[x],"12,087","12,697","12,103","11,487","16,690","22,712","26,710","26,794","24,616","26,118","25,808","25,550","25,220","28,520","29,768","23,752","12,750","33,300","28,230","30,004","38,188"
696,Dean Lane,[z],[z],[z],[z],"26,405","18,053","25,687","24,796","20,357","19,256",[x],"26,132","28,962","26,949","29,228","46,544","31,742",[z],[z],[z],[z],[z],[z],[z],[z],[z],[z],[z],[z],[z],[z],[z]
697,Deansgate,DGT,2963,North West,Manchester,"25,141","18,996","18,425","14,838","16,074","15,870",[x],"16,090","13,550","97,783","129,995","229,420","300,355","322,708","347,040","350,568","370,515","372,616","390,445","420,938","419,649","456,140","1,323,150","213,194","804,664","968,090","1,059,228","1,719,378"
698,Deganwy,DGY,2480,Wales,Conwy - Conwy,"11,527","9,899","12,037","10,224","8,700","6,971",[x],"3,629","3,697","5,587","5,746","7,326","10,472","13,560","13,814","11,174","11,378","10,874","11,062","9,854","10,940","12,830","11,076","2,976","9,926","15,086","19,518","24,334"
699,Deighton,DHN,8441,Yorkshire and The Humber,Kirklees,"21,624","24,120","28,396","23,824","13,998","16,424",[x],"25,636","32,333","33,023","32,253","44,116","48,104","52,768","54,174","93,022","97,798","93,846","95,648","95,070","88,694","79,646","79,978","32,406","51,318","62,102","56,648","63,430"
700,Delamere,DLM,2306,North West,Cheshire West and Chester,"16,412","16,489","19,344","17,317","14,517","12,001",[x],"15,252","16,736","20,996","28,220","29,828","34,500","34,938","38,116","39,400","41,952","43,374","43,068","46,270","47,288","41,680","43,554","11,902","40,508","48,882","54,316","57,136"
701,Denby Dale,DBD,8432,Yorkshire and The Humber,Kirklees,"41,185","41,963","57,350","63,543","54,562","53,730",[x],"75,833","81,533","87,392","105,998","136,016","126,086","137,398","140,598","177,036","181,880","201,188","203,404","196,818","186,180","179,400","167,672","37,028","119,116","100,084","94,434","107,738"
702,Denham,DNM,3052,South East,Buckinghamshire,"113,713","136,332","171,411","187,084","200,736","218,497",[x],"242,237","268,715","239,000","260,345","268,758","287,000","291,748","290,422","304,310","303,186","304,086","315,020","307,324","321,876","307,920","286,368","43,810","134,102","176,092","184,022","212,456"
703,Denham Golf Club,DGC,3060,South East,Buckinghamshire,"14,950","18,393","18,721","14,214","16,409","17,558",[x],"15,572","10,500","13,991","17,213","18,770","20,564","19,460","18,980","22,188","20,932","22,738","21,072","27,916","29,346","30,384","31,504","6,758","15,168","20,636","27,356","33,726"
704,Denmark Hill,DMK,5421,London,Southwark,"956,023","1,311,096","1,361,234","1,371,446","1,444,335","1,568,934",[x],"1,783,521","1,817,818","2,749,255","3,024,744","3,107,894","3,215,916","3,611,562","3,716,814","3,935,776","5,166,040","5,631,008","7,000,860","7,187,152","7,143,688","6,954,844","6,817,274","2,342,674","4,596,794","5,554,320","5,813,598","6,020,036"
705,Dent,DNT,2103,North West,Westmorland and Furness,"9,622","10,121","10,428","8,443","6,803","7,684",[x],"8,181","7,171","7,328","7,087","8,218","8,724","10,558","10,852","10,440","9,742","9,054","8,484","7,248","7,988","7,894","8,126","1,786","8,902","9,236","9,152","9,598"
706,Denton,DTN,2855,North West,Tameside,192,147,[z],[z],[z],[z],[z],[z],[z],65,53,56,496,52,30,194,110,120,74,144,70,46,92,12,50,34,54,100
707,Deptford,DEP,5145,London,Lewisham,"277,760","385,065","422,487","425,702","420,719","421,430",[x],"311,311","361,345","647,954","757,761","811,602","771,710","907,406","971,988","1,042,966","1,165,010","1,238,520","1,312,394","1,092,138","1,057,530","1,785,086","1,938,692","613,882","1,240,222","1,475,760","1,412,530","1,643,802"
708,Derby,DBY,1823,East Midlands,Derby,"1,992,804","2,155,469","2,283,708","2,216,420","2,315,577","2,398,287",[x],"2,623,578","2,620,711","2,860,122","2,987,361","3,115,240","3,131,858","3,260,122","3,357,330","3,366,290","3,498,476","3,654,492","3,766,902","3,962,860","4,088,476","3,902,176","4,220,014","903,546","2,952,348","3,377,304","3,496,066","4,106,660"
709,Derby Road (Ipswich),DBR,7212,East of England,Ipswich,"15,493","16,167","22,742","26,198","29,642","30,270",[x],"30,872","32,525","35,937","39,319","38,758","35,868","37,544","43,216","45,720","46,336","45,204","42,972","49,014","48,310","47,938","46,808","18,040","56,746","73,198","81,986","95,046"
710,Derker,[z],[z],[z],[z],"21,524","17,383","23,247","24,536","21,125","19,138",[x],"26,048","29,456","28,080","26,966","38,920","24,528",[z],[z],[z],[z],[z],[z],[z],[z],[z],[z],[z],[z],[z],[z],[z]
711,Devonport,DPT,3579,South West,Plymouth,"38,189","29,739","24,405","19,375","21,185","18,795",[x],"16,202","18,573","19,655","17,450","21,528","21,674","27,006","27,752","29,878","31,866","33,968","39,742","41,404","45,492","39,464","43,046","16,150","30,866","34,970","47,214","49,756"
712,Dewsbury,DEW,8326,Yorkshire and The Humber,Kirklees,"541,531","588,400","622,696","608,643","557,632","565,522",[x],"743,231","804,899","842,715","875,135","1,247,872","1,271,144","1,455,884","1,483,420","1,603,702","1,669,758","1,690,756","1,696,908","1,736,680","1,699,756","1,662,850","1,622,478","434,176","1,061,344","1,031,842","1,002,154","947,090"
713,Didcot Parkway,DID,3030,South East,South Oxfordshire,"1,636,824","1,672,472","1,835,325","1,910,456","1,966,728","2,036,685",[x],"2,181,924","2,175,689","2,290,949","2,416,635","2,456,384","2,524,260","2,674,310","2,784,638","2,857,480","2,945,108","3,083,258","3,456,680","3,554,204","3,185,924","3,258,388","3,339,804","583,570","2,023,958","2,329,704","2,545,766","2,884,000"
714,Digby and Sowton,DIG,5753,South West,Exeter,"48,386","68,895","82,287","87,639","99,289","120,505",[x],"134,804","155,822","201,954","247,452","275,978","271,316","310,216","374,488","742,622","772,878","571,510","561,188","588,944","630,560","666,324","624,496","299,226","570,460","890,980","804,202","968,412"
715,Dilton Marsh,DMH,5502,South West,Wiltshire,"10,144","8,426","9,103","10,119","9,933","10,484",[x],"12,191","13,456","15,359","10,063","10,528","10,188","12,480","16,666","16,796","20,084","19,514","16,494","18,132","20,302","17,004","16,616","2,766","8,666","12,076","19,300","21,574"
716,Dinas (Rhondda),DMG,3901,Wales,Rhondda Cynon Taf - Rhondda Cynon Taf,"42,059","38,985","40,066","44,393","52,476","49,298",[x],"34,289","41,925","52,021","60,555","59,464","61,008","58,390","57,372","62,450","62,822","59,680","50,456","57,814","52,822","47,380","40,116","5,860","25,050","29,452","12,016","46,050"
717,Dinas Powys,DNS,3830,Wales,Vale of Glamorgan - Bro Morgannwg,"125,065","119,957","132,615","128,709","130,738","113,769",[x],"61,066","59,077","65,569","76,603","80,584","80,696","79,072","82,190","84,524","96,580","104,534","103,106","97,050","93,374","89,990","85,148","12,656","52,590","71,520","86,294","94,876"
718,Dingle Road,DGL,3861,Wales,Vale of Glamorgan - Bro Morgannwg,"15,063","16,663","16,265","19,087","19,121","20,185",[x],"18,811","17,700","25,554","24,258","25,648","22,948","24,010","25,784","30,490","59,562","80,672","91,448","108,090","139,000","145,484","151,144","20,174","83,682","117,290","141,712","161,876"
719,Dingwall,DIN,8632,Scotland,Highland,"22,035","26,684","28,230","26,776","25,188","31,849",[x],"34,898","43,508","55,034","64,404","72,086","80,324","84,920","101,730","104,746","101,996","87,782","82,508","80,900","86,276","81,408","80,154","9,864","46,524","55,536","63,976","62,120"
720,Dinsdale,DND,7897,North East,Darlington,"12,908","13,329","11,827","11,321","11,673","9,731",[x],"11,173","15,227","14,945","13,969","17,720","18,506","21,454","28,376","32,670","43,941","48,612","54,618","59,110","56,850","59,608","73,404","20,964","61,346","69,470","80,970","88,380"
721,Dinting,DTG,2893,East Midlands,High Peak,"48,743","48,787","45,949","46,525","46,774","45,878",[x],"57,846","63,993","72,267","70,030","102,864","102,098","111,172","119,684","134,220","148,390","139,282","147,648","160,884","147,732","171,004","163,604","42,068","87,472","80,122","88,164","87,032"
722,Disley,DSL,2765,North West,Cheshire East,"60,632","52,010","58,064","51,409","45,043","49,275",[x],"45,507","55,509","61,605","68,437","115,552","113,256","123,608","135,448","176,258","167,820","170,296","186,910","188,966","200,070","214,134","206,858","37,818","102,778","111,444","139,990","156,050"
723,Diss,DIS,7348,East of England,South Norfolk,"282,223","310,373","327,794","349,648","373,384","328,606",[x],"314,136","325,553","417,857","551,781","559,544","539,234","600,904","621,728","646,158","675,527","682,142","675,036","685,326","689,960","700,586","671,300","124,442","422,272","559,966","615,118","701,420"
724,Ditton,[z],[z],[z],[z],6,16,2,[z],[z],[z],[z],[z],[z],[z],[z],[z],[z],[z],[z],[z],[z],[z],[z],[z],[z],[z],[z],[z],[z],[z],[z],[z]
725,Dockyard (Devonport),DOC,3588,South West,Plymouth,"6,005","4,860","5,007","4,176","4,659","4,070",[x],"5,088","4,895","5,335","4,924","5,274","5,524","5,406","7,716","7,400","6,970","6,300","4,160","4,728","4,432","4,406","10,368","4,050","7,154","8,960","14,424","15,102"
726,Dodworth,DOD,6781,Yorkshire and The Humber,Barnsley,"16,437","16,709","18,182","16,520","16,086","15,531",[x],"20,752","25,633","24,575","26,219","31,208","30,182","30,840","33,556","35,332","36,390","43,698","47,944","46,244","46,754","43,388","44,188","11,454","39,128","38,616","42,686","47,920"
727,Dolau,DOL,4188,Wales,Powys - Powys,"1,267","1,448","1,711","1,442","1,325","1,277",[x],"1,328","1,251","1,323","1,374","1,146","2,064","2,430","1,658","1,520","1,406","1,396","1,432","1,528","1,372","1,278",894,30,380,680,828,818
728,Doleham,DLH,5036,South East,Rother,"2,711","2,686","2,328","2,010","1,690","1,454",[x],"3,027","3,036",739,56,634,628,"3,894","38,666","28,102","8,166","6,650","6,496","4,768","3,422","2,842","3,074",120,848,550,"1,038","1,706"
729,Dolgarrog,DLG,2538,Wales,Conwy - Conwy,"1,100","1,226",972,"1,137","1,204","1,494",[x],992,"1,424","1,106",840,664,382,472,612,508,828,"1,506","1,474","1,002",612,826,362,102,778,634,"2,060","3,588"
730,Dolwyddelan,DWD,2452,Wales,Conwy - Conwy,"13,080","11,715","10,742","10,281","7,896","6,678",[x],"6,148","5,720","5,202","5,185","4,780","4,210","4,952","5,326","5,506","4,184","4,354","3,322","3,918","3,442","3,838","2,558",92,"1,732","3,546","5,518","6,412"
731,Doncaster,DON,6417,Yorkshire and The Humber,Doncaster,"2,200,430","2,348,142","2,498,087","2,305,463","2,371,858","2,347,584",[x],"2,772,500","2,837,400","2,790,811","2,903,339","3,780,314","3,676,152","3,784,752","3,896,362","3,835,332","3,409,789","3,677,976","3,751,802","3,825,644","3,856,712","3,917,948","3,946,406","890,238","3,519,786","3,634,522","3,915,952","4,533,514"
732,Dorchester South,DCH,5961,South West,Dorset,"438,924","385,365","362,040","358,222","382,022","359,792",[x],"376,021","379,170","415,067","389,715","448,064","466,276","520,414","533,616","469,294","479,088","471,340","481,015","459,273","440,111","421,474","451,102","106,598","322,654","395,886","432,178","466,422"
733,Dorchester West,DCW,5962,South West,Dorset,193,351,173,366,270,242,[x],301,236,172,"65,961","73,596","76,600","75,276","64,920","130,838","133,568","131,408","134,105","164,997","158,113","151,418","93,662","22,134","66,992","82,196","89,732","96,844"
734,Dore and Totley,DOR,6690,Yorkshire and The Humber,Sheffield,"41,438","45,358","48,855","49,203","46,442","45,484",[x],"55,176","60,217","61,600","70,024","82,802","85,626","92,828","106,220","122,764","138,440","145,956","155,854","164,880","178,554","198,948","219,336","29,118","136,438","166,858","200,688","240,254"
735,Dorking (Deepdene),DPD,5412,South East,Mole Valley,"17,138","9,169","33,433","9,156","8,431","8,799",[x],"5,456","1,706","2,474","495,260","443,106","408,757","382,194","338,456","454,909","464,485","443,887","419,441","398,912","442,196","441,182","406,538","90,096","237,070","421,572","463,538","506,136"
736,Dorking (Main),DKG,5357,South East,Mole Valley,"1,039,683","1,112,237","1,196,864","1,181,118","1,182,901","1,168,693",[x],"1,238,425","1,279,034","1,362,275","1,078,494","1,141,369","1,071,978","1,186,717","1,305,256","1,234,007","1,259,983","1,292,428","1,221,252","1,161,477","1,287,504","1,284,546","1,183,682","262,326","690,256","695,334","764,548","834,808"
737,Dorking West,DKT,5297,South East,Mole Valley,817,79,598,333,490,154,[x],29,40,79,52,104,"1,810",22,16,"55,774","56,948","62,308","58,877","55,995","62,071","61,928","57,066","12,648","33,278","33,452","36,782","40,162"
738,Dormans,DMS,5413,South East,Tandridge,"87,287","85,838","89,560","82,029","84,881","85,389",[x],"91,825","92,448","107,824","123,127","108,242","110,000","111,322","115,888","106,350","98,944","102,372","125,176","111,430","111,060","114,860","112,312","43,080","92,348","102,860","113,932","122,678"
739,Dorridge,DDG,4525,West Midlands,Solihull,"197,617","308,652","239,859","261,600","245,550","241,867",[x],"302,247","289,828","300,829","304,518","600,898","603,230","609,948","577,330","612,160","638,136","654,666","700,266","712,502","740,542","803,190","814,472","145,450","464,638","575,284","668,038","824,680"
740,Dove Holes,DVH,2766,East Midlands,High Peak,"9,864","7,120","7,134","6,020","5,034","4,909",[x],"5,110","5,794","6,232","5,517","5,866","5,246","5,446","6,246","5,874","4,382","4,910","4,756","4,658","4,664","6,024","5,152","6,534","14,826","11,646","8,676","10,384"
741,Dover Priory,DVP,5033,South East,Dover,"865,639","910,548","879,006","837,989","858,442","846,138",[x],"902,190","860,722","923,163","960,407","945,392","834,054","934,414","914,914","904,970","943,409","961,174","883,394","831,998","946,046","995,360","975,402","345,324","732,322","895,588","966,958","1,029,332"
742,Dovercourt,DVC,6901,East of England,Tendring,"105,786","119,868","114,892","110,134","124,023","137,986",[x],"124,558","128,810","135,159","147,528","149,228","129,620","118,126","137,188","145,740","163,132","168,052","173,004","173,364","174,788","177,752","163,728","46,460","118,474","130,342","148,728","168,182"
743,Dovey Junction,DVY,4436,Wales,Powys - Powys,"1,504","1,397","1,605","1,450",946,804,[x],"1,093","1,062","1,430","1,978","1,494","1,768","1,482","1,288","1,694","1,828","2,366","3,740","4,084","4,434","4,622","4,292","1,692","7,030","9,190","14,610","41,454"
744,Downham Market,DOW,7055,East of England,King's Lynn and West Norfolk,"179,368","199,922","208,993","218,344","235,986","248,368",[x],"277,744","276,900","307,013","361,433","365,612","360,032","406,690","432,014","452,674","460,056","491,744","500,442","523,846","533,410","549,562","512,772","129,058","341,550","386,270","399,600","440,550"
745,Drayton Green,DRG,3099,London,Ealing,"12,853","6,883","6,529","6,992","7,398","6,039",[x],"6,597","5,254","75,414","80,235","66,908","67,552","104,732","106,870","123,038","137,600","152,710","153,146","102,372","33,578","29,228","31,610","7,146","10,846","16,082","20,198","23,270"
746,Drayton Park,DYP,6000,London,Islington,"61,856","82,498","121,392","132,741","143,497","164,459",[x],"129,849","118,426","288,324","279,243","261,164","338,246","478,144","505,232","552,840","572,418","625,436","690,750","791,700","859,130","860,124","784,628","174,134","358,386","516,734","642,344","728,922"
747,Drem,DRM,9317,Scotland,East Lothian,"59,318","68,351","71,408","73,485","74,245","73,871",[x],"78,009","80,563","84,905","99,735","109,418","107,844","100,208","105,650","113,556","166,040","123,254","164,154","123,354","120,316","115,844","104,798","14,130","61,428","102,770","99,466","152,528"
748,Driffield,DRF,8057,Yorkshire and The Humber,East Riding of Yorkshire,"161,976","163,509","175,700","178,102","176,050","181,505",[x],"188,869","199,800","206,783","213,328","226,160","221,680","246,412","253,672","251,700","255,662","246,270","244,272","245,716","258,608","249,840","263,222","63,002","212,082","240,094","244,472","275,396"
749,Drigg,DRI,1994,North West,Cumberland,"3,254","2,600","3,537","3,084","4,661","8,252",[x],"7,108","11,013","11,724","10,051","9,034","12,874","11,570","12,082","12,592","10,970","10,466","11,312","10,348","9,728","9,156","8,404","1,892","5,540","6,258","5,448","7,076"
750,Droitwich Spa,DTW,4878,West Midlands,Wychavon,"282,540","304,161","291,611","285,432","292,050","290,825",[x],"278,393","332,627","365,703","385,958","429,882","471,782","465,768","489,370","518,386","538,724","533,268","561,908","550,094","567,790","527,594","520,328","133,952","325,718","397,054","463,582","519,318"
751,Dronfield,DRO,6616,East Midlands,North East Derbyshire,"13,527","12,855","13,523","12,102","10,613","9,637",[x],"12,502","14,882","17,548","17,710","35,372","114,552","144,228","152,792","160,130","162,474","185,932","199,868","209,430","199,004","195,180","192,482","31,470","136,628","162,384","188,934","229,562"
752,Drumchapel,DMC,9994,Scotland,Glasgow City,"269,654","253,352","258,298","260,735","230,904","213,644",[x],"244,174","292,530","299,686","309,314","349,794","356,140","370,858","387,028","405,038","376,238","383,890","385,420","360,184","343,572","337,244","323,854","50,794","191,328","236,092","300,454","331,424"
753,Drumfrochar,DFR,9967,Scotland,Inverclyde,[z],"21,355","33,544","36,515","38,514","38,917",[x],"42,297","49,039","45,724","43,344","54,344","59,092","61,394","55,258","60,022","69,828","72,922","68,438","80,654","66,232","73,980","67,642","6,408","32,924","46,980","65,562","71,638"
754,Drumgelloch,DRU,9757,Scotland,North Lanarkshire,"110,784","116,143","115,557","126,881","133,844","112,854",[x],"130,903","172,903","165,163","168,364","182,556","170,940","58,550","269,170","307,202","344,982","387,268","403,546","411,086","418,592","418,742","407,598","35,794","162,864","224,432","274,244","275,672"
755,Drumry,DMY,9993,Scotland,West Dunbartonshire,"176,332","181,258","194,678","194,187","169,955","154,778",[x],"178,304","215,321","204,598","209,604","230,578","225,664","229,366","243,974","257,370","247,050","251,294","253,840","251,204","243,874","248,224","235,514","33,856","110,828","136,122","199,724","233,208"
756,Duddeston,DUD,1040,West Midlands,Birmingham,"49,914","52,588","52,940","45,824","50,855","49,093",[x],"49,832","52,157","55,676","59,850","135,136","138,058","140,980","180,104","181,674","190,348","188,634","217,610","245,156","267,680","342,734","408,254","116,396","242,476","385,000","381,666","340,568"
757,Dudley Port,DDP,1212,West Midlands,Sandwell,"85,178","101,213","102,102","97,124","93,274","93,014",[x],"115,768","130,839","144,347","155,229","276,254","297,118","279,944","382,862","367,402","418,896","421,370","458,016","473,462","490,822","544,410","524,962","101,890","246,774","315,854","357,760","375,972"
758,Duffield,DFI,1691,East Midlands,Amber Valley,"21,306","25,298","21,172","19,424","21,248","18,162",[x],"22,904","20,262","21,985","21,814","27,050","40,390","49,938","53,344","55,370","56,438","57,994","61,290","69,870","74,300","68,770","77,568","14,204","39,902","47,482","56,306","66,536"
759,Duirinish,DRN,8681,Scotland,Highland,279,423,415,552,379,519,[x],601,608,841,801,742,620,808,702,804,970,"1,048","1,064",930,918,856,878,156,554,614,812,904
760,Duke Street,DST,9906,Scotland,Glasgow City,"15,216","15,139","34,045","46,498","35,369","32,293",[x],"47,163","62,972","54,629","58,259","70,120","74,102","80,080","85,546","104,156","109,860","119,474","137,312","166,458","191,722","181,218","190,958","29,174","107,944","146,074","184,912","224,988"
761,Dullingham,DUL,7027,East of England,East Cambridgeshire,"11,155","12,112","15,605","18,660","19,343","19,594",[x],"19,815","20,219","19,676","26,723","26,354","24,308","26,476","27,464","31,596","36,536","39,528","45,812","40,376","39,028","41,832","35,086","10,842","22,798","25,314","28,974","32,026"
762,Dumbarton Central,DBC,9866,Scotland,West Dunbartonshire,"509,904","647,852","648,973","589,250","568,387","551,419",[x],"571,179","634,932","642,285","660,673","750,250","735,786","731,256","736,002","755,530","707,627","741,944","751,334","814,750","730,658","756,388","718,088","75,242","309,658","398,714","461,460","483,282"
763,Dumbarton East,DBE,9868,Scotland,West Dunbartonshire,"248,378","259,110","258,329","252,801","257,432","239,511",[x],"276,104","315,705","307,624","318,711","362,902","355,904","356,334","362,184","377,242","421,796","427,276","431,306","449,472","421,742","453,010","427,836","38,516","190,796","252,588","301,856","339,724"
764,Dumbreck,DUM,9622,Scotland,Glasgow City,"79,735","86,722","85,881","79,491","67,309","59,321",[x],"89,106","97,270","97,558","92,463","111,486","111,450","109,586","114,182","117,190","131,350","150,568","164,044","169,702","179,174","170,196","173,076","55,936","89,830","118,568","160,388","148,736"
765,Dumfries,DMF,9490,Scotland,Dumfries and Galloway,"149,766","224,165","246,718","274,936","288,408","295,055",[x],"333,800","355,695","344,943","338,428","334,626","346,650","359,764","374,042","366,400","368,512","380,712","361,456","362,050","382,012","402,564","389,374","44,712","231,788","290,796","360,280","346,310"
766,Dumpton Park,DMP,5034,South East,Thanet,"19,792","25,460","23,184","22,546","27,645","27,776",[x],"35,107","45,092","48,381","45,768","47,064","41,690","35,296","33,502","28,198","27,378","24,076","19,714","20,956","25,556","27,398","25,760","8,360","23,252","23,618","31,974","45,098"
767,Dunbar,DUN,9397,Scotland,East Lothian,"169,548","177,623","198,222","197,629","213,643","224,552",[x],"266,142","288,282","299,172","332,377","339,094","318,976","333,916","362,852","374,216","400,065","425,952","452,848","449,282","460,440","477,986","473,884","66,300","252,348","319,280","398,768","416,356"
768,Dunblane,DBL,8713,Scotland,Stirling,"307,650","341,027","359,013","361,397","353,060","363,168",[x],"399,451","457,751","466,281","511,622","516,094","496,720","497,672","494,904","504,058","508,511","534,062","539,412","519,370","553,028","547,270","541,016","73,714","267,778","360,418","462,616","451,060"
769,Duncraig,DCG,8682,Scotland,Highland,325,481,675,563,390,288,[x],463,391,342,485,388,394,602,722,784,534,448,494,348,408,484,500,30,376,462,448,354
770,Dundee,DEE,9039,Scotland,Dundee City,"965,350","984,396","1,021,725","1,048,771","1,123,326","1,204,306",[x],"1,437,519","1,514,725","1,490,254","1,600,060","1,636,862","1,664,210","1,719,844","1,723,018","1,690,486","1,737,444","1,835,978","1,890,134","1,815,342","1,865,728","2,015,782","1,945,950","317,582","1,167,730","1,453,560","1,729,316","1,763,546"
771,Dunfermline City,DFE,9186,Scotland,Fife,"390,736","435,576","489,399","500,717","478,987","468,174",[x],"195,495","206,434","211,074","637,917","637,028","601,120","598,470","607,504","580,750","611,465","656,210","727,012","698,740","696,642","651,254","562,038","72,732","275,334","353,070","475,100","569,702"
772,Dunfermline Queen Margaret,DFL,9187,Scotland,Fife,[z],[z],[z],"110,216","126,377","131,103",[x],"569,116","604,054","631,773","202,477","214,664","205,330","199,722","210,484","206,120","208,546","224,140","250,538","236,652","249,722","248,510","233,060","28,316","109,756","140,068","183,512","129,910"
773,Dunkeld and Birnam,DKD,8763,Scotland,Perth and Kinross,"11,383","11,536","13,215","13,904","14,866","15,406",[x],"18,810","19,339","21,897","20,856","23,578","25,436","26,178","26,506","27,862","29,924","31,050","32,022","32,878","37,982","36,930","36,608","7,740","27,444","38,416","51,290","61,270"
774,Dunlop,DNL,9492,Scotland,East Ayrshire,"55,674","57,557","61,817","62,070","64,047","58,151",[x],"59,457","59,153","56,422","60,854","74,722","78,306","95,784","98,446","102,832","97,808","100,714","95,498","91,990","105,186","100,798","99,082","11,792","42,972","57,782","66,244","76,002"
775,Dunrobin Castle,DNO,8642,Scotland,Highland,395,"1,267",381,245,165,191,[x],299,357,357,423,572,488,594,628,628,916,822,782,882,"1,030","1,224","1,240",114,770,"1,428","1,940","1,544"
776,Dunston,DOT,7744,North East,Gateshead,146,176,146,54,102,103,[x],82,131,"1,887","2,931","2,896","2,312","2,248","2,664","2,164","2,336","4,904","7,168","10,618","12,966","16,488","19,698","6,936","17,938","24,538","46,762","50,828"
777,Dunton Green,DNG,5102,South East,Sevenoaks,"23,460","29,992","38,454","41,825","37,152","43,717",[x],"61,127","66,640","90,223","107,654","116,082","117,488","127,052","133,114","131,742","154,886","177,534","225,046","229,452","233,480","260,362","258,682","43,054","152,576","189,890","199,062","195,198"
778,Durham,DHM,7745,North East,County Durham,"1,189,895","1,223,679","1,323,132","1,202,471","1,299,903","1,359,425",[x],"1,649,935","1,739,801","1,774,271","1,858,078","1,996,852","2,051,432","2,180,044","2,284,490","2,273,710","2,415,400","2,522,124","2,595,016","2,623,676","2,747,692","2,822,860","2,732,836","472,580","2,092,432","2,446,734","2,604,076","2,809,984"
779,Durrington-On-Sea,DUR,5282,South East,Worthing,"405,065","396,955","424,062","392,266","425,773","462,561",[x],"580,082","605,829","646,094","675,371","667,412","656,790","686,170","699,318","717,172","666,450","649,214","665,298","541,740","594,332","646,376","644,594","143,300","353,920","427,294","436,898","506,616"
780,Dyce,DYC,8905,Scotland,Aberdeen City,"228,203","255,979","256,080","278,536","285,764","238,949",[x],"269,263","334,731","401,021","453,635","487,972","515,524","579,660","677,860","759,898","810,678","823,866","664,396","517,586","466,700","358,670","356,388","86,520","216,102","260,000","301,878","308,806"
781,Dyffryn Ardudwy,DYF,4455,Wales,Gwynedd - Gwynedd,"13,163","13,822","14,728","15,385","14,818","15,469",[x],"14,430","12,218","16,326","16,149","16,920","20,888","20,274","20,780","21,156","16,592","18,700","17,868","16,740","16,636","15,134","13,324",954,"9,172","15,756","18,728","21,934"
782,Eaglescliffe,EAG,7916,North East,Stockton-on-Tees,"47,680","47,753","46,563","45,774","44,860","44,293",[x],"54,555","60,238","65,522","75,928","83,794","109,520","123,280","135,886","149,074","176,143","195,264","202,156","206,848","207,186","202,222","191,446","29,218","144,312","200,008","214,394","211,956"
783,Ealing Broadway,EAL,3190,London,Ealing,"4,259,958","5,327,564","5,409,727","5,555,161","5,240,701","5,257,020",[x],"6,307,360","5,996,873","3,479,699","3,696,531","3,208,870","3,220,602","4,651,020","5,071,290","5,333,888","5,286,162","5,817,932","6,581,174","6,372,718","6,166,492","6,554,818","6,909,990","2,066,428","4,768,812","8,237,356","13,699,654","15,456,598"
784,Earlestown,ERL,2292,North West,St. Helens,"161,493","164,241","171,347","175,334","192,749","183,804",[x],"220,192","218,939","217,860","226,268","394,814","394,374","418,330","444,556","423,842","485,296","499,118","539,502","552,812","630,194","386,882","382,616","68,338","231,330","274,954","301,522","330,956"
785,Earley,EAR,5694,South East,Wokingham,"290,718","283,214","293,408","345,518","319,574","330,007",[x],"362,528","379,724","411,071","451,123","473,116","485,138","530,686","537,192","574,836","609,230","639,888","645,500","614,532","615,934","608,918","569,588","108,578","279,836","351,162","382,608","425,632"
786,Earlsfield,EAD,5584,London,Wandsworth,"1,658,632","2,471,670","2,647,698","2,761,720","2,864,051","3,219,906",[x],"2,855,681","2,756,054","5,517,274","5,629,557","4,945,100","4,871,090","5,413,230","5,574,084","5,696,028","6,233,208","6,553,176","7,170,386","7,196,944","6,555,768","6,878,604","6,519,066","1,783,872","4,183,656","4,734,232","5,138,168","5,569,216"
787,Earlswood (Surrey),ELD,5414,South East,Reigate and Banstead,"90,305","112,090","141,435","168,710","181,327","200,276",[x],"226,154","255,114","297,806","351,722","361,594","369,922","412,378","443,472","451,950","466,870","479,698","468,356","410,266","440,288","404,288","434,830","80,584","195,526","273,214","302,926","352,176"
788,Earlswood (West Midlands),EWD,4520,West Midlands,Solihull,"58,290","58,402","60,673","57,792","53,361","53,823",[x],"32,572","35,674","38,421","32,432","32,196","35,578","32,372","36,692","31,768","36,516","36,198","35,622","36,164","35,364","36,372","31,512","9,296","22,246","24,804","27,844","33,834"
789,East Boldon,[z],[z],[z],[z],"112,958","131,608","134,200","121,842","89,141","1,568",[x],"1,552","2,325",[z],[z],[z],[z],[z],[z],[z],[z],[z],[z],[z],[z],[z],[z],[z],[z],[z],[z],[z]
790,East Croydon,ECR,5355,London,Croydon,"10,764,433","13,033,440","13,437,666","13,413,586","13,193,073","13,614,543",[x],"14,739,621","15,398,123","19,517,325","21,241,275","20,581,318","19,881,243","20,100,638","20,555,724","20,965,248","21,797,189","22,766,996","24,261,942","22,606,248","23,634,196","24,769,874","25,005,626","6,695,420","14,504,290","18,514,458","19,605,338","20,592,106"
791,East Didsbury,EDY,2949,North West,Manchester,"87,893","80,234","86,832","97,031","98,093","92,447",[x],"124,511","158,834","158,859","213,932","265,842","272,656","310,214","343,008","338,566","301,386","254,246","267,548","279,966","264,000","282,102","295,542","46,424","184,964","208,070","260,310","299,254"
792,East Dulwich,EDW,5358,London,Southwark,"345,654","508,708","581,071","575,938","653,303","696,272",[x],"719,334","725,479","1,416,608","1,360,087","1,515,942","1,566,010","1,832,872","2,085,888","2,104,766","2,119,018","1,993,304","1,709,704","1,334,640","1,447,358","1,712,462","1,819,752","456,228","915,554","1,040,698","1,177,240","1,335,792"
793,East Farleigh,EFL,5234,South East,Maidstone,"13,341","13,986","15,207","13,422","16,720","15,556",[x],"18,091","17,527","21,782","19,132","17,210","20,798","25,332","27,950","29,794","27,580","29,312","31,604","33,162","35,772","35,742","34,202","8,200","23,248","28,764","34,402","38,974"
794,East Garforth,EGF,8472,Yorkshire and The Humber,Leeds,"143,277","185,437","201,817","169,033","128,010","124,567",[x],"157,230","162,828","173,602","176,991","234,962","239,362","267,542","276,228","214,252","222,918","227,116","238,614","252,948","233,934","220,824","223,590","35,670","114,280","158,932","164,892","185,360"
795,East Grinstead,EGR,5486,South East,Mid Sussex,"812,317","863,316","909,488","901,195","936,739","998,856",[x],"1,073,934","1,098,821","1,213,407","1,317,677","1,344,660","1,292,918","1,356,546","1,393,394","1,467,848","1,563,498","1,608,414","1,526,820","1,437,882","1,514,552","1,586,800","1,469,838","257,052","711,122","888,748","1,019,148","1,100,494"
796,East Kilbride,EKL,9793,Scotland,South Lanarkshire,"468,231","543,103","549,297","542,231","547,453","579,920",[x],"696,940","730,105","762,508","794,173","879,678","855,950","909,914","985,454","988,832","1,079,531","1,153,648","1,136,980","1,020,364","1,031,100","1,055,414","991,900","134,146","445,832","573,718","756,936","582,794"
797,East Linton,ELT,365,Scotland,East Lothian,[z],[z],[z],[z],[z],[z],[z],[z],[z],[z],[z],[z],[z],[z],[z],[z],[z],[z],[z],[z],[z],[z],[z],[z],[z],[z],"21,624","66,982"
798,East Malling,EML,5134,South East,Tonbridge and Malling,"73,769","73,200","81,745","76,309","86,129","82,173",[x],"81,576","97,692","99,324","111,595","112,606","109,676","104,940","101,216","95,462","100,762","99,628","101,838","97,322","102,640","107,108","106,004","19,996","57,882","65,546","77,840","93,032"
799,East Midlands Parkway,EMD,1901,East Midlands,Rushcliffe,[z],[z],[z],[z],[z],[z],[z],[z],[z],[z],[z],"33,848","182,412","219,734","264,622","283,756","328,446","304,010","306,408","347,252","338,362","360,770","343,420","39,350","196,298","309,864","326,786","355,098"
800,East Tilbury,ETL,7471,East of England,Thurrock,"255,294","255,860","249,128","279,504","281,349","300,255",[x],"298,925","299,809","315,552","336,806","313,142","305,310","318,354","307,920","306,574","320,732","341,620","359,536","411,358","443,966","458,116","430,066","148,536","276,350","285,658","329,076","384,542"
801,East Worthing,EWR,5283,South East,Worthing,"239,801","252,545","253,513","232,255","239,477","261,658",[x],"302,534","310,744","340,630","353,712","330,110","326,208","344,728","331,566","339,174","355,832","388,558","428,322","345,484","361,460","424,176","424,810","154,074","341,712","360,952","385,984","470,512"
802,Eastbourne,EBN,5448,South East,Eastbourne,"1,825,274","1,983,128","2,219,485","2,404,053","2,653,458","2,757,629",[x],"3,065,020","3,080,715","3,272,506","3,545,125","3,513,854","3,371,982","3,534,536","3,594,556","3,588,880","3,693,060","3,752,734","3,754,050","3,194,804","3,355,246","3,580,630","3,604,628","1,187,660","2,696,318","3,201,528","3,481,472","3,754,614"
803,Eastbrook,EBK,3795,Wales,Vale of Glamorgan - Bro Morgannwg,"128,898","123,266","131,292","132,383","138,665","123,322",[x],"154,055","154,747","151,218","164,261","182,194","171,768","166,732","165,020","165,336","169,138","170,534","176,506","174,262","167,798","171,072","175,908","25,534","79,628","114,384","132,254","142,166"
804,Easterhouse,EST,9894,Scotland,Glasgow City,"192,421","212,175","223,566","231,699","214,905","198,709",[x],"255,676","283,462","299,642","302,235","347,384","408,206","416,530","446,796","452,286","391,604","430,106","392,610","365,690","378,128","380,208","338,932","41,514","177,414","230,578","292,124","317,196"
805,Eastham Rake,ERA,2128,North West,Wirral,"93,747","109,275","108,119","97,825","90,879","109,243",[x],"131,799","143,806","149,692","171,076","480,514","468,994","493,626","497,164","469,566","320,422","335,508","328,052","303,060","290,696","427,608","484,648","137,464","334,598","373,936","387,738","371,254"
806,Eastleigh,ESL,5899,South East,Eastleigh,"828,760","876,962","920,821","986,519","993,550","1,006,508",[x],"1,163,609","1,169,084","1,248,089","1,364,488","1,445,366","1,435,960","1,504,090","1,497,042","1,532,168","1,599,710","1,643,476","1,677,878","1,673,974","1,630,158","1,665,426","1,502,918","374,764","907,938","1,089,664","1,146,726","1,191,848"
807,Eastrington,EGN,8114,Yorkshire and The Humber,East Riding of Yorkshire,"1,632","1,171",885,307,254,407,[x],"1,499","1,810","1,436",690,672,"1,380","1,886","1,204","1,446","1,738","1,458","1,282","1,344","2,376","2,100","1,726",722,"3,844","1,660","4,784","3,378"
808,Ebbsfleet International,EBD,5566,South East,Dartford,[z],[z],[z],[z],[z],[z],[z],[z],[z],[z],[z],[z],"284,342","717,312","919,936","1,175,766","1,262,596","1,474,148","1,673,686","1,846,538","1,961,508","2,106,802","1,977,646","416,768","1,212,836","1,558,870","1,714,974","1,765,258"
809,Ebbw Vale Parkway,EBV,9915,Wales,Blaenau Gwent - Blaenau Gwent,[z],[z],[z],[z],[z],[z],[z],[z],[z],[z],"52,419","252,414","233,946","246,718","246,102","254,956","263,538","253,904","101,634","57,108","53,218","38,834","44,100","7,654","24,918","30,452","28,534","40,736"
810,Ebbw Vale Town,EBB,3628,Wales,Blaenau Gwent - Blaenau Gwent,[z],[z],[z],[z],[z],[z],[z],[z],[z],[z],[z],[z],[z],[z],[z],[z],[z],[z],"167,642","232,206","244,590","244,294","227,126","47,324","148,194","199,616","189,332","248,760"
811,Eccles (Manchester),ECC,2950,North West,Salford,"88,385","81,378","81,803","64,548","54,366","53,231",[x],"65,119","71,534","68,536","73,523","100,820","112,288","121,832","149,360","147,582","159,254","137,544","161,298","190,518","162,820","158,616","197,418","51,670","165,256","215,838","237,908","257,328"
812,Eccles Road,ECS,7370,East of England,Breckland,"1,532","1,940","2,667","3,160","4,613","2,089",[x],"2,358","3,714","2,322","1,643","1,966","1,796","1,676","1,242","1,930","2,126","1,098",824,"1,294","2,700","2,952","2,390",296,"1,276","1,830","1,568","1,534"
813,Eccleston Park,ECL,2227,North West,St. Helens,"29,548","29,765","29,743","31,199","31,817","28,126",[x],"35,314","41,890","44,144","47,605","154,958","151,376","162,066","164,078","157,062","113,660","109,834","119,604","123,802","126,618","72,058","85,852","18,200","58,104","59,122","67,274","74,390"
814,Edale,EDL,2824,East Midlands,High Peak,"48,291","48,412","49,740","43,796","35,725","40,422",[x],"44,109","46,396","50,228","58,531","58,430","63,754","68,042","72,760","66,842","70,522","76,268","79,404","89,510","89,222","93,860","99,808","45,800","109,250","116,982","145,830","171,814"
815,Eden Park,EDN,5056,London,Bromley,"251,703","280,608","261,700","305,089","323,662","344,137",[x],"355,687","374,186","492,993","501,067","485,976","491,890","508,816","519,806","525,590","538,128","582,308","604,406","614,694","582,104","616,776","613,812","122,026","329,830","418,328","520,602","558,530"
816,Edenbridge (Kent),EBR,5473,South East,Sevenoaks,"166,600","185,494","191,466","196,097","196,793","216,513",[x],"232,060","258,437","130,452","116,388","116,296","194,979","204,801","192,524","174,108","166,164","259,004","266,226","241,344","257,528","287,870","208,212","68,602","134,766","153,538","159,758","175,966"
817,Edenbridge Town,EBT,5359,South East,Sevenoaks,"95,081","85,379","94,634","86,002","89,273","98,335",[x],"103,298","139,625","310,432","374,809","375,258","274,336","302,165","341,980","342,118","351,480","271,894","279,474","253,354","270,344","302,200","381,184","125,596","246,726","281,096","292,482","322,154"
818,Edge Hill,EDG,2169,North West,Liverpool,"38,552","38,003","39,169","27,097","21,833","18,559",[x],"22,948","34,097","35,086","34,392","95,842","102,600","123,044","142,112","142,750","163,850","157,568","170,904","203,094","195,726","144,050","162,674","80,692","162,198","175,546","179,692","209,880"
819,Edinburgh,EDB,9328,Scotland,City of Edinburgh,"9,688,099","10,621,460","11,665,205","11,818,502","12,070,774","12,470,767",[x],"14,219,772","14,645,022","15,285,837","16,169,294","17,571,392","19,312,458","19,957,346","17,992,340","18,879,684","20,006,338","21,106,540","21,723,960","22,582,342","23,334,290","23,872,996","23,087,646","2,957,732","13,617,536","18,212,628","21,307,916","22,755,164"
820,Edinburgh Gateway,EGY,6545,Scotland,City of Edinburgh,[z],[z],[z],[z],[z],[z],[z],[z],[z],[z],[z],[z],[z],[z],[z],[z],[z],[z],[z],"58,386","284,436","323,698","292,682","44,450","116,906","185,764","225,374","254,676"
821,Edinburgh Park,EDP,9395,Scotland,City of Edinburgh,[z],[z],[z],[z],[z],[z],[z],"295,263","353,322","367,585","382,644","434,244","451,790","518,878","646,018","816,748","960,252","893,528","889,460","869,978","888,010","914,576","905,206","128,712","289,622","395,614","522,354","558,812"
822,Edmonton Green,EDR,6941,London,Enfield,"1,061,353","1,280,087","1,311,194","1,246,499","1,215,234","1,250,176",[x],"1,152,519","925,507","1,888,213","2,293,088","1,986,974","1,813,578","1,894,264","2,094,466","2,376,776","2,700,022","2,872,740","3,440,938","3,659,568","3,637,930","3,622,730","3,593,434","1,281,566","2,518,700","2,861,290","3,556,550","3,486,764"
823,Effingham Junction,EFF,5642,South East,Guildford,"244,601","249,529","254,797","255,873","242,552","237,024",[x],"264,042","251,068","264,707","301,515","305,846","276,040","268,386","285,394","303,320","308,772","316,776","323,794","317,090","300,152","292,544","267,442","47,852","150,224","185,414","211,228","243,110"
824,Eggesford,EGG,5822,South West,Mid Devon,"32,047","27,464","18,872","13,245","9,409","11,430",[x],"14,152","16,009","18,184","18,658","21,298","22,858","25,500","26,902","30,062","26,160","29,106","29,920","28,902","31,628","29,802","32,228","14,084","33,548","43,722","44,600","52,658"
825,Egham,EGH,5669,South East,Runnymede,"1,103,125","1,118,747","1,332,620","1,258,099","1,172,453","1,184,035",[x],"1,475,611","1,507,099","1,611,558","2,023,075","2,134,388","2,072,946","2,069,282","2,141,782","2,096,452","2,098,878","2,121,684","2,101,150","2,075,204","2,024,930","2,072,838","1,928,992","434,430","1,262,002","1,559,344","1,682,044","1,851,978"
826,Egton,EGT,7918,Yorkshire and The Humber,North Yorkshire,"18,559","14,796","13,168","12,506","12,031","12,149",[x],"11,818","13,546","11,292","10,798","12,414","11,110","9,430","10,562","7,388","11,568","10,812","13,724","12,088","12,878","11,698","13,206","6,166","10,240","8,642","10,554","10,100"
827,Elephant and Castle,EPH,5246,London,Southwark,"273,583","386,106","481,693","481,531","442,333","442,626",[x],"2,005,980","2,056,783","2,553,684","3,666,983","3,319,966","3,111,323","2,648,421","2,585,270","2,701,582","2,952,812","3,256,608","3,287,032","2,996,564","3,172,164","2,919,878","2,877,610","666,572","1,316,348","1,680,664","1,879,984","2,169,236"
828,Elgin,ELG,8977,Scotland,Moray,"149,414","158,907","166,433","171,305","189,285","187,789",[x],"225,516","245,980","240,365","246,662","261,296","272,928","297,546","306,964","322,324","334,537","342,466","343,652","317,456","299,484","306,206","304,670","64,492","196,958","228,902","284,140","295,372"
829,Ellesmere Port,ELP,2121,North West,Cheshire West and Chester,"182,588","215,950","165,989","162,638","145,513","209,768",[x],"218,083","215,005","157,893","191,239","221,508","266,276","291,054","274,796","238,710","395,530","403,072","390,614","362,680","288,884","425,876","472,100","178,672","375,792","428,552","465,956","556,188"
830,Elmers End,ELE,5049,London,Bromley,"429,675","472,716","536,240","593,714","639,128","666,100",[x],"616,022","643,131","893,710","957,314","970,682","955,956","997,064","1,049,096","1,063,026","1,108,278","1,178,548","1,169,234","1,200,834","1,140,520","1,134,028","1,054,966","234,588","501,496","616,236","738,928","802,120"
831,Elmstead Woods,ESD,5135,London,Bromley,"689,381","763,876","776,375","811,448","819,057","851,414",[x],"891,429","889,503","1,118,461","1,199,767","1,182,008","1,135,552","1,162,040","1,199,812","1,260,006","1,355,492","1,424,602","1,221,638","1,227,828","1,194,586","1,213,160","1,133,022","241,600","608,072","780,636","867,998","927,220"
832,Elmswell,ESW,7349,East of England,Mid Suffolk,"14,664","19,491","22,973","25,048","27,121","24,633",[x],"28,663","34,786","36,576","55,597","61,844","60,828","65,738","68,810","79,482","80,558","74,284","71,498","71,566","68,546","71,078","71,050","13,570","67,164","91,892","109,934","121,748"
833,Elsecar,ELR,6667,Yorkshire and The Humber,Barnsley,"120,572","119,683","124,202","117,737","104,914","107,325",[x],"126,890","102,761","90,655","93,538","122,854","126,628","127,628","131,046","126,122","150,064","170,158","167,628","155,322","145,190","160,548","179,690","40,780","133,294","154,996","181,130","196,124"
834,Elsenham (Essex),ESM,6832,East of England,Uttlesford,"200,026","213,983","216,106","222,176","220,611","204,905",[x],"192,377","186,309","167,620","181,425","186,176","164,942","173,080","176,222","172,546","182,252","194,738","200,088","219,542","246,268","252,716","245,240","63,386","155,610","191,746","207,816","222,928"
835,Elstree and Borehamwood,ELS,1542,East of England,Hertsmere,"1,245,667","1,506,060","1,659,271","1,704,484","1,722,262","1,805,798",[x],"1,743,991","1,815,251","3,410,807","3,684,045","3,274,532","3,025,188","3,007,202","3,112,826","3,234,460","3,616,315","4,043,680","3,381,930","3,247,786","3,334,000","3,231,026","3,424,578","894,998","1,962,254","2,481,658","2,643,842","2,760,150"
836,Eltham,ELW,5103,London,Greenwich,"1,512,978","1,689,266","1,733,164","1,749,934","1,779,283","1,829,825",[x],"1,772,870","1,731,197","2,146,390","2,298,853","2,174,264","2,065,534","2,139,334","2,162,046","2,258,322","2,423,768","2,521,510","2,438,418","2,387,308","2,210,372","2,119,492","2,090,150","578,370","1,297,498","1,462,614","1,622,402","1,758,352"
837,Elton and Orston,ELO,6238,East Midlands,Rushcliffe,119,123,115,334,429,535,[x],"1,310",860,145,157,172,166,84,72,72,166,88,296,128,138,164,68,12,40,56,212,68
838,Ely,ELY,7068,East of England,East Cambridgeshire,"570,707","646,183","725,570","779,438","910,602","1,038,708",[x],"1,255,362","1,278,724","1,420,734","1,505,730","1,583,246","1,579,948","1,731,956","1,824,036","1,878,426","1,976,134","2,068,240","2,131,818","2,209,350","2,281,634","2,386,744","2,363,818","577,460","1,634,548","1,894,014","2,052,282","2,299,024"
839,Emerson Park,EMP,7473,London,Havering,"12,685","21,215","23,845","29,723","29,918","30,978",[x],"31,677","31,523","46,455","66,647","58,602","71,116","82,148","94,744","113,904","127,298","156,484","259,490","277,678","307,588","349,632","321,964","93,550","196,476","240,118","304,760","302,740"
840,Emsworth,EMS,5257,South East,Havant,"182,354","191,235","215,665","204,879","215,252","241,507",[x],"251,271","266,643","285,966","318,992","325,128","378,422","428,034","402,994","394,830","408,364","390,052","384,490","269,038","298,066","349,556","345,914","127,826","280,736","306,172","317,680","362,368"
841,Energlyn and Churchill Park,ECP,375,Wales,Caerphilly - Caerffili,[z],[z],[z],[z],[z],[z],[z],[z],[z],[z],[z],[z],[z],[z],[z],[z],"15,938","69,390","74,206","86,422","101,362","111,878","98,160","11,490","44,102","65,858","79,022","80,900"
842,Enfield Chase,ENC,6010,London,Enfield,"572,200","659,759","679,515","638,732","656,699","667,088",[x],"688,423","689,469","1,139,930","1,312,331","1,162,494","1,221,309","1,246,703","1,249,578","1,289,998","1,326,720","1,390,110","1,472,224","1,590,446","1,643,174","1,552,640","1,447,330","351,912","710,210","997,242","1,015,892","1,166,152"
843,Enfield Lock,ENL,6815,London,Enfield,"230,332","306,056","368,833","442,158","546,982","617,403",[x],"595,997","569,880","805,771","950,243","839,516","754,292","779,548","854,928","1,043,854","1,031,900","1,188,244","1,378,226","1,396,528","1,312,132","1,332,560","1,387,620","514,594","959,548","1,183,618","1,356,132","1,459,366"
844,Enfield Town,ENF,6959,London,Enfield,"846,079","982,511","1,021,833","1,103,759","1,068,116","1,093,076",[x],"1,262,826","1,191,561","1,390,643","1,687,151","1,507,088","1,402,338","1,399,805","1,565,258","1,604,816","1,825,314","1,973,038","2,107,082","2,222,200","2,299,054","2,335,250","2,250,348","642,304","1,486,486","1,831,232","2,331,202","2,343,318"
845,Entwistle,ENT,2747,North West,Blackburn with Darwen,"9,045","10,034","11,577","10,162","8,299","8,190",[x],"9,158","10,025","9,089","8,756","9,442","7,718","11,542","15,458","15,498","14,762","15,036","10,596","16,662","12,852","10,890","15,778","5,748","19,296","20,426","18,112","19,988"
846,Epsom (Surrey),EPS,5360,South East,Epsom and Ewell,"2,054,285","2,500,766","2,928,172","3,077,240","3,191,235","3,196,754",[x],"3,269,185","3,280,805","3,428,523","3,720,782","3,728,138","3,553,416","3,611,680","3,633,042","3,740,752","3,962,714","4,116,624","4,183,184","4,059,314","3,918,524","3,981,152","3,955,930","966,538","2,334,196","2,886,954","3,135,066","3,342,368"
847,Epsom Downs,EPD,5361,South East,Reigate and Banstead,"24,875","37,806","43,620","40,638","48,429","44,230",[x],"44,338","49,901","54,153","69,800","70,654","67,916","69,672","79,454","83,370","86,994","89,074","111,946","90,840","87,940","110,374","112,090","29,250","67,982","105,684","120,162","125,822"
848,Erdington,ERD,1041,West Midlands,Birmingham,"215,043","236,762","239,398","213,589","214,369","223,070",[x],"267,234","299,085","299,128","335,992","552,304","575,628","583,784","816,732","796,846","831,112","826,358","884,044","922,850","961,966","1,051,796","1,029,506","159,796","329,222","397,224","455,310","481,364"
849,Eridge,ERI,5459,South East,Wealden,"18,102","20,407","24,624","22,341","26,865","29,230",[x],"35,428","60,839","72,766","94,877","113,104","112,420","122,574","137,734","135,918","135,912","135,116","125,176","117,694","121,798","117,648","129,726","15,882","50,544","70,820","73,124","82,636"
850,Erith,ERH,5104,London,Bexley,"376,351","407,102","406,334","424,785","440,562","457,281",[x],"431,507","447,065","647,948","717,862","707,324","667,966","721,074","757,664","752,258","779,728","849,748","841,828","833,648","877,616","1,036,532","1,009,126","307,730","652,728","789,528","789,028","740,404"
851,Esher,ESH,5558,South East,Elmbridge,"572,208","627,870","703,388","713,178","683,198","698,997",[x],"809,126","818,121","870,225","1,089,774","1,076,054","1,023,108","1,065,056","1,087,622","1,104,584","1,160,330","1,188,644","1,187,194","1,188,796","1,144,232","1,179,918","1,076,888","170,856","544,448","752,322","808,860","877,074"
852,Eskbank,EKB,3776,Scotland,Midlothian,[z],[z],[z],[z],[z],[z],[z],[z],[z],[z],[z],[z],[z],[z],[z],[z],[z],[z],"128,298","274,770","338,932","367,042","364,514","45,402","158,970","202,734","274,640","286,350"
853,Essex Road,EXR,6004,London,Islington,"114,833","325,847","335,138","344,099","347,173","356,425",[x],"118,145","115,680","274,645","384,504","336,338","401,718","474,340","482,762","521,464","572,332","627,430","715,984","810,518","861,234","856,598","768,438","197,416","407,786","559,966","596,728","697,932"
854,Etchingham,ETC,5217,South East,Rother,"187,655","202,451","217,035","202,297","207,488","200,874",[x],"217,692","222,871","229,929","237,834","234,552","222,486","226,712","225,232","218,552","214,098","228,998","243,936","257,944","246,666","255,324","244,416","43,894","136,854","167,360","187,418","209,228"
855,Etruria,[z],[z],[z],[z],"11,324","8,629","7,217","5,588","6,400","6,566",[x],"1,798",497,[z],[z],[z],[z],[z],[z],[z],[z],[z],[z],[z],[z],[z],[z],[z],[z],[z],[z],[z]
856,Euxton Balshaw Lane,EBA,2080,North West,Chorley,"8,840","29,695","29,823","35,283","36,723","33,849",[x],"37,687","42,957","41,496","43,887","52,962","48,704","57,912","61,342","58,158","58,582","64,792","72,726","77,156","78,918","62,740","77,936","12,752","55,858","54,084","66,130","75,928"
857,Evesham,EVE,4740,West Midlands,Wychavon,"185,098","205,519","220,516","232,554","236,768","240,174",[x],"269,474","239,257","236,611","214,364","207,998","203,578","221,594","220,072","258,190","245,612","247,724","255,476","257,544","246,898","234,006","245,990","66,164","203,748","245,142","258,370","287,118"
858,Ewell East,EWE,5415,South East,Epsom and Ewell,"315,548","374,812","464,340","374,427","372,458","376,068",[x],"373,598","349,328","357,468","425,032","435,728","428,444","400,368","449,320","461,768","504,194","528,292","616,606","560,400","583,086","604,486","604,380","168,206","389,244","424,718","452,082","490,410"
859,Ewell West,EWW,5586,South East,Epsom and Ewell,"527,592","602,089","670,268","690,482","651,119","652,576",[x],"705,082","726,506","775,165","1,002,572","1,058,376","1,088,832","1,102,594","1,164,146","1,216,888","1,252,868","1,253,530","1,447,484","1,511,266","1,428,248","1,458,534","1,293,238","254,176","662,816","808,434","920,624","970,948"
860,Exeter Central,EXC,5755,South West,Exeter,"961,378","924,744","1,043,249","1,031,718","965,226","1,077,779",[x],"1,045,697","1,081,171","1,292,493","1,385,318","1,514,418","1,512,286","1,661,484","1,824,444","1,871,514","1,943,070","2,343,636","2,433,006","2,566,082","2,607,502","2,532,450","2,536,316","946,172","2,244,104","2,608,384","2,783,330","2,962,450"
861,Exeter St David's,EXD,3410,South West,Exeter,"1,382,416","1,409,906","1,510,809","1,449,186","1,473,219","1,529,718",[x],"1,632,285","1,697,428","1,800,833","1,982,428","2,128,584","2,152,786","2,266,050","2,399,394","2,401,276","2,356,204","2,509,220","2,569,104","2,642,898","2,605,162","2,619,776","2,676,464","727,776","2,206,706","2,617,322","2,721,596","2,922,288"
862,Exeter St Thomas,EXT,3414,South West,Exeter,"33,138","34,470","38,011","35,673","39,235","45,681",[x],"64,295","76,964","80,199","82,677","97,656","103,488","116,172","137,338","196,198","186,982","213,848","219,232","251,170","250,980","243,144","224,132","122,038","205,426","264,396","296,812","329,086"
863,Exhibition Centre (Glasgow),EXG,9914,Scotland,Glasgow City,"308,396","315,138","387,212","381,463","372,905","371,746",[x],"499,226","632,930","762,762","866,460","1,019,832","1,054,236","1,171,798","1,317,768","1,369,444","1,375,492","1,639,854","1,742,528","1,891,500","1,847,792","1,943,180","1,959,630","300,276","809,248","1,157,938","1,639,932","1,772,544"
864,Exmouth,EXM,5756,South West,East Devon,"543,346","533,613","580,369","578,218","628,476","735,674",[x],"623,832","611,451","677,036","697,339","731,866","722,922","779,130","825,740","872,396","892,744","927,182","924,112","960,370","962,008","946,880","896,248","327,720","807,310","898,376","916,968","999,764"
865,Exton,EXN,5760,South West,East Devon,"10,799","10,855","11,153","12,299","12,825","12,059",[x],"10,583","10,255","11,505","12,214","14,790","15,834","19,312","20,176","19,458","20,774","23,078","22,400","25,610","24,886","27,302","27,428","7,158","20,082","23,370","25,872","25,256"
866,Eynsford,EYN,5065,South East,Sevenoaks,"91,820","84,440","95,746","103,602","111,779","110,906",[x],"131,424","134,915","140,268","153,102","154,418","147,742","152,646","153,304","148,262","165,150","168,982","174,410","182,484","189,472","187,308","179,050","45,564","105,196","123,942","143,286","155,580"
867,Failsworth,[z],[z],[z],[z],"51,302","41,917","56,780","58,423","50,014","47,967",[x],"56,299","56,500","57,147","75,870","93,008","54,638",[z],[z],[z],[z],[z],[z],[z],[z],[z],[z],[z],[z],[z],[z],[z]
868,Fairbourne,FRB,4416,Wales,Gwynedd - Gwynedd,"39,554","37,558","41,522","41,997","39,022","38,923",[x],"37,910","32,677","35,624","37,515","38,700","41,578","45,830","47,194","44,130","38,164","44,138","44,516","42,146","40,512","41,420","38,086","3,642","18,438","29,388","31,862","44,390"
869,Fairfield,FRF,2780,North West,Tameside,"6,320","6,088","6,522","4,361","4,386","4,264",[x],"6,488","7,945","7,690","6,998","9,002","10,832","16,016","21,234","23,690","22,498","23,992","24,554","33,968","37,860","41,296","43,316","3,906","14,026","16,572","21,728","25,986"
870,Fairlie,FRL,9452,Scotland,North Ayrshire,"29,464","31,115","30,828","31,132","28,830","30,462",[x],"30,167","32,568","32,493","33,523","39,460","36,218","41,514","40,550","41,810","36,018","39,048","39,246","39,136","37,868","39,498","41,914","3,486","20,370","29,974","36,164","38,032"
871,Fairwater,FRW,3873,Wales,Cardiff - Caerdydd,"17,324","14,924","14,892","14,015","14,993","14,534",[x],"18,063","17,190","23,712","25,748","27,652","28,990","30,884","31,100","39,942","50,728","67,250","70,910","77,216","89,250","82,180","80,282","12,222","40,106","53,388","64,542","105,640"
872,Falconwood,FCN,5137,London,Bexley,"573,434","616,031","654,892","662,583","658,811","691,422",[x],"737,996","758,999","964,477","990,717","954,888","929,716","981,744","1,021,592","1,055,696","1,122,896","1,153,310","1,112,154","1,145,528","1,112,254","1,045,686","1,005,662","333,344","668,604","737,338","802,654","823,276"
873,Falkirk Grahamston,FKG,9930,Scotland,Falkirk,"721,410","746,968","777,335","808,510","828,451","868,651",[x],"959,451","941,451","662,246","561,030","510,910","518,514","509,282","502,376","508,850","515,756","712,840","688,079","669,976","690,380","720,008","709,004","92,364","341,774","488,604","579,928","611,856"
874,Falkirk High,FKK,9931,Scotland,Falkirk,"376,862","369,263","413,651","388,813","366,472","350,981",[x],"532,735","579,882","882,673","1,027,799","1,034,346","993,144","1,008,182","992,194","963,810","998,760","900,810","869,519","846,642","872,426","909,868","895,962","116,720","431,898","617,444","732,852","773,200"
875,Falls Of Cruachan,FOC,8726,Scotland,Argyll and Bute,96,108,104,44,120,68,[x],124,108,154,160,218,204,200,258,244,498,654,734,734,726,538,626,134,492,888,"1,478","1,782"
876,Falmer,FMR,5337,South East,Brighton and Hove,"689,746","749,078","659,913","665,435","726,349","729,653",[x],"771,095","838,150","920,259","1,009,988","1,045,586","1,033,392","1,001,256","1,249,938","1,250,322","1,316,550","1,336,334","1,334,100","1,176,982","1,386,876","1,593,072","1,574,128","279,056","903,694","1,157,664","1,210,808","1,421,366"
877,Falmouth Docks,FAL,3508,South West,Cornwall,"25,055","41,465","27,050","24,913","23,523","28,461",[x],"38,434","47,316","59,542","67,164","85,540","91,890","92,946","104,408","103,542","109,134","137,296","116,478","99,610","97,532","96,726","114,088","38,320","123,554","123,394","136,744","145,458"
878,Falmouth Town,FMT,3591,South West,Cornwall,"70,266","74,015","74,026","71,978","77,889","80,377",[x],"85,859","83,899","89,787","91,640","99,386","140,798","167,646","193,844","204,810","214,782","213,840","203,468","208,218","217,262","213,934","222,028","85,498","233,300","243,512","247,438","278,064"
879,Fareham,FRM,5900,South East,Fareham,"940,315","970,298","1,038,328","1,103,362","1,078,213","1,119,395",[x],"1,236,358","1,301,064","1,351,356","1,415,039","1,492,026","1,511,092","1,571,088","1,608,098","1,666,232","1,725,003","1,785,204","1,787,200","1,645,304","1,630,146","1,701,386","1,672,970","476,250","1,244,520","1,415,156","1,508,326","1,740,046"
880,Farnborough (Main),FNB,5521,South East,Rushmoor,"1,735,533","1,907,171","1,977,123","2,189,954","2,093,820","2,146,928",[x],"2,359,794","2,412,636","2,748,039","2,654,016","2,860,316","2,737,240","2,969,782","3,020,650","2,859,700","2,930,052","3,081,070","2,990,294","3,040,325","2,947,665","3,112,336","2,759,822","567,342","1,513,992","1,939,972","2,063,804","2,235,212"
881,Farnborough North,FNN,5688,South East,Rushmoor,"3,957","3,993","12,088","4,685","6,320","4,880",[x],"3,676","1,647","9,213","344,042","359,014","353,334","312,798","327,888","618,300","633,510","666,162","646,536","657,353","637,319","672,920","596,706","122,664","327,342","419,444","446,218","483,280"
882,Farncombe,FNC,5643,South East,Waverley,"446,959","506,272","546,536","544,990","502,648","517,052",[x],"592,624","582,757","638,712","701,994","767,710","767,678","806,182","826,620","847,234","860,042","870,668","864,546","885,284","862,414","868,654","779,808","137,736","351,174","436,802","486,764","568,436"
883,Farnham,FNH,5545,South East,Waverley,"980,358","999,479","1,033,316","1,056,241","964,461","1,040,150",[x],"1,125,562","1,173,295","1,262,481","1,466,946","1,505,060","1,546,456","1,561,910","1,575,062","1,593,474","1,593,670","1,633,504","1,656,962","1,621,414","1,562,844","1,562,588","1,547,848","273,658","930,506","1,203,496","1,376,602","1,494,080"
884,Farningham Road,FNR,5105,South East,Dartford,"180,869","183,276","175,387","170,414","168,899","169,414",[x],"178,550","178,361","197,952","222,565","211,602","202,870","206,750","200,258","189,518","198,356","195,076","203,588","210,476","208,728","210,874","198,984","38,932","104,164","119,200","128,296","131,516"
885,Farnworth,FNW,2811,North West,Bolton,"20,066","16,480","20,221","21,695","19,388","15,922",[x],"21,699","25,244","22,840","23,830","33,960","36,564","36,816","44,712","43,740","41,358","41,026","13,166","38,408","36,922","46,380","59,228","17,610","43,744","48,002","53,000","50,790"
886,Farringdon,ZFD,577,London,Islington,[z],[z],[z],[z],[z],[z],[z],[z],[z],"1,636,705","1,704,292","1,173,136","1,492,179","4,632,081","4,944,088","5,040,844","6,454,850","7,007,470","12,185,440","12,045,560","12,618,356","15,087,488","16,496,662","2,643,390","6,865,228","31,459,904","46,049,862","50,171,290"
887,Fauldhouse,FLD,9245,Scotland,West Lothian,"29,268","31,160","33,248","33,995","31,453","32,448",[x],"36,907","38,760","41,850","45,766","49,184","45,598","44,504","44,224","42,350","43,091","45,500","45,178","39,452","38,612","36,334","38,748","4,888","25,232","32,740","42,016","46,148"
888,Faversham,FAV,5167,South East,Swale,"1,122,337","1,213,365","1,308,319","1,336,379","1,328,676","1,316,818",[x],"1,356,008","1,365,823","1,461,177","1,545,110","1,560,252","1,465,396","1,468,446","1,472,072","1,444,478","1,381,575","1,430,252","1,468,006","1,499,066","1,549,326","1,568,680","1,543,412","436,970","1,119,620","1,289,544","1,327,828","1,525,470"
889,Faygate,FGT,5493,South East,Horsham,"2,019","4,518","6,317","5,103","3,699","5,636",[x],"4,139","5,217","7,105","8,000","5,974","6,352","8,178","7,704","13,204","11,980","13,532","13,222","9,028","8,326","8,298","8,614","1,542","3,886","5,934","7,756","9,478"
890,Fazakerley,FAZ,2126,North West,Liverpool,"215,752","229,225","260,760","236,393","201,293","215,019",[x],"300,552","329,306","318,664","330,843","889,816","832,474","864,108","861,054","789,698","1,061,930","1,088,202","1,088,808","1,108,962","1,135,988","1,250,320","1,465,622","413,542","920,166","899,436","900,092","1,107,238"
891,Fearn,FRN,8637,Scotland,Highland,822,856,901,"1,039",910,"1,909",[x],"5,157","5,143","6,069","5,581","7,724","6,790","6,720","7,818","7,226","6,606","6,130","5,396","5,262","5,256","4,304","4,182",850,"2,980","3,754","4,062","3,780"
892,Featherstone,FEA,8544,Yorkshire and The Humber,Wakefield,"44,573","58,588","65,064","63,160","32,656","32,699",[x],"52,530","57,650","60,326","64,256","72,360","74,126","77,754","81,138","81,452","72,106","67,256","66,024","65,260","59,136","62,218","76,146","26,092","62,352","65,072","81,502","86,004"
893,Felixstowe,FLX,7214,East of England,East Suffolk,"107,337","101,683","153,175","153,313","176,234","159,331",[x],"156,189","167,773","168,258","208,587","203,244","190,136","193,986","196,532","210,762","211,238","205,176","193,776","198,934","202,566","187,454","170,412","58,704","193,072","218,542","238,190","278,504"
894,Feltham,FEL,5559,London,Hounslow,"852,044","1,076,515","1,304,736","1,471,540","1,447,302","1,412,866",[x],"1,864,421","1,966,655","3,014,371","3,458,638","3,194,188","3,130,642","3,405,934","3,699,046","3,882,124","4,027,070","4,294,762","4,392,030","4,314,704","4,320,722","4,316,484","3,922,802","1,110,472","2,575,420","3,076,578","3,249,288","3,626,102"
895,Feniton,FNT,5808,South West,East Devon,"55,934","52,835","56,101","58,778","50,734","49,632",[x],"57,541","55,341","59,872","61,653","66,644","60,048","64,490","68,468","66,958","66,394","70,534","74,294","69,078","71,972","63,808","53,724","17,456","47,544","52,048","53,836","54,896"
896,Fenny Stratford,FEN,1377,South East,Milton Keynes,"28,394","22,465","21,539","18,697","16,502","19,864",[x],"18,507","18,683","16,734","18,418","17,662","15,580","17,344","21,308","21,268","26,424","27,134","27,416","24,974","22,632","26,292","26,446","2,668","7,230","11,350","6,420","26,144"
897,Fernhill,FER,3862,Wales,Rhondda Cynon Taf - Rhondda Cynon Taf,"20,551","19,441","21,091","23,618","24,946","26,240",[x],"21,229","20,728","26,785","26,587","25,426","27,926","22,914","19,976","23,948","24,250","25,186","26,256","24,520","26,148","23,106","19,310","3,268","15,126","19,490","16,982","27,334"
898,Ferriby,FRY,8061,Yorkshire and The Humber,East Riding of Yorkshire,"53,971","54,585","50,720","43,115","38,404","40,100",[x],"41,241","40,397","43,571","46,564","45,256","46,486","50,514","49,266","50,364","50,298","47,354","45,188","48,928","51,766","44,918","49,866","5,342","28,622","41,570","47,348","55,512"
899,Ferryside,FYS,4074,Wales,Carmarthenshire - Sir Gaerfyrddin,"14,720","13,258","14,995","16,981","19,789","18,862",[x],"17,211","18,775","19,461","21,277","23,034","20,370","21,454","19,836","20,706","20,730","19,326","19,608","21,572","20,086","19,044","19,728","6,938","19,056","14,838","13,840","16,476"
900,Ffairfach,FFA,4066,Wales,Carmarthenshire - Sir Gaerfyrddin,"1,813","1,515","1,784","1,731","2,035","2,569",[x],"2,448","1,696","1,558","1,981","2,198","2,616","2,302","2,490","2,568","3,146","2,820","2,842","2,552","2,694","2,372","3,128",132,"2,208","3,006","3,596","3,992"
901,Filey,FIL,8062,Yorkshire and The Humber,North Yorkshire,"120,963","112,631","110,477","100,358","91,540","75,096",[x],"91,411","93,463","100,300","101,098","109,704","118,084","114,654","123,472","120,860","123,218","121,216","119,506","122,776","120,534","105,844","139,748","48,056","153,574","163,222","152,458","172,798"
902,Filton Abbey Wood,FIT,3235,South West,South Gloucestershire,"372,393","343,886","352,420","336,183","320,074","395,308",[x],"377,552","401,325","410,630","457,611","536,958","598,032","679,270","771,344","852,250","988,734","1,007,780","1,021,550","1,064,634","1,047,754","901,872","976,150","115,624","384,584","521,474","630,438","693,586"
903,Finchley Road and Frognal,FNY,1445,London,Camden,"82,778","281,191","330,530","325,068","332,393","355,253",[x],"164,097","196,379","937,531","841,498","632,978","566,284","903,322","1,352,086","1,718,596","2,113,956","2,173,016","2,199,892","2,133,790","2,031,162","2,155,436","1,970,908","769,530","1,426,148","1,569,956","1,783,452","1,876,386"
904,Finsbury Park,FPK,6119,London,Islington,"2,439,990","2,764,554","2,679,487","2,745,831","3,013,004","3,006,865",[x],"5,021,634","5,041,828","5,875,109","5,545,881","5,492,164","6,566,019","7,337,297","6,448,612","6,430,270","6,429,584","6,263,994","5,656,786","7,032,726","6,781,272","7,614,996","7,669,706","2,013,500","4,600,424","8,559,032","9,363,598","11,176,026"
905,Finstock,FIN,3012,South East,West Oxfordshire,"1,682","1,688","1,094","1,347","1,605","1,799",[x],"1,055","1,297","1,157","1,095","1,022","1,458","1,984","1,982","1,970","1,920","1,804","1,770","1,836","1,756","1,714","1,542",102,364,706,"1,112","1,136"
906,Fishbourne (Sussex),FSB,5261,South East,Chichester,"35,796","39,269","46,431","45,732","52,695","62,409",[x],"63,424","65,830","71,340","69,361","63,580","62,872","66,088","71,540","74,880","75,054","73,178","77,846","53,922","64,198","71,168","67,724","25,782","58,254","58,972","57,718","67,938"
907,Fishersgate,FSG,5284,South East,Adur,"85,047","89,765","96,201","89,806","82,071","89,702",[x],"92,056","87,184","94,750","106,560","99,588","92,616","94,474","106,098","113,128","114,306","122,124","123,724","92,456","115,122","132,654","139,774","41,660","86,774","90,452","92,022","97,326"
908,Fishguard and Goodwick,FGW,6680,Wales,Pembrokeshire - Sir Benfro,[z],[z],[z],[z],[z],[z],[z],[z],[z],[z],[z],[z],[z],[z],[z],"12,072","17,062","19,874","19,946","19,600","20,136","19,838","19,452","1,548","6,152","13,442","16,594","18,262"
909,Fishguard Harbour,FGH,4076,Wales,Pembrokeshire - Sir Benfro,"25,876","24,335","23,314","19,772","17,654","18,066",[x],"28,284","23,873","29,049","24,755","24,838","23,746","30,832","38,828","35,520","29,404","26,522","22,646","18,600","16,992","13,982","12,582","2,240","5,200","10,288","8,388","9,606"
910,Fiskerton,FSK,6351,East Midlands,Newark and Sherwood,"4,732","4,964","5,489","5,814","7,177","6,463",[x],"6,759","8,878","10,477","10,824","9,654","9,036","9,772","11,278","13,966","12,106","13,116","20,302","26,760","32,822","37,102","36,708","4,284","16,198","21,274","22,642","27,828"
911,Fitzwilliam,FZW,8583,Yorkshire and The Humber,Wakefield,"92,056","99,894","109,749","101,241","82,915","79,428",[x],"105,216","116,088","126,419","142,144","180,606","178,518","195,542","201,448","229,610","256,362","278,592","292,918","302,122","299,136","282,088","290,498","78,978","198,102","239,232","243,070","273,296"
912,Five Ways,FWY,4503,West Midlands,Birmingham,"308,332","319,542","288,367","300,286","324,749","339,486",[x],"450,406","479,555","514,449","563,850","990,082","1,043,350","1,050,126","1,346,254","1,350,282","1,447,006","1,452,738","1,585,886","1,660,958","1,835,422","2,301,032","2,496,758","564,330","1,171,056","1,458,854","1,384,590","1,302,172"
913,Fleet,FLE,5522,South East,Hart,"966,442","1,004,552","1,071,713","1,083,345","1,069,077","1,057,830",[x],"1,262,524","1,369,937","1,465,987","1,573,205","1,611,814","1,579,906","1,650,254","1,745,918","1,768,336","1,760,159","1,814,208","1,896,110","1,888,198","1,815,878","1,884,432","1,707,750","289,726","834,340","1,091,484","1,277,008","1,400,680"
914,Flimby,FLM,2026,North West,Cumberland,"11,802","8,418","4,869","4,952","5,664","3,959",[x],"5,939","6,350","4,832","5,809","6,884","8,756","12,770","15,744","14,238","13,566","13,028","12,132","11,678","9,442","9,474","12,844","4,372","10,502","10,574","12,458","17,316"
915,Flint,FLN,2513,Wales,Flintshire - Sir y Fflint,"162,767","165,575","179,401","172,443","163,602","145,663",[x],"158,887","170,145","195,388","219,174","218,678","234,220","259,546","279,762","270,682","263,538","265,910","266,276","261,094","257,494","273,340","264,190","60,392","187,992","234,320","299,204","333,542"
916,Flitwick,FLT,1532,East of England,Central Bedfordshire,"754,343","912,773","966,090","999,001","1,045,849","1,065,172",[x],"1,088,117","1,101,677","1,195,342","1,247,610","1,241,204","1,175,068","1,203,744","1,245,428","1,319,110","1,347,050","1,450,970","1,479,732","1,518,180","1,587,172","1,630,520","1,555,334","296,864","829,188","1,089,904","1,207,194","1,276,900"
917,Flixton,FLI,2935,North West,Trafford,"46,280","42,991","41,739","44,615","44,886","43,358",[x],"64,686","66,263","60,274","60,025","70,466","70,718","78,854","82,620","82,834","93,018","98,610","103,654","130,442","132,526","144,338","146,174","25,754","75,970","90,120","102,146","119,346"
918,Flowery Field,FLF,2786,North West,Tameside,"82,054","79,873","74,045","73,341","77,699","84,391",[x],"114,295","117,163","114,446","121,569","163,038","168,334","191,072","208,524","197,450","212,498","187,820","197,330","222,152","223,832","274,162","253,172","66,500","162,868","144,884","164,080","183,740"
919,Folkestone Central,FKC,5035,South East,Folkestone and Hythe,"786,640","797,647","795,316","806,725","829,057","792,120",[x],"876,640","910,165","905,764","949,152","929,371","885,789","1,004,630","1,082,300","1,037,570","1,056,495","1,037,218","994,568","1,021,036","1,092,130","1,055,010","1,031,302","267,698","682,674","811,686","902,566","817,324"
920,Folkestone West,FKW,5027,South East,Folkestone and Hythe,"72,805","69,018","75,258","68,509","76,509","73,295",[x],"79,810","82,527","153,977","190,866","217,579","209,074","286,703","313,178","315,972","340,620","478,156","550,804","552,692","601,430","793,296","775,466","201,292","513,322","610,330","678,666","970,078"
921,Ford,FOD,5258,South East,Arun,"62,706","63,978","63,827","64,672","67,998","71,639",[x],"76,739","81,718","81,219","92,325","96,894","102,126","102,356","117,906","121,384","125,868","124,370","113,918","95,982","114,594","118,168","117,008","49,220","92,108","94,128","105,886","116,966"
922,Forest Gate,FOG,6876,London,Newham,"821,695","1,160,633","1,160,614","1,109,148","1,144,996","1,209,066",[x],"956,231","915,549","1,891,875","2,037,387","1,706,018","1,598,816","1,914,054","2,205,106","2,403,326","2,647,058","2,786,448","3,846,734","3,207,020","2,834,734","2,980,888","3,354,698","1,424,074","2,675,098","4,883,572","7,177,488","5,835,876"
923,Forest Hill,FOH,5362,London,Lewisham,"1,558,523","1,789,201","1,938,687","1,911,710","1,977,469","2,125,791",[x],"2,033,105","2,006,798","3,014,902","3,127,730","3,022,766","2,945,358","3,643,002","4,183,512","4,487,196","4,665,736","4,661,252","5,264,368","5,422,654","5,222,206","5,291,880","4,999,990","1,322,472","2,946,890","3,757,282","4,231,024","4,229,240"
924,Formby,FBY,2354,North West,Sefton,"369,166","376,669","403,637","361,700","282,679","279,822",[x],"424,875","482,312","525,841","553,546","1,668,128","1,576,974","1,595,890","1,513,544","1,401,584","1,282,716","1,311,918","1,385,228","1,492,202","1,476,462","1,516,340","1,547,950","418,070","995,964","1,062,658","1,169,594","1,606,086"
925,Forres,FOR,8638,Scotland,Moray,"55,222","56,902","62,675","65,318","68,785","75,321",[x],"94,943","99,145","95,751","93,726","99,516","103,250","111,222","113,976","118,288","124,111","131,398","130,658","123,298","118,036","126,290","141,000","32,890","92,636","97,030","129,646","131,372"
926,Forsinard,FRS,8639,Scotland,Highland,"1,467","1,204","1,347","1,226","1,293","1,432",[x],"1,674","1,497","1,098","1,256","1,836","1,496","1,770","1,970","2,088","1,718","1,456","1,516","2,124","2,210","2,530","2,866",160,660,936,"1,376","1,562"
927,Fort Matilda,FTM,9675,Scotland,Inverclyde,"55,334","62,410","64,209","64,762","64,737","68,399",[x],"83,544","93,550","98,510","108,790","119,078","124,354","121,774","122,124","124,092","121,088","130,618","135,242","140,472","140,182","148,000","141,752","13,024","60,052","85,186","102,208","115,730"
928,Fort William,FTW,8827,Scotland,Highland,"99,806","97,428","108,112","99,776","104,479","106,284",[x],"114,211","115,417","115,510","120,333","121,920","134,302","135,488","138,870","135,556","145,504","144,106","139,808","138,514","155,856","160,418","139,722","22,316","114,230","145,564","192,078","176,226"
929,Four Oaks,FOK,1042,West Midlands,Birmingham,"164,893","310,448","178,783","172,793","179,831","184,241",[x],"224,861","235,005","250,955","276,615","538,372","541,006","547,744","581,454","585,186","622,922","640,286","700,510","750,346","763,350","823,494","804,514","121,108","376,570","497,646","606,132","701,024"
930,Foxfield,FOX,2046,North West,Westmorland and Furness,"12,251","13,972","13,626","16,425","16,560","17,285",[x],"15,616","15,396","16,414","16,000","17,464","24,668","27,962","27,698","27,064","27,088","26,698","23,416","24,604","22,680","22,402","25,976","4,758","12,470","13,322","13,580","14,572"
931,Foxton,FXN,7029,East of England,South Cambridgeshire,"41,647","39,801","46,474","43,482","44,315","48,874",[x],"53,538","54,088","64,685","63,418","76,898","72,072","76,860","83,364","87,974","87,164","94,080","88,236","92,908","102,170","101,990","105,404","30,564","75,252","87,794","94,124","98,982"
932,Frant,FRT,5218,South East,Wealden,"82,969","95,781","102,530","97,212","94,753","94,898",[x],"86,693","89,366","98,874","101,641","120,570","113,098","121,644","120,580","111,064","111,856","124,670","126,444","135,828","139,768","147,050","137,888","25,556","71,466","90,644","102,600","112,566"
933,Fratton,FTN,5509,South East,Portsmouth,"798,038","851,997","922,087","994,274","1,062,282","1,109,931",[x],"1,246,101","1,289,130","1,368,920","1,464,604","1,557,636","1,485,842","1,530,310","1,581,590","1,552,398","1,570,588","1,643,624","1,715,878","1,595,694","1,601,020","1,735,300","1,778,362","631,428","1,518,994","1,775,756","1,955,402","2,080,340"
934,Freshfield,FRE,2355,North West,Sefton,"243,953","244,884","259,781","224,986","173,978","169,370",[x],"249,567","266,415","277,933","283,772","827,718","798,444","795,312","760,336","715,288","740,700","771,648","777,812","773,750","721,168","712,078","773,250","205,926","484,074","498,888","526,128","589,314"
935,Freshford,FFD,3344,South West,Bath and North East Somerset,"18,255","17,182","15,626","19,549","19,073","18,757",[x],"20,711","20,779","23,448","25,552","31,604","30,796","33,456","37,280","39,160","40,148","44,414","43,160","45,468","44,732","53,368","55,454","13,218","34,112","44,094","48,416","55,412"
936,Frimley,FML,5683,South East,Surrey Heath,"169,847","182,070","176,022","173,669","156,485","157,442",[x],"181,097","197,992","198,063","221,711","242,318","224,614","220,234","219,942","226,258","220,164","210,102","215,418","215,496","202,910","204,340","177,866","63,066","140,544","163,918","183,440","204,590"
937,Frinton-on-Sea,FRI,6854,East of England,Tendring,"163,206","164,742","167,432","175,245","189,510","187,098",[x],"183,631","175,814","186,831","171,603","173,404","165,828","168,460","175,884","175,226","189,644","197,916","203,396","208,252","191,352","200,904","184,550","51,010","134,952","159,442","178,506","208,700"
938,Frizinghall,FZH,8556,Yorkshire and The Humber,Bradford,"129,754","134,916","154,665","143,202","133,336","149,698",[x],"229,912","261,107","267,723","276,668","359,146","353,326","384,626","389,820","375,240","378,298","413,770","376,850","440,964","431,058","439,718","427,578","197,746","340,982","372,642","403,122","433,232"
939,Frodsham,FRD,2284,North West,Cheshire West and Chester,"77,784","90,433","110,081","112,379","110,497","112,290",[x],"74,245","77,028","78,118","88,668","92,704","100,730","115,292","122,284","134,728","150,502","166,716","175,318","178,344","195,516","204,234","259,628","38,690","141,944","182,600","210,940","269,138"
940,Frome,FRO,5707,South West,Somerset,"67,962","73,704","71,508","72,633","77,357","80,082",[x],"92,126","93,407","100,067","98,974","111,896","121,236","135,180","145,574","152,240","157,584","169,482","174,644","187,594","190,848","201,332","207,704","47,914","166,484","207,088","254,698","288,048"
941,Fulwell,FLW,5587,London,Richmond upon Thames,"201,279","255,246","262,718","260,859","227,302","234,817",[x],"254,498","246,114","421,010","482,449","419,564","398,906","419,560","442,382","461,212","468,972","496,800","481,938","424,266","411,034","416,226","386,320","72,458","223,736","322,168","400,602","437,388"
942,Furness Vale,FNV,2952,East Midlands,High Peak,"23,808","23,003","23,101","21,074","16,394","15,867",[x],"11,969","13,946","12,978","14,982","16,372","16,946","18,384","20,302","20,736","19,288","17,360","19,094","21,800","25,510","26,526","27,326","6,494","19,262","20,026","22,750","25,792"
943,Furze Platt,FZP,3144,South East,Windsor and Maidenhead,"118,317","121,133","141,373","146,724","146,493","147,577",[x],"157,562","170,757","154,163","146,176","143,292","137,054","145,858","152,812","155,932","162,096","166,904","182,676","180,134","175,694","182,646","183,252","39,580","98,582","116,530","152,984","178,240"
944,Gainsborough Central,GNB,6465,East Midlands,West Lindsey,35,13,36,31,24,8,[x],21,21,"33,217","1,127","1,172","1,438","1,134","1,348","1,128","1,220","1,552","1,352",996,970,"1,494","2,384",616,"1,830","1,950","1,676","2,372"
945,Gainsborough Lea Road,GBL,6424,East Midlands,West Lindsey,"55,146","54,992","68,149","80,209","88,371","86,169",[x],"120,891","132,747","106,634","118,854","118,616","136,284","146,836","155,048","150,154","137,394","141,834","153,286","156,776","159,618","164,188","174,122","42,386","145,840","168,940","184,600","211,442"
946,Galashiels,GAL,9329,Scotland,Scottish Borders,[z],[z],[z],[z],[z],[z],[z],[z],[z],[z],[z],[z],[z],[z],[z],[z],[z],[z],"213,760","346,264","356,262","360,416","328,448","37,486","186,858","268,720","320,406","309,374"
947,Garelochhead,GCH,9971,Scotland,Argyll and Bute,"2,967","2,960","3,538","4,792","4,020","3,868",[x],"4,824","5,940","5,269","5,156","5,374","4,706","5,040","5,122","5,682","5,256","6,920","7,806","8,556","9,796","8,818","8,594","1,678","8,478","10,030","13,192","17,740"
948,Garforth,GRF,8474,Yorkshire and The Humber,Leeds,"272,320","343,457","360,986","321,532","325,724","348,456",[x],"439,779","463,511","482,923","517,791","643,998","612,514","675,966","676,672","610,994","636,609","652,252","674,834","701,310","661,392","644,484","629,206","114,184","344,700","424,784","488,140","561,056"
949,Gargrave,GGV,2654,Yorkshire and The Humber,North Yorkshire,"10,625","11,991","10,855","9,876","10,041","9,178",[x],"25,057","37,149","34,311","15,578","19,448","18,122","21,370","21,890","21,478","23,738","29,176","26,570","27,856","29,898","30,462","33,820","5,780","23,644","32,726","35,182","40,672"
950,Garrowhill,GAR,9904,Scotland,Glasgow City,"306,377","343,490","344,412","363,344","328,187","274,060",[x],"333,976","365,639","558,643","564,382","581,126","502,022","515,556","553,072","557,822","451,578","469,338","463,228","465,362","479,058","489,846","470,038","63,084","196,278","278,386","349,702","369,700"
951,Garscadden,GRS,9979,Scotland,Glasgow City,"169,212","185,712","176,313","156,566","137,859","105,260",[x],"150,657","174,969","180,694","191,589","227,498","231,734","235,558","245,168","253,682","227,730","224,964","230,694","209,064","231,698","225,712","230,836","31,798","118,678","150,074","193,038","217,630"
952,Garsdale,GSD,2104,North West,Westmorland and Furness,"13,047","12,773","12,189","10,643","9,010","10,087",[x],"12,496","12,186","11,060","10,883","11,584","13,124","15,006","14,852","15,136","16,234","15,614","15,684","12,520","15,974","15,572","15,800","2,684","12,424","14,494","15,112","17,054"
953,Garston (Hertfordshire),GSN,1559,East of England,Watford,"61,141","66,926","76,421","71,943","77,726","73,426",[x],"81,113","77,654","86,038","93,079","89,058","78,916","86,812","92,954","95,582","85,532","65,296","71,984","72,670","80,540","80,724","75,218","8,796","18,412","41,946","45,030","53,142"
954,Garston (Merseyside),[z],[z],[z],[z],"162,858","179,601","198,838","171,128","135,341","141,022",[x],"190,778","222,247","42,886",[z],[z],[z],[z],[z],[z],[z],[z],[z],[z],[z],[z],[z],[z],[z],[z],[z],[z]
955,Garswood,GSW,2335,North West,St. Helens,"102,516","117,089","123,149","130,985","128,031","109,734",[x],"124,319","133,799","141,321","147,315","306,540","295,446","314,798","330,856","302,946","292,316","278,362","305,950","323,106","350,520","190,210","195,044","42,170","120,412","116,550","131,796","135,728"
956,Gartcosh,GRH,9723,Scotland,North Lanarkshire,[z],[z],[z],[z],[z],[z],[z],[z],"59,959","99,585","110,967","124,314","131,666","134,408","143,766","142,028","153,414","177,018","156,776","133,838","148,394","186,666","173,472","26,948","96,136","134,862","173,330","180,516"
957,Garth (Bridgend County),GMG,3961,Wales,Bridgend - Pen-y-bont ar Ogwr,"11,169","14,264","15,860","16,604","21,029","19,824",[x],"15,512","14,739","14,233","17,861","20,882","19,834","17,064","17,836","19,152","26,292","14,810","12,796","12,036","12,472","12,182","12,756","3,838","11,144","14,492","18,140","22,396"
958,Garth (Powys),GTH,4148,Wales,Powys - Powys,"1,423","1,193","1,278","1,162","1,658","2,269",[x],"1,440","1,132","1,045","1,308","1,246","1,064","1,032","1,278","1,256","1,322","1,500","1,058",974,"1,032","1,340","1,482",74,420,586,838,"1,118"
959,Garve,GVE,8640,Scotland,Highland,"3,220","4,168","5,960","6,211","6,223","7,128",[x],"7,092","9,471","9,690","9,847","8,546","6,898","5,814","5,038","5,384","5,028","5,076","4,676","3,668","4,302","3,212","3,480",426,"2,560","3,290","4,264","3,964"
960,Gathurst,GST,2397,North West,Wigan,"30,608","26,902","29,231","29,499","29,409","29,267",[x],"34,989","47,600","50,625","53,103","71,732","73,388","82,306","91,120","92,622","92,464","86,050","86,976","97,870","92,888","94,320","106,722","14,426","71,014","80,454","73,518","74,078"
961,Gatley,GTY,2953,North West,Stockport,"121,459","115,639","130,086","129,075","121,304","116,629",[x],"151,681","173,814","152,051","183,605","234,882","238,096","258,332","278,618","291,318","308,810","309,926","320,370","356,506","346,240","349,700","338,626","66,656","252,240","287,138","306,168","373,524"
962,Gatwick Airport,GTW,5416,South East,Crawley,"7,473,147","8,089,425","8,604,128","9,016,805","8,675,035","8,641,336",[x],"7,976,619","8,585,167","11,888,848","12,729,628","11,695,308","12,814,802","13,128,956","14,759,610","15,353,056","16,185,672","17,494,324","18,028,846","19,361,658","20,328,160","21,225,246","21,050,640","1,686,444","5,919,044","16,507,980","19,489,656","21,211,048"
963,Georgemas Junction,GGJ,8641,Scotland,Highland,999,"1,136","1,507","1,325","1,162","1,129",[x],"1,108","1,018",989,893,"1,500","1,482","1,630","1,682","1,906","1,652","1,696","1,572","1,502","1,320","1,576","1,570",234,"1,032","1,318","1,588","1,992"
964,Gerrards Cross,GER,3051,South East,Buckinghamshire,"836,438","869,866","874,782","967,110","943,612","947,020",[x],"953,108","828,808","1,000,165","1,115,291","1,129,282","1,130,898","1,129,508","1,148,926","1,270,668","1,338,726","1,407,408","1,461,276","1,486,410","1,487,488","1,512,018","1,419,576","199,988","659,832","901,146","959,000","1,102,694"
965,Gidea Park,GDP,6877,London,Havering,"1,529,292","1,827,087","1,833,413","1,819,302","1,828,527","1,838,132",[x],"1,689,192","1,670,663","2,703,604","3,172,538","2,587,398","2,401,226","2,467,414","2,524,448","2,587,142","2,810,806","2,944,838","2,860,546","2,797,104","2,711,136","2,833,972","2,872,264","752,520","1,683,656","2,804,592","3,609,930","2,998,252"
966,Giffnock,GFN,9794,Scotland,East Renfrewshire,"282,436","301,021","297,658","276,200","245,648","231,616",[x],"223,517","244,667","266,056","272,747","316,324","320,050","331,134","348,718","354,770","315,329","326,972","341,126","358,670","361,060","359,202","351,084","49,824","177,980","232,152","314,052","235,042"
967,Giggleswick,GIG,2655,Yorkshire and The Humber,North Yorkshire,"10,819","10,204","10,313","9,658","8,021","8,149",[x],"9,787","10,249","11,856","13,819","12,952","10,926","11,120","11,596","12,158","12,082","12,944","12,918","11,408","10,936","9,962","12,720","1,642","9,640","13,842","14,078","15,486"
968,Gilberdyke,GBD,8117,Yorkshire and The Humber,East Riding of Yorkshire,"72,466","63,970","67,961","70,215","68,349","64,583",[x],"64,843","66,603","59,765","64,702","57,880","53,042","45,270","50,820","50,004","50,998","52,026","52,034","59,814","62,516","58,018","56,410","12,278","46,004","54,998","65,118","76,958"
969,Gilfach Fargoed,GFF,4022,Wales,Caerphilly - Caerffili,"15,326","18,860","21,395","21,966","24,051","21,016",[x],"8,997","6,335","2,284","2,556","2,344","3,396","3,376","4,182","3,456","3,690","3,606","3,882","3,152","5,150","4,396","4,972",74,"1,158","3,902","4,096","5,142"
970,Gillingham (Dorset),GIL,5796,South West,Dorset,"242,922","247,239","268,156","292,601","297,271","325,981",[x],"359,176","361,129","368,966","395,177","400,650","395,070","410,688","423,492","408,466","415,612","423,212","425,660","434,378","395,018","378,014","350,616","82,042","226,710","277,934","301,862","357,614"
971,Gillingham (Kent),GLM,5169,South East,Medway,"1,572,784","1,824,082","1,984,900","1,943,861","1,887,116","1,963,127",[x],"1,985,141","2,033,034","2,200,842","2,348,656","2,371,132","2,305,746","2,409,294","2,433,338","2,408,408","2,439,280","2,540,188","2,629,244","2,731,126","2,744,172","2,747,444","2,515,400","939,810","1,860,628","2,120,460","2,342,402","2,542,112"
972,Gilshochill,GSC,9956,Scotland,Glasgow City,"136,717","32,787","32,454","31,163","26,870","20,378",[x],"27,892","33,130","74,051","82,376","96,788","95,998","84,828","89,482","98,900","94,544","101,938","86,996","65,076","94,734","91,182","71,448","15,506","42,708","53,666","76,944","68,720"
973,Gipsy Hill,GIP,5363,London,Lambeth,"827,342","1,055,529","1,143,742","1,130,385","1,170,484","1,199,859",[x],"1,077,284","1,133,747","1,595,174","1,871,823","1,705,800","1,560,968","1,718,698","1,915,048","1,943,522","1,992,136","2,063,946","1,968,148","1,715,420","1,731,828","1,757,758","1,768,372","472,048","904,234","1,083,192","1,325,654","1,401,264"
974,Girvan,GIR,9501,Scotland,South Ayrshire,"72,007","79,053","87,763","92,361","95,316","96,529",[x],"99,242","106,417","104,128","101,438","110,450","111,274","114,078","124,304","134,072","138,692","139,604","137,076","143,372","151,448","109,028","121,742","15,456","60,996","73,744","56,814","61,504"
975,Glaisdale,GLS,7921,Yorkshire and The Humber,North Yorkshire,"27,541","25,540","25,947","23,520","22,791","23,129",[x],"28,071","26,887","26,355","22,276","20,284","18,686","21,222","18,564","11,194","15,216","15,046","18,754","18,298","20,140","23,316","20,920","16,396","18,194","18,858","19,178","19,420"
976,Glan Conwy,GCW,2454,Wales,Conwy - Conwy,"24,560","28,172","20,725","18,997","13,941","10,747",[x],"4,791","2,175","2,729","2,806","2,342","2,404","2,416","3,798","3,288","4,572","4,852","3,748","3,566","3,166","3,932","2,858",350,"2,614","3,620","4,764","7,148"
977,Glasgow Central,GLC,9813,Scotland,Glasgow City,"20,304,980","21,762,363","23,030,294","23,327,400","23,007,141","22,958,256",[x],"27,006,323","29,379,666","21,002,296","21,657,992","23,867,850","23,809,949","24,950,987","26,610,016","27,185,020","27,152,622","28,964,760","30,000,582","32,060,134","32,915,902","32,797,088","32,465,202","5,325,090","15,322,350","20,767,954","24,964,246","25,293,930"
978,Glasgow Queen Street,GLQ,9950,Scotland,Glasgow City,"1,694,773","2,353,901","2,369,219","2,168,541","2,025,121","2,028,873",[x],"3,730,904","3,734,739","14,052,804","14,659,583","17,363,360","19,121,724","19,742,406","16,371,960","16,452,000","15,760,504","16,959,230","16,424,064","14,682,214","16,398,224","17,207,208","16,685,760","2,299,020","8,467,718","12,283,736","14,503,312","14,950,752"
979,Glasshoughton,GLH,8360,Yorkshire and The Humber,Wakefield,[z],[z],[z],[z],[z],[z],[z],"2,104","34,936","82,911","122,178","135,266","143,674","138,424","139,446","180,166","177,986","181,000","186,198","186,498","169,892","160,358","159,810","26,134","99,294","113,296","115,220","108,944"
980,Glazebrook,GLZ,2301,North West,Warrington,"31,475","30,172","28,479","26,116","26,942","24,902",[x],"28,462","30,750","33,378","34,593","42,598","41,226","47,360","47,592","49,524","54,548","49,442","48,380","47,032","45,432","49,574","48,808","10,220","23,552","24,296","23,972","25,546"
981,Gleneagles,GLE,8715,Scotland,Perth and Kinross,"18,389","19,297","21,504","18,316","19,509","18,896",[x],"21,828","24,636","26,547","27,432","31,062","31,934","36,782","39,570","43,602","49,728","59,350","66,698","68,730","73,066","77,998","87,772","12,160","65,680","76,370","95,588","104,594"
982,Glenfinnan,GLF,8828,Scotland,Highland,"3,536","3,520","3,146","3,360","3,683","3,667",[x],"3,853","4,584","5,420","5,307","5,750","6,682","7,402","7,172","8,246","7,736","8,778","9,418","9,122","11,620","12,486","13,864","1,876","7,924","13,420","19,764","18,274"
983,Glengarnock,GLG,9503,Scotland,North Ayrshire,"229,216","232,834","235,406","220,412","210,446","209,085",[x],"231,302","251,727","265,206","260,053","288,666","269,052","284,894","294,468","303,716","320,824","332,128","339,572","369,082","424,794","388,982","382,404","48,242","182,522","235,548","282,374","290,886"
984,Glenrothes with Thornton,GLT,9301,Scotland,Fife,"29,160","34,254","39,371","44,447","41,443","40,324",[x],"46,906","47,661","54,559","53,661","52,226","52,648","51,298","57,536","60,906","63,002","67,346","76,688","76,916","79,492","76,810","71,870","7,366","43,680","42,604","50,680","50,756"
985,Glossop,GLO,2895,East Midlands,High Peak,"423,631","440,651","453,608","431,455","408,932","381,918",[x],"429,617","465,661","465,279","487,957","693,046","701,694","740,182","765,544","898,836","940,436","895,744","876,044","900,620","932,964","1,114,454","1,129,132","253,346","588,956","584,322","669,526","739,966"
986,Gloucester,GCR,4760,South West,Gloucester,"699,284","692,246","711,688","703,646","698,401","748,155",[x],"809,913","875,708","942,692","1,014,821","1,158,628","1,145,084","1,216,730","1,251,678","1,303,750","1,314,800","1,364,142","1,435,698","1,479,538","1,477,962","1,520,744","1,546,910","394,698","1,213,642","1,452,948","1,576,650","1,763,556"
987,Glynde,GLY,5338,South East,Lewes,"28,137","34,299","33,671","33,413","36,584","38,488",[x],"44,734","48,741","57,803","63,166","61,092","61,122","66,742","65,576","67,186","73,798","74,542","77,738","60,998","63,620","68,436","72,958","20,492","51,232","60,526","62,362","68,736"
988,Gobowen,GOB,4457,West Midlands,Shropshire,"111,520","110,851","124,317","130,243","126,101","133,544",[x],"140,968","145,211","164,866","177,408","186,988","193,032","205,442","204,730","214,074","199,918","202,402","213,900","221,138","218,682","223,378","218,970","37,790","154,392","194,734","218,022","247,608"
989,Godalming,GOD,5629,South East,Waverley,"813,055","832,595","927,710","872,558","827,123","850,067",[x],"951,723","1,014,895","1,130,747","1,575,183","1,551,088","1,515,106","1,356,692","1,303,786","1,317,750","1,342,306","1,389,206","1,385,590","1,435,048","1,381,036","1,385,748","1,386,196","292,486","953,492","1,216,740","1,402,958","1,687,572"
990,Godley,GDL,2948,North West,Tameside,"30,128","29,728","28,627","26,110","29,585","33,953",[x],"46,098","50,769","51,840","50,105","62,660","62,072","69,778","70,726","69,814","76,662","70,830","73,182","82,954","90,160","107,450","107,788","23,142","63,618","59,912","71,324","74,244"
991,Godley East,[z],[z],[z],[z],2,[z],[z],[z],[z],[z],[z],[z],[z],[z],[z],[z],[z],[z],[z],[z],[z],[z],[z],[z],[z],[z],[z],[z],[z],[z],[z],[z]
992,Godstone,GDN,5474,South East,Tandridge,"61,793","58,920","62,104","52,231","52,100","54,198",[x],"58,377","69,285","73,597","83,682","78,524","74,032","74,154","76,392","77,018","75,246","79,686","76,942","58,346","66,190","75,704","64,372","20,618","56,166","64,010","62,764","67,778"
993,Goldthorpe,GOE,8284,Yorkshire and The Humber,Barnsley,"33,874","35,165","37,967","34,992","31,289","33,537",[x],"49,420","50,615","45,950","41,504","50,256","48,648","54,554","57,510","53,798","58,570","59,906","62,510","61,788","61,418","57,192","57,716","14,996","52,778","55,038","62,246","72,756"
994,Golf Street,GOF,9096,Scotland,Angus,77,89,56,63,47,18,[x],30,65,38,135,136,190,122,212,112,90,86,168,104,268,280,964,114,518,906,"1,016","1,292"
995,Golspie,GOL,8643,Scotland,Highland,"4,606","4,991","7,870","7,985","7,639","7,032",[x],"7,530","7,429","6,956","7,587","9,154","8,486","8,092","6,852","7,550","7,788","6,770","5,192","5,718","5,786","6,150","5,586",576,"4,536","4,056","5,320","5,352"
996,Gomshall,GOM,5298,South East,Guildford,"17,780","20,629","26,484","26,992","25,660","26,245",[x],"27,136","28,968","28,999","32,978","39,770","41,080","46,628","50,736","59,290","59,226","58,480","56,806","58,228","59,102","55,336","54,150","17,294","44,574","47,628","50,042","58,620"
997,Goodmayes,GMY,6878,London,Redbridge,"957,492","1,226,918","1,247,206","1,251,376","1,355,779","1,472,318",[x],"1,155,770","1,070,419","1,961,690","2,092,464","1,929,478","1,792,694","2,069,248","2,306,452","2,389,588","2,625,272","2,832,750","3,780,726","3,845,200","3,544,810","3,498,332","3,653,340","1,386,934","2,469,574","4,131,424","5,793,854","4,772,640"
998,Goole,GOO,8025,Yorkshire and The Humber,East Riding of Yorkshire,"179,887","172,930","181,735","188,759","203,677","207,999",[x],"242,910","242,210","260,667","276,834","277,250","279,322","271,796","293,684","272,844","249,759","295,986","293,592","293,840","293,540","277,632","279,406","68,586","233,120","261,350","277,746","324,606"
999,Goostrey,GTR,1220,North West,Cheshire East,"24,775","23,698","22,700","24,233","25,606","25,275",[x],"23,489","19,876","20,766","30,394","33,778","34,280","38,380","38,158","36,762","38,264","43,012","42,852","50,892","46,250","42,266","44,250","6,562","24,182","32,370","35,984","39,526"
1000,Gordon Hill,GDH,6028,London,Enfield,"449,541","519,725","545,078","494,449","535,823","621,725",[x],"617,740","650,873","922,569","1,103,705","990,520","1,016,430","1,034,624","1,088,108","1,116,888","1,169,814","1,271,334","1,266,430","1,313,474","1,467,448","1,423,902","1,338,128","363,798","712,518","992,102","1,035,622","1,152,836"
1001,Gorebridge,GBG,6391,Scotland,Midlothian,[z],[z],[z],[z],[z],[z],[z],[z],[z],[z],[z],[z],[z],[z],[z],[z],[z],[z],"59,304","98,218","115,102","123,930","112,398","11,276","60,026","92,486","122,968","121,090"
1002,Goring and Streatley,GOR,3033,South East,South Oxfordshire,"340,332","348,127","392,402","400,574","368,778","355,405",[x],"358,203","343,840","348,051","366,714","373,686","374,298","367,660","377,556","387,896","398,894","401,356","410,134","422,086","403,644","432,860","437,286","82,368","229,414","288,174","322,450","360,440"
1003,Goring-By-Sea,GBS,5272,South East,Worthing,"302,865","298,216","311,878","298,538","314,437","333,249",[x],"374,238","391,865","420,213","447,744","467,656","501,176","543,492","537,842","549,098","581,780","577,962","583,482","469,302","504,484","559,724","555,404","177,938","425,306","484,372","479,592","549,464"
1004,Gorton,GTO,2962,North West,Manchester,"64,395","61,758","71,183","66,498","66,443","61,023",[x],"64,749","72,062","75,452","81,018","97,510","99,472","121,844","135,022","128,666","118,916","99,428","100,864","113,322","115,774","122,648","126,092","24,368","51,966","51,942","59,764","58,130"
1005,Gospel Oak,GPO,1409,London,Camden,"171,880","522,430","571,696","566,127","588,609","627,750",[x],"340,980","397,700","1,511,609","1,377,909","1,052,692","956,474","1,508,264","2,199,118","2,755,214","3,498,058","3,568,772","2,629,076","2,355,852","2,379,460","2,699,604","2,458,922","1,112,612","2,005,642","2,223,682","2,563,644","2,664,268"
1006,Gourock,GRK,9635,Scotland,Inverclyde,"317,535","324,189","343,257","341,015","334,541","343,668",[x],"397,465","438,280","431,700","450,942","460,334","446,774","448,246","462,768","469,998","482,912","534,602","563,260","509,780","512,326","518,812","504,310","60,868","247,672","324,278","373,840","400,706"
1007,Gowerton,GWN,4131,Wales,Swansea - Abertawe,"5,890","6,033","7,104","7,805","9,438","10,613",[x],"10,618","8,908","13,768","23,357","33,318","42,674","66,346","77,852","84,244","110,076","130,668","142,836","167,184","174,096","183,104","177,670","34,648","105,326","118,556","141,542","158,620"
1008,Goxhill,GOX,6206,Yorkshire and The Humber,North Lincolnshire,"25,137","24,680","25,603","26,281","26,599","26,196",[x],"22,903","21,489","20,871","22,531","22,692","21,148","18,834","19,820","19,976","17,936","17,268","13,178","13,334","14,362","13,716","12,432","1,510","7,728","9,828","10,360","10,864"
1009,Grange Park,GPK,6029,London,Enfield,"135,234","162,335","186,810","166,351","192,746","198,174",[x],"181,620","197,636","259,605","321,113","266,850","279,966","304,324","318,458","339,728","355,020","405,226","405,824","400,018","428,314","421,216","403,348","91,862","250,714","369,824","411,478","493,126"
1010,Grange-Over-Sands,GOS,1965,North West,Westmorland and Furness,"131,815","136,823","131,502","132,331","125,631","107,979",[x],"131,917","132,240","148,106","153,727","135,246","144,726","156,938","135,118","148,196","152,346","153,576","151,422","153,586","144,758","134,700","158,134","41,274","131,730","127,848","141,074","154,568"
1011,Grangetown (Cardiff),GTN,3839,Wales,Cardiff - Caerdydd,"111,127","113,667","122,344","127,919","132,189","117,701",[x],"601,025","326,359","115,108","124,937","133,392","134,360","143,406","158,058","169,950","180,066","182,814","196,284","206,760","197,244","206,506","186,992","68,802","172,186","202,168","251,958","258,616"
1012,Grangetown Cleve,[z],[z],[z],[z],5,[z],[z],[z],[z],[z],[z],[z],[z],[z],[z],[z],[z],[z],[z],[z],[z],[z],[z],[z],[z],[z],[z],[z],[z],[z],[z],[z]
1013,Grantham,GRA,6469,East Midlands,South Kesteven,"607,467","641,794","694,929","699,572","763,846","806,299",[x],"917,447","935,848","999,186","1,032,641","1,054,634","1,033,374","1,071,320","1,132,740","1,152,280","1,198,197","1,259,632","1,308,536","1,369,610","1,364,346","1,413,006","1,390,648","348,058","1,191,658","1,260,434","1,278,244","1,484,114"
1014,Grateley,GRT,5514,South East,Test Valley,"86,238","90,591","95,405","102,746","105,731","117,006",[x],"141,753","141,723","152,042","171,006","186,580","198,302","216,196","238,014","237,082","245,272","250,840","280,160","279,356","264,944","265,440","241,250","46,490","122,492","172,848","214,654","281,170"
1015,Gravelly Hill,GVH,1132,West Midlands,Birmingham,"139,224","158,459","153,275","142,294","142,733","143,686",[x],"165,597","183,115","199,879","231,363","404,066","402,866","401,518","636,562","630,990","684,258","684,548","736,026","768,848","812,226","908,316","911,822","137,626","278,778","357,384","384,256","390,286"
1016,Gravesend,GRV,5172,South East,Gravesham,"1,555,121","1,637,982","1,722,188","1,790,115","1,880,551","2,009,020",[x],"2,246,740","2,358,121","2,482,275","2,786,078","2,712,350","2,502,232","2,647,486","2,706,810","2,646,234","2,616,257","2,772,440","2,932,030","2,984,420","2,989,302","3,087,304","2,988,926","882,102","1,891,762","2,256,056","2,571,232","2,886,256"
1017,Grays,GRY,7443,East of England,Thurrock,"1,764,853","1,943,094","2,088,715","2,183,018","2,094,761","2,233,339",[x],"2,373,714","2,380,928","2,600,195","2,884,353","2,862,204","2,788,040","2,834,606","2,971,600","3,091,184","3,223,994","3,470,600","3,819,352","3,984,598","4,053,092","4,165,432","4,006,394","1,455,604","2,668,626","3,086,924","3,495,346","3,585,722"
1018,Great Ayton,GTA,7922,Yorkshire and The Humber,North Yorkshire,"4,971","4,317","4,759","4,211","3,839","3,369",[x],"4,297","4,405","4,738","5,666","5,650","6,134","6,798","6,904","5,738","6,826","7,776","7,100","6,890","7,322","7,726","8,614","2,064","8,662","10,118","12,360","13,508"
1019,Great Bentley,GRB,6855,East of England,Tendring,"69,679","62,205","60,980","62,337","65,035","68,188",[x],"74,247","67,635","76,266","64,770","73,792","71,628","69,768","65,430","66,450","64,075","75,606","74,710","81,140","76,770","81,144","78,634","18,728","50,764","64,860","85,784","105,230"
1020,Great Chesterford,GRC,7032,East of England,Uttlesford,"75,546","76,471","81,964","79,427","78,577","83,158",[x],"86,829","86,059","89,743","97,849","100,158","98,418","116,328","118,656","110,484","106,940","111,046","109,846","114,146","109,116","110,120","110,198","24,252","77,954","86,096","98,778","100,560"
1021,Great Coates,GCT,6275,Yorkshire and The Humber,North East Lincolnshire,"9,506","9,203","10,449","8,804","9,277","8,862",[x],"8,963","9,141","8,747","9,002","9,534","8,110","8,468","9,038","9,370","10,652","11,540","9,390","10,354","11,144","11,042","8,950","1,024","4,606","4,438","5,350","6,340"
1022,Great Malvern,GMV,4892,West Midlands,Malvern Hills,"342,293","378,810","368,148","409,829","407,159","394,411",[x],"373,914","392,143","405,371","384,906","447,172","464,296","484,668","502,468","514,778","526,374","543,198","557,012","559,494","562,634","531,124","537,454","126,294","324,946","367,552","400,852","428,770"
1023,Great Missenden,GMN,1463,South East,Buckinghamshire,"298,672","345,097","375,205","404,752","404,852","402,511",[x],"488,401","525,041","526,800","530,999","524,694","500,418","535,652","560,946","541,878","592,470","603,548","625,050","622,988","582,442","582,730","543,158","88,124","288,176","375,842","369,108","399,198"
1024,Great Yarmouth,GYM,7328,East of England,Great Yarmouth,"385,525","400,873","421,721","453,822","469,519","323,483",[x],"291,724","284,322","282,531","416,713","417,212","403,428","428,320","441,456","461,574","460,921","436,834","409,432","399,182","384,860","381,002","344,276","117,164","347,854","393,322","402,658","439,660"
1025,Greatham,[z],[z],[z],[z],8,[z],[z],[z],[z],[z],[z],[z],[z],[z],[z],[z],[z],[z],[z],[z],[z],[z],[z],[z],[z],[z],[z],[z],[z],[z],[z],[z]
1026,Green Lane,GNL,2218,North West,Wirral,"257,867","274,818","265,794","257,027","223,554","233,996",[x],"262,189","232,349","228,086","259,242","711,084","660,096","692,888","702,372","665,448","418,966","444,874","405,216","371,726","371,904","490,196","539,980","167,190","355,874","351,878","338,390","374,800"
1027,Green Road,GNR,1996,North West,Cumberland,"5,509","7,105","8,060","8,004","7,931","5,322",[x],"6,769","7,366","7,627","12,981","6,480","12,852","6,910","7,908","7,340","7,042","7,200","7,110","6,982","6,504","7,918","8,878","2,968","6,430","7,208","7,050","7,480"
1028,Greenbank,GBK,2325,North West,Cheshire West and Chester,"74,862","75,873","74,220","75,167","75,307","61,606",[x],"70,276","73,086","80,667","90,598","93,076","94,314","108,442","116,850","172,340","177,430","185,278","209,350","230,598","241,706","223,058","231,198","94,578","171,182","184,316","211,404","214,818"
1029,Greenfaulds,GRL,9725,Scotland,North Lanarkshire,"53,033","45,178","49,414","49,370","50,412","43,220",[x],"73,105","83,253","93,731","107,002","121,408","131,314","136,336","132,612","122,948","130,542","136,514","130,914","114,784","124,344","125,290","118,894","14,952","55,406","79,148","112,890","115,778"
1030,Greenfield,GNF,2900,North West,Oldham,"88,524","89,388","106,728","119,965","128,212","132,874",[x],"161,558","167,882","169,831","180,399","237,614","255,938","282,982","306,426","331,068","327,072","314,512","338,694","369,826","332,332","398,628","432,830","84,746","278,922","246,564","255,244","350,528"
1031,Greenford,GFD,3136,London,Ealing,[z],[z],[z],[z],[z],[z],[z],[z],[z],"85,234","90,343","74,196","105,452","152,542","173,868","190,658","195,998","232,160","260,132","229,870","150,800","152,698","170,436","58,534","100,278","126,052","122,596","140,064"
1032,Greenhithe for Bluewater,GNH,5138,South East,Dartford,"186,964","252,340","359,068","371,104","438,535","526,049",[x],"699,086","769,956","859,974","1,137,129","1,201,400","1,163,996","1,182,770","1,189,154","1,177,782","1,168,800","1,196,160","1,211,526","1,166,928","1,138,492","1,155,214","1,085,714","264,986","575,172","688,790","758,150","856,592"
1033,Greenock Central,GKC,9681,Scotland,Inverclyde,"216,399","237,370","338,882","274,964","268,055","270,171",[x],"301,923","335,147","341,612","334,654","385,820","385,966","398,526","391,330","398,438","379,156","391,432","392,312","369,384","353,520","365,330","308,958","39,718","151,226","205,150","260,018","244,898"
1034,Greenock West,GKW,9682,Scotland,Inverclyde,"384,903","394,361","390,631","372,578","360,776","361,874",[x],"417,302","452,881","475,110","471,870","546,792","535,132","549,934","544,120","561,564","516,360","553,072","569,620","524,588","537,806","514,520","469,722","55,108","217,760","268,272","312,960","334,786"
1035,Greenwich,GNW,5146,London,Greenwich,"1,175,731","1,481,231","1,608,516","1,514,648","1,571,255","1,757,229",[x],"1,648,554","1,701,826","2,446,248","2,700,789","2,936,520","3,044,510","3,257,258","3,481,082","3,545,314","3,567,598","3,745,952","3,674,864","2,817,796","2,534,360","3,623,470","3,769,878","866,870","2,060,808","2,367,020","2,139,956","2,439,476"
1036,Gretna Green,GEA,9610,Scotland,Dumfries and Galloway,"10,695","14,616","23,298","23,538","21,285","22,776",[x],"29,751","32,234","27,026","28,801","28,236","31,250","32,918","36,628","37,414","37,950","40,190","38,940","39,042","39,930","45,884","46,486","5,536","29,484","37,404","51,334","51,464"
1037,Grimsby Docks,GMD,6276,Yorkshire and The Humber,North East Lincolnshire,"4,608","5,052","4,521","4,829","4,701","4,805",[x],"6,838","4,777","5,458","5,873","5,568","3,792","3,998","4,068","3,994","4,662","4,932","4,060","4,574","4,502","4,830","4,820",530,"2,078","2,958","3,492","3,676"
1038,Grimsby Town,GMB,6280,Yorkshire and The Humber,North East Lincolnshire,"330,316","335,720","373,011","362,451","384,413","380,874",[x],"385,532","380,732","403,284","404,048","411,860","391,982","416,870","448,080","438,522","427,367","451,658","422,136","438,050","454,098","456,768","432,356","98,534","318,486","316,220","385,812","438,712"
1039,Grindleford,GRN,2825,East Midlands,Derbyshire Dales,"29,346","30,957","31,258","29,873","26,753","24,408",[x],"30,900","32,789","37,191","43,180","47,730","53,768","53,162","55,350","55,324","55,722","58,086","59,442","64,442","62,690","58,616","64,024","22,114","93,622","79,656","110,382","126,460"
1040,Grosmont,GMT,8155,Yorkshire and The Humber,North Yorkshire,"23,972","27,040","23,560","20,329","17,596","17,968",[x],"19,601","18,675","18,264","24,273","19,718","22,048","22,964","23,662","16,376","17,912","16,144","15,172","13,514","13,912","12,390","13,912","4,420","11,454","11,284","12,374","15,484"
1041,Grove Park,GRP,5139,London,Lewisham,"1,455,633","1,536,708","1,581,837","1,632,771","1,627,431","1,638,610",[x],"1,487,583","1,478,280","1,922,419","1,976,160","1,879,866","1,777,134","1,886,314","1,932,662","1,948,604","2,102,508","2,258,020","2,567,992","2,617,402","2,675,026","2,740,092","2,616,028","785,318","1,583,636","2,009,360","2,138,348","2,296,634"
1042,Guide Bridge,GUI,2955,North West,Tameside,"103,848","101,433","97,850","96,042","97,706","94,593",[x],"130,173","154,264","147,375","157,258","208,440","209,494","247,980","275,274","254,200","275,970","280,584","297,324","337,902","335,772","382,542","386,422","75,418","204,036","219,184","245,276","268,220"
1043,Guildford,GLD,5631,South East,Guildford,"4,930,474","5,325,760","5,882,865","6,070,658","5,976,215","6,053,506",[x],"6,542,687","6,698,711","7,186,050","7,983,349","8,051,842","7,762,322","7,809,246","7,982,206","7,956,512","7,961,067","8,090,682","8,200,644","8,192,104","7,954,610","7,494,002","6,936,796","1,488,672","4,283,840","5,284,714","5,883,734","6,372,542"
1044,Guiseley,GSY,8567,Yorkshire and The Humber,Leeds,"403,842","444,551","470,395","436,296","408,480","453,122",[x],"628,046","684,640","730,110","755,990","877,296","894,340","948,722","961,850","1,134,560","1,181,274","1,239,878","1,259,080","1,296,244","1,259,186","1,224,376","1,231,618","287,096","710,682","871,014","921,304","1,019,178"
1045,Gunnersbury,GUN,5588,London,Hounslow,"787,605","1,331,110","1,332,401","1,374,638","1,280,653","1,510,244",[x],"1,264,566","1,204,250","1,167,596","1,154,039","936,024","1,181,780","1,388,366","1,789,594","2,068,130","2,386,408","2,574,818","2,462,576","2,535,580","2,525,552","2,436,780","2,388,652","664,162","1,317,886","1,775,524","2,016,620","1,961,546"
1046,Gunnislake,GSL,3563,South West,Cornwall,"33,462","33,652","39,340","39,469","39,594","39,009",[x],"37,190","43,885","43,676","48,747","48,102","51,424","50,218","52,110","52,108","54,864","54,356","53,728","54,510","56,118","60,396","61,790","21,418","52,340","50,572","53,184","50,302"
1047,Gunton,GNT,7299,East of England,North Norfolk,"6,460","7,819","10,276","10,295","11,735","11,328",[x],"12,640","11,951","11,374","16,399","18,200","17,826","18,714","16,740","18,400","17,290","16,138","14,422","15,848","17,008","19,188","18,560","3,334","22,228","28,446","30,084","36,122"
1048,Gwersyllt,GWE,4300,Wales,Wrexham - Wrecsam,"28,272","29,387","36,598","38,525","37,108","28,509",[x],"30,941","26,164","22,433","23,883","28,234","32,036","34,026","35,524","37,386","40,172","39,938","35,242","32,338","26,802","23,408","22,468","11,782","19,432","19,924","17,868","29,408"
1049,Gypsy Lane,GYP,7930,North East,Redcar and Cleveland,"7,982","8,501","8,263","7,207","6,748","7,263",[x],"10,353","11,412","12,020","12,820","18,430","20,234","23,566","22,692","21,900","23,716","26,398","30,338","32,996","33,298","31,204","37,046","6,982","30,056","31,626","38,398","44,024"
1050,Habrough,HAB,6281,Yorkshire and The Humber,North East Lincolnshire,"32,230","28,919","29,727","28,437","31,336","30,954",[x],"25,305","27,749","29,791","28,054","27,640","25,632","29,922","33,252","32,222","30,710","31,882","30,098","33,724","33,408","39,172","40,942","10,986","38,382","35,076","46,478","59,518"
1051,Hackbridge,HCB,5364,London,Sutton,"399,184","486,905","538,684","511,228","522,328","562,531",[x],"535,300","549,637","785,899","954,252","872,872","822,308","828,022","891,954","890,318","942,142","998,924","904,112","819,780","850,954","906,394","960,934","267,510","565,734","721,954","844,538","911,110"
1052,Hackney Central,HKC,6977,London,Hackney,"208,326","536,156","586,267","626,748","669,148","746,159",[x],"456,772","513,943","1,895,979","1,905,788","1,564,086","1,344,364","1,944,528","3,359,668","4,481,420","5,310,932","5,708,030","5,978,530","4,829,020","4,305,232","4,183,084","4,688,202","1,110,078","3,393,556","4,206,060","5,153,152","5,316,954"
1053,Hackney Downs,HAC,6867,London,Hackney,"384,648","927,480","1,019,430","1,055,790","1,087,877","1,229,049",[x],"944,125","868,010","1,076,624","1,442,806","1,277,974","1,286,394","1,628,950","1,781,938","1,809,330","2,035,092","2,163,730","2,266,824","3,901,394","3,969,612","4,477,592","3,658,134","1,627,566","2,387,472","2,750,280","3,057,606","3,015,486"
1054,Hackney Wick,HKW,6978,London,Hackney,"19,999","177,138","217,280","231,757","249,794","287,862",[x],"68,367","79,617","366,586","372,903","334,422","333,890","566,940","972,926","1,306,984","1,517,052","1,674,418","2,103,982","2,140,198","2,186,348","2,777,516","2,837,224","949,702","2,340,806","3,082,068","4,180,452","4,211,192"
1055,Haddenham and Thame Parkway,HDM,3053,South East,Buckinghamshire,"213,508","254,340","315,104","350,502","365,630","379,970",[x],"432,636","405,151","468,122","531,365","557,574","559,770","580,858","612,628","675,564","715,194","762,680","803,904","849,150","905,790","960,972","929,994","129,012","521,750","654,532","784,436","888,752"
1056,Haddiscoe,HAD,7300,East of England,South Norfolk,"3,490","3,919","5,314","6,463","6,352","4,960",[x],"6,000","4,744","6,690","9,879","10,650","10,246","10,292","9,524","9,662","11,236","12,832","12,754","13,098","12,924","13,580","12,650","2,870","9,086","10,304","12,064","14,758"
1057,Hadfield,HDF,2896,East Midlands,High Peak,"220,459","231,759","239,161","226,597","218,852","186,687",[x],"207,613","211,738","213,021","218,852","306,480","315,338","330,116","341,416","393,092","392,448","370,758","346,238","344,442","353,790","400,912","397,128","110,082","238,410","224,962","244,712","262,940"
1058,Hadley Wood,HDW,6075,London,Enfield,"134,442","144,855","157,107","152,868","158,455","181,811",[x],"206,767","244,961","344,989","393,690","402,194","353,224","343,208","337,526","381,610","327,786","361,268","405,660","391,718","401,474","410,386","388,662","84,088","226,346","295,886","324,676","362,264"
1059,Hag Fold,HGF,2585,North West,Wigan,"33,659","28,596","29,250","29,252","31,744","29,457",[x],"34,551","34,892","33,005","37,485","52,558","59,308","64,892","65,222","56,600","52,618","53,528","51,582","50,212","44,708","44,888","48,138","15,112","46,894","54,040","62,586","73,542"
1060,Haggerston,HGG,1022,London,Hackney,[z],[z],[z],[z],[z],[z],[z],[z],[z],[z],[z],[z],[z],"509,504","1,172,580","1,547,454","1,912,378","2,366,146","3,187,120","3,223,048","3,454,668","3,538,534","3,506,582","896,302","2,142,712","3,156,934","3,679,688","3,651,250"
1061,Hagley,HAG,4577,West Midlands,Bromsgrove,"180,725","207,909","197,970","185,113","172,421","155,908",[x],"163,569","228,020","267,126","332,555","346,012","470,062","422,874","463,124","466,472","489,934","480,456","544,318","529,504","617,488","524,806","492,262","278,276","300,246","361,810","440,434","494,246"
1062,Hairmyres,HMY,9810,Scotland,South Lanarkshire,"182,147","189,166","188,970","190,883","193,780","218,263",[x],"300,602","334,077","373,428","411,756","478,732","464,910","492,028","543,420","569,386","692,092","727,414","719,260","640,866","647,622","673,386","655,570","97,650","309,320","409,734","518,614","436,178"
1063,Hale (Manchester),HAL,2845,North West,Trafford,"69,439","67,921","71,239","69,857","63,304","60,123",[x],"64,310","74,872","79,408","108,638","129,188","144,776","144,754","140,726","163,718","164,314","165,586","179,812","178,392","157,688","144,486","141,202","29,880","85,142","95,054","114,106","130,750"
1064,Halesworth,HAS,7266,East of England,East Suffolk,"38,535","41,691","48,107","51,426","53,687","55,263",[x],"49,454","47,153","55,637","69,595","68,940","65,970","73,212","76,790","84,350","93,962","94,702","95,968","100,186","97,870","102,016","99,838","15,854","84,792","99,576","107,644","124,996"
1065,Halewood,HED,2295,North West,Knowsley,"37,217","35,732","36,641","37,942","32,066","26,122",[x],"35,229","39,061","45,218","50,622","106,372","98,992","102,656","105,306","96,738","115,300","113,306","117,560","118,494","135,830","53,594","61,338","18,400","55,050","64,202","59,114","58,030"
1066,Halifax,HFX,8411,Yorkshire and The Humber,Calderdale,"703,666","724,400","790,059","756,920","706,762","686,556",[x],"940,437","978,225","1,049,085","1,098,836","1,469,932","1,459,316","1,802,630","1,858,914","1,911,150","1,912,798","1,935,764","1,982,148","1,992,624","1,948,586","1,842,644","1,914,280","368,748","1,165,010","1,418,602","1,620,970","1,803,018"
1067,Hall Green,HLG,4521,West Midlands,Birmingham,"99,408","103,467","102,254","109,051","107,290","110,348",[x],"123,775","125,439","143,532","139,417","331,240","330,532","341,484","341,760","353,978","378,488","385,294","413,014","418,910","434,772","474,898","497,330","97,434","218,350","262,478","301,826","339,132"
1068,Hall Road,HLR,2229,North West,Sefton,"54,513","59,387","63,774","56,780","50,375","50,377",[x],"69,251","76,158","88,355","91,686","288,584","270,198","269,744","256,008","240,056","247,266","259,738","259,346","263,248","266,608","460,036","537,534","131,668","312,314","331,508","364,842","383,818"
1069,Halling,HAI,5173,South East,Medway,"55,835","52,522","57,757","47,499","44,277","44,123",[x],"40,127","43,857","43,977","45,378","49,920","44,530","43,684","43,126","45,124","48,070","55,240","58,710","68,100","94,430","95,024","92,430","31,708","63,266","61,786","86,704","109,218"
1070,Hall-I'-Th'-Wood,HID,2572,North West,Bolton,"31,138","26,619","28,664","29,769","30,970","30,971",[x],"37,646","40,103","43,664","47,335","66,960","70,792","86,024","109,648","128,316","138,646","139,796","116,428","157,280","142,830","177,182","214,064","53,150","108,286","143,024","169,826","196,486"
1071,Haltwhistle,HWH,7568,North East,Northumberland,"54,719","54,971","51,592","50,216","49,660","48,890",[x],"54,693","63,062","67,395","72,051","72,718","71,562","74,038","75,952","70,934","74,491","74,308","69,618","71,738","69,966","70,458","81,244","21,922","68,360","77,010","82,462","96,252"
1072,Ham Street,HMT,5037,South East,Ashford,"55,224","51,532","51,534","48,719","46,672","47,543",[x],"58,394","66,533","69,731","76,838","76,996","74,956","81,812","86,854","93,470","100,312","97,164","101,616","91,940","87,772","98,590","92,812","31,340","57,486","59,092","77,776","81,830"
1073,Hamble,HME,5947,South East,Eastleigh,"30,686","31,823","37,193","41,720","36,296","38,020",[x],"47,150","51,236","56,399","70,294","86,582","86,822","92,008","111,288","126,072","122,062","118,606","111,634","114,982","108,194","111,232","95,384","39,496","72,282","80,268","76,424","89,658"
1074,Hamilton Central,HNC,9726,Scotland,South Lanarkshire,"523,793","628,797","606,011","550,020","511,173","482,025",[x],"569,780","671,803","705,089","746,393","815,296","803,932","845,704","873,182","892,228","815,322","847,790","825,176","847,484","811,098","756,528","757,450","103,426","378,966","526,570","648,720","686,520"
1075,Hamilton West,HNW,9727,Scotland,South Lanarkshire,"315,400","388,170","416,773","413,904","388,211","375,474",[x],"492,942","593,672","575,226","617,736","739,282","756,516","798,816","846,130","885,286","904,785","946,210","935,000","921,250","866,144","774,500","775,536","91,530","344,710","507,912","630,746","683,164"
1076,Hammerton,HMM,8241,Yorkshire and The Humber,North Yorkshire,"22,419","25,304","24,606","25,836","24,820","21,134",[x],"21,608","22,888","23,655","22,386","24,402","22,756","26,020","25,264","25,152","28,966","27,218","25,918","26,086","25,824","28,586","28,862","5,994","25,952","32,844","42,322","56,850"
1077,Hampden Park (Sussex),HMD,5450,South East,Eastbourne,"292,621","325,471","455,157","452,786","512,044","490,397",[x],"548,661","541,340","548,411","582,412","572,294","526,942","546,598","579,128","573,636","583,358","593,630","599,996","505,974","542,888","633,538","671,586","306,050","625,862","694,700","766,702","861,166"
1078,Hampstead Heath,HDH,1413,London,Camden,"197,379","413,542","438,294","445,535","441,283","487,104",[x],"334,129","388,289","1,102,042","1,165,592","858,166","847,152","1,379,996","2,155,946","2,717,884","3,058,494","3,306,034","3,331,658","3,372,224","3,261,490","3,569,998","3,273,702","1,647,340","2,586,838","2,972,238","3,324,642","3,511,646"
1079,Hampton (London),HMP,5560,London,Richmond upon Thames,"491,082","641,580","655,829","659,909","617,559","625,063",[x],"670,669","648,359","1,127,174","1,256,178","1,145,186","1,115,192","1,138,738","1,166,706","1,179,728","1,202,378","1,266,322","1,106,026","1,048,850","1,038,790","1,007,302","912,418","179,646","526,416","749,758","883,678","948,726"
1080,Hampton Court,HMC,5561,South East,Elmbridge,"767,081","936,751","946,633","909,126","825,280","782,425",[x],"855,983","828,675","2,011,312","2,296,733","2,069,476","2,103,054","2,139,404","2,190,590","2,238,296","2,353,820","2,583,672","1,717,996","1,690,136","1,621,586","1,616,592","1,542,428","298,524","864,422","1,107,094","1,323,100","1,469,460"
1081,Hampton Wick,HMW,5589,London,Richmond upon Thames,"325,395","400,807","414,733","415,255","382,045","400,814",[x],"442,406","445,580","775,144","884,215","796,822","795,144","840,346","843,670","903,950","926,966","959,272","1,032,122","984,504","937,672","994,016","913,346","198,766","509,490","650,556","767,696","810,634"
1082,Hampton-In-Arden,HIA,1033,West Midlands,Solihull,"40,389","72,324","52,272","45,565","42,308","42,979",[x],"49,699","51,573","54,850","57,276","94,510","94,040","97,044","115,600","122,456","124,716","125,390","144,692","160,636","176,748","196,678","182,380","28,610","93,660","131,182","175,940","210,864"
1083,Hamstead (Birmingham),HSD,1145,West Midlands,Birmingham,"80,622","84,780","78,009","69,295","67,727","66,779",[x],"58,232","60,616","67,120","69,526","129,576","136,516","149,200","239,034","241,154","251,300","256,032","281,792","298,560","305,128","332,020","312,662","52,990","150,410","177,916","213,562","230,862"
1084,Hamworthy,HAM,5940,South West,"Bournemouth, Christchurch and Poole","82,036","85,293","87,653","89,859","82,298","74,979",[x],"95,747","94,302","114,505","133,755","148,126","152,148","156,910","160,206","147,356","158,554","157,940","163,854","159,902","160,042","155,118","134,370","44,902","103,380","116,354","126,900","145,478"
1085,Hanborough,HND,3007,South East,West Oxfordshire,"47,946","59,830","62,974","66,829","64,544","69,997",[x],"75,976","70,562","76,580","83,976","105,290","104,050","119,210","137,454","172,684","201,284","243,568","271,496","238,580","231,986","224,290","275,348","47,254","178,368","262,498","286,402","376,462"
1086,Handforth,HTH,2767,North West,Cheshire East,"178,247","159,103","153,435","139,080","149,101","149,817",[x],"108,900","128,601","103,535","156,444","189,772","200,128","214,534","236,812","241,086","269,632","272,800","268,250","289,104","308,102","296,054","290,828","73,226","195,804","240,226","361,694","333,294"
1087,Hanwell,HAN,3191,London,Ealing,"177,182","261,035","279,445","280,638","277,717","263,882",[x],"154,428","148,018","324,857","354,824","314,688","266,604","379,392","395,848","427,810","460,112","449,490","343,122","354,886","383,490","389,010","460,238","182,464","541,092","922,154","1,467,706","1,691,400"
1088,Hapton,HPN,2557,North West,Burnley,"16,217","13,196","21,101","23,284","21,815","13,481",[x],"12,765","10,078","13,286","16,179","17,080","19,448","20,874","20,064","19,800","19,144","18,228","15,054","16,344","16,544","14,274","15,110","4,756","14,330","12,002","12,868","13,360"
1089,Harlech,HRL,4458,Wales,Gwynedd - Gwynedd,"101,053","117,177","116,371","132,778","139,777","133,912",[x],"112,652","112,606","99,656","157,513","130,680","129,250","127,372","127,264","115,582","97,598","105,524","120,766","113,562","124,892","135,362","133,824","84,612","103,502","120,330","114,986","129,000"
1090,Harlesden,HDN,1521,London,Brent,"360,160","615,568","547,477","494,465","479,530","502,002",[x],"340,409","368,147","319,347","308,810","289,584","373,728","616,128","803,410","896,282","1,020,620","1,080,364","1,024,696","1,056,082","1,033,994","1,037,716","1,446,700","734,252","1,270,930","1,309,798","1,408,854","1,553,164"
1091,Harling Road,HRD,7374,East of England,Breckland,"3,395","3,419","2,279","3,113","3,110","1,836",[x],"3,964","4,870","4,076","4,323","4,152","3,900","3,494","4,224","3,592","3,222","3,292","1,872","3,022","3,074","2,880","3,794",646,978,"2,104","3,364","1,768"
1092,Harlington (Bedfordshire),HLN,1533,East of England,Central Bedfordshire,"223,138","295,099","329,161","331,381","326,095","322,955",[x],"316,348","311,954","319,277","329,257","324,180","290,378","290,726","307,514","319,816","313,748","325,086","335,568","330,468","329,810","339,092","334,514","67,484","198,498","266,208","296,212","307,596"
1093,Harlow Mill,HWM,6804,East of England,Harlow,"124,194","133,132","120,328","113,768","117,465","120,833",[x],"115,991","105,416","124,464","147,282","158,816","160,618","170,208","188,206","187,200","194,144","202,062","211,772","227,756","232,932","248,136","241,992","67,976","165,246","205,382","240,766","278,544"
1094,Harlow Town,HWN,6827,East of England,Harlow,"1,170,156","1,281,501","1,439,087","1,504,365","1,513,217","1,580,734",[x],"1,666,797","1,627,208","1,652,501","1,712,840","1,660,404","1,551,930","1,542,672","1,598,508","1,689,924","1,700,148","1,791,452","1,850,868","1,908,742","1,886,284","1,913,192","1,876,540","527,368","1,313,356","1,545,658","1,818,366","1,847,334"
1095,Harold Wood,HRO,6879,London,Havering,"1,371,723","1,761,137","1,757,206","1,802,114","1,847,299","1,879,400",[x],"1,770,874","1,773,086","3,014,836","3,476,002","3,042,946","2,808,636","2,552,716","2,580,280","2,857,572","2,917,788","3,140,072","2,929,974","2,973,440","2,929,720","3,088,968","3,064,280","964,088","1,998,062","3,269,054","4,223,944","3,637,666"
1096,Harpenden,HPD,1543,East of England,St Albans,"1,809,600","2,237,194","2,372,659","2,397,955","2,439,535","2,429,452",[x],"2,534,192","2,612,071","2,806,145","2,929,986","2,932,688","2,771,680","2,884,834","2,999,780","3,126,064","3,182,292","3,315,890","3,337,170","3,356,144","3,356,980","3,373,086","3,238,998","495,026","1,616,316","2,345,866","2,644,230","2,806,312"
1097,Harrietsham,HRM,5140,South East,Maidstone,"45,381","43,631","49,410","53,847","54,401","53,391",[x],"59,722","65,949","69,043","71,094","79,856","70,616","73,812","76,014","75,270","72,334","74,412","74,950","74,566","82,776","99,320","103,000","21,736","65,058","81,042","90,560","98,904"
1098,Harringay,HGY,6012,London,Haringey,"264,761","356,368","395,557","344,549","359,455","387,794",[x],"328,145","317,815","775,050","1,102,321","901,968","963,282","1,039,098","1,062,034","1,122,634","1,185,490","1,260,288","1,181,934","1,275,532","1,283,732","1,207,140","1,121,258","287,378","677,330","920,906","1,034,164","1,140,210"
1099,Harringay Green Lanes,HRY,7401,London,Haringey,"34,908","50,912","50,052","59,480","64,942","64,984",[x],"36,457","34,025","319,250","377,554","299,934","273,160","502,600","762,452","955,660","1,189,990","1,292,534","1,395,266","408,558","722,864","1,075,256","927,894","617,572","1,025,222","1,106,422","1,345,360","1,425,034"
1100,Harrington,HRR,2027,North West,Cumberland,"18,850","16,793","17,352","15,840","11,197","8,033",[x],"10,679","12,670","12,901","17,151","16,192","20,518","22,218","23,162","24,740","22,870","25,514","25,016","30,262","27,776","24,422","35,928","9,646","26,568","26,496","27,854","36,300"
1101,Harrogate,HGT,8213,Yorkshire and The Humber,North Yorkshire,"1,010,900","1,047,226","1,079,569","985,178","896,270","887,375",[x],"1,054,919","1,096,944","1,141,712","1,180,509","1,204,486","1,220,324","1,294,010","1,371,658","1,361,466","1,442,196","1,584,610","1,558,124","1,649,306","1,697,834","1,661,406","1,770,554","352,872","1,211,846","1,502,560","1,617,306","1,879,366"
1102,Harrow and Wealdstone,HRW,1397,London,Harrow,"1,133,591","1,338,956","1,466,408","1,385,147","1,352,290","1,257,933",[x],"1,424,742","1,516,874","2,015,868","2,346,651","994,518","1,463,446","2,468,720","2,689,390","2,673,358","2,853,282","3,088,192","3,930,416","3,852,874","3,740,238","3,713,016","3,650,790","1,265,772","2,365,576","2,804,528","3,389,264","3,966,818"
1103,Harrow-On-The-Hill,HOH,598,London,Harrow,[z],[z],[z],[z],[z],[z],[z],[z],[z],"207,167","293,939","157,134","453,158","1,309,328","1,444,388","1,410,622","1,396,730","1,925,856","2,395,172","2,463,400","2,518,034","2,635,282","2,653,640","731,734","1,631,270","2,615,942","3,190,680","3,069,228"
1104,Hartford (Cheshire),HTF,2230,North West,Cheshire West and Chester,"105,817","111,744","116,329","105,048","92,136","90,796",[x],"70,088","89,523","106,269","127,614","153,908","170,436","201,380","210,740","218,576","229,570","241,292","260,420","281,584","290,612","290,082","283,096","46,102","164,394","177,106","198,568","218,272"
1105,Hartlebury,HBY,4579,West Midlands,Wychavon,"14,436","13,785","12,884","11,252","10,851","8,432",[x],"4,688","6,810","10,637","13,614","19,840","24,082","22,274","21,672","25,646","22,122","39,350","50,088","49,450","57,810","57,538","54,064","18,278","38,002","44,184","50,794","66,184"
1106,Hartlepool,HPL,8009,North East,Hartlepool,"224,691","247,221","270,232","230,446","224,600","245,703",[x],"312,719","343,362","372,787","394,717","428,066","462,548","507,998","523,972","533,212","572,618","616,146","638,296","638,058","638,046","628,846","628,994","169,396","529,630","553,048","626,976","713,672"
1107,Hartwood,HTW,9246,Scotland,North Lanarkshire,"12,125","12,020","12,579","11,285","10,027","10,428",[x],"14,421","16,057","17,758","17,575","20,466","20,312","18,826","16,718","17,418","15,486","17,186","16,774","14,912","13,566","11,628","11,846","1,662","7,486","11,802","14,984","15,140"
1108,Harwich International,HPQ,6902,East of England,Tendring,"124,867","115,688","111,893","107,594","116,284","115,605",[x],"91,867","99,489","99,201","92,116","108,772","98,454","103,082","93,014","89,844","102,792","100,620","91,024","90,506","105,802","110,944","109,876","33,030","74,476","95,228","103,856","117,528"
1109,Harwich Town,HWC,6905,East of England,Tendring,"30,651","40,512","47,393","55,840","66,158","79,005",[x],"94,418","91,344","112,162","145,527","147,764","151,438","175,078","176,856","156,344","155,938","150,658","135,396","134,614","140,520","151,076","128,454","27,818","79,978","87,472","102,334","112,064"
1110,Haslemere,HSL,5633,South East,Waverley,"1,208,297","1,246,894","1,305,212","1,290,923","1,245,437","1,274,521",[x],"1,399,842","1,435,624","1,552,279","1,716,922","1,700,850","1,691,466","1,691,724","1,700,590","1,700,848","1,731,616","1,785,362","1,804,054","1,804,364","1,777,490","1,840,386","1,704,156","356,442","949,600","1,212,168","1,297,992","1,457,816"
1111,Hassocks,HSK,5489,South East,Mid Sussex,"774,366","804,162","819,830","784,181","813,199","825,315",[x],"842,545","835,491","876,312","990,885","1,038,016","1,069,348","1,170,806","1,247,224","1,273,332","1,317,833","1,344,382","1,390,390","1,289,234","1,204,222","1,364,668","1,399,200","329,056","821,386","1,019,776","1,120,822","1,254,686"
1112,Hastings,HGS,5219,South East,Hastings,"1,036,468","1,081,502","1,246,861","1,253,207","1,430,540","1,421,999",[x],"1,569,482","1,685,089","1,851,888","1,940,801","1,886,136","1,801,024","1,932,870","2,013,242","2,019,092","2,068,656","2,247,572","2,314,280","2,030,706","2,171,870","2,382,998","2,413,544","724,888","1,690,878","1,902,720","2,001,976","2,168,544"
1113,Hatch End,HTE,1398,London,Harrow,"235,002","248,991","265,681","279,183","293,253","310,408",[x],"315,346","337,687","489,593","593,721","296,130","375,752","676,976","747,538","852,540","962,868","1,100,894","707,454","712,246","691,046","700,568","668,940","214,664","486,062","544,272","594,942","695,916"
1114,Hatfield (Herts),HAT,6070,East of England,Welwyn Hatfield,"938,140","1,046,643","1,077,423","991,729","1,062,886","1,130,146",[x],"1,407,219","1,429,839","1,642,091","1,768,214","1,904,588","1,836,546","1,928,032","2,093,960","2,095,066","2,085,120","2,134,084","2,347,918","2,377,326","2,380,714","2,359,990","2,339,604","590,730","1,552,286","2,188,460","2,318,164","2,458,060"
1115,Hatfield and Stainforth,HFS,6528,Yorkshire and The Humber,Doncaster,"30,323","47,040","63,491","39,883","37,397","39,095",[x],"61,927","57,854","64,290","62,427","81,516","86,736","102,380","109,440","103,018","69,454","91,952","90,242","81,440","76,740","73,108","86,324","17,544","45,050","36,952","53,242","72,000"
1116,Hatfield Peverel,HAP,6845,East of England,Braintree,"336,357","338,972","368,715","392,125","399,756","419,144",[x],"418,145","412,523","416,083","398,255","394,420","357,382","357,458","389,284","399,602","408,896","415,214","412,530","411,574","419,264","427,276","425,046","77,692","223,884","287,396","324,890","361,514"
1117,Hathersage,HSG,2826,East Midlands,Derbyshire Dales,"39,068","36,084","32,748","31,289","28,562","26,074",[x],"35,850","38,902","39,814","43,536","45,960","48,778","51,202","56,448","60,650","60,550","61,408","65,112","62,646","60,008","68,642","73,200","22,144","67,774","72,670","95,246","112,126"
1118,Hattersley,HTY,2604,North West,Tameside,"35,250","33,332","31,487","25,635","24,520","22,359",[x],"35,871","38,331","32,453","34,133","44,360","42,572","46,422","48,928","55,000","56,228","51,982","64,320","78,956","88,894","111,354","110,646","25,572","69,128","69,456","84,512","87,516"
1119,Hatton,HTN,4594,West Midlands,Warwick,"21,668","31,225","21,669","19,931","19,014","18,788",[x],"19,126","18,376","16,958","19,645","39,690","36,738","38,000","43,938","40,080","42,330","40,494","43,798","51,862","60,742","82,158","94,950","21,512","51,736","78,188","86,724","34,912"
1120,Havant,HAV,5532,South East,Havant,"1,447,312","1,502,539","1,622,322","1,700,799","1,771,919","1,830,202",[x],"1,911,821","1,943,917","1,918,386","1,995,906","2,184,698","2,124,274","2,153,160","2,045,494","2,152,396","2,203,114","2,351,802","2,375,640","2,233,776","2,197,694","2,326,412","2,240,562","681,628","1,630,652","1,847,510","1,889,510","2,082,866"
1121,Havenhouse,HVN,6260,East Midlands,East Lindsey,164,"1,549","1,719","1,963","2,507","2,505",[x],80,985,884,316,328,378,100,132,226,278,166,162,106,172,158,84,162,380,"1,200",698,902
1122,Haverfordwest,HVF,4079,Wales,Pembrokeshire - Sir Benfro,"97,989","97,530","97,082","94,612","104,324","111,226",[x],"114,021","110,023","116,960","127,227","131,650","132,926","143,838","145,696","141,576","135,722","140,220","136,346","133,496","133,162","123,926","113,486","22,486","85,066","97,866","104,230","113,300"
1123,Hawarden,HWD,2428,Wales,Flintshire - Sir y Fflint,"23,616","25,741","27,943","30,429","28,202","28,197",[x],"29,159","29,986","30,987","30,407","36,778","38,066","37,896","39,140","38,156","39,932","36,422","35,124","30,170","32,642","31,312","32,204","4,066","17,304","23,164","19,932","30,564"
1124,Hawarden Bridge,HWB,2146,Wales,Flintshire - Sir y Fflint,"1,261","1,244","1,500","2,742","2,301","1,860",[x],"3,627","3,902","3,652","2,932","9,750","6,632","4,540","4,472","5,422","4,088","4,872","5,060","4,336","3,296","3,268","2,674",790,"1,268","2,006","2,356","10,230"
1125,Hawkhead,HKH,9634,Scotland,Renfrewshire,"72,385","73,398","73,331","66,120","60,256","61,137",[x],"80,860","100,496","109,459","116,976","143,490","137,686","139,666","145,460","138,708","167,292","183,842","201,256","224,040","224,256","244,326","248,608","33,808","114,558","166,966","218,374","217,388"
1126,Haydon Bridge,HDB,7569,North East,Northumberland,"20,223","21,526","24,703","24,042","21,073","16,055",[x],"15,513","16,987","16,564","20,613","21,562","25,734","30,178","31,072","35,000","39,093","38,916","31,976","32,802","30,554","37,504","46,438","13,608","35,834","38,830","42,914","47,444"
1127,Haydons Road,HYR,5289,London,Merton,"105,784","139,372","189,095","198,966","219,809","222,105",[x],"158,560","157,468","667,463","494,298","427,114","380,110","421,220","456,406","456,246","532,338","562,106","400,248","344,280","376,640","339,922","370,270","108,910","221,158","265,026","291,098","322,800"
1128,Hayes (Kent),HYS,5050,London,Bromley,"545,696","584,774","616,369","677,293","730,635","739,965",[x],"809,031","825,633","1,088,360","1,109,616","1,098,132","1,070,224","1,104,148","1,142,658","1,155,704","1,233,248","1,277,688","1,127,296","1,166,498","1,137,350","1,176,298","1,170,984","208,434","534,134","691,386","855,468","940,160"
1129,Hayes and Harlington,HAY,3186,London,Hillingdon,"795,003","1,063,756","1,213,801","1,283,376","1,257,050","1,297,713",[x],"1,229,764","1,238,789","1,948,618","2,033,496","1,841,388","1,581,238","2,246,820","2,417,624","2,650,556","2,920,078","3,125,952","3,954,626","3,844,544","3,805,244","4,203,362","4,405,414","1,355,290","3,168,740","5,446,398","7,765,146","8,450,164"
1130,Hayle,HYL,3513,South West,Cornwall,"38,647","38,005","38,816","36,687","32,126","34,802",[x],"43,467","51,299","63,593","60,174","73,868","77,172","85,508","89,746","88,704","90,810","87,948","81,732","79,198","82,714","83,446","92,084","47,656","118,512","126,974","136,644","154,548"
1131,Haymarket,HYM,9419,Scotland,City of Edinburgh,"869,954","867,777","1,017,458","1,095,331","1,086,953","1,087,756",[x],"1,571,356","1,658,339","1,620,102","1,607,354","1,742,820","1,832,396","1,942,000","2,071,728","2,030,300","2,142,924","2,448,628","2,649,894","2,780,004","3,061,692","3,068,112","2,980,386","448,460","1,500,672","2,308,416","2,981,170","3,334,408"
1132,Haywards Heath,HHE,5490,South East,Mid Sussex,"3,108,928","3,206,000","3,278,415","3,204,538","3,286,222","3,448,590",[x],"3,476,939","3,410,900","3,463,079","3,829,975","3,881,998","3,744,214","4,081,456","4,271,496","4,339,228","4,455,416","4,470,598","4,491,760","4,202,538","4,392,516","4,382,064","4,487,050","954,854","2,575,100","3,394,840","3,695,962","3,957,580"
1133,Hazel Grove,HAZ,2768,North West,Stockport,"291,765","273,570","302,922","294,801","297,624","309,811",[x],"275,686","324,956","363,517","380,597","534,974","526,680","574,162","610,234","624,564","672,504","658,226","650,952","707,426","717,044","801,594","729,850","107,026","360,046","405,002","441,476","518,622"
1134,Headbolt Lane,HBL,425,North West,Knowsley,[z],[z],[z],[z],[z],[z],[z],[z],[z],[z],[z],[z],[z],[z],[z],[z],[z],[z],[z],[z],[z],[z],[z],[z],[z],[z],"410,906","1,410,668"
1135,Headcorn,HCN,5220,South East,Maidstone,"469,538","477,307","503,291","500,647","519,919","540,442",[x],"544,161","564,892","621,876","651,630","639,458","584,626","588,464","597,436","595,372","607,382","612,206","610,298","609,120","594,082","628,134","610,226","107,888","361,320","468,408","536,506","578,394"
1136,Headingley,HDY,8498,Yorkshire and The Humber,Leeds,"117,829","123,832","119,996","101,707","95,702","109,683",[x],"163,647","196,264","222,649","221,197","316,562","323,522","364,434","393,872","337,104","356,644","365,274","400,202","437,034","409,242","381,176","377,432","78,892","280,308","299,862","340,366","391,286"
1137,Headstone Lane,HDL,1434,London,Harrow,"116,326","124,012","126,040","122,285","126,754","118,700",[x],"97,101","95,077","306,024","295,658","194,990","209,714","362,528","429,454","503,248","628,940","675,042","473,014","476,506","454,502","451,654","422,622","173,220","346,098","385,508","437,474","516,542"
1138,Heald Green,HDG,2860,North West,Stockport,"191,537","196,762","204,190","219,098","210,491","197,119",[x],"245,950","264,020","279,170","298,536","383,378","379,956","400,728","417,328","481,282","517,478","497,988","474,766","507,318","489,670","513,342","481,562","84,318","265,030","318,820","358,328","420,190"
1139,Healing,HLI,6283,Yorkshire and The Humber,North East Lincolnshire,"9,389","9,936","11,238","9,931","10,084","8,124",[x],"8,492","10,655","8,473","8,579","8,096","8,562","10,204","11,454","11,604","12,260","13,036","10,626","9,822","8,820","8,490","9,024",886,"4,808","5,932","7,048","6,680"
1140,Heath High Level,HHL,3845,Wales,Cardiff - Caerdydd,"119,683","120,726","134,545","138,067","140,995","150,222",[x],"215,511","237,212","275,582","310,824","308,460","315,942","320,666","340,050","351,006","348,278","375,014","413,086","429,698","441,148","441,038","426,934","75,870","221,912","281,310","341,488","424,834"
1141,Heath Low Level,HLL,3908,Wales,Cardiff - Caerdydd,"45,512","43,533","45,503","43,472","47,183","39,902",[x],"42,294","41,447","39,169","40,926","39,026","37,738","36,150","37,704","42,154","54,054","57,532","58,066","61,536","68,490","71,794","66,010","8,074","29,014","50,076","60,230","47,556"
1142,Heathrow Airport,[z],[z],[z],[z],"661,859","648,597","589,911","450,859","389,010",[z],[z],"390,933",178,[z],[z],[z],[z],[z],[z],[z],[z],[z],[z],[z],[z],[z],[z],[z],[z],[z],[z],[z]
1143,Heathrow Terminal 4 (Rail Station Only),HAF,7091,London,Hillingdon,[z],[z],[z],[z],[z],[z],[z],[z],[z],[x],[x],[x],[x],[x],[x],[x],[x],[x],[x],[x],[x],[x],"1,752,096",162,0,"693,586","1,086,952","2,058,248"
1144,Heathrow Terminal 5 (Rail Station Only),HWV,9846,London,Hillingdon,[z],[z],[z],[z],[z],[z],[z],[z],[z],[z],[x],[x],[x],[x],[x],[x],[x],[x],[x],[x],[x],[x],"1,461,446","381,778","1,079,730","2,620,216","4,106,268","4,704,568"
1145,Heathrow Terminals 2 and 3 (Rail Station Only),HXX,7090,London,Hillingdon,[z],[z],[z],[z],[z],[z],[z],[z],[z],[x],[x],[x],[x],[x],[x],[x],[x],[x],[x],[x],[x],[x],"3,990,120","142,492","1,267,508","4,392,712","6,884,038","7,938,962"
1146,Heaton Chapel,HTC,2861,North West,Stockport,"229,546","217,308","229,361","233,554","249,264","264,117",[x],"250,848","340,093","354,318","395,274","460,752","494,252","569,852","620,068","654,224","705,726","696,518","757,190","837,228","835,012","849,320","827,926","123,484","412,582","480,388","557,884","623,242"
1147,Heaton Park,[z],[z],[z],[z],1,[z],[z],[z],[z],[z],[z],[z],[z],[z],[z],[z],[z],[z],[z],[z],[z],[z],[z],[z],[z],[z],[z],[z],[z],[z],[z],[z]
1148,Hebden Bridge,HBD,8524,Yorkshire and The Humber,Calderdale,"266,770","298,369","347,668","333,351","302,419","303,318",[x],"368,436","385,768","400,885","434,584","581,936","627,456","713,926","761,778","735,560","739,112","764,354","756,508","774,478","795,536","792,174","812,902","163,996","569,720","679,760","766,406","907,830"
1149,Heckington,HEC,6220,East Midlands,North Kesteven,"28,639","122,355","122,528","95,107","49,792","51,952",[x],"44,988","50,599","53,265","57,551","54,678","55,022","61,234","64,682","66,618","67,388","74,804","70,940","64,624","66,576","66,494","60,788","12,436","37,834","38,408","39,340","40,268"
1150,Hedge End,HDE,5893,South East,Eastleigh,"153,916","168,885","190,569","218,985","214,209","229,457",[x],"258,244","297,961","311,000","354,493","381,022","420,318","473,888","471,930","472,302","460,028","506,078","508,982","511,852","506,716","522,492","496,968","97,412","274,014","339,596","362,630","402,116"
1151,Hednesford,HNF,1148,West Midlands,Cannock Chase,"80,884","99,504","88,471","89,992","90,306","89,343",[x],"95,112","97,609","107,702","108,367","138,734","140,212","150,532","178,238","170,282","181,000","162,448","166,954","179,000","160,358","173,906","175,114","32,838","152,938","191,828","253,538","276,156"
1152,Heighington,HEI,7887,North East,County Durham,"9,169","8,669","9,597","10,805","9,270","7,256",[x],"10,297","12,954","10,450","9,591","8,726","7,538","9,472","11,458","12,938","15,606","19,750","18,286","18,958","15,878","22,726","25,278","11,626","29,072","35,028","34,084","37,274"
1153,Helensburgh Central,HLC,9981,Scotland,Argyll and Bute,"773,509","922,816","964,595","956,421","891,077","854,599",[x],"889,194","948,417","928,813","894,588","1,164,870","1,139,534","1,179,284","1,210,632","1,192,148","826,406","843,343","810,965","765,322","773,722","753,118","716,864","81,510","370,770","499,674","627,534","671,306"
1154,Helensburgh Upper,HLU,9982,Scotland,Argyll and Bute,344,326,547,315,161,148,[x],213,173,600,"17,025","22,444","23,294","23,466","14,204","14,072","11,964","15,731","15,127","14,276","14,432","14,046","13,372","1,520","6,916","9,320","11,706","12,520"
1155,Hellifield,HLD,2656,Yorkshire and The Humber,North Yorkshire,"9,777","11,877","13,411","10,920","10,210","9,145",[x],"16,712","18,462","20,057","20,478","21,498","23,702","25,390","27,296","24,880","26,054","29,490","26,896","26,916","26,238","24,490","32,234","6,528","28,304","27,512","29,030","42,272"
1156,Helmsdale,HMS,8647,Scotland,Highland,"4,347","6,852","5,189","4,031","3,733","3,972",[x],"3,513","3,514","4,456","5,348","5,646","5,680","5,656","6,086","5,828","5,778","5,096","6,204","5,768","4,636","5,044","5,086",564,"3,168","3,484","4,038","4,242"
1157,Helsby,HSB,2149,North West,Cheshire West and Chester,"28,808","32,481","43,016","46,251","45,568","39,534",[x],"47,764","52,067","57,412","68,386","71,314","77,236","79,790","86,618","83,952","80,696","80,436","83,890","84,986","89,568","93,374","116,468","25,184","73,106","89,258","98,362","123,710"
1158,Hemel Hempstead,HML,1391,East of England,Dacorum,"1,198,186","1,228,666","1,323,041","1,301,550","1,303,175","1,273,340",[x],"1,381,635","1,463,891","1,577,266","1,690,596","1,652,384","1,600,222","1,672,732","1,791,082","1,876,536","1,924,504","1,932,680","1,980,704","1,990,076","1,965,290","2,008,894","1,892,330","351,732","1,035,322","1,306,686","1,436,546","1,610,586"
1159,Hendon,HEN,1522,London,Barnet,"365,867","490,781","560,608","511,222","516,277","526,305",[x],"383,198","403,528","1,192,619","1,063,053","929,628","816,652","838,144","909,778","982,518","1,194,820","1,310,016","1,178,328","1,127,160","1,189,874","1,152,950","1,154,774","344,640","661,532","883,794","957,750","1,027,036"
1160,Hengoed,HNG,4028,Wales,Caerphilly - Caerffili,"76,798","84,545","103,368","106,299","112,586","120,091",[x],"81,865","78,467","96,676","98,037","103,374","113,076","117,492","128,376","127,184","123,286","129,600","129,134","143,858","164,574","166,510","141,758","23,108","73,330","105,904","123,938","128,690"
1161,Henley-In-Arden,HNL,4524,West Midlands,Stratford-on-Avon,"57,463","79,952","73,782","70,635","65,653","66,485",[x],"74,930","74,566","65,553","64,056","98,912","95,380","94,506","108,952","109,964","123,538","125,208","131,970","133,370","140,032","143,018","135,770","30,204","67,592","69,652","77,762","88,760"
1162,Henley-On-Thames,HOT,3146,South East,South Oxfordshire,"449,806","471,374","535,795","562,837","577,753","566,266",[x],"541,712","540,783","551,770","592,858","595,934","609,410","668,264","693,142","727,994","771,838","771,406","776,282","795,990","745,422","770,904","742,292","156,610","422,480","606,832","721,394","835,354"
1163,Hensall,HEL,8129,Yorkshire and The Humber,North Yorkshire,"1,170","1,211",531,831,432,476,[x],714,532,327,314,266,326,254,184,272,276,182,544,644,402,252,170,94,150,376,802,580
1164,Hereford,HFD,3607,West Midlands,"Herefordshire, County of","482,010","519,014","552,985","571,991","577,571","602,219",[x],"732,320","800,448","854,475","899,199","974,844","974,668","1,017,114","1,081,990","1,085,918","1,103,764","1,192,912","1,226,444","1,228,284","1,240,212","1,215,784","1,194,120","500,182","1,002,596","1,117,190","1,161,190","1,229,916"
1165,Herne Bay,HNB,5174,South East,Canterbury,"556,484","552,960","579,242","641,803","650,177","687,167",[x],"699,742","736,048","762,109","808,957","819,908","779,350","778,582","794,820","773,498","802,914","838,324","931,154","955,804","980,480","984,462","941,976","279,180","634,886","701,824","748,286","834,602"
1166,Herne Hill,HNH,5066,London,Lambeth,"1,466,496","1,717,716","1,844,264","1,795,603","1,805,175","1,913,689",[x],"1,636,337","1,618,701","2,353,890","2,807,629","2,686,386","2,564,060","2,629,368","2,779,964","2,918,610","3,308,970","3,397,698","2,971,220","2,872,992","2,952,022","2,887,852","2,783,754","745,320","1,606,572","2,003,536","2,279,396","2,434,224"
1167,Hersham,HER,5590,South East,Elmbridge,"420,269","438,105","489,985","479,106","438,685","447,790",[x],"521,726","487,613","529,654","675,132","688,250","646,336","665,096","688,518","748,752","793,092","830,862","845,710","848,492","822,040","857,684","809,486","179,794","446,966","594,014","666,076","722,278"
1168,Hertford East,HFE,6818,East of England,East Hertfordshire,"167,201","198,363","230,872","260,122","251,345","275,158",[x],"303,404","278,010","626,244","613,307","613,476","657,574","718,590","666,550","774,547","794,857","827,167","880,042","935,471","965,862","1,313,442","1,286,402","242,688","674,184","900,942","1,011,104","1,076,556"
1169,Hertford North,HFN,6085,East of England,East Hertfordshire,"880,289","955,247","1,039,537","1,012,585","1,088,250","1,156,483",[x],"1,287,353","1,343,391","1,074,019","1,202,395","1,246,411","1,284,168","1,260,999","1,292,690","1,338,227","1,373,316","1,429,143","1,520,498","1,616,265","1,668,774","1,258,570","1,232,658","232,546","646,018","863,302","968,862","1,031,580"
1170,Hessle,HES,8067,Yorkshire and The Humber,East Riding of Yorkshire,"28,218","26,317","27,906","24,670","24,080","22,812",[x],"27,628","51,436","37,303","29,479","28,912","30,614","29,504","31,020","36,352","40,930","40,062","41,984","48,414","52,674","49,400","53,128","5,934","34,294","45,486","61,774","82,812"
1171,Heswall,HSW,2138,North West,Wirral,"24,197","27,897","28,232","31,105","30,693","26,289",[x],"27,223","26,143","23,409","24,670","44,592","45,180","48,660","54,628","51,820","58,408","55,860","56,660","54,070","58,452","90,548","99,136","19,894","51,680","60,182","63,256","91,244"
1172,Hever,HEV,5417,South East,Sevenoaks,"6,112","6,198","6,824","6,856","6,308","7,410",[x],"10,381","17,132","21,573","26,547","31,110","31,000","34,606","33,576","35,698","38,500","37,846","40,026","35,800","42,948","45,854","50,654","11,154","29,784","39,202","40,408","46,240"
1173,Heworth,HEW,7766,North East,Gateshead,"67,028","73,340","77,595","74,805","54,888","19,398",[x],"24,071","23,286","15,379","15,785","15,974","18,054","16,892","16,812","15,318","16,622","15,432","18,898","20,784","21,064","22,588","23,454","10,786","27,412","29,148","45,120","45,528"
1174,Hexham,HEX,7506,North East,Northumberland,"274,176","287,804","301,961","312,056","308,331","306,191",[x],"339,283","357,878","351,376","355,573","372,270","364,530","380,756","380,098","381,374","380,123","381,342","331,866","344,264","345,784","342,808","372,090","80,300","286,802","336,130","394,724","431,278"
1175,Heyford,HYD,3194,South East,Cherwell,"26,599","32,283","29,936","31,378","24,535","27,876",[x],"25,946","28,243","24,386","21,631","22,596","23,496","28,900","27,532","31,092","32,016","38,068","41,276","38,610","34,518","39,028","39,986","5,968","23,210","31,412","33,430","45,552"
1176,Heysham Port,HHB,2691,North West,Lancaster,"16,869","10,070","6,924","9,387","7,682","6,788",[x],"5,696","5,251","6,924","7,178","7,606","7,752","8,858","7,682","8,310","9,064","9,608","9,128","10,158","9,664","7,698","11,450","1,130","8,404","9,448","12,226","12,764"
1177,High Brooms,HIB,5235,South East,Tunbridge Wells,"606,302","644,396","697,986","693,577","656,832","655,128",[x],"722,125","766,629","816,855","849,211","846,934","946,426","1,046,764","1,106,730","1,084,290","1,054,590","1,153,226","1,209,496","1,226,784","1,224,846","1,256,908","1,270,476","292,158","775,584","923,648","1,023,734","1,148,824"
1178,High Street (Glasgow),HST,9909,Scotland,Glasgow City,"341,434","333,405","359,884","339,954","229,444","207,830",[x],"220,388","276,579","275,779","295,553","361,418","376,828","407,096","483,556","551,432","609,548","677,050","735,128","857,586","781,198","789,096","814,934","108,564","368,764","553,916","826,938","841,292"
1179,High Wycombe,HWY,3054,South East,Buckinghamshire,"1,406,930","1,563,821","1,724,225","1,846,354","1,820,864","1,854,241",[x],"1,934,104","1,704,713","1,927,370","2,114,744","2,182,592","2,151,076","2,105,728","2,244,250","2,473,002","2,582,726","2,749,648","2,813,076","2,909,604","2,999,522","3,070,594","2,857,444","542,840","1,623,586","1,917,270","1,971,014","2,160,748"
1180,Higham,HGM,5202,South East,Gravesham,"109,663","113,371","132,846","102,159","131,574","148,738",[x],"204,809","185,134","204,578","240,658","245,946","216,450","193,048","191,434","183,500","180,892","182,178","186,956","194,226","196,936","172,878","173,232","48,460","95,064","107,842","115,496","138,280"
1181,Highams Park,HIP,6919,London,Waltham Forest,"1,112,382","1,253,568","1,226,630","1,238,580","1,239,601","1,279,429",[x],"1,220,851","1,091,726","1,671,640","1,726,941","1,591,470","1,464,612","1,553,296","1,646,330","1,664,538","1,822,878","1,998,106","2,116,016","2,358,214","2,503,850","2,817,380","2,679,244","788,376","1,828,440","2,258,850","2,730,080","2,737,710"
1182,Highbridge and Burnham,HIG,3314,South West,Somerset,"64,111","70,417","75,648","76,884","81,784","91,010",[x],"107,394","116,681","120,489","143,964","145,886","148,456","157,190","167,196","160,268","168,898","190,396","193,462","200,196","207,184","205,232","212,650","80,236","194,846","232,220","229,598","248,906"
1183,Highbury and Islington,HHY,6009,London,Islington,[z],[z],[z],[z],[z],[z],[z],[z],[z],"4,809,098","4,751,391","4,173,338","5,668,133","7,625,235","11,800,748","14,695,098","15,840,018","19,975,522","28,166,440","29,852,702","29,507,772","30,439,574","29,398,624","8,660,736","17,816,284","20,601,096","21,827,580","23,982,528"
1184,Hightown,HTO,2356,North West,Sefton,"97,130","99,329","106,944","94,547","76,826","84,188",[x],"117,664","133,241","141,686","150,991","439,588","409,956","416,844","408,562","381,300","312,412","316,878","314,282","308,872","311,404","353,172","394,406","98,624","248,152","266,572","290,984","297,352"
1185,Hildenborough,HLB,5236,South East,Tonbridge and Malling,"364,967","380,723","409,311","403,842","407,458","414,482",[x],"459,272","476,398","538,467","556,593","561,030","543,992","580,990","576,924","588,806","588,903","632,828","596,680","601,984","582,574","601,276","573,762","82,818","236,520","294,192","325,448","352,930"
1186,Hillfoot,HLF,9983,Scotland,East Dunbartonshire,"164,940","161,776","175,480","178,821","161,088","133,270",[x],"165,924","200,259","218,733","241,921","280,494","278,596","288,000","308,696","318,386","309,334","326,896","318,676","317,532","317,556","331,928","334,830","23,778","124,040","182,970","231,090","258,436"
1187,Hillington East,HLE,9676,Scotland,Glasgow City,"115,481","125,234","131,748","123,994","111,479","105,108",[x],"136,912","153,729","167,552","168,018","204,580","201,690","215,350","202,104","216,196","208,880","214,534","223,100","253,196","279,286","279,018","273,942","68,926","143,254","175,786","209,252","230,266"
1188,Hillington West,HLW,9630,Scotland,Glasgow City,"155,704","161,111","158,922","162,072","139,875","131,529",[x],"153,629","173,112","180,749","201,790","245,796","232,424","250,898","255,420","280,154","330,436","428,592","357,596","329,058","323,792","294,172","302,104","88,492","207,022","242,018","278,194","274,120"
1189,Hillside,HIL,2231,North West,Sefton,"127,288","204,520","149,695","144,170","124,325","125,031",[x],"158,618","178,252","177,678","180,744","688,812","579,460","590,254","579,538","551,928","552,272","542,006","521,616","535,374","638,996","685,694","761,684","187,474","474,834","507,842","546,990","641,590"
1190,Hilsea,HLS,5539,South East,Portsmouth,"145,602","131,812","144,240","161,889","168,232","181,602",[x],"222,760","241,185","227,958","236,440","280,332","264,924","284,488","283,710","287,638","309,556","325,254","324,842","305,126","313,256","338,306","339,318","133,086","276,738","298,074","310,608","360,224"
1191,Hinchley Wood,HYW,5591,South East,Elmbridge,"205,799","233,581","228,738","231,902","235,501","251,570",[x],"261,187","262,915","284,311","328,078","330,502","317,436","329,026","334,634","371,042","374,874","380,376","399,336","387,238","358,196","368,546","349,804","48,360","160,514","216,728","254,000","283,410"
1192,Hinckley (Leics),HNK,1870,East Midlands,Hinckley and Bosworth,"179,629","203,571","181,366","179,913","186,802","209,676",[x],"227,474","224,225","230,967","233,379","286,728","273,510","274,234","280,208","281,188","286,652","301,086","312,084","328,838","337,358","349,176","349,874","54,204","197,584","235,416","302,284","377,764"
1193,Hindley,HIN,2398,North West,Wigan,"83,492","77,508","88,142","94,681","98,695","92,129",[x],"113,575","126,188","135,350","153,403","209,976","233,576","276,182","324,918","365,912","340,780","331,128","333,462","346,424","310,344","294,844","340,104","71,492","206,002","202,750","148,348","240,130"
1194,Hinton Admiral,HNA,5880,South East,New Forest,"115,696","103,856","91,805","94,335","92,690","91,778",[x],"112,241","136,989","145,839","169,748","167,576","157,754","165,900","159,224","158,770","173,484","175,632","167,106","170,862","167,178","164,258","147,120","31,448","91,230","115,438","125,244","134,158"
1195,Hitchin,HIT,6086,East of England,North Hertfordshire,"1,472,824","1,607,408","1,692,875","1,649,842","1,715,171","1,806,889",[x],"1,948,003","2,049,217","2,368,121","2,543,526","2,569,494","2,478,832","2,594,012","2,641,482","2,764,232","2,902,568","3,035,692","3,199,352","3,213,416","3,237,936","3,265,142","3,233,772","750,478","1,981,466","2,512,254","2,682,410","2,940,178"
1196,Hither Green,HGR,5107,London,Lewisham,"1,634,382","1,866,742","1,950,489","1,942,228","1,979,578","2,137,713",[x],"1,990,687","2,029,848","2,752,872","2,945,151","2,730,874","2,579,286","2,718,198","2,807,478","3,004,984","3,245,130","3,580,122","3,321,150","3,371,600","3,381,708","3,529,314","3,332,392","833,228","1,959,378","2,439,860","2,688,524","2,899,052"
1197,Hockley,HOC,6880,East of England,Rochford,"844,713","875,420","952,142","969,571","972,393","1,011,943",[x],"968,747","930,154","591,757","530,923","545,868","537,712","541,328","523,382","556,714","590,514","968,690","1,034,488","960,116","718,932","724,288","978,212","247,272","630,040","770,184","831,862","818,190"
1198,Hollingbourne,HBN,5141,South East,Maidstone,"31,028","36,759","36,223","33,397","27,653","30,472",[x],"31,131","30,031","32,681","38,852","44,960","41,066","38,088","34,870","38,546","42,854","46,554","50,668","57,592","59,490","69,852","70,628","19,746","44,650","46,482","57,744","62,252"
1199,Hollinwood,[z],[z],[z],[z],"34,907","25,573","38,109","40,628","35,589","34,873",[x],"45,709","45,763","48,789","51,530","80,754","50,328",[z],[z],[z],[z],[z],[z],[z],[z],[z],[z],[z],[z],[z],[z],[z]
1200,Holmes Chapel,HCH,1221,North West,Cheshire East,"110,016","110,040","108,638","109,400","104,413","103,234",[x],"101,671","93,521","76,368","122,110","131,482","121,846","133,856","154,574","161,408","159,626","166,364","173,738","199,748","195,208","197,712","216,434","39,720","142,988","176,146","202,354","243,856"
1201,Holmwood,HLM,5308,South East,Mole Valley,"16,319","19,288","25,693","22,141","22,444","26,437",[x],"31,529","32,845","35,312","41,663","43,442","49,158","52,898","53,800","53,082","56,530","60,864","60,970","54,596","57,206","66,400","69,652","15,440","42,672","52,122","49,676","55,806"
1202,Holton Heath,HOL,5941,South West,Dorset,"14,746","16,923","17,174","16,734","9,493","8,309",[x],"16,493","17,145","23,475","27,597","30,538","28,776","31,490","42,354","44,676","42,580","37,616","30,760","26,960","30,186","28,368","30,270","11,164","23,432","27,498","31,700","42,058"
1203,Holyhead,HHD,2437,Wales,Isle of Anglesey - Ynys Môn,"161,230","155,815","161,988","167,249","160,930","153,614",[x],"215,184","202,033","212,266","209,053","184,628","185,506","241,210","242,770","237,772","232,520","235,060","219,268","211,248","219,748","216,782","206,734","44,462","138,730","202,112","222,850","236,886"
1204,Holytown,HLY,9738,Scotland,North Lanarkshire,"31,233","35,720","44,778","51,938","53,393","53,020",[x],"72,031","69,749","73,149","79,865","101,312","103,246","107,848","112,686","128,160","140,516","140,756","141,586","137,334","129,128","126,998","133,150","23,934","85,942","121,604","157,428","165,274"
1205,Homerton,HMN,6979,London,Hackney,"137,414","255,091","251,832","312,878","314,257","276,860",[x],"300,122","359,920","1,894,179","1,844,221","1,542,802","1,302,572","1,853,992","3,020,700","3,976,488","4,882,562","5,240,202","4,652,282","4,815,576","4,520,682","4,931,672","4,761,126","1,774,158","3,299,024","3,862,620","4,555,980","4,685,786"
1206,Honeybourne,HYB,4794,West Midlands,Wychavon,"13,360","14,697","15,534","16,392","16,814","18,691",[x],"22,077","27,752","34,281","33,127","37,350","35,052","41,446","41,834","47,788","51,400","56,178","57,978","59,496","61,858","66,612","71,830","16,280","64,078","85,768","92,244","113,180"
1207,Honiton,HON,5717,South West,East Devon,"209,451","217,228","243,191","241,650","223,041","233,754",[x],"256,356","252,128","263,627","284,482","293,298","292,900","326,892","353,204","379,232","395,240","391,860","389,784","390,050","376,750","359,130","330,582","110,386","255,166","288,228","313,530","337,040"
1208,Honley,HOY,8436,Yorkshire and The Humber,Kirklees,"32,097","32,985","40,664","35,078","28,531","26,711",[x],"26,959","33,995","34,698","37,739","52,344","56,646","61,008","57,628","50,506","55,852","64,374","58,684","57,838","52,050","53,902","52,192","12,442","34,516","40,884","41,938","45,226"
1209,Honor Oak Park,HPA,5418,London,Lewisham,"601,020","706,969","779,102","789,933","902,373","1,034,358",[x],"981,820","1,023,807","1,582,305","1,614,988","1,461,168","1,525,708","1,898,188","2,217,324","2,412,358","2,492,664","2,541,744","2,969,040","3,071,278","3,048,414","3,155,790","3,040,888","751,612","1,821,262","2,309,096","2,570,900","2,553,270"
1210,Hook,HOK,5523,South East,Hart,"376,861","392,809","442,296","477,602","444,770","439,128",[x],"510,242","516,885","592,594","616,947","650,240","645,810","679,330","721,010","707,890","755,354","809,570","823,478","765,438","738,566","727,634","634,164","149,570","317,790","396,226","434,846","487,728"
1211,Hooton,HOO,2193,North West,Cheshire West and Chester,"317,651","374,279","365,461","325,467","311,382","346,458",[x],"348,913","357,690","342,245","359,837","540,926","527,666","520,656","534,626","524,136","692,286","759,520","832,210","779,410","719,752","813,186","860,318","147,672","472,468","629,702","756,650","729,906"
1212,Hope (Derbyshire),HOP,2828,East Midlands,High Peak,"29,718","30,987","34,374","30,737","25,934","26,549",[x],"33,823","37,861","38,814","39,692","44,416","48,210","45,990","52,440","51,306","54,052","58,744","62,282","62,874","67,122","68,820","75,922","21,814","68,514","76,240","90,516","97,946"
1213,Hope (Flintshire),HPE,2432,Wales,Flintshire - Sir y Fflint,"24,807","26,302","29,651","28,595","24,689","21,501",[x],"26,070","21,633","20,148","22,525","23,800","22,648","24,186","25,522","27,652","29,682","27,470","28,904","24,396","24,630","21,424","20,366","3,580","12,026","17,604","15,330","23,332"
1214,Hopton Heath,HPT,4189,West Midlands,Shropshire,991,"1,533",791,"1,219",694,"1,167",[x],904,745,726,"1,470","1,268",680,"1,074","1,554","2,244","2,990","3,966","1,754","1,332","1,006","1,510",924,28,346,724,"1,292","2,230"
1215,Horden,HRE,6604,North East,County Durham,[z],[z],[z],[z],[z],[z],[z],[z],[z],[z],[z],[z],[z],[z],[z],[z],[z],[z],[z],[z],[z],[z],[z],"33,038","96,858","99,564","136,780","164,582"
1216,Horley,HOR,5365,South East,Reigate and Banstead,"723,057","766,687","828,570","753,025","753,676","773,900",[x],"844,231","833,201","838,545","1,021,682","1,096,774","900,184","883,908","934,746","952,022","955,388","984,932","1,076,010","923,774","971,834","969,592","1,009,654","277,546","799,638","1,033,666","1,219,268","1,312,392"
1217,Hornbeam Park,HBP,8212,Yorkshire and The Humber,North Yorkshire,"220,675","223,531","229,715","207,130","167,555","165,610",[x],"208,661","213,823","217,508","226,409","248,600","245,626","255,484","269,622","279,934","308,478","346,270","352,614","373,670","388,238","397,636","399,756","86,936","264,288","325,726","367,790","458,274"
1218,Hornsey,HRN,6015,London,Haringey,"302,110","385,219","413,356","404,752","383,016","391,655",[x],"362,488","381,659","737,369","1,031,000","896,096","942,828","1,068,740","1,129,646","1,179,174","1,237,698","1,351,502","1,534,960","1,675,092","1,743,066","1,654,042","1,560,020","429,820","990,800","1,314,890","1,500,360","1,664,926"
1219,Horsforth,HRS,8499,Yorkshire and The Humber,Leeds,"428,853","482,257","508,281","425,369","366,037","399,370",[x],"614,971","687,538","729,780","726,047","856,040","849,286","950,608","961,434","960,234","1,006,822","1,052,752","1,091,042","1,144,256","1,102,604","1,096,574","1,095,902","159,406","560,662","667,932","740,252","889,978"
1220,Horsham,HRH,5309,South East,Horsham,"1,454,164","1,578,955","1,705,796","1,771,368","1,870,555","1,834,580",[x],"2,032,556","2,066,588","2,203,099","2,381,760","2,434,852","2,361,052","2,515,300","2,578,916","2,628,430","2,746,562","2,837,986","2,841,200","2,530,434","2,689,768","2,872,046","2,855,118","608,364","1,663,016","2,093,682","2,245,714","2,464,238"
1221,Horsley,HSY,5562,South East,Guildford,"300,900","305,930","318,018","317,727","281,633","278,122",[x],"297,462","288,726","300,172","365,342","379,728","379,674","394,960","405,656","429,002","432,660","435,880","446,022","448,708","434,838","421,010","382,510","54,926","198,608","279,040","321,454","348,950"
1222,Horton-In-Ribblesdale,HIR,2105,Yorkshire and The Humber,North Yorkshire,"14,910","14,618","14,300","12,265","7,871","10,865",[x],"14,604","14,049","13,682","15,474","16,870","17,114","17,968","19,010","16,176","15,912","15,656","16,096","16,112","16,720","18,968","19,648","5,068","18,418","19,912","20,570","23,176"
1223,Horwich Parkway,HWI,8720,North West,Bolton,[z],[z],[z],"151,588","178,382","165,050",[x],"217,310","238,184","262,974","303,858","408,044","462,000","513,590","587,154","629,416","654,266","615,892","599,916","639,192","580,262","579,980","673,470","103,876","390,384","447,328","507,378","549,902"
1224,Hoscar,HSC,2399,North West,West Lancashire,"2,644","2,788","2,468","2,459","1,860","2,042",[x],"2,070","1,512","1,788","1,496","1,530","1,268","1,552","1,252","1,600","1,436","1,060",900,"1,024","1,432","1,242",956,194,"1,024",914,800,802
1225,Hough Green,HGN,2303,North West,Halton,"151,723","151,301","154,678","147,728","139,120","124,176",[x],"139,810","145,227","143,556","152,270","159,906","146,728","165,568","186,818","177,876","276,170","282,142","279,486","286,396","297,406","161,576","190,430","54,678","165,956","172,946","184,066","192,584"
1226,Hounslow,HOU,5563,London,Hounslow,"242,248","312,002","361,055","402,832","375,073","405,772",[x],"501,654","516,873","951,567","1,143,353","1,021,236","998,704","1,120,824","1,218,554","1,214,906","1,226,935","1,285,016","1,183,382","1,177,896","1,158,816","1,249,956","1,203,034","371,612","692,128","761,872","823,164","850,306"
1227,Hove,HOV,5273,South East,Brighton and Hove,"1,236,165","1,385,151","1,537,060","1,487,402","1,577,510","1,651,407",[x],"1,764,870","1,917,565","2,096,836","2,184,921","2,302,638","2,259,680","2,321,434","2,392,094","2,400,344","2,421,536","2,453,194","2,451,660","2,043,206","2,232,662","2,332,418","2,329,380","630,814","1,456,638","1,766,748","1,804,998","2,028,988"
1228,Hoveton and Wroxham,HXM,7327,East of England,North Norfolk,"49,187","57,190","67,474","73,665","85,551","71,314",[x],"76,754","77,707","81,905","101,084","104,096","100,254","109,022","113,896","119,696","122,653","131,024","133,314","125,282","129,546","136,414","125,260","38,880","112,218","124,804","126,828","134,424"
1229,How Wood (Hertfordshire),HWW,1563,East of England,St Albans,"42,108","38,685","39,816","34,541","34,984","32,290",[x],"29,392","32,657","38,532","38,723","36,262","32,026","34,202","37,850","38,078","32,574","23,888","27,804","28,994","33,592","34,690","30,478","4,360","10,246","20,046","25,150","29,104"
1230,Howden,HOW,8071,Yorkshire and The Humber,East Riding of Yorkshire,"23,503","25,811","25,576","23,672","23,099","27,856",[x],"49,564","56,959","69,474","74,187","83,992","76,712","85,712","94,640","96,380","102,857","99,484","111,838","122,586","125,766","110,764","114,616","15,070","75,912","93,820","123,318","135,878"
1231,Howwood (Renfrewshire),HOZ,1734,Scotland,Renfrewshire,[z],[z],[z],"1,539","21,315","23,859",[x],"35,711","42,669","50,253","48,277","42,866","41,452","41,442","47,928","51,326","112,720","119,876","124,886","111,562","101,268","94,888","98,920","9,584","40,402","55,720","71,226","75,126"
1232,Hoxton,HOX,1023,London,Hackney,[z],[z],[z],[z],[z],[z],[z],[z],[z],[z],[z],[z],[z],"464,292","1,042,858","1,386,818","1,740,796","2,043,862","2,931,902","2,996,342","3,196,804","3,303,932","3,296,294","877,312","2,191,650","3,253,762","4,098,138","4,083,552"
1233,Hoylake,HYK,2194,North West,Wirral,"121,299","134,773","144,523","133,526","123,789","124,335",[x],"164,848","174,817","291,873","202,609","602,660","566,462","589,458","592,564","573,250","481,594","630,432","504,528","479,560","469,360","573,766","645,686","160,230","369,018","418,194","561,410","470,456"
1234,Hubberts Bridge,HBB,6221,East Midlands,Boston,283,295,419,291,542,605,[x],241,187,411,305,558,296,342,692,590,334,324,520,"1,182","1,412","1,262","1,252",180,470,896,806,764
1235,Hucknall,HKN,1862,East Midlands,Ashfield,"168,210","174,597","173,957","201,313","188,858","217,782",[x],"152,035","149,153","155,555","154,593","156,470","167,182","165,030","165,356","145,636","132,520","149,434","150,620","153,242","178,690","198,968","198,694","34,688","83,164","120,616","153,412","168,608"
1236,Huddersfield,HUD,8437,Yorkshire and The Humber,Kirklees,"1,681,763","1,769,399","1,947,065","1,938,532","1,831,756","1,826,013",[x],"2,214,165","2,386,280","2,511,072","2,672,469","3,565,582","3,578,080","4,095,240","4,200,884","4,656,700","4,816,107","4,994,344","5,041,600","5,092,542","5,100,830","4,897,612","4,769,384","1,025,712","3,041,816","3,020,630","3,021,982","3,136,040"
1237,Hull,HUL,8126,Yorkshire and The Humber,"Kingston upon Hull, City of","1,691,665","1,652,460","1,700,250","1,697,420","1,736,498","1,789,978",[x],"1,961,298","1,969,919","2,050,545","2,112,980","2,162,500","2,146,024","2,183,246","2,217,992","2,158,868","2,204,585","2,199,092","2,251,834","2,383,244","2,513,758","2,356,812","2,382,772","538,196","1,993,364","2,383,442","2,639,696","2,908,428"
1238,Humphrey Park,HUP,2937,North West,Trafford,"9,090","8,346","11,016","12,084","14,393","14,247",[x],"17,869","18,400","17,832","19,228","22,178","23,820","25,524","30,640","24,540","30,782","32,756","35,070","35,614","34,866","30,960","29,778","4,422","15,544","19,214","22,822","30,068"
1239,Huncoat,HCT,2558,North West,Hyndburn,"10,328","9,793","13,276","13,847","12,863","10,214",[x],"10,914","11,071","10,889","10,617","11,300","13,274","16,006","18,974","17,886","20,838","23,058","22,870","25,008","22,380","18,878","24,918","7,986","23,036","24,244","25,224","24,574"
1240,Hungerford,HGD,3072,South East,West Berkshire,"155,950","150,850","181,586","198,280","196,450","196,961",[x],"206,563","227,274","215,501","246,223","274,808","270,156","277,782","292,516","317,256","332,140","344,156","371,804","384,298","364,170","321,464","359,776","71,826","185,880","229,822","288,322","311,612"
1241,Hunmanby,HUB,8098,Yorkshire and The Humber,North Yorkshire,"19,637","21,641","22,620","19,945","15,810","13,226",[x],"13,977","13,399","18,976","21,760","20,736","20,540","21,468","22,198","22,690","21,796","23,304","25,116","23,792","24,742","22,704","32,458","13,832","36,834","40,614","37,196","40,664"
1242,Huntingdon,HUN,6108,East of England,Huntingdonshire,"1,021,828","1,096,115","1,187,934","1,204,076","1,219,245","1,277,164",[x],"1,360,288","1,373,378","1,448,338","1,564,270","1,592,696","1,542,100","1,629,780","1,673,200","1,685,132","1,692,134","1,769,702","1,805,532","1,840,936","1,845,120","1,786,548","1,723,088","337,704","949,924","1,302,160","1,421,020","1,572,480"
1243,Huntly,HNT,8921,Scotland,Aberdeenshire,"51,325","48,296","50,438","53,678","59,148","62,001",[x],"69,533","70,430","75,708","84,223","87,894","84,300","90,010","93,796","94,026","98,276","104,534","105,846","94,904","92,956","77,782","72,090","12,612","44,894","49,568","60,956","65,636"
1244,Hunts Cross,HNX,2235,North West,Liverpool,"297,841","317,996","363,376","325,204","285,162","277,961",[x],"326,258","443,837","464,367","503,426","1,269,710","1,190,934","1,172,150","1,160,738","1,062,798","1,289,590","1,364,502","1,410,366","1,450,268","1,446,138","1,452,752","1,827,454","530,966","1,155,580","1,307,550","1,423,950","1,400,326"
1245,Hurst Green,HUR,5463,South East,Tandridge,"337,320","357,633","368,139","359,672","383,198","409,967",[x],"446,767","482,971","522,178","566,705","563,094","570,108","598,536","621,828","630,134","641,060","656,344","668,210","634,756","662,178","693,908","682,128","143,558","374,058","445,624","470,456","515,280"
1246,Hutton Cranswick,HUT,8099,Yorkshire and The Humber,East Riding of Yorkshire,"35,524","34,238","36,204","36,530","36,914","35,018",[x],"36,379","37,672","33,288","33,324","34,036","33,466","36,696","38,164","39,410","41,108","37,468","38,662","39,972","42,068","42,724","42,394","7,920","31,934","36,368","35,988","44,492"
1247,Huyton,HUY,2160,North West,Knowsley,"338,244","359,072","382,598","332,756","322,203","305,335",[x],"393,447","429,640","425,557","427,088","1,189,112","1,150,702","1,235,358","1,234,138","1,150,454","990,284","952,688","1,002,732","1,008,362","1,150,124","595,444","640,666","178,920","483,116","535,258","631,422","694,522"
1248,Hyde Central,HYC,2829,North West,Tameside,"23,005","24,343","27,004","23,040","22,971","24,752",[x],"36,111","37,600","42,391","41,599","49,846","53,458","59,970","65,150","69,502","87,128","86,054","81,512","97,422","101,982","108,708","116,178","12,552","51,082","60,534","63,796","68,992"
1249,Hyde North,HYT,2959,North West,Tameside,"14,803","17,080","17,517","16,937","13,716","14,869",[x],"20,506","24,138","23,654","27,279","30,722","34,614","41,062","43,332","43,938","44,346","42,148","43,992","48,644","48,680","48,836","53,358","7,608","20,220","27,944","35,340","43,946"
1250,Hykeham,HKM,6310,East Midlands,North Kesteven,"10,758","11,310","11,221","13,135","13,905","13,320",[x],"13,732","14,314","17,564","21,745","21,162","23,262","25,508","34,568","34,244","40,064","49,972","71,056","107,614","143,478","176,244","183,026","31,522","102,206","113,218","157,070","208,754"
1251,Hyndland,HYN,9845,Scotland,Glasgow City,"731,441","762,201","813,157","835,898","777,216","714,611",[x],"919,897","1,046,165","1,077,469","1,183,081","1,316,022","1,325,456","1,378,094","1,475,078","1,532,260","1,650,192","1,714,466","1,743,602","1,767,112","1,742,452","1,692,282","1,631,376","295,110","829,640","1,023,142","1,304,214","1,389,628"
1252,Hythe (Essex),HYH,6851,East of England,Colchester,"21,942","19,615","23,158","22,821","25,087","32,145",[x],"45,214","52,716","52,729","51,836","60,188","69,124","90,822","100,428","112,316","124,000","137,440","158,564","204,786","234,520","265,716","279,464","59,242","178,362","265,670","327,640","433,168"
1253,IBM,[z],[z],[z],[z],"42,651","64,823","123,530","123,708","105,936","94,462",[x],"128,741","117,359","93,954","93,519","153,358","145,664","136,414","127,828","122,590","71,128","47,376","22,016","6,032",768,506,[z],[z],[z],[z],[z],[z]
1254,Ifield,IFI,5495,South East,Crawley,"198,242","210,838","230,415","206,966","203,539","207,892",[x],"236,627","239,607","267,249","290,042","298,886","277,898","307,274","337,080","346,814","355,742","353,502","349,356","288,404","309,870","329,840","331,758","87,232","184,666","232,160","230,898","257,986"
1255,Ilford,IFD,6881,London,Redbridge,"2,571,035","3,340,706","3,431,330","3,370,567","3,421,756","3,679,035",[x],"2,931,960","2,623,618","5,075,338","6,119,745","5,559,414","5,363,400","6,286,174","6,721,496","6,854,314","7,632,352","8,022,488","8,199,216","8,121,754","7,679,264","7,942,174","7,793,746","2,536,166","4,754,530","8,750,562","13,162,522","10,927,468"
1256,Ilkeston,ILN,7783,East Midlands,Erewash,[z],[z],[z],[z],[z],[z],[z],[z],[z],[z],[z],[z],[z],[z],[z],[z],[z],[z],[z],[z],"126,226","130,398","123,610","25,492","101,026","127,512","149,254","203,260"
1257,Ilkley,ILK,8568,Yorkshire and The Humber,Bradford,"610,485","620,854","662,990","640,653","596,103","629,166",[x],"810,464","847,387","918,214","937,940","1,211,726","1,220,634","1,342,018","1,374,276","1,211,992","1,253,476","1,299,496","1,303,810","1,357,702","1,336,520","1,341,652","1,328,924","401,276","936,760","1,118,700","1,175,906","1,358,126"
1258,Imperial Wharf,IMW,9586,London,Hammersmith and Fulham,[z],[z],[z],[z],[z],[z],[z],[z],[z],[z],[z],[z],"119,250","737,388","1,231,644","1,579,564","1,818,380","1,982,780","3,290,200","3,133,002","3,193,608","3,123,322","2,863,374","1,010,064","2,324,442","2,706,930","3,017,980","2,859,328"
1259,Ince (Manchester),INC,2236,North West,Wigan,"8,572","7,162","7,742","6,928","7,592","6,696",[x],"9,320","9,978","10,743","12,493","14,910","14,872","19,176","21,606","22,200","22,300","19,684","21,150","24,536","23,132","20,856","27,928","9,618","19,712","23,720","35,498","12,836"
1260,Ince and Elton (Cheshire),INE,2122,North West,Cheshire West and Chester,"2,191","2,661","1,584","1,647","1,727","1,101",[x],731,"1,055",845,867,544,296,532,386,460,944,"1,554","1,468","1,088",656,552,740,18,202,130,86,98
1261,Ingatestone,INT,6882,East of England,Brentwood,"473,359","484,531","512,512","529,714","542,813","554,235",[x],"606,007","628,220","630,362","649,324","637,918","596,310","636,170","694,754","715,974","750,746","759,626","781,838","836,418","875,874","923,050","875,070","241,694","623,658","682,790","727,588","779,214"
1262,Insch,INS,8922,Scotland,Aberdeenshire,"50,485","51,769","49,607","53,024","57,590","53,325",[x],"62,261","66,432","65,823","72,644","79,466","82,706","86,854","93,712","107,122","113,922","122,404","118,378","98,140","88,362","69,952","57,690","11,038","42,090","52,348","61,436","66,866"
1263,Invergordon,IGD,8648,Scotland,Highland,"4,188","4,575","4,126","3,687","4,639","7,069",[x],"8,109","9,195","12,949","15,853","19,974","20,648","23,444","34,564","34,974","36,355","31,962","29,054","27,886","28,958","28,806","27,826","3,134","13,308","18,758","28,580","23,476"
1264,Invergowrie,ING,8778,Scotland,Perth and Kinross,"2,553","2,558","3,471","2,758","1,371","1,345",[x],"1,365","1,740","1,644","1,664","1,144","1,758","2,078","2,338","2,980","4,674","4,404","4,292","4,308","6,096","5,722","5,166","1,942","5,166","10,336","20,866","22,066"
1265,Inverkeithing,INK,9136,Scotland,Fife,"709,393","699,471","735,595","751,623","763,286","788,454",[x],"988,081","971,713","985,992","1,031,778","993,138","943,400","1,086,412","1,124,252","1,157,942","1,202,228","1,274,988","1,380,844","1,272,228","1,262,804","1,235,204","1,137,604","155,816","645,026","746,238","873,356","953,162"
1266,Inverkip,INP,9646,Scotland,Inverclyde,"20,350","17,253","21,218","21,916","25,769","29,200",[x],"35,943","41,279","44,311","47,192","54,166","50,792","55,702","59,260","67,830","74,688","84,242","93,352","97,012","99,338","106,628","104,494","6,114","39,516","57,690","73,212","82,900"
1267,Inverness,INV,8649,Scotland,Highland,"565,959","618,636","649,264","642,878","681,131","721,358",[x],"822,928","873,011","915,840","975,570","1,043,712","1,070,924","1,127,718","1,180,160","1,213,382","1,282,445","1,303,662","1,306,556","1,259,496","1,238,770","1,243,338","1,214,648","231,894","753,228","974,808","1,169,550","1,172,640"
1268,Inverness Airport,IVA,455,Scotland,Highland,[z],[z],[z],[z],[z],[z],[z],[z],[z],[z],[z],[z],[z],[z],[z],[z],[z],[z],[z],[z],[z],[z],[z],[z],[z],"6,096","53,920","61,166"
1269,Invershin,INH,8614,Scotland,Highland,389,324,290,339,273,287,[x],229,408,199,310,220,282,512,386,690,790,486,706,826,438,284,216,50,210,232,440,362
1270,Inverurie,INR,8924,Scotland,Aberdeenshire,"101,802","105,356","105,039","109,690","118,828","109,824",[x],"127,779","154,103","175,934","195,139","223,566","292,408","345,790","403,950","451,854","501,646","534,462","533,972","511,708","488,950","355,824","339,064","78,358","242,450","288,356","358,140","359,792"
1271,Ipswich,IPS,7217,East of England,Ipswich,"1,661,995","1,828,818","1,981,642","1,991,704","2,023,744","2,022,546",[x],"2,017,300","2,144,935","2,402,052","2,807,395","2,825,352","2,774,536","3,004,678","3,159,348","3,348,394","3,312,522","3,295,398","3,284,934","3,342,366","3,351,870","3,416,026","3,292,182","726,756","2,125,686","2,682,574","3,028,054","3,371,206"
1272,Irlam,IRL,2817,North West,Salford,"94,913","96,519","98,244","100,885","101,046","90,587",[x],"103,198","120,164","123,494","135,105","181,272","177,304","203,994","225,232","240,440","269,294","260,442","305,590","362,358","343,884","358,312","359,522","81,978","215,386","230,040","237,284","262,430"
1273,Irvine,IRV,9508,Scotland,North Ayrshire,"605,462","689,421","684,355","665,399","636,262","643,267",[x],"700,774","761,896","809,959","779,454","873,972","853,638","894,018","913,846","944,328","910,890","955,130","974,826","997,912","996,326","912,174","889,394","114,254","442,436","550,530","628,382","685,016"
1274,Isleworth,ISL,5592,London,Hounslow,"143,590","160,203","165,467","172,155","156,427","155,834",[x],"264,437","302,887","677,139","849,918","812,626","848,790","979,396","1,065,060","1,126,534","1,152,028","1,229,968","1,441,654","1,446,230","1,375,112","1,398,884","1,303,428","367,820","697,004","780,304","878,392","956,838"
1275,Islip,ISP,3110,South East,Cherwell,"24,648","25,221","24,848","21,964","18,598","18,624",[x],"18,988","16,167","17,939","14,240","16,998","23,722","27,836","29,130","26,530","27,018","6,858","10,482","19,600","34,100","35,584","34,168","5,992","20,454","26,038","33,498","39,188"
1276,Iver,IVR,3170,South East,Buckinghamshire,"77,505","91,329","104,421","108,984","97,724","91,869",[x],"111,436","136,161","143,027","147,921","156,658","131,016","152,302","156,426","186,132","193,540","224,740","225,704","229,982","227,286","258,664","231,544","90,928","218,952","264,940","321,042","362,658"
1277,Ivybridge,IVY,3555,South West,South Hams,"19,683","20,906","22,572","19,858","23,825","30,786",[x],"40,613","48,440","59,108","59,920","64,154","56,494","67,104","86,270","79,442","66,516","59,374","53,020","55,518","56,888","54,482","55,204","20,220","66,764","100,900","118,118","136,994"
1278,James Cook University Hospital,JCH,9507,North East,Middlesbrough,[z],[z],[z],[z],[z],[z],[z],[z],[z],[z],[z],[z],[z],[z],[z],[z],[z],"23,176","31,578","31,402","33,774","37,080","40,226","9,280","26,744","37,120","52,370","60,804"
1279,Jewellery Quarter,JEQ,1097,West Midlands,Birmingham,"75,700","86,439","75,242","73,521","74,442","69,398",[x],"86,529","97,457","108,665","116,840","294,018","293,888","310,182","342,602","359,924","386,252","392,502","427,182","421,106","444,086","513,712","539,132","119,638","284,488","320,584","399,186","446,292"
1280,Johnston (Pembs),JOH,4081,Wales,Pembrokeshire - Sir Benfro,"2,039","1,945","1,984","2,300","7,373","8,334",[x],"6,974","5,197","4,658","4,980","5,822","6,446","6,762","6,476","7,216","8,326","8,960","8,704","8,364","9,008","8,270","7,916","1,246","5,498","6,208","6,956","9,062"
1281,Johnstone (Renfrewshire),JHN,9648,Scotland,Renfrewshire,"740,375","921,043","934,678","890,786","804,144","845,001",[x],"944,922","1,053,591","1,124,982","1,145,779","1,246,380","1,216,752","1,256,590","1,262,010","1,322,760","1,232,430","1,308,678","1,314,878","1,314,898","1,306,264","1,332,406","1,275,028","247,134","636,844","821,436","1,086,236","1,139,862"
1282,Jordanhill,JOR,9995,Scotland,Glasgow City,"191,828","191,350","213,337","224,932","211,283","180,474",[x],"281,031","331,002","344,047","346,823","391,684","373,478","377,328","390,614","332,508","296,300","304,130","312,526","285,794","304,292","295,446","292,156","41,128","139,172","191,552","239,840","264,422"
1283,Kearsley (Manchester),KSL,2605,North West,Bolton,"22,367","18,742","19,071","19,678","16,446","13,364",[x],"14,774","16,187","21,987","26,042","28,668","32,492","31,736","35,184","37,778","43,724","41,752","15,512","34,908","36,750","40,152","51,448","12,940","40,976","48,408","52,174","54,888"
1284,Kearsney (Kent),KSN,5038,South East,Dover,"39,143","41,122","40,722","34,926","39,486","36,384",[x],"40,001","41,762","40,183","45,789","43,264","36,672","35,950","30,260","32,396","33,882","34,326","38,128","36,174","41,544","45,878","42,752","17,124","36,656","38,056","46,736","47,626"
1285,Keighley,KEI,8468,Yorkshire and The Humber,Bradford,"712,701","781,521","876,719","879,591","863,067","874,871",[x],"1,087,690","1,127,154","1,155,471","1,182,704","1,492,776","1,513,122","1,653,298","1,682,586","1,627,592","1,639,250","1,720,804","1,702,720","1,705,022","1,664,578","1,623,002","1,570,638","527,384","1,150,000","1,290,608","1,325,068","1,405,910"
1286,Keith,KEH,8925,Scotland,Moray,"55,896","56,238","57,557","58,171","64,667","62,766",[x],"66,531","70,599","68,963","75,036","77,354","77,030","89,690","94,336","95,002","97,033","102,074","98,666","91,992","89,948","81,112","68,102","10,934","47,084","55,948","71,474","76,798"
1287,Kelvedon,KEL,6838,East of England,Braintree,"624,884","674,690","719,185","753,347","764,811","789,487",[x],"774,972","759,680","787,033","799,439","797,236","763,240","791,312","827,358","812,610","837,236","854,088","878,096","865,706","844,570","847,748","797,650","119,948","355,632","482,106","545,692","599,812"
1288,Kelvindale,KVD,1655,Scotland,Glasgow City,[z],[z],[z],[z],[z],[z],[z],[z],[z],"94,970","107,723","109,534","109,726","90,476","94,452","96,488","97,998","105,546","91,570","65,938","92,212","84,650","75,384","18,280","37,072","45,580","60,666","58,426"
1289,Kemble,KEM,3325,South West,Cotswold,"167,301","171,741","186,817","190,024","175,129","194,791",[x],"223,066","236,607","261,475","287,378","309,628","316,616","340,536","361,568","356,268","340,766","356,078","367,758","367,190","372,684","387,798","409,170","66,188","259,100","352,838","399,806","444,760"
1290,Kempston Hardwick,KMH,1384,East of England,Bedford,"2,551",887,"1,983","2,014","2,562","3,152",[x],"2,955","4,088","4,394","6,775","8,252","6,350","6,284","7,316","5,626","7,032","7,712","10,022","11,806","9,842","9,692","10,494","1,774","3,154","4,458","2,296","9,782"
1291,Kempton Park Racecourse,KMP,5678,South East,Spelthorne,"9,397","23,114","32,405","26,917",[z],[z],[z],"27,378","5,103","41,191","45,648","48,926","46,788","54,428","57,740","58,928","63,246","71,476","116,492","60,440","55,924","52,822","45,670","6,206","34,240","38,766","50,516","58,120"
1292,Kemsing,KMS,5079,South East,Sevenoaks,"6,909","7,039","9,869","9,745","9,440","9,709",[x],"11,111","11,095","12,357","13,896","15,700","15,084","15,272","19,138","20,024","23,830","23,694","25,362","25,440","25,366","22,476","19,276","3,122","9,478","12,150","15,934","16,834"
1293,Kemsley,KML,5205,South East,Swale,"57,503","79,579","99,186","96,710","119,322","111,832",[x],"118,629","124,670","137,835","154,788","157,150","147,018","144,952","136,448","124,688","129,438","140,950","145,748","148,188","163,436","180,394","194,342","72,874","151,724","153,540","200,242","208,860"
1294,Kendal,KEN,1976,North West,Westmorland and Furness,"95,298","99,163","107,508","102,235","101,924","99,550",[x],"127,738","141,930","156,198","182,958","191,840","207,640","226,348","217,340","224,590","230,522","224,580","215,398","204,026","208,698","172,958","203,452","82,676","182,650","152,530","155,008","180,094"
1295,Kenilworth,KNW,7985,West Midlands,Warwick,[z],[z],[z],[z],[z],[z],[z],[z],[z],[z],[z],[z],[z],[z],[z],[z],[z],[z],[z],[z],[z],"170,912","211,896","41,900","78,960","139,132","137,720","181,266"
1296,Kenley,KLY,5419,London,Croydon,"244,648","305,015","340,107","339,122","330,514","322,720",[x],"342,398","374,987","525,376","557,787","475,902","458,624","474,008","482,834","478,790","521,324","526,272","453,114","417,560","411,840","435,588","426,468","88,514","207,390","246,786","266,052","268,508"
1297,Kennett,KNE,7011,East of England,East Cambridgeshire,"8,599","7,463","10,433","11,212","10,727","6,898",[x],"11,167","13,057","16,056","17,675","16,274","14,542","18,878","20,238","27,530","30,992","31,896","35,692","37,150","39,512","42,684","42,516","9,408","36,538","43,782","50,226","53,638"
1298,Kennishead,KNS,9816,Scotland,Glasgow City,"25,035","20,710","19,203","22,918","22,074","19,168",[x],"20,917","30,858","37,747","35,826","40,902","48,688","60,738","67,014","67,688","60,250","65,282","62,120","79,240","84,368","91,806","94,436","24,510","61,740","81,370","92,134","157,902"
1299,Kensal Green,KNL,1447,London,Brent,"933,407","992,249","965,248","996,374","1,034,965","1,048,386",[x],"931,639","881,370","387,149","386,121","448,000","538,126","835,712","938,840","891,474","929,124","884,400","700,526","682,728","657,950","632,316","1,062,492","409,302","843,392","973,688","1,026,784","999,796"
1300,Kensal Rise,KNR,1448,London,Brent,"113,277","266,942","294,085","337,908","297,652","333,303",[x],"200,061","200,527","951,621","996,062","767,154","731,136","1,154,302","1,746,294","2,231,046","2,771,234","2,880,916","2,738,450","2,700,132","2,710,748","2,807,424","2,632,108","1,099,580","1,929,358","2,198,562","2,554,468","2,607,790"
1301,Kensington Olympia,KPA,3092,London,Kensington and Chelsea,"549,527","803,462","886,011","752,039","682,540","762,103",[x],"1,159,086","1,244,273","1,391,740","2,202,539","1,923,962","1,833,537","2,311,792","5,226,636","5,290,538","7,290,836","7,249,102","10,904,840","4,117,608","4,049,392","3,636,880","3,353,060","738,934","1,742,806","2,281,904","2,685,140","2,831,588"
1302,Kent House,KTH,5080,London,Bromley,"413,256","482,724","486,020","517,514","532,470","544,078",[x],"509,862","495,618","747,977","809,927","780,736","761,264","783,116","800,202","835,862","908,442","980,540","1,021,946","1,077,368","1,140,004","1,136,432","1,109,938","250,508","595,186","671,190","779,354","814,336"
1303,Kentish Town,KTN,1553,London,Camden,"115,568","236,344","290,651","282,158","299,838","307,329",[x],"382,561","443,644","1,387,798","1,066,682","884,654","1,136,980","1,377,102","1,506,118","1,694,868","1,869,356","2,238,594","2,844,270","2,732,094","2,819,412","2,696,768","2,856,966","779,356","1,499,210","1,991,724","1,786,866","2,589,668"
1304,Kentish Town West,KTW,1449,London,Camden,"67,170","116,853","138,964","147,709","134,275","143,435",[x],"155,585","190,998","823,619","761,871","567,036","469,630","719,392","1,235,122","1,622,994","1,983,198","2,036,296","2,011,132","2,025,772","1,961,874","2,050,956","1,865,960","701,942","1,344,784","1,545,368","1,886,874","1,886,418"
1305,Kenton,KNT,1399,London,Brent,"229,540","395,377","433,925","363,766","364,880","362,137",[x],"318,304","321,286","300,890","296,394","266,358","413,026","820,316","992,978","1,011,972","1,065,998","1,113,232","1,239,124","1,138,724","1,088,734","1,063,332","1,128,902","514,426","938,670","1,076,884","1,158,158","1,438,022"
1306,Kents Bank,KBK,1966,North West,Westmorland and Furness,"20,934","21,493","21,133","21,739","18,880","17,180",[x],"18,701","19,678","15,560","20,305","21,012","20,572","22,828","20,658","21,186","23,546","26,180","25,348","28,262","28,356","26,354","33,622","9,534","23,956","24,938","26,724","30,544"
1307,Kettering,KET,1857,East Midlands,North Northamptonshire,"609,168","639,993","718,705","760,088","826,367","853,990",[x],"933,270","920,850","1,012,009","1,085,989","1,112,390","989,516","989,418","995,542","1,018,868","1,004,406","1,022,020","1,041,678","1,061,606","1,069,736","1,062,964","1,032,982","257,866","1,113,494","1,007,900","1,063,076","1,136,558"
1308,Kew Bridge,KWB,5593,London,Hounslow,"108,635","290,151","301,526","309,340","316,006","323,991",[x],"235,464","271,445","669,924","853,532","784,376","785,958","871,644","986,312","1,101,810","1,180,500","1,324,466","1,263,168","1,189,898","1,189,340","1,282,132","1,281,490","356,068","809,944","952,424","1,057,046","1,162,156"
1309,Kew Gardens,KWG,5594,London,Richmond upon Thames,"1,233,799","1,684,998","1,740,554","1,639,631","1,625,234","1,741,750",[x],"1,509,652","1,354,836","643,119","627,939","503,760","611,930","726,610","901,874","991,728","1,140,766","1,175,972","1,179,264","1,301,970","1,315,942","1,345,370","1,382,212","412,128","971,560","1,222,640","1,381,772","1,368,612"
1310,Keyham,KEY,3571,South West,Plymouth,"8,421","8,457","10,046","8,585","11,450","8,957",[x],"6,374","7,594","7,976","5,055","5,600","5,016","6,330","7,700","6,540","7,100","6,936","7,338","9,122","7,188","7,516","7,808","3,374","8,786","13,530","17,060","16,126"
1311,Keynsham,KYN,3237,South West,Bath and North East Somerset,"102,253","101,850","112,055","118,047","130,148","138,685",[x],"169,101","187,693","209,593","231,326","257,110","249,842","278,850","306,276","329,274","358,186","412,602","424,032","472,630","454,162","511,642","532,966","87,304","298,478","418,586","510,674","566,218"
1312,Kidbrooke,KDB,5108,London,Greenwich,"534,803","636,429","689,229","713,246","743,402","736,210",[x],"662,065","641,786","919,029","973,450","911,924","862,210","890,802","903,150","945,308","1,125,024","1,314,722","1,552,268","1,573,440","1,525,620","1,524,532","1,557,810","429,728","1,010,574","1,200,958","1,412,220","1,620,822"
1313,Kidderminster,KID,4581,West Midlands,Wyre Forest,"697,086","884,993","710,563","692,788","692,149","679,038",[x],"734,132","805,496","866,145","963,041","1,227,492","1,324,100","1,297,994","1,451,938","1,511,442","1,585,050","1,561,914","1,619,928","1,613,640","1,695,390","1,638,322","1,529,896","371,364","799,082","915,886","1,128,558","1,242,114"
1314,Kidsgrove,KDG,1229,West Midlands,Newcastle-under-Lyme,"44,018","44,240","46,958","43,696","39,609","34,940",[x],"30,850","32,192","43,661","50,194","61,558","103,824","141,158","158,480","165,132","181,710","195,832","205,248","228,396","244,256","235,114","235,864","54,796","189,404","224,386","243,534","287,730"
1315,Kidwelly,KWL,4132,Wales,Carmarthenshire - Sir Gaerfyrddin,"8,867","10,085","12,732","14,041","14,293","14,598",[x],"15,769","15,881","15,059","15,614","18,466","19,696","21,198","23,548","25,270","26,794","31,040","30,644","29,992","28,188","27,596","24,378","4,054","15,544","20,972","26,874","34,566"
1316,Kilburn High Road,KBN,1415,London,Camden,"158,159","222,536","186,930","163,809","184,898","209,437",[x],"69,276","59,041","413,360","611,752","689,882","730,484","1,273,808","1,657,804","1,643,084","1,956,030","1,897,326","924,198","929,190","851,676","815,306","752,218","320,168","586,612","642,316","661,026","758,448"
1317,Kildale,KLD,7516,Yorkshire and The Humber,North Yorkshire,"1,469","1,535","1,570","1,352",931,"1,373",[x],"1,956","1,664","2,160","2,486","2,308","2,006","1,992","2,018","1,822","1,960","1,824","1,610","1,416","1,630","1,468","1,498",386,"1,276","1,372","1,450","1,672"
1318,Kildonan,KIL,8652,Scotland,Highland,189,106,91,101,84,89,[x],145,165,231,244,174,204,142,240,62,144,96,170,76,206,168,214,16,140,148,240,312
1319,Kilgetty,KGT,4083,Wales,Pembrokeshire - Sir Benfro,"7,348","7,989","8,332","8,066","8,048","8,126",[x],"7,794","8,221","9,607","12,103","13,346","13,368","13,602","15,724","17,624","17,066","17,188","15,438","16,194","16,402","15,694","15,670","1,776","8,372","12,352","14,280","17,452"
1320,Kilmarnock,KMK,9512,Scotland,East Ayrshire,"303,613","351,613","399,103","407,593","405,713","397,961",[x],"462,070","455,106","437,685","407,463","397,042","410,154","520,128","587,956","603,018","554,708","612,376","593,410","588,618","619,354","609,292","617,746","78,842","316,898","355,414","412,662","467,114"
1321,Kilmaurs,KLM,9516,Scotland,East Ayrshire,"42,693","48,875","52,927","61,183","65,483","68,012",[x],"68,299","69,436","72,497","73,446","77,640","81,032","95,982","102,142","107,264","105,794","109,788","103,478","104,148","113,546","128,102","115,274","10,072","46,196","58,302","69,916","82,350"
1322,Kilpatrick,KPT,9960,Scotland,West Dunbartonshire,"88,171","98,472","84,780","77,408","64,207","56,646",[x],"63,977","68,119","71,200","75,356","80,562","107,494","119,212","119,406","118,518","125,306","128,482","135,178","128,918","124,860","104,354","103,968","15,420","48,198","66,432","70,598","76,814"
1323,Kilwinning,KWN,9517,Scotland,North Ayrshire,"619,262","698,274","731,039","721,430","720,820","779,887",[x],"846,664","907,945","920,849","909,044","974,444","958,342","982,158","1,011,656","1,048,632","959,873","989,144","1,009,258","1,017,126","1,042,654","1,008,180","938,072","111,346","456,434","591,162","709,802","781,106"
1324,Kinbrace,KBC,8653,Scotland,Highland,630,657,616,613,506,754,[x],518,562,537,737,792,410,448,778,"1,090","1,092",528,456,464,376,510,456,44,370,436,606,406
1325,Kingham,KGM,3008,South East,West Oxfordshire,"110,022","114,723","121,021","125,340","121,519","121,318",[x],"124,462","126,995","131,183","141,310","147,554","137,944","150,890","156,668","169,496","172,006","180,536","184,218","184,260","183,514","181,790","191,518","39,014","162,784","206,270","195,162","251,844"
1326,Kinghorn,KGH,9142,Scotland,Fife,"53,838","56,844","64,010","67,088","70,520","73,114",[x],"90,794","92,776","100,692","94,898","92,416","91,894","91,676","91,764","94,644","97,756","99,826","100,378","98,290","98,218","93,782","94,034","9,342","50,136","69,616","88,298","97,662"
1327,King's Cross Thameslink,[z],[z],[z],[z],"1,441,033","1,580,047","1,917,431","2,218,861","2,251,888","2,361,719",[x],"7,715,813","8,820,810","10,576,611","10,786,165",[z],[z],[z],[z],[z],[z],[z],[z],[z],[z],[z],[z],[z],[z],[z],[z],[z]
1328,Kings Langley,KGL,1392,East of England,Three Rivers,"324,180","340,087","383,456","365,648","352,786","343,318",[x],"382,760","446,343","509,349","595,820","590,286","573,550","597,562","629,876","668,788","666,230","691,046","731,266","748,842","709,546","724,994","653,446","94,230","281,786","382,240","449,482","507,206"
1329,Kings Lynn,KLN,7115,East of England,King's Lynn and West Norfolk,"391,885","437,809","482,059","520,941","566,961","593,675",[x],"641,668","622,034","656,624","680,230","739,282","750,738","821,772","869,006","879,836","913,458","970,890","973,660","998,316","988,448","991,252","931,394","240,162","683,706","757,034","789,204","853,200"
1330,Kings Norton,KNN,1109,West Midlands,Birmingham,"284,630","296,715","301,255","299,476","313,387","320,368",[x],"366,275","406,690","447,461","481,358","803,682","785,224","792,740","1,103,610","1,091,626","1,141,914","1,145,842","1,236,518","1,289,888","1,361,792","1,509,026","1,512,030","230,802","537,034","675,768","834,758","933,856"
1331,Kings Nympton,KGN,5823,South West,North Devon,"6,875","7,131","4,669","4,476","4,220","4,013",[x],"2,400","1,781","1,009","1,033","1,542","1,984","2,578","3,006","4,482","3,748","3,422","5,758","8,030","6,640","5,000","6,098","2,740","3,118","3,908","4,114","6,498"
1332,Kings Park,KGP,9817,Scotland,Glasgow City,"95,578","89,977","95,242","110,083","99,183","95,040",[x],"95,830","106,393","121,069","126,593","135,592","149,990","164,632","184,996","186,130","173,338","186,778","194,294","216,314","230,862","231,254","206,966","37,134","108,474","147,098","178,392","191,560"
1333,Kings Sutton,KGS,4508,East Midlands,West Northamptonshire,"33,677","35,915","35,886","39,826","43,348","39,745",[x],"40,321","35,215","39,090","44,512","44,388","39,994","44,806","43,918","47,970","51,672","63,340","71,644","67,384","65,400","75,554","82,796","22,494","45,532","54,582","67,132","82,030"
1334,Kingsknowe,KGE,9217,Scotland,City of Edinburgh,"25,534","29,809","24,476","22,061","19,022","14,094",[x],"18,409","18,524","19,942","19,307","20,316","19,710","15,978","17,476","25,342","24,720","21,208","20,150","18,800","20,452","17,196","16,942","4,668","11,214","20,304","33,176","34,444"
1335,Kingston,KNG,5565,London,Kingston upon Thames,"2,152,869","2,723,167","2,658,461","2,709,922","2,551,177","2,642,783",[x],"3,163,324","3,226,866","5,596,609","5,790,757","5,160,632","5,008,774","5,276,390","5,618,396","5,865,428","5,986,660","6,186,850","5,615,666","5,440,164","4,879,570","5,012,744","4,650,286","1,150,134","3,053,908","3,643,910","4,143,270","4,360,664"
1336,Kingswood,KND,5366,South East,Reigate and Banstead,"122,102","158,801","192,093","199,451","222,131","213,916",[x],"263,417","284,818","269,269","289,266","285,950","259,178","277,904","302,302","320,462","316,708","304,002","328,778","266,616","227,984","219,092","220,344","39,432","101,240","134,674","131,292","150,156"
1337,Kingussie,KIN,8655,Scotland,Highland,"17,565","18,856","21,196","19,207","22,584","23,815",[x],"27,725","30,045","32,135","33,416","38,054","35,838","38,544","40,298","40,954","41,400","42,522","42,850","44,200","44,736","40,758","39,254","7,352","25,682","32,978","41,726","42,058"
1338,Kintbury,KIT,3073,South East,West Berkshire,"55,285","48,566","61,320","64,634","60,085","58,869",[x],"59,191","58,164","56,467","59,031","65,676","64,418","64,472","62,238","76,986","85,544","92,552","93,092","99,484","85,420","82,290","95,850","24,414","63,078","65,194","70,722","75,280"
1339,Kintore,KTR,6597,Scotland,Aberdeenshire,[z],[z],[z],[z],[z],[z],[z],[z],[z],[z],[z],[z],[z],[z],[z],[z],[z],[z],[z],[z],[z],[z],[z],"8,474","66,168","85,348","118,514","124,436"
1340,Kirby Cross,KBX,6862,East of England,Tendring,"18,371","21,060","21,434","26,075","29,866","37,379",[x],"45,406","37,504","39,149","39,715","44,542","41,508","42,114","42,266","43,816","40,400","40,430","41,618","46,332","46,386","44,782","47,842","13,726","36,664","48,908","58,260","62,896"
1341,Kirk Sandall,KKS,6527,Yorkshire and The Humber,Doncaster,"48,374","66,324","88,563","81,434","80,315","65,403",[x],"101,780","106,633","101,073","101,311","141,912","142,924","158,844","172,068","161,326","95,100","123,056","128,484","124,546","110,636","107,844","123,082","20,996","60,020","49,350","71,328","85,804"
1342,Kirkby (Merseyside),KIR,2124,North West,Knowsley,"408,331","442,016","514,744","447,192","357,938","350,098",[x],"516,007","560,285","639,337","739,590","2,191,476","2,050,590","2,006,486","1,891,982","1,750,270","2,357,814","2,408,810","2,356,170","2,428,340","2,427,778","2,488,916","2,909,204","877,884","1,899,772","2,060,974","1,821,322","1,605,216"
1343,Kirkby Stephen,KSW,2057,North West,Westmorland and Furness,"22,206","23,206","22,768","22,502","19,327","18,617",[x],"23,486","21,623","21,543","24,414","25,590","25,420","30,352","32,080","31,262","30,138","29,768","26,786","19,962","30,146","27,654","30,912","5,572","25,758","29,888","33,666","35,744"
1344,Kirkby-in-Ashfield,KKB,1867,East Midlands,Ashfield,"120,570","133,583","142,020","152,221","151,281","157,630",[x],"155,415","155,102","149,585","139,213","150,980","177,782","166,156","176,020","171,856","147,444","170,916","177,474","178,808","185,220","181,416","176,680","34,602","89,714","106,386","114,636","121,654"
1345,Kirkby-In-Furness,KBF,1959,North West,Westmorland and Furness,"14,571","16,295","15,689","16,457","16,173","14,030",[x],"14,306","15,326","14,689","17,320","10,238","16,094","15,300","15,520","16,620","15,194","14,340","12,596","14,578","14,398","15,530","17,526","4,638","12,562","15,704","20,192","22,706"
1346,Kirkcaldy,KDY,9145,Scotland,Fife,"647,450","729,929","817,943","854,542","861,838","890,768",[x],"1,050,188","1,071,969","1,126,272","1,151,747","1,121,618","1,074,524","989,230","988,488","1,000,270","1,029,702","1,113,898","1,157,650","1,117,694","1,113,236","1,109,834","1,008,276","139,356","578,852","642,242","782,132","856,236"
1347,Kirkconnel,KRK,9518,Scotland,Dumfries and Galloway,"9,249","9,780","11,649","12,951","14,939","15,581",[x],"15,354","16,524","15,373","16,125","17,574","17,494","16,936","18,262","18,500","21,026","20,650","18,622","19,050","21,368","21,816","19,880","1,260","11,190","13,954","19,350","18,724"
1348,Kirkdale,KKD,2245,North West,Liverpool,"300,890","308,904","321,144","334,808","310,239","299,396",[x],"410,808","452,155","441,525","479,342","1,179,346","1,085,418","1,099,018","1,084,206","992,908","854,320","866,218","869,870","893,198","884,302","1,067,562","1,272,022","365,524","850,892","1,033,786","1,053,548","930,362"
1349,Kirkham and Wesham,KKM,2668,North West,Fylde,"184,552","187,095","196,090","202,296","197,547","171,760",[x],"206,172","212,413","214,093","225,599","226,144","219,962","229,314","240,560","246,534","242,272","245,806","258,188","275,492","234,678","235,812","307,970","83,240","269,128","314,886","361,362","397,926"
1350,Kirkhill,KKH,9771,Scotland,South Lanarkshire,"104,536","97,898","96,277","93,254","86,986","81,056",[x],"87,733","93,651","98,180","94,049","92,426","98,280","93,878","91,830","88,316","76,282","74,922","76,068","72,854","69,104","78,116","71,430","5,950","38,876","58,128","65,226","64,162"
1351,Kirknewton,KKN,9230,Scotland,West Lothian,"39,507","44,365","48,606","43,765","40,856","35,067",[x],"49,612","49,917","40,008","40,236","39,242","42,854","39,158","38,486","46,292","42,450","50,912","51,662","47,590","50,202","44,056","50,498","6,036","28,024","39,750","63,714","71,168"
1352,Kirkstall Forge,KLF,6544,Yorkshire and The Humber,Leeds,[z],[z],[z],[z],[z],[z],[z],[z],[z],[z],[z],[z],[z],[z],[z],[z],[z],[z],[z],"94,536","150,208","232,386","289,528","57,130","171,986","249,948","300,170","378,822"
1353,Kirkwood,KWD,9766,Scotland,North Lanarkshire,"88,895","96,767","97,387","99,042","99,138","87,473",[x],"107,429","114,357","114,772","120,797","143,386","140,572","139,068","150,274","153,192","130,200","131,580","138,888","166,648","156,822","139,210","147,680","21,684","72,844","94,068","122,426","135,706"
1354,Kirton Lindsey,KTL,6466,Yorkshire and The Humber,North Lincolnshire,188,253,228,170,209,133,[x],163,137,168,126,88,220,224,210,186,120,162,200,358,290,190,272,10,68,94,294,740
1355,Kiveton Bridge,KIV,6401,Yorkshire and The Humber,Rotherham,"23,098","23,525","30,179","24,585","22,904","20,545",[x],"38,614","36,889","39,305","36,754","52,844","57,264","63,364","66,502","63,106","68,140","67,088","58,508","59,850","62,424","67,630","76,772","13,882","48,728","53,514","57,526","69,186"
1356,Kiveton Park,KVP,6565,Yorkshire and The Humber,Rotherham,"15,576","19,783","22,606","20,361","21,047","21,436",[x],"33,287","33,096","31,838","27,272","42,226","46,224","47,526","49,024","53,912","55,456","51,692","52,328","52,384","45,926","46,654","48,590","10,586","32,112","40,674","48,106","58,108"
1357,Knaresborough,KNA,8214,Yorkshire and The Humber,North Yorkshire,"267,425","260,201","275,142","251,652","225,394","211,555",[x],"239,754","248,986","248,655","245,422","257,714","277,722","302,776","325,872","331,308","339,938","353,704","349,516","383,118","386,062","410,710","439,486","116,834","387,240","463,724","506,446","605,486"
1358,Knebworth,KBW,6088,East of England,North Hertfordshire,"298,418","326,704","338,756","312,937","324,986","328,011",[x],"344,003","343,752","392,409","457,813","480,706","471,564","494,182","527,066","550,546","567,100","594,840","589,806","593,672","586,890","561,724","547,168","129,664","317,220","403,504","414,964","436,866"
1359,Knighton,KNI,4206,West Midlands,Shropshire,"20,414","20,057","19,390","18,720","19,444","20,621",[x],"23,251","22,436","19,711","23,911","22,778","23,338","25,076","25,096","24,050","21,930","23,022","21,626","20,714","21,440","21,892","20,988","1,118","9,652","13,582","17,682","19,208"
1360,Knockholt,KCK,5109,London,Bromley,"88,397","97,726","104,641","106,606","101,590","94,285",[x],"142,520","157,505","220,874","269,464","275,804","269,744","288,636","323,398","366,818","320,504","343,130","287,418","272,732","238,892","254,816","250,766","41,220","111,124","137,294","169,548","188,588"
1361,Knottingley,KNO,8546,Yorkshire and The Humber,Wakefield,"55,102","66,471","75,318","63,626","41,842","56,078",[x],"85,416","114,703","119,937","129,353","162,338","155,536","172,500","165,900","141,140","154,944","158,116","165,706","171,476","155,026","156,730","172,172","51,188","136,180","150,422","159,950","156,292"
1362,Knucklas,KNU,4228,Wales,Powys - Powys,"3,512","2,865","2,333","2,789","2,997","3,189",[x],"4,010","3,581","3,273","4,621","4,572","3,644","3,998","4,994","4,504","4,778","4,928","4,120","3,670","3,454","3,548","4,212","1,054","2,114","2,634","3,050","4,156"
1363,Knutsford,KNF,2848,North West,Cheshire East,"223,125","224,044","225,511","215,880","203,691","170,042",[x],"217,018","241,382","249,812","291,232","311,214","304,404","361,624","398,942","454,158","500,434","493,650","510,840","513,422","501,798","466,788","446,400","121,324","272,804","321,962","338,318","371,236"
1364,Kyle Of Lochalsh,KYL,8657,Scotland,Highland,"40,592","46,944","48,585","43,998","36,662","41,243",[x],"44,263","44,770","46,749","48,290","52,672","60,164","60,528","66,272","66,828","67,278","64,256","65,706","62,704","65,182","60,606","57,786","7,858","40,702","46,634","53,584","46,788"
1365,Ladybank,LDY,9149,Scotland,Fife,"25,642","26,029","29,087","28,212","28,844","30,318",[x],"40,927","41,506","44,036","49,862","47,028","59,942","59,990","63,804","64,238","66,234","71,244","82,702","82,218","84,470","83,864","79,852","8,084","41,836","57,990","76,708","86,454"
1366,Ladywell,LAD,5057,London,Lewisham,"498,757","573,746","617,363","632,734","620,628","658,202",[x],"626,991","644,466","874,132","931,470","903,658","885,450","928,516","942,374","972,784","1,052,096","1,122,400","1,322,978","1,291,462","1,210,522","1,308,570","1,319,420","351,862","741,190","917,628","1,125,846","1,254,886"
1367,Laindon,LAI,7445,East of England,Basildon,"1,386,756","1,533,419","1,546,146","1,560,181","1,497,946","1,532,636",[x],"1,455,650","1,458,504","1,629,082","1,764,436","1,798,098","1,745,876","1,818,248","1,886,600","1,899,308","1,946,138","2,017,890","2,072,928","2,202,032","2,287,322","2,360,218","2,280,886","710,864","1,444,904","1,748,512","1,812,010","1,926,978"
1368,Lairg,LRG,8658,Scotland,Highland,"3,812","3,811","3,842","3,646","3,774","4,326",[x],"4,096","4,126","3,724","4,790","5,280","5,542","6,098","6,330","6,176","7,440","7,514","6,592","5,576","5,426","6,016","6,264",742,"2,960","3,348","4,180","3,978"
1369,Lake,LKE,5504,South East,Isle of Wight,"59,178","58,732","73,076","74,312","81,826","78,279",[x],"77,995","76,364","71,465","69,350","67,162","67,584","67,656","77,772","71,566","61,840","53,006","52,310","53,786","47,602","43,236","37,574","4,378","11,574","21,000","19,384","19,744"
1370,Lakenheath,LAK,7201,East of England,West Suffolk,694,640,552,443,226,190,[x],103,141,112,552,536,370,404,390,440,378,458,416,518,468,454,416,246,476,562,480,920
1371,Lamphey,LAM,4084,Wales,Pembrokeshire - Sir Benfro,"1,730","1,601","1,806","2,117","2,289","2,371",[x],"2,646","2,552","2,936","4,291","4,320","4,446","4,342","4,482","3,812","4,986","5,612","5,732","5,556","4,868","5,108","4,456",604,"3,128","3,820","4,820","5,862"
1372,Lanark,LNK,9710,Scotland,South Lanarkshire,"207,975","249,007","229,848","246,128","220,652","218,994",[x],"257,628","278,915","289,541","301,167","342,050","328,594","347,128","350,014","337,896","304,640","328,890","306,236","328,034","303,834","292,294","279,864","30,996","143,656","203,190","246,840","263,532"
1373,Lancaster,LAN,2685,North West,Lancaster,"1,051,133","1,098,475","1,154,174","1,131,960","1,150,536","1,115,448",[x],"1,270,227","1,317,299","1,395,832","1,498,353","1,559,994","1,656,070","1,787,698","1,835,462","1,850,772","1,915,446","2,004,122","2,033,538","2,146,796","2,142,834","2,122,814","2,193,066","521,432","1,659,362","1,830,070","1,963,884","2,184,042"
1374,Lancing,LAC,5275,South East,Adur,"574,005","604,809","642,408","596,054","648,793","679,075",[x],"729,086","743,942","757,591","800,641","815,700","833,380","910,826","951,982","971,730","987,478","999,790","966,792","751,372","887,946","964,160","996,868","389,120","731,542","819,954","848,972","979,620"
1375,Landywood,LAW,1017,West Midlands,South Staffordshire,"29,714","35,849","37,764","38,224","39,042","42,164",[x],"45,102","52,371","65,604","78,506","84,420","83,238","93,724","116,706","106,472","109,942","92,398","97,214","108,336","89,656","96,902","111,810","22,928","101,382","117,630","159,556","168,684"
1376,Langbank,LGB,9652,Scotland,Renfrewshire,"53,129","50,586","48,532","43,595","41,735","45,405",[x],"48,693","54,797","56,365","56,713","65,996","62,748","65,300","64,244","68,018","60,042","61,484","59,680","60,652","63,804","64,864","73,938","12,074","45,940","59,348","66,754","62,206"
1377,Langho,LHO,2735,North West,Ribble Valley,"18,483","15,673","15,835","16,853","17,011","16,397",[x],"22,713","26,239","23,999","24,935","26,072","31,872","37,234","40,376","49,710","48,082","46,058","35,734","43,996","37,526","37,850","45,706","13,634","33,688","39,650","37,956","36,914"
1378,Langley (Berks),LNY,3171,South East,Slough,"359,165","421,490","484,132","494,972","481,911","493,042",[x],"482,403","540,554","582,093","653,345","661,654","614,190","671,854","708,948","722,140","710,440","726,202","796,614","817,586","815,110","865,536","907,692","238,966","593,182","769,282","1,042,134","1,153,338"
1379,Langley Green,LGG,4607,West Midlands,Sandwell,"47,734","54,918","58,279","57,819","56,213","53,555",[x],"49,109","51,566","57,938","60,891","128,590","133,946","140,016","161,496","166,854","170,504","169,866","180,990","188,642","204,932","225,018","223,422","52,674","108,058","121,330","151,264","161,198"
1380,Langley Mill,LGM,1761,East Midlands,Amber Valley,"44,171","43,460","44,396","44,747","51,017","55,350",[x],"51,436","50,617","57,812","52,252","62,276","78,384","88,236","93,846","95,158","93,554","106,542","115,686","121,442","101,824","93,078","92,144","16,998","64,610","80,058","85,018","100,238"
1381,Langside,LGS,9818,Scotland,Glasgow City,"148,030","144,287","148,634","142,217","124,407","121,219",[x],"126,813","147,198","154,722","164,055","189,280","186,814","210,028","218,148","223,918","230,348","239,974","247,806","268,682","296,160","275,932","289,234","45,730","109,626","140,970","196,146","225,812"
1382,Langwathby,LGW,2058,North West,Westmorland and Furness,"19,993","18,151","16,385","14,763","16,459","17,459",[x],"22,396","24,190","21,501","23,345","24,114","23,620","24,994","26,642","24,752","24,350","22,832","17,870","4,132","18,162","18,630","22,002","3,006","17,168","16,712","19,066","20,288"
1383,Langwith-Whaley Thorns,LAG,1871,East Midlands,Bolsover,3,"33,068","33,793","36,197","34,879","29,780",[x],"30,108","28,217","25,769","23,475","25,272","25,812","24,852","25,542","23,320","21,108","25,380","22,292","22,152","21,454","19,354","17,946","4,396","12,268","9,744","8,808","9,816"
1384,Lapford,LAP,5824,South West,Mid Devon,"13,839","9,697","7,996","6,740","4,091","4,912",[x],"2,104","1,658","2,208","1,967","2,058","1,878","2,374","2,062","1,796","2,354","2,704","2,252","2,262","1,498","1,316","2,078","1,702","4,532","6,226","7,660","8,488"
1385,Lapworth,LPW,4595,West Midlands,Warwick,"23,371","28,776","19,869","18,875","18,284","16,564",[x],"17,607","18,960","20,460","19,918","34,366","33,406","33,796","35,976","33,212","32,728","31,064","35,586","46,224","52,580","72,774","84,716","20,520","51,444","77,008","92,736","38,396"
1386,Larbert,LBT,9876,Scotland,Falkirk,"266,769","280,700","299,760","331,230","339,813","344,297",[x],"427,739","468,849","491,808","547,762","608,794","658,040","711,200","747,500","770,462","787,548","823,478","850,028","803,812","850,346","858,388","889,872","113,242","424,396","601,564","787,810","812,100"
1387,Largs,LAR,9521,Scotland,North Ayrshire,"322,002","332,197","362,737","356,052","356,442","384,938",[x],"376,116","411,002","413,289","406,657","442,892","470,412","478,582","472,022","485,948","449,060","452,880","429,740","441,820","435,714","445,718","425,530","57,534","254,756","306,036","383,736","384,942"
1388,Larkhall,LRH,9728,Scotland,South Lanarkshire,[z],[z],[z],[z],[z],[z],[z],[z],[z],"268,707","307,910","334,308","323,080","317,462","327,064","342,704","406,074","420,130","420,366","434,494","385,940","354,604","354,144","32,382","151,558","204,948","243,898","254,940"
1389,Laurencekirk,LAU,8931,Scotland,Aberdeenshire,[z],[z],[z],[z],[z],[z],[z],[z],[z],[z],[z],[z],"56,496","73,594","86,138","92,470","102,770","112,914","104,488","96,002","95,848","86,332","88,566","8,778","45,386","60,670","80,682","87,390"
1390,Lawrence Hill,LWH,3225,South West,"Bristol, City of","42,153","41,554","46,643","47,832","52,554","54,180",[x],"46,508","55,865","68,371","55,730","67,338","74,876","93,600","102,964","124,878","136,316","150,774","157,912","170,084","151,626","148,606","190,118","66,852","152,906","209,022","287,182","339,856"
1391,Layton (Lancs),LAY,2669,North West,Blackpool,"38,439","41,186","48,229","48,156","42,476","35,343",[x],"42,099","43,048","40,882","42,700","46,094","48,900","55,554","63,196","70,454","76,788","74,116","72,370","85,324","62,372","45,414","65,388","22,536","52,714","63,394","73,734","74,558"
1392,Lazonby and Kirkoswald,LZB,2059,North West,Westmorland and Furness,"14,159","12,226","15,662","12,903","12,168","12,704",[x],"14,254","14,368","14,510","16,695","16,118","16,564","17,456","18,632","17,198","16,144","15,802","12,510","4,150","11,218","10,774","13,452","1,762","10,428","13,306","17,956","18,548"
1393,Lea Bridge,LEB,6927,London,Waltham Forest,[z],[z],[z],[z],[z],[z],[z],[z],[z],[z],[z],[z],[z],[z],[z],[z],[z],[z],[z],"314,986","389,344","414,504","512,454","254,784","485,878","617,244","825,532","877,314"
1394,Lea Green,LEG,2339,North West,St. Helens,[z],[z],[z],"52,107","116,193","110,212",[x],"147,160","163,617","181,523","181,660","452,154","442,548","478,866","499,254","476,844","382,060","393,556","439,500","445,960","484,730","397,832","465,154","82,028","338,102","339,876","318,812","400,690"
1395,Lea Hall,LEH,1133,West Midlands,Birmingham,"65,222","95,514","108,253","105,989","108,499","125,480",[x],"141,305","138,216","146,773","141,211","270,568","266,262","267,232","454,890","443,472","476,752","486,856","536,392","570,804","598,646","674,132","652,336","112,538","259,534","338,102","409,674","442,584"
1396,Leagrave,LEA,1534,East of England,Luton,"745,047","988,487","1,115,346","1,168,833","1,226,852","1,253,018",[x],"1,341,713","1,413,294","1,524,828","1,651,382","1,633,058","1,511,076","1,554,446","1,686,524","1,757,188","1,810,120","1,894,294","1,914,952","1,861,912","1,868,018","1,894,608","1,812,472","537,756","1,115,572","1,380,408","1,483,752","1,496,012"
1397,Lealholm,LHM,7925,Yorkshire and The Humber,North Yorkshire,"20,854","18,610","18,172","18,407","17,219","18,657",[x],"16,760","16,688","15,706","13,044","15,554","16,242","17,972","20,010","11,422","17,662","15,888","18,102","17,358","16,298","15,250","15,168","8,726","8,834","8,010","8,598","6,868"
1398,Leamington Spa,LMS,4597,West Midlands,Warwick,"740,719","881,209","872,105","921,999","964,259","991,111",[x],"1,198,749","1,220,031","1,326,763","1,400,832","1,767,556","1,772,398","1,856,378","2,014,910","2,097,938","2,241,038","2,315,836","2,433,782","2,553,868","2,664,778","2,773,782","2,823,282","527,644","1,655,708","2,090,736","2,181,166","2,544,520"
1399,Leasowe,LSW,2237,North West,Wirral,"174,389","196,993","231,397","236,543","224,979","229,122",[x],"332,056","341,334","359,064","354,507","989,882","920,418","954,394","946,726","889,718","600,078","612,230","607,590","541,246","543,816","612,146","703,188","189,894","423,986","501,484","530,270","520,920"
1400,Leatherhead,LHD,5368,South East,Mole Valley,"994,103","1,106,582","1,253,051","1,305,806","1,245,212","1,254,651",[x],"1,338,133","1,413,955","1,584,422","1,824,572","1,882,144","1,875,568","1,977,566","2,044,136","2,103,752","2,104,686","2,147,876","2,171,492","2,026,516","1,964,658","2,062,214","1,951,620","382,184","928,998","1,184,542","1,373,782","1,480,646"
1401,Ledbury,LED,4784,West Midlands,"Herefordshire, County of","101,307","113,832","114,227","126,498","132,237","133,968",[x],"130,403","135,033","147,496","162,588","180,136","184,340","189,308","193,952","185,588","195,348","203,612","214,632","210,098","216,606","218,822","218,858","67,320","162,662","187,960","185,386","194,606"
1402,Lee (London),LEE,5110,London,Lewisham,"971,570","1,045,866","1,083,880","1,095,573","1,142,420","1,151,104",[x],"1,087,916","1,086,477","1,446,780","1,523,718","1,494,798","1,465,072","1,522,164","1,514,608","1,500,244","1,574,410","1,680,094","1,733,126","1,704,024","1,674,010","1,734,210","1,639,106","432,292","978,678","1,186,854","1,367,930","1,482,668"
1403,Leeds,LDS,8487,Yorkshire and The Humber,Leeds,"9,904,053","10,693,538","11,412,688","10,629,076","10,386,534","11,285,693",[x],"14,733,503","16,059,517","17,356,732","18,121,572","22,421,732","21,978,372","24,491,616","25,051,436","26,200,916","27,729,453","28,847,648","29,723,734","30,942,592","31,101,454","30,838,554","31,020,744","5,853,754","19,263,472","23,964,156","24,891,386","27,309,508"
1404,Leicester,LEI,1947,East Midlands,Leicester,"3,180,677","3,324,048","3,656,368","3,708,580","3,964,480","4,267,391",[x],"4,456,662","4,360,891","4,778,063","4,969,109","5,132,022","4,992,390","4,953,636","4,896,018","4,797,294","4,853,908","5,052,026","5,247,140","5,422,928","5,390,776","5,582,286","5,322,728","1,042,118","3,548,600","4,869,836","5,303,830","5,527,136"
1405,Leigh (Kent),LIH,5294,South East,Sevenoaks,"26,272","31,045","32,691","29,723","30,763","33,441",[x],"39,805","43,359","44,535","47,944","48,008","39,302","37,302","42,876","46,214","50,304","45,126","48,452","44,358","41,744","46,090","46,044","12,250","29,750","33,310","40,822","41,564"
1406,Leigh-On-Sea,LES,7446,East of England,Southend-on-Sea,"1,172,341","1,299,694","1,350,058","1,393,511","1,397,053","1,489,288",[x],"1,527,134","1,597,295","1,677,692","1,791,121","1,779,084","1,775,572","1,857,356","1,967,884","1,914,168","1,999,932","2,002,772","2,206,454","2,341,028","2,232,058","2,355,650","2,315,160","479,582","1,247,590","1,563,360","1,634,712","1,689,868"
1407,Leighton Buzzard,LBZ,1373,East of England,Central Bedfordshire,"1,107,233","1,094,796","1,153,268","1,126,058","1,149,348","1,142,663",[x],"1,199,853","1,279,330","1,384,855","1,448,734","1,418,708","1,401,340","1,515,364","1,588,972","1,646,360","1,664,590","1,727,358","1,788,662","1,840,918","1,798,434","1,841,772","1,753,386","293,754","905,868","1,142,588","1,315,214","1,523,698"
1408,Lelant,LEL,3539,South West,Cornwall,"4,801","4,864","4,823","5,191","6,417","6,913",[x],"8,697","1,653",250,240,560,324,"1,842","2,908","2,322","2,494","2,874","8,104","8,322","9,618","10,632","21,608","16,600","29,788","25,160","27,722","31,072"
1409,Lelant Saltings,LTS,3498,South West,Cornwall,"16,593","9,950","99,778","28,874","15,378","17,001",[x],"18,281","23,774",653,251,512,622,"17,224","101,284","107,780","114,932","116,798","125,064","121,258","145,110","138,012","84,522",392,568,652,630,650
1410,Lenham,LEN,5111,South East,Maidstone,"126,057","118,918","131,443","146,525","145,745","137,347",[x],"152,977","164,524","168,332","193,168","175,826","132,076","117,156","125,292","113,748","103,782","108,194","98,380","94,956","96,656","111,694","120,266","39,288","87,584","101,644","121,062","130,998"
1411,Lenzie,LNZ,9955,Scotland,East Dunbartonshire,"626,608","802,684","831,559","755,110","679,319","637,297",[x],"775,056","792,778","794,210","781,894","840,152","803,794","819,818","822,534","823,038","782,648","847,748","837,480","682,240","885,596","903,250","916,816","135,704","422,064","562,844","706,920","719,886"
1412,Leominster,LEO,3620,West Midlands,"Herefordshire, County of","71,780","82,878","95,434","99,756","100,405","103,901",[x],"143,300","190,930","216,889","218,506","241,384","234,790","252,026","264,638","264,436","248,828","273,912","276,904","260,286","261,672","255,694","243,770","106,658","231,080","245,330","238,368","260,220"
1413,Letchworth Garden City,LET,6089,East of England,North Hertfordshire,"807,057","889,633","980,830","980,718","1,028,664","1,091,229",[x],"1,144,661","1,186,565","1,309,067","1,364,936","1,445,886","1,366,714","1,447,418","1,513,292","1,569,410","1,652,253","1,751,820","1,861,902","1,890,116","1,900,970","1,856,558","1,834,720","457,590","1,189,236","1,471,004","1,598,310","1,779,634"
1414,Leuchars (For St. Andrews),LEU,9188,Scotland,Fife,"230,492","245,387","254,819","276,932","274,197","286,626",[x],"349,687","375,020","378,363","401,216","406,474","423,144","471,192","481,988","496,058","510,158","513,704","561,348","556,602","613,042","644,262","594,982","74,406","369,542","461,204","528,122","584,032"
1415,Leven,LEV,442,Scotland,Fife,[z],[z],[z],[z],[z],[z],[z],[z],[z],[z],[z],[z],[z],[z],[z],[z],[z],[z],[z],[z],[z],[z],[z],[z],[z],[z],[z],"185,424"
1416,Levenshulme,LVM,2862,North West,Manchester,"168,995","146,669","146,974","135,779","124,335","133,066",[x],"145,943","206,060","220,589","250,488","301,940","327,568","370,244","434,386","474,572","504,692","484,044","512,654","592,638","576,852","530,462","541,642","140,462","383,738","407,946","454,424","472,012"
1417,Lewes,LWS,5329,South East,Lewes,"1,633,394","2,099,159","1,804,230","1,797,531","1,928,917","2,056,058",[x],"2,405,540","2,493,866","2,563,937","2,714,826","2,740,746","2,669,354","2,743,562","2,747,894","2,692,228","2,748,555","2,663,508","2,614,394","2,242,370","2,477,690","2,579,928","2,606,920","766,902","1,875,724","2,174,438","2,365,628","2,626,246"
1418,Lewisham,LEW,5051,London,Lewisham,"2,584,653","2,997,511","3,241,226","3,364,914","3,531,979","3,606,427",[x],"4,070,982","4,021,074","5,840,937","6,294,218","6,260,836","6,370,900","7,019,122","7,387,422","8,191,564","8,669,820","9,218,344","10,595,486","10,748,918","10,712,640","10,325,546","10,005,286","2,554,894","5,248,558","5,918,496","6,551,490","7,023,970"
1419,Leyland,LEY,2710,North West,South Ribble,"272,541","260,269","264,438","257,559","246,595","215,171",[x],"280,942","285,545","293,412","326,411","320,376","327,954","368,938","401,962","402,286","400,056","393,508","382,166","416,804","395,920","307,744","400,540","95,220","312,364","333,266","394,084","450,718"
1420,Leyton Midland Road,LEM,7402,London,Waltham Forest,"36,420","95,373","101,261","104,357","104,479","110,046",[x],"34,865","32,407","285,208","370,664","308,836","302,772","501,186","749,486","951,730","1,182,122","1,355,070","1,340,438","286,620","795,236","1,178,122","1,014,328","631,408","1,101,844","1,193,380","1,414,138","1,551,332"
1421,Leytonstone High Road,LER,7403,London,Waltham Forest,"41,379","69,395","87,974","67,559","57,450","60,220",[x],"31,542","26,724","261,238","314,675","251,676","244,624","416,310","587,080","733,060","858,864","1,001,820","977,634","210,496","570,554","837,232","709,980","437,732","801,860","841,092","1,018,230","1,151,934"
1422,Lichfield City,LIC,1177,West Midlands,Lichfield,"474,887","539,982","501,078","481,940","514,129","529,034",[x],"579,062","589,907","607,657","636,061","561,190","624,150","606,980","621,884","638,438","643,078","685,174","679,692","712,372","798,726","861,704","827,734","196,792","487,820","633,292","750,518","777,334"
1423,Lichfield Trent Valley,LTV,1291,West Midlands,Lichfield,"147,558","376,676","176,916","158,217","182,917","183,076",[x],"186,923","221,808","231,057","248,477","704,086","743,490","820,680","903,962","914,492","969,034","981,892","1,063,986","1,100,584","1,087,728","1,093,746","1,104,236","178,566","595,142","688,278","727,448","887,958"
1424,Lidlington,LID,1579,East of England,Central Bedfordshire,"27,289","24,703","23,627","24,053","22,523","19,911",[x],"16,257","20,236","20,772","26,863","24,902","21,028","24,800","26,652","26,184","25,980","28,742","25,794","27,326","27,510","26,888","19,628","3,606","9,544","11,542","8,206","16,576"
1425,Limehouse,LHS,7491,London,Tower Hamlets,"81,480","946,816","1,172,371","1,433,361","1,595,574","1,790,590",[x],"2,246,889","2,312,496","2,990,686","2,896,915","2,694,872","2,570,892","3,139,454","3,358,006","3,247,556","3,251,190","3,195,328","3,100,736","3,439,218","3,505,448","3,553,990","3,527,554","1,044,520","1,839,614","2,439,550","2,474,724","2,559,778"
1426,Lincoln,LCN,6340,East Midlands,Lincoln,"838,757","983,268","1,089,007","1,113,257","1,160,781","1,215,338",[x],"1,277,750","1,340,184","1,417,517","1,315,410","1,379,412","1,477,752","1,461,738","1,656,748","1,609,794","1,585,386","1,649,584","1,753,856","1,816,018","1,864,272","1,963,938","1,966,100","430,900","1,500,924","1,833,930","2,059,670","2,286,040"
1427,Lingfield,LFD,5369,South East,Tandridge,"337,218","364,173","390,566","373,503","372,607","395,368",[x],"432,715","430,710","431,975","471,630","481,678","461,660","456,438","472,838","472,588","488,081","503,972","615,908","573,218","546,656","503,444","507,852","127,616","318,182","353,316","384,844","415,280"
1428,Lingwood,LGD,7305,East of England,Broadland,"23,223","25,315","34,461","41,033","50,651","34,068",[x],"30,965","29,552","28,496","47,586","53,526","48,244","49,492","48,252","46,640","50,072","46,966","45,502","49,208","47,932","46,134","43,536","12,622","37,524","44,230","45,572","49,708"
1429,Linlithgow,LIN,9438,Scotland,West Lothian,"786,913","821,382","882,573","890,727","885,321","912,401",[x],"1,092,153","1,087,868","1,121,073","1,161,733","1,187,218","1,172,548","1,155,072","1,122,338","1,138,678","1,155,513","1,198,038","1,133,070","1,156,604","1,186,006","1,198,560","1,131,374","119,566","518,806","797,512","990,114","1,058,874"
1430,Liphook,LIP,5634,South East,East Hampshire,"330,475","378,892","404,582","419,207","418,701","415,759",[x],"461,148","446,472","473,114","522,380","521,526","483,730","491,080","480,960","482,102","494,696","502,362","511,796","527,102","525,072","551,226","633,798","283,436","461,694","525,416","547,712","608,654"
1431,Liskeard,LSK,3573,South West,Cornwall,"193,439","196,692","207,802","197,178","201,346","209,875",[x],"232,269","237,113","267,864","274,090","294,638","289,276","309,162","344,574","335,812","344,144","357,086","351,394","358,324","355,356","351,172","358,818","109,704","294,590","310,158","322,996","353,556"
1432,Liss,LIS,5635,South East,East Hampshire,"214,741","217,561","221,749","222,693","212,517","215,723",[x],"219,293","207,054","209,202","231,240","238,724","223,882","237,462","232,516","231,136","235,442","230,454","236,142","240,098","240,188","246,820","328,618","147,816","236,582","267,766","278,336","308,448"
1433,Lisvane and Thornhill,LVT,3853,Wales,Cardiff - Caerdydd,"87,479","86,876","88,359","89,523","95,660","103,104",[x],"119,302","116,956","129,755","151,662","156,954","161,990","166,334","163,586","170,188","175,556","187,708","211,870","210,170","216,444","211,502","208,708","19,928","91,386","143,258","190,216","241,176"
1434,Little Kimble,LTK,3066,South East,Buckinghamshire,"2,412","2,937","2,724","3,476","5,479","3,934",[x],"5,104","4,495","6,520","6,334","8,262","8,234","9,354","9,858","6,696","5,262","6,194","4,918","5,286","5,412","5,572","7,066","3,742","8,460","9,896","8,086","8,926"
1435,Little Sutton,LTT,2156,North West,Cheshire West and Chester,"66,971","69,237","49,797","33,368","31,097","61,328",[x],"56,010","49,925","30,721","36,185","44,910","106,302","128,048","114,892","94,718","137,136","145,410","151,722","135,486","109,506","116,676","122,576","50,684","118,016","150,754","170,902","184,024"
1436,Littleborough,LTL,2661,North West,Rochdale,"120,519","118,257","137,490","154,360","148,968","153,792",[x],"211,589","223,821","210,712","236,716","358,176","344,284","354,046","384,834","376,934","368,598","380,786","391,896","411,078","420,880","466,526","483,066","84,514","259,146","306,954","334,586","378,280"
1437,Littlehampton,LIT,5260,South East,Arun,"452,797","447,216","488,473","497,281","559,154","614,195",[x],"701,659","735,478","796,196","844,266","885,682","899,360","981,654","1,020,078","1,037,326","1,044,158","1,038,390","1,030,250","854,386","912,708","991,898","962,614","399,808","780,104","810,748","797,050","804,446"
1438,Littlehaven,LVN,5498,South East,Horsham,"165,422","195,597","232,080","195,210","159,039","161,431",[x],"184,289","205,287","238,672","245,610","267,760","285,806","308,560","339,130","355,156","343,392","323,600","315,700","269,000","279,940","275,016","282,024","64,950","166,070","227,088","249,464","281,142"
1439,Littleport,LTP,7072,East of England,East Cambridgeshire,"38,944","53,609","64,566","68,660","79,617","94,363",[x],"119,198","122,655","146,218","148,836","156,124","149,428","178,254","199,804","206,596","225,024","238,062","229,628","242,814","245,786","248,808","238,488","60,976","153,660","186,752","204,358","251,780"
1440,Liverpool Central,LVC,2242,North West,Liverpool,"1,931,565","1,300,548","1,279,299","1,220,610","1,080,126","1,086,536",[x],"982,498","1,293,790","7,169,618","8,856,570","19,635,814","18,413,982","17,958,028","14,224,147","13,522,391","14,621,585","15,272,837","15,638,894","16,035,031","16,464,993","14,605,446","16,454,940","3,605,780","10,747,030","11,401,980","12,610,748","14,820,216"
1441,Liverpool James Street,LVJ,2244,North West,Liverpool,"243,936","221,816","227,334","214,760","207,483","200,085",[x],"196,009","209,014","1,552,224","1,953,486","3,117,171","3,365,420","3,319,683","2,994,557","2,846,819","3,078,228","3,215,334","3,292,399","3,375,796","3,466,314","3,074,830","3,464,198","759,112","2,262,534","2,400,416","2,654,894","3,120,046"
1442,Liverpool Lime Street,LIV,2246,North West,Liverpool,"9,788,913","10,499,077","11,277,275","10,759,994","11,008,318","11,141,469",[x],"13,535,200","14,472,431","6,377,363","4,338,760","10,833,012","10,840,051","11,812,040","13,849,827","13,166,539","14,236,791","14,870,920","15,227,344","15,613,057","16,031,703","14,221,094","16,021,914","3,510,892","10,464,212","11,101,930","12,278,888","14,430,214"
1443,Liverpool South Parkway,LPY,9709,North West,Liverpool,[z],[z],[z],[z],[z],[z],[z],[z],[z],"288,845","419,681","568,822","581,898","641,662","733,698","740,414","1,785,444","1,803,308","1,893,958","1,983,726","2,247,290","2,745,588","2,663,414","573,572","1,460,056","1,812,630","2,017,700","2,164,108"
1444,Livingston North,LSN,9371,Scotland,West Lothian,"365,188","424,650","481,924","515,467","516,717","542,755",[x],"584,199","621,573","624,211","602,371","566,002","552,702","640,916","825,514","924,290","1,030,588","1,125,282","1,155,046","1,200,988","1,191,780","1,247,760","1,179,130","184,666","610,928","808,294","995,000","1,033,616"
1445,Livingston South,LVG,9372,Scotland,West Lothian,"124,855","144,842","160,966","169,099","167,811","164,054",[x],"217,878","227,423","225,611","231,403","245,576","250,226","299,668","285,392","287,704","296,296","317,178","342,770","323,690","327,864","295,556","326,760","45,760","151,682","205,642","301,708","370,340"
1446,Llanaber,LLA,4327,Wales,Gwynedd - Gwynedd,"2,488","6,367","11,544","14,488","15,504","18,398",[x],"16,198","12,648","14,910","8,916","3,766","4,818","3,140","2,496","3,928","2,238","1,964","2,292","2,304","3,318","2,874","2,780",440,620,"1,750","3,042","3,844"
1447,Llanbedr,LBR,4356,Wales,Gwynedd - Gwynedd,"6,559","6,685","8,112","9,359","9,577","10,757",[x],"10,717","10,170","14,645","13,882","13,228","11,348","12,252","11,460","10,020","9,098","12,248","13,482","11,566","11,340","12,398","11,716",0,"2,596","9,782","9,826","14,612"
1448,Llanbister Road,LLT,4226,Wales,Powys - Powys,"1,063",945,911,802,"1,113",908,[x],852,"1,323",770,"1,245","1,566","1,668","1,172","1,554","1,596","1,390","1,242",978,860,992,930,"1,134",20,514,592,"1,214",990
1449,Llanbradach,LNB,4018,Wales,Caerphilly - Caerffili,"69,459","70,708","77,851","77,738","84,688","81,154",[x],"54,526","50,134","57,836","103,788","135,536","132,392","132,802","134,972","127,292","137,368","123,920","85,884","91,218","98,714","98,808","92,498","13,274","39,982","49,924","59,034","69,198"
1450,Llandaf,LLN,3844,Wales,Cardiff - Caerdydd,"248,171","231,605","249,591","259,790","269,995","262,304",[x],"263,698","258,016","291,343","346,199","382,006","409,204","405,378","397,572","417,850","441,176","448,052","466,672","469,036","482,822","508,550","480,620","81,824","262,432","316,534","354,936","430,768"
1451,Llandanwg,LDN,4460,Wales,Gwynedd - Gwynedd,"2,141","2,241","2,567","3,184","3,011","3,137",[x],"3,406","2,659","3,039","3,770","3,858","5,304","4,756","5,634","5,466","4,382","4,606","4,894","4,272","4,312","4,682","3,884",8,464,"3,860","4,354","6,086"
1452,Llandecwyn,LLC,4334,Wales,Gwynedd - Gwynedd,362,478,351,421,435,758,[x],"1,148","1,534","2,222","1,885","1,474","1,812","1,906","1,418",998,880,"1,352","2,370","1,792","1,886","1,700","1,150",104,"1,302","1,010",834,"1,226"
1453,Llandeilo,LLL,4248,Wales,Carmarthenshire - Sir Gaerfyrddin,"10,055","9,507","9,598","9,162","10,201","11,466",[x],"13,473","12,265","11,485","14,377","13,760","13,656","14,518","15,338","16,368","15,786","17,386","17,562","18,764","19,520","19,280","19,324",576,"7,932","11,078","14,300","15,906"
1454,Llandovery,LLV,4059,Wales,Carmarthenshire - Sir Gaerfyrddin,"16,724","15,778","15,167","15,289","17,012","17,344",[x],"20,264","19,427","16,717","20,305","19,796","18,756","20,050","20,094","17,628","16,964","18,890","17,024","15,596","16,732","15,750","15,688",478,"6,656","9,588","12,692","13,702"
1455,Llandrindod,LLO,4227,Wales,Powys - Powys,"35,107","35,622","35,338","36,441","39,430","41,583",[x],"42,992","40,139","38,370","50,093","49,062","47,366","47,732","47,182","42,768","42,958","43,706","39,648","40,768","40,128","40,672","35,858","2,440","18,152","23,604","27,280","30,278"
1456,Llandudno,LLD,2484,Wales,Conwy - Conwy,"288,052","281,951","282,778","261,666","269,778","235,514",[x],"234,913","237,048","239,412","266,087","266,904","286,616","308,952","329,594","324,926","315,366","311,806","300,020","296,762","305,268","311,808","279,004","65,208","240,380","322,456","397,446","456,052"
1457,Llandudno Junction,LLJ,2485,Wales,Conwy - Conwy,"215,072","218,857","225,771","222,238","243,596","226,479",[x],"236,168","242,953","249,861","267,695","280,834","313,218","333,848","356,720","345,692","342,106","340,568","330,938","320,040","317,382","321,706","301,418","75,342","265,004","296,536","353,042","397,122"
1458,Llandybie,LLI,4247,Wales,Carmarthenshire - Sir Gaerfyrddin,"2,970","3,555","3,507","4,432","4,565","4,744",[x],"4,775","5,492","4,989","5,995","5,528","6,230","7,120","7,698","7,474","8,190","7,466","8,730","9,382","10,756","9,580","8,952",98,"3,074","4,770","6,940","8,604"
1459,Llanelli,LLE,4133,Wales,Carmarthenshire - Sir Gaerfyrddin,"210,654","217,464","241,474","256,404","262,842","278,305",[x],"285,144","296,895","316,574","340,098","364,486","364,842","394,130","403,292","402,778","393,246","403,474","405,230","413,062","400,780","397,516","369,890","76,446","242,990","273,736","333,228","392,682"
1460,Llanfairfechan,LLF,2488,Wales,Conwy - Conwy,"12,799","11,159","11,709","12,250","10,001","8,317",[x],"7,023","8,299","9,151","10,107","11,888","11,052","12,664","13,536","12,892","12,824","11,982","13,002","13,258","14,040","15,566","15,792","5,592","23,216","27,962","38,910","37,652"
1461,Llanfairpwll,LPG,2467,Wales,Isle of Anglesey - Ynys Môn,"6,052","6,844","9,427","7,426","6,989","6,523",[x],"6,312","6,803","9,137","12,062","11,700","13,524","15,498","17,826","17,926","17,564","19,000","18,482","19,520","20,604","21,246","20,890",290,"7,158","23,376","30,186","38,650"
1462,Llangadog,LLG,4060,Wales,Carmarthenshire - Sir Gaerfyrddin,"3,528","3,917","4,354","4,133","4,517","4,771",[x],"6,140","5,947","3,997","5,538","5,736","5,464","5,436","5,512","5,558","6,094","6,392","5,148","5,324","5,578","5,018","5,676",154,"2,290","3,614","3,364","4,016"
1463,Llangammarch,LLM,4162,Wales,Powys - Powys,"2,193","2,152","1,774","1,659","1,661","2,413",[x],"3,292","3,076","3,305","3,226","3,270","2,324","3,146","2,998","2,674","3,126","2,792","2,348","1,996","1,782","1,802","1,732",64,678,"1,006","1,518","2,156"
1464,Llangelynin,[z],[z],[z],[z],6,[z],[z],[z],[z],[z],[z],[z],[z],[z],[z],[z],[z],[z],[z],[z],[z],[z],[z],[z],[z],[z],[z],[z],[z],[z],[z],[z]
1465,Llangennech,LLH,4138,Wales,Carmarthenshire - Sir Gaerfyrddin,"1,268","1,394","1,405","1,130","1,306","1,060",[x],"1,320","1,019",878,"1,338","1,362","1,596","1,834","2,004","2,008","2,908","2,654","2,500","3,064","3,350","3,578","3,718",36,924,"1,868","2,760","4,322"
1466,Llangynllo,LGO,4207,Wales,Powys - Powys,792,668,683,834,614,878,[x],872,746,902,"1,404",918,966,"1,032","1,046",958,806,810,958,720,806,774,800,20,396,684,780,752
1467,Llanharan,LLR,9925,Wales,Rhondda Cynon Taf - Rhondda Cynon Taf,[z],[z],[z],[z],[z],[z],[z],[z],[z],[z],"27,048","107,318","126,486","133,022","134,636","139,964","162,812","164,948","169,428","173,626","175,652","167,776","155,516","23,652","76,922","106,086","116,804","125,092"
1468,Llanhilleth,LTH,9916,Wales,Blaenau Gwent - Blaenau Gwent,[z],[z],[z],[z],[z],[z],[z],[z],[z],[z],10,"40,946","66,684","75,342","76,000","76,308","77,800","77,912","80,090","87,736","84,284","78,566","75,226","11,884","53,112","66,510","63,068","94,018"
1469,Llanishen,LLS,3847,Wales,Cardiff - Caerdydd,"100,737","97,898","101,819","100,677","104,245","103,731",[x],"135,800","153,241","173,289","178,733","189,670","191,470","198,114","205,678","203,872","220,792","237,626","250,508","267,248","269,568","271,540","259,084","29,902","106,486","150,718","188,198","225,800"
1470,Llanrwst,LWR,2457,Wales,Conwy - Conwy,"49,544","51,871","44,445","38,861","23,872","18,612",[x],"17,096","14,135","11,916","14,588","14,358","13,420","14,276","16,786","17,614","19,896","21,146","13,888","14,770","12,606","13,808","10,538","1,028","8,550","14,620","20,896","27,604"
1471,Llansamlet,LAS,4223,Wales,Swansea - Abertawe,"29,208","30,897","27,451","21,071","19,921","21,179",[x],"20,397","20,031","18,530","22,670","30,572","25,558","32,330","32,550","34,008","33,200","32,848","33,862","33,982","31,758","30,046","29,656","9,016","20,542","22,410","26,598","38,484"
1472,Llantwit Major,LWM,9699,Wales,Vale of Glamorgan - Bro Morgannwg,[z],[z],[z],[z],[z],[z],[z],[z],"208,942","254,621","260,367","238,064","201,230","196,732","283,008","293,824","304,040","301,480","304,630","297,958","298,418","301,470","277,488","51,254","172,426","213,122","237,382","265,804"
1473,Llanwrda,LNR,4061,Wales,Carmarthenshire - Sir Gaerfyrddin,"1,661","1,980","1,624","1,758","1,704","1,843",[x],"1,976","2,018","2,045","2,398","2,214","2,358","2,268","2,082","2,210","2,066","2,164","1,788","2,206","2,052","1,750","1,472",26,554,936,"1,162","1,186"
1474,Llanwrtyd,LNW,4163,Wales,Powys - Powys,"7,962","7,792","9,397","7,227","6,973","8,749",[x],"9,187","7,781","7,690","9,204","9,132","9,002","9,316","8,806","8,876","8,996","8,952","7,736","7,484","7,254","7,368","6,168",204,"2,746","3,992","4,954","5,300"
1475,Llwyngwril,LLW,4421,Wales,Gwynedd - Gwynedd,"26,615","30,500","27,876","31,660","30,374","30,123",[x],"31,379","35,161","29,831","66,402","34,588","32,096","37,426","39,736","38,678","34,194","31,990","33,738","30,076","28,560","31,626","31,302","10,934","19,468","29,744","30,790","38,780"
1476,Llwynypia,LLY,3852,Wales,Rhondda Cynon Taf - Rhondda Cynon Taf,"64,292","69,678","66,790","86,193","82,697","77,934",[x],"64,303","51,683","64,894","64,946","54,180","56,808","45,688","48,948","55,688","58,202","55,540","54,048","61,348","61,724","53,448","48,794","7,832","31,794","38,766","18,290","53,140"
1477,Loch Awe,LHA,8712,Scotland,Argyll and Bute,"1,828","1,532","1,789","1,555","1,616","2,059",[x],"2,446","2,775","2,168","2,321","2,526","2,926","3,160","2,544","2,726","3,034","4,752","4,804","4,140","5,394","5,002","5,512","4,562","7,010","8,394","7,546","6,166"
1478,Loch Eil Outward Bound,LHE,8846,Scotland,Highland,"1,595","1,590","1,504","1,073","1,088",611,[x],507,475,637,913,860,548,812,722,578,522,632,478,572,548,554,748,142,"1,100","1,888","3,534","5,294"
1479,Lochailort,LCL,8829,Scotland,Highland,"1,998","1,734","1,534","1,751","1,901","1,707",[x],"1,802","1,888","1,592","1,621","1,658","2,102","2,146","2,830","2,830","2,186","1,960","1,706","1,696","1,844","1,546","1,586",254,"1,116","1,220","2,104","2,438"
1480,Locheilside,LCS,8830,Scotland,Highland,529,549,359,257,308,324,[x],355,255,309,334,324,268,372,388,488,588,530,492,372,300,396,508,84,378,462,418,462
1481,Lochgelly,LCG,9156,Scotland,Fife,"21,346","23,585","26,243","32,164","33,314","36,927",[x],"45,356","49,749","57,290","59,907","64,660","59,810","54,842","62,734","61,740","64,094","70,650","71,078","63,818","65,934","62,038","55,306","6,014","36,380","41,176","51,462","57,418"
1482,Lochluichart,LCC,8660,Scotland,Highland,378,550,436,334,198,302,[x],171,306,267,440,218,392,324,442,400,612,482,608,532,632,180,198,24,130,182,374,424
1483,Lochwinnoch,LHW,9655,Scotland,Renfrewshire,"45,333","45,562","45,918","49,533","46,045","49,105",[x],"56,774","69,242","77,209","79,710","94,036","88,598","91,498","92,310","106,038","191,152","204,660","202,948","190,086","187,092","176,652","185,626","30,200","88,590","116,942","137,854","134,594"
1484,Lockerbie,LOC,9614,Scotland,Dumfries and Galloway,"38,179","40,246","39,236","36,622","42,093","51,287",[x],"71,736","82,575","99,145","112,789","133,720","140,250","161,304","166,926","173,882","179,288","215,300","205,408","250,940","257,994","272,800","251,666","34,596","158,628","110,960","155,768","210,848"
1485,Lockwood,LCK,8443,Yorkshire and The Humber,Kirklees,"19,423","22,267","24,486","22,040","20,075","18,306",[x],"18,558","22,746","23,440","30,071","36,738","37,594","39,086","41,734","50,148","50,648","49,940","51,284","48,384","42,524","40,006","37,986","17,402","32,398","36,012","40,588","47,656"
1486,London Airport TCKT/,[z],[z],[z],[z],[z],[z],[z],[z],[z],[z],[z],[z],"395,673",[z],[z],[z],[z],[z],[z],[z],[z],[z],[z],[z],[z],[z],[z],[z],[z],[z],[z],[z]
1487,London Blackfriars,BFR,5112,London,City of London,"946,612","1,097,883","1,354,190","1,345,056","1,410,286","1,444,819",[x],"7,782,674","8,258,915","11,852,397","12,440,374","12,959,108","12,089,453","12,708,075","12,808,296","13,022,242","14,412,166","15,149,024","10,467,646","10,576,046","10,802,052","12,139,538","12,992,870","2,099,774","5,982,098","12,904,992","13,945,996","15,193,088"
1488,London Bridge,LBG,5148,London,Southwark,"76,207,271","82,194,725","80,956,255","79,402,574","79,671,516","80,773,753",[x],"37,020,060","37,416,180","47,576,684","50,601,578","49,703,152","48,723,068","51,478,131","52,603,158","53,351,116","56,442,044","49,517,854","53,850,938","47,874,250","48,453,152","61,308,364","63,095,300","13,763,890","33,309,348","47,657,264","50,045,010","54,685,648"
1489,London Cannon Street,CST,5142,London,City of London,"4,716,703","4,125,385","4,115,875","1,949,398","2,000,029","1,930,263",[x],"17,460,399","17,613,560","21,106,127","22,044,568","21,646,380","20,229,239","20,528,267","20,222,708","20,020,054","20,689,022","22,129,604","21,242,364","22,660,250","23,446,634","20,614,904","18,513,178","2,683,600","7,023,626","6,723,216","7,101,938","7,507,972"
1490,London Charing Cross,CHX,5143,London,Westminster,"4,015,400","4,459,442","4,349,973","3,838,546","4,164,778","4,825,901",[x],"28,822,074","28,562,268","34,779,287","36,294,182","36,659,932","36,459,945","37,222,298","38,113,546","38,607,238","40,170,074","42,978,890","28,998,152","29,559,646","28,344,672","30,235,856","29,138,398","5,373,056","15,733,458","16,191,196","17,701,302","19,767,784"
1491,London Euston,EUS,1444,London,Camden,"26,782,286","30,411,587","29,598,300","28,462,074","28,188,600","27,787,235",[x],"26,256,193","27,166,829","25,585,113","28,738,857","27,499,986","30,068,092","34,073,413","36,520,544","38,299,206","41,911,706","42,952,298","41,677,870","44,059,402","44,745,552","46,146,456","44,776,804","6,606,698","23,097,606","31,318,408","36,185,290","40,248,974"
1492,London Fenchurch Street,FST,7490,London,City of London,"15,193,367","18,281,709","16,062,691","16,704,362","16,716,070","17,019,171",[x],"16,086,112","15,746,318","15,188,941","16,210,539","15,675,602","15,093,655","16,674,504","16,936,552","16,842,654","18,244,526","17,598,242","18,044,598","18,526,232","18,398,434","18,507,676","17,717,236","3,200,168","7,795,346","10,207,634","10,446,678","10,862,630"
1493,London Fields,LOF,6966,London,Hackney,"4,389","192,759","188,507","189,217","221,700","265,885",[x],"47,223","55,632","111,710","207,313","184,394","221,754","371,390","458,620","496,262","619,540","720,904","1,184,294","1,330,998","1,324,774","1,353,678","1,332,312","347,048","944,716","1,372,704","1,823,612","1,911,346"
1494,London Kings Cross,KGX,6121,London,Camden,"40,206,555","43,578,803","45,490,698","45,125,988","47,330,449","49,137,693",[x],"20,805,979","20,301,663","22,503,777","23,945,017","24,641,427","24,817,616","26,254,644","27,840,484","28,454,460","29,823,715","31,346,862","33,361,696","33,816,396","33,904,522","34,645,924","32,532,404","4,667,820","20,476,492","23,287,414","24,483,826","27,727,108"
1495,London Liverpool Street,LST,6965,London,City of London,"35,187,144","43,682,401","37,560,904","37,998,809","38,622,470","38,968,814",[x],"50,469,209","47,271,234","55,265,748","57,759,809","55,103,416","51,596,155","55,769,423","57,105,400","58,448,814","63,004,002","63,631,246","66,556,690","67,339,218","66,965,956","69,482,532","65,984,786","11,212,008","32,165,310","80,448,194","94,499,824","98,015,658"
1496,London Marylebone,MYB,1475,London,Westminster,"4,389,700","5,654,979","5,445,065","6,093,819","6,149,037","6,354,517",[x],"6,949,363","6,819,287","11,638,642","11,559,187","11,396,645","11,758,094","13,200,221","13,417,342","14,685,148","15,520,762","15,977,862","15,932,954","16,666,936","16,693,320","16,146,552","15,796,118","2,034,854","7,488,490","10,307,792","10,966,304","11,772,892"
1497,London Paddington,PAD,3087,London,Westminster,"21,149,192","23,220,282","23,498,268","24,987,288","24,689,070","25,262,504",[x],"25,788,145","26,501,166","27,258,741","26,521,437","29,302,758","29,104,198","32,200,316","33,709,272","34,143,220","35,093,628","35,724,684","36,536,074","35,835,970","36,578,130","38,181,588","44,871,096","6,391,896","23,870,510","59,182,926","66,859,098","69,897,084"
1498,London Road (Brighton),LRB,5281,South East,Brighton and Hove,"275,901","283,355","266,795","268,318","314,106","313,790",[x],"354,247","411,443","449,512","480,206","472,560","462,558","468,968","472,850","497,142","493,874","505,754","504,018","382,602","430,734","463,682","450,404","102,762","257,038","285,924","323,992","391,726"
1499,London Road (Guildford),LRD,5632,South East,Guildford,"299,113","309,018","358,088","321,246","298,831","292,281",[x],"350,401","363,168","412,359","641,263","682,612","658,324","533,328","499,672","516,810","551,630","561,724","581,766","568,778","540,978","1,021,802","945,828","202,980","584,100","720,570","802,244","868,894"
1500,London St Pancras International,STP,1555,London,Camden,"3,167,779","3,942,123","3,910,714","4,206,033","4,334,096","4,429,852",[x],"5,471,621","4,893,313","5,777,188","6,623,321","17,462,297","18,020,645","22,031,588","23,045,876","24,298,276","26,046,082","28,241,930","31,723,686","33,492,476","34,621,942","35,984,204","36,040,080","6,363,252","18,995,020","33,296,120","35,959,980","38,842,772"
1501,London Victoria,VIC,5426,London,Westminster,"52,313,112","60,141,218","59,173,621","60,477,936","60,568,707","61,647,757",[x],"48,046,867","47,859,728","66,749,335","70,854,435","70,157,115","70,224,543","73,573,492","76,163,428","77,346,676","81,356,330","85,337,996","81,151,418","75,889,396","74,954,566","74,715,808","73,559,158","13,791,322","36,776,338","45,563,972","50,829,676","53,784,358"
1502,London Waterloo,WAT,5598,London,Lambeth,"58,789,408","67,007,289","66,041,550","69,557,617","66,718,078","68,431,338",[x],"62,388,929","61,036,093","83,993,314","91,452,130","87,930,076","86,397,666","91,750,382","94,127,282","95,936,542","98,442,742","99,201,604","99,148,388","99,403,096","94,354,388","94,192,690","86,903,518","12,214,626","41,426,042","57,789,780","62,525,274","70,389,546"
1503,London Waterloo East,WAE,5158,London,Lambeth,"242,348","277,431","310,538","259,858","296,441","439,626",[x],"4,905,257","4,904,157","6,328,853","6,537,245","6,707,128","6,497,704","6,637,737","6,655,780","6,793,930","7,307,452","7,871,882","9,920,648","10,324,542","9,931,200","10,506,762","10,075,282","2,194,470","5,109,356","5,429,884","5,676,302","6,841,002"
1504,Long Buckby,LBK,1067,East Midlands,West Northamptonshire,"110,027","134,862","125,692","114,761","120,205","140,009",[x],"138,777","136,732","144,748","149,274","157,154","183,108","202,964","235,476","251,220","275,960","288,858","319,958","344,944","368,432","393,560","387,382","77,952","211,282","250,046","293,444","330,332"
1505,Long Eaton,LGE,1829,East Midlands,Erewash,"361,119","380,452","415,253","427,189","433,534","429,389",[x],"423,452","426,222","458,646","503,616","518,078","509,406","578,870","587,176","585,224","627,572","687,202","659,772","635,434","652,832","618,954","649,100","142,896","461,426","474,788","520,104","651,792"
1506,Long Preston,LPR,2657,Yorkshire and The Humber,North Yorkshire,"7,801","9,012","9,716","7,650","6,949","7,345",[x],"9,753","10,063","12,300","11,670","13,260","13,978","14,016","13,374","13,644","13,446","14,328","13,918","13,070","11,830","11,670","13,624","1,678","8,974","14,042","14,232","18,214"
1507,Longbeck,LGK,7978,North East,Redcar and Cleveland,"36,776","36,160","34,193","35,830","36,106","34,608",[x],"40,645","39,529","41,568","42,002","44,034","43,696","44,976","40,638","40,010","41,224","40,386","43,170","45,018","47,240","47,282","49,594","10,634","40,116","43,938","53,094","58,346"
1508,Longbridge,LOB,1110,West Midlands,Birmingham,"209,467","218,463","220,290","237,087","241,351","240,331",[x],"292,370","316,311","342,777","373,260","627,206","624,998","638,340","752,652","743,184","797,536","831,950","919,184","963,322","987,822","1,053,268","1,028,676","239,170","524,842","685,676","817,072","891,698"
1509,Longcross,LNG,5674,South East,Runnymede,"9,203","11,394","23,261","10,321","7,217","2,298",[x],266,345,"2,637","5,353","7,596","9,650","10,686","12,324","5,086","10,044","8,960","16,058","14,990","25,784","23,090","22,948","21,356","68,956","96,298","71,368","84,920"
1510,Longfield,LGF,5114,South East,Dartford,"495,251","491,281","486,189","459,241","434,771","445,289",[x],"466,593","467,884","483,240","519,763","510,420","465,456","474,734","500,682","531,536","565,066","602,428","633,490","629,480","605,300","599,020","585,630","117,732","314,316","370,154","410,976","438,942"
1511,Longniddry,LND,9354,Scotland,East Lothian,"116,345","123,313","126,942","128,669","119,559","117,121",[x],"122,678","135,040","140,490","161,410","165,716","157,908","154,040","163,410","177,840","183,553","191,620","193,626","189,578","195,288","178,730","174,738","18,284","97,130","138,348","189,152","205,200"
1512,Longport,LPT,1305,West Midlands,Stoke-on-Trent,"14,294","14,056","10,685","10,999","8,774","8,213",[x],"5,742","7,245","11,353","13,958","15,030","23,108","30,822","37,572","37,228","43,026","48,322","45,614","48,272","50,910","55,592","51,756","16,490","43,094","58,048","76,276","79,242"
1513,Longton,LGN,1306,West Midlands,Stoke-on-Trent,"23,873","22,359","25,607","23,009","22,267","18,597",[x],"16,960","21,221","29,555","33,329","33,678","39,556","49,198","60,504","58,188","60,370","64,184","67,060","73,054","76,536","74,232","73,840","20,364","44,550","55,318","64,820","81,226"
1514,Looe,LOO,3574,South West,Cornwall,"65,305","66,323","68,466","64,014","63,335","72,418",[x],"75,510","70,880","81,022","76,527","78,612","88,520","100,130","119,634","106,462","118,238","124,914","117,014","123,060","118,306","117,506","118,642","37,552","118,302","115,260","111,216","119,600"
1515,Lostock,LOT,2598,North West,Bolton,"128,533","120,370","112,380","109,697","107,309","88,093",[x],"118,752","125,475","126,934","140,033","208,136","209,168","227,050","244,162","268,914","273,610","238,954","232,442","276,514","242,986","237,272","279,570","47,064","143,826","177,296","227,010","285,908"
1516,Lostock Gralam,LTG,2307,North West,Cheshire West and Chester,"17,612","16,049","14,127","13,064","13,645","12,948",[x],"14,251","16,145","14,633","14,348","16,910","18,446","19,996","26,128","31,380","31,760","36,546","41,900","55,236","56,208","52,306","54,008","17,744","43,012","54,108","54,324","60,696"
1517,Lostock Hall,LOH,2689,North West,South Ribble,"49,792","50,048","45,873","44,558","38,107","34,115",[x],"38,731","32,848","32,555","30,151","28,490","27,422","33,344","36,992","38,600","41,190","41,442","41,510","39,788","44,550","31,138","38,602","9,074","24,042","25,434","22,308","24,366"
1518,Lostwithiel,LOS,3517,South West,Cornwall,"36,786","35,232","33,767","33,934","36,707","40,701",[x],"42,602","46,172","46,645","51,695","61,716","68,336","73,584","77,022","76,922","73,042","68,240","67,472","72,530","70,348","66,624","67,706","24,142","61,534","72,356","82,380","94,184"
1519,Loughborough,LBO,1897,East Midlands,Charnwood,"739,106","773,415","896,393","923,841","1,008,969","1,146,094",[x],"1,152,310","1,146,864","1,276,511","1,362,855","1,423,652","1,335,442","1,314,460","1,252,086","1,245,736","1,241,246","1,301,414","1,298,046","1,317,996","1,296,706","1,385,334","1,331,286","298,910","962,752","1,227,122","1,287,300","1,421,786"
1520,Loughborough Junction,LGJ,5082,London,Lambeth,"197,411","330,829","395,245","404,320","411,815","424,386",[x],"301,183","317,371","1,207,246","924,306","1,033,552","931,228","1,030,700","1,126,092","1,182,914","1,386,290","1,404,552","892,254","854,826","975,312","1,004,774","1,089,006","397,710","721,896","952,070","1,129,394","1,233,640"
1521,Low Moor,LMR,8416,Yorkshire and The Humber,Bradford,[z],[z],[z],[z],[z],[z],[z],[z],[z],[z],[z],[z],[z],[z],[z],[z],[z],[z],[z],[z],"133,054","140,690","163,308","49,294","151,712","199,418","250,298","292,378"
1522,Lowdham,LOW,6202,East Midlands,Newark and Sherwood,"14,452","18,577","19,365","17,613","17,681","17,821",[x],"18,086","19,579","20,095","21,665","23,066","33,376","34,894","41,660","44,660","39,520","43,870","49,272","57,236","67,298","72,494","70,442","9,216","30,880","39,988","44,130","55,184"
1523,Lower Sydenham,LSY,5053,London,Lewisham,"221,687","324,793","329,885","368,277","370,482","381,958",[x],"301,883","291,888","418,346","434,892","441,444","434,992","445,556","447,078","465,434","489,784","527,502","578,008","585,110","599,858","688,806","704,546","209,904","454,454","562,172","704,872","786,602"
1524,Lowestoft,LWT,7268,East of England,East Suffolk,"277,179","302,383","343,298","380,722","411,386","331,070",[x],"245,294","226,011","247,537","410,244","432,632","412,246","418,866","413,984","459,166","471,338","460,384","455,434","449,864","452,100","438,476","406,440","103,144","354,928","396,618","426,034","468,156"
1525,Ludlow,LUD,3635,West Midlands,Shropshire,"130,280","141,569","150,447","164,620","162,657","177,818",[x],"213,843","224,250","242,381","272,381","287,800","270,682","288,058","292,734","297,798","287,350","308,384","299,776","299,802","300,742","286,854","266,090","65,540","199,780","234,958","238,466","271,100"
1526,Luton,LUT,1536,East of England,Luton,"2,354,387","3,009,858","3,253,976","2,998,940","2,960,761","2,979,994",[x],"3,064,000","3,143,672","3,354,253","3,548,183","3,436,718","3,187,434","3,261,278","3,440,298","3,443,910","3,443,450","3,548,262","3,626,272","3,682,794","3,696,048","3,801,538","3,682,384","1,107,368","2,416,568","3,282,132","3,646,122","3,665,966"
1527,Luton Airport Parkway,LTN,3645,East of England,Luton,6,"3,717","325,801","1,195,856","1,389,701","1,569,178",[x],"1,886,911","2,156,699","2,364,740","2,628,187","2,589,262","2,338,658","2,312,120","2,429,582","2,504,794","2,567,224","2,754,700","3,188,146","3,819,812","3,965,128","4,148,530","4,201,068","694,084","1,990,902","3,767,790","4,344,390","4,740,742"
1528,Luxulyan,LUX,3518,South West,Cornwall,338,439,837,682,745,"1,005",[x],791,"1,160","1,252",922,"1,210","1,372","1,420","1,836","1,428","1,654","2,170","1,874","2,404","2,394","1,770","1,470",744,"1,696","2,522","2,660","3,196"
1529,Lydney,LYD,4826,South West,Forest of Dean,"60,310","56,124","63,222","64,884","69,465","61,586",[x],"71,378","77,006","84,353","98,367","167,938","135,994","149,860","156,648","158,702","172,260","192,032","185,232","188,840","195,530","198,752","193,248","34,990","128,444","144,988","169,766","194,028"
1530,Lye (West Midlands),LYE,4640,West Midlands,Dudley,"30,073","40,803","31,345","28,980","25,625","25,390",[x],"27,511","30,546","40,387","46,413","103,814","102,816","104,680","87,144","82,488","82,662","82,104","90,408","89,588","101,492","104,232","102,500","19,838","49,792","62,188","73,912","81,124"
1531,Lymington Pier,LYP,5892,South East,New Forest,"93,674","108,980","110,437","107,866","101,697","120,537",[x],"108,971","113,065","115,176","161,540","171,754","160,450","161,624","141,936","133,964","123,918","117,938","130,860","128,578","134,914","137,118","114,856","20,976","75,764","80,680","90,772","100,770"
1532,Lymington Town,LYT,5887,South East,New Forest,"130,975","136,750","139,485","146,893","140,895","135,113",[x],"145,472","147,675","171,261","174,831","191,310","202,518","208,688","227,580","231,454","233,302","236,500","255,144","264,886","295,822","272,342","252,270","73,890","200,270","213,644","230,566","242,040"
1533,Lympstone Commando,LYC,5762,South West,East Devon,"55,770","60,293","67,376","68,465","71,409","70,940",[x],"55,875","62,141","64,024","57,766","65,146","60,558","47,660","38,590","39,038","55,910","54,972","54,026","64,690","61,450","64,294","69,846","19,050","76,134","83,160","79,010","86,996"
1534,Lympstone Village,LYM,5761,South West,East Devon,"60,201","60,921","64,561","67,241","66,695","64,361",[x],"63,325","66,739","70,890","67,583","80,338","77,700","84,206","87,478","95,084","93,978","99,052","105,738","115,526","107,810","101,022","97,510","27,330","71,054","83,042","91,520","92,994"
1535,Lytham,LTM,2670,North West,Fylde,"71,987","74,791","71,910","79,071","78,778","58,384",[x],"65,712","67,382","67,850","71,261","71,914","77,446","81,582","85,490","86,414","90,110","87,662","90,896","98,234","81,840","79,852","111,144","22,620","96,258","112,652","119,932","128,104"
1536,Macclesfield,MAC,2871,North West,Cheshire East,"730,737","714,159","746,613","691,614","688,073","684,155",[x],"713,194","914,884","1,085,517","1,171,280","1,133,882","1,161,554","1,262,454","1,327,474","1,341,292","1,397,420","1,474,612","1,614,316","1,661,398","1,666,708","1,708,660","1,675,722","301,888","996,240","1,183,784","1,354,394","1,486,408"
1537,Machynlleth,MCN,4422,Wales,Powys - Powys,"63,765","66,964","76,955","78,756","80,981","81,219",[x],"89,537","92,024","99,228","103,617","107,346","119,094","121,390","132,162","130,358","119,636","120,802","133,228","135,990","137,684","130,598","121,068","17,030","75,440","100,138","112,636","128,212"
1538,Maesteg,MST,3963,Wales,Bridgend - Pen-y-bont ar Ogwr,"94,005","91,113","92,424","103,415","114,078","107,105",[x],"136,669","139,405","159,761","157,943","172,322","175,816","189,008","191,084","170,660","218,644","188,460","184,906","190,718","191,530","183,480","178,344","29,472","107,154","142,286","153,798","156,162"
1539,Maesteg (Ewenny Road),MEW,3962,Wales,Bridgend - Pen-y-bont ar Ogwr,"3,951","5,248","6,692","5,734","6,867","6,190",[x],"3,256","3,225","3,502","4,613","4,364","4,898","3,936","4,356","2,706","3,930","2,752","4,426","3,090","5,494","5,412","6,868","3,792","13,134","15,108","16,324","17,476"
1540,Maghull,MAG,2155,North West,Sefton,"430,532","422,971","481,229","441,169","369,574","394,191",[x],"431,945","502,020","610,318","696,791","2,144,046","1,999,436","1,956,936","1,863,098","1,745,454","1,765,756","1,821,492","1,812,534","1,865,348","1,870,086","1,639,668","1,789,936","463,100","1,106,204","1,164,994","1,228,806","1,299,672"
1541,Maghull North,MNS,6576,North West,Sefton,[z],[z],[z],[z],[z],[z],[z],[z],[z],[z],[z],[z],[z],[z],[z],[z],[z],[z],[z],[z],[z],"339,066","517,166","138,794","400,764","545,428","660,404","613,510"
1542,Maiden Newton,MDN,5853,South West,Dorset,"21,204","19,869","25,042","24,680","21,625","22,133",[x],"17,635","18,252","16,462","17,600","22,070","22,680","23,058","19,652","21,242","20,258","21,670","20,582","20,714","19,904","19,536","20,242","5,168","14,818","19,566","21,672","21,882"
1543,Maidenhead,MAI,3147,South East,Windsor and Maidenhead,"2,442,746","2,621,633","2,844,337","3,212,139","3,237,896","3,291,933",[x],"3,272,122","3,380,173","3,609,303","3,681,827","3,654,592","3,600,428","3,822,868","3,963,876","4,125,274","4,203,313","4,307,576","4,459,110","4,609,112","4,583,296","4,717,360","4,674,970","850,006","2,410,248","3,239,874","4,391,702","4,850,106"
1544,Maidstone Barracks,MDB,5237,South East,Maidstone,232,"1,203","1,367","8,955",151,352,[x],"1,479","3,002","4,190",399,70,"152,000","160,029","118,108","267,765","266,938","270,645","266,522","271,710","281,524","295,976","290,488","67,246","176,148","206,198","255,648","274,994"
1545,Maidstone East,MDE,5115,South East,Maidstone,"715,509","676,622","716,693","783,812","755,476","766,743",[x],"829,594","870,435","1,877,269","1,978,547","2,088,582","1,889,886","1,839,396","1,805,500","1,343,900","1,339,752","1,358,356","1,337,663","1,363,702","1,412,954","1,485,492","1,457,950","337,504","884,070","1,034,902","1,283,080","1,727,430"
1546,Maidstone West,MDW,5222,South East,Maidstone,"1,111,863","1,172,296","1,179,556","1,063,444","1,126,987","1,161,403",[x],"1,190,631","1,290,647","415,298","550,875","562,943","372,120","391,745","495,896","834,293","831,718","843,268","830,421","846,586","877,163","922,192","905,096","209,524","548,832","642,466","796,536","561,432"
1547,Malden Manor,MAL,5599,London,Kingston upon Thames,"179,987","237,718","233,229","274,934","271,380","246,589",[x],"285,320","268,334","735,625","680,088","585,118","543,738","594,944","606,224","602,054","605,600","601,056","456,298","462,028","408,242","472,582","430,938","121,178","311,378","378,530","454,232","484,006"
1548,Mallaig,MLG,8831,Scotland,Highland,"65,519","67,888","68,817","64,386","66,639","64,300",[x],"69,779","66,193","67,393","62,984","65,436","87,862","85,630","85,378","82,914","86,994","84,972","88,346","86,406","95,878","97,530","96,414","15,270","62,426","71,692","97,710","90,476"
1549,Malton,MLT,8164,Yorkshire and The Humber,North Yorkshire,"209,246","207,043","206,513","191,519","206,175","202,403",[x],"237,489","252,416","271,023","281,774","282,228","290,942","296,498","292,212","295,206","306,269","318,668","350,424","353,920","369,396","363,136","348,866","90,582","272,270","252,804","292,956","375,622"
1550,Malvern Link,MVL,4884,West Midlands,Malvern Hills,"163,982","187,079","179,179","177,749","168,261","165,820",[x],"179,091","201,091","216,790","227,141","235,748","249,898","261,792","267,522","278,592","296,934","313,526","344,232","354,414","348,714","355,256","360,234","93,628","253,760","302,128","317,688","320,672"
1551,Manchester Airport,MIA,2961,North West,Manchester,"1,132,740","1,259,954","1,259,513","1,343,266","1,302,765","1,220,368",[x],"1,576,260","1,798,594","1,959,598","2,158,913","2,622,054","2,620,252","2,768,998","3,166,380","3,136,816","3,321,876","3,460,854","3,632,308","4,241,292","4,644,292","5,707,542","5,747,042","545,790","2,174,396","3,916,932","4,855,034","5,518,084"
1552,Manchester Oxford Road,MCO,2966,North West,Manchester,"436,416","386,037","375,539","412,423","443,891","398,553",[x],"561,701","625,010","4,330,755","1,249,725","5,067,434","6,124,762","6,590,258","7,076,752","7,148,696","7,555,439","7,598,295","7,961,843","8,583,649","8,557,381","9,301,496","6,366,296","1,025,778","3,871,624","4,657,936","5,096,436","6,392,614"
1553,Manchester Piccadilly,MAN,2968,North West,Manchester,"13,697,854","13,647,429","14,760,558","15,248,000","15,884,941","16,250,353",[x],"18,958,922","21,230,613","14,513,542","20,385,279","20,132,391","19,841,402","21,279,140","22,925,411","23,158,477","24,476,101","24,614,970","25,792,700","27,807,063","27,721,966","30,132,552","32,198,704","5,188,066","19,581,442","23,558,364","25,776,162","27,401,610"
1554,Manchester United FC Halt,[z],[z],[z],[z],[z],[z],[z],[z],[z],[z],[z],[z],[z],"62,429",[z],[z],[z],[z],[z],[z],[z],[z],[z],[z],[z],[z],[z],[z],[z],[z],[z],[z]
1555,Manchester United Football Ground,[z],[z],[z],[z],[z],[z],[z],[z],[z],[z],[z],[z],[z],[z],"49,625",[z],[z],[z],[z],[z],[z],[z],[z],[z],[z],[z],[z],[z],[z],[z],[z],[z]
1556,Manchester Victoria,MCV,2970,North West,Manchester,"404,705","357,431","380,170","386,070","388,825","395,029",[x],"467,297","487,898","5,060,044","4,005,915","5,789,892","5,869,855","6,361,049","6,782,225","6,851,175","7,240,990","7,282,062","7,630,480","8,226,407","8,201,231","8,914,376","9,570,816","1,542,112","5,820,432","7,002,544","7,661,766","8,378,502"
1557,Manea,MNE,7165,East of England,Fenland,579,"1,021","1,065","2,345","1,336","2,576",[x],"4,038","3,189","1,603","2,506","3,048","2,596","3,368","3,050","2,898","3,694","10,794","12,020","13,452","15,894","18,950","18,834","3,910","16,192","21,038","24,904","29,708"
1558,Manningtree,MNG,6856,East of England,Tendring,"416,926","445,282","464,402","467,243","529,071","574,633",[x],"719,792","707,782","865,217","910,384","833,888","799,776","890,624","983,054","1,093,178","1,154,294","1,169,288","1,124,876","1,068,642","1,078,502","1,106,204","1,068,816","200,350","634,684","783,130","907,374","1,043,404"
1559,Manor Park,MNP,6883,London,Newham,"474,026","669,260","731,917","712,229","749,642","875,206",[x],"694,315","656,895","1,291,690","1,443,311","1,232,484","1,160,120","1,424,914","1,593,348","1,659,972","1,809,714","1,848,578","2,788,910","2,373,788","1,601,080","1,700,818","2,367,478","1,010,452","1,976,616","3,719,684","5,370,716","4,426,692"
1560,Manor Road,MNR,2253,North West,Wirral,"75,529","90,355","96,741","85,788","78,861","81,635",[x],"112,519","116,754","118,960","124,382","355,978","340,312","358,228","360,790","338,362","266,710","271,442","268,532","251,240","246,568","332,086","368,418","90,840","207,464","240,720","269,222","293,490"
1561,Manorbier,MRB,4094,Wales,Pembrokeshire - Sir Benfro,"3,387","3,670","3,390","3,940","4,119","3,707",[x],"4,265","4,009","4,443","5,451","5,846","5,818","7,480","7,746","7,582","7,840","9,640","9,648","9,428","9,346","9,122","8,732","1,330","4,704","6,946","8,154","9,896"
1562,Manors,MAS,7603,North East,Newcastle upon Tyne,666,"1,153","1,360","2,102",798,"1,409",[x],"1,882","1,390","1,002","1,406","2,574","2,998","2,976","4,120","3,872","4,444","6,474","7,614","9,404","9,068","12,980","17,346","3,858","14,420","18,940","35,892","63,914"
1563,Mansfield,MFT,1727,East Midlands,Mansfield,"220,395","273,063","290,237","314,326","327,123","335,992",[x],"374,799","379,302","361,079","343,907","348,680","393,990","366,054","367,258","349,810","313,826","366,858","394,640","399,360","409,136","401,826","395,920","92,192","259,126","302,542","313,788","323,412"
1564,Mansfield Woodhouse,MSW,1728,East Midlands,Mansfield,"101,193","100,009","104,593","119,919","109,432","109,140",[x],"120,729","126,918","129,473","129,774","142,426","155,790","146,054","160,340","155,792","139,582","158,692","169,506","179,602","185,806","189,524","191,932","30,514","88,452","111,476","116,086","122,546"
1565,March,MCH,7166,East of England,Fenland,"170,601","176,321","184,444","195,040","203,520","223,829",[x],"266,164","276,938","296,607","293,434","305,256","301,832","316,292","336,240","350,246","357,864","378,586","386,610","395,950","403,964","407,914","385,956","87,832","251,638","305,354","340,976","373,732"
1566,Marden (Kent),MRN,5223,South East,Maidstone,"231,957","237,901","259,563","246,209","232,972","240,688",[x],"226,482","237,130","233,383","273,243","278,918","284,374","357,268","400,010","442,658","459,402","480,498","497,772","526,820","540,064","563,324","565,472","114,340","333,728","407,464","446,330","485,824"
1567,Margate,MAR,5018,South East,Thanet,"476,843","467,710","520,479","550,878","602,340","563,456",[x],"584,569","595,453","660,439","671,790","653,152","600,128","605,626","648,308","619,974","627,180","678,986","829,222","892,924","1,007,956","1,113,676","1,139,966","353,114","884,110","1,025,940","1,156,722","1,287,330"
1568,Market Harborough,MHR,1909,East Midlands,Harborough,"296,838","309,759","397,362","436,645","483,441","519,029",[x],"574,947","593,571","660,824","701,661","717,862","674,720","719,798","752,108","764,698","797,890","832,000","870,166","888,036","894,246","907,770","898,058","150,866","531,140","762,792","882,598","943,468"
1569,Market Rasen,MKR,6318,East Midlands,West Lindsey,"43,982","47,968","47,003","52,186","54,617","55,768",[x],"41,784","41,026","44,531","43,149","44,254","57,390","57,746","59,440","61,092","60,572","60,486","62,908","66,398","64,262","69,840","69,008","14,846","51,298","55,980","57,826","65,162"
1570,Markinch,MNC,9160,Scotland,Fife,"73,900","92,017","98,931","109,653","111,206","110,825",[x],"160,108","169,852","189,744","214,238","236,412","251,744","234,348","248,532","260,084","262,914","283,074","309,498","309,620","316,320","316,612","280,986","32,072","159,160","187,392","251,992","235,210"
1571,Marks Tey,MKT,6863,East of England,Colchester,"260,009","273,481","307,143","326,875","350,571","364,979",[x],"384,337","400,155","432,073","459,980","443,724","428,804","428,816","437,006","473,162","494,998","503,540","523,218","557,456","577,548","604,902","606,914","112,616","302,470","401,950","452,940","474,352"
1572,Marlow,MLW,3021,South East,Buckinghamshire,"262,874","279,222","293,024","294,499","293,024","279,517",[x],"292,516","302,398","299,882","293,367","274,786","254,610","274,190","277,352","285,924","272,072","289,204","278,618","276,188","275,740","299,652","312,864","69,818","197,650","255,378","312,386","361,450"
1573,Marple,MPL,2830,North West,Stockport,"221,316","226,476","240,723","253,568","254,131","253,476",[x],"308,436","320,702","313,684","335,071","426,684","407,170","413,884","421,954","437,926","475,192","455,470","454,858","470,158","480,124","511,900","498,468","82,382","263,600","306,304","352,314","325,750"
1574,Marsden (Yorks),MSN,8445,Yorkshire and The Humber,Kirklees,"58,880","68,887","85,129","89,414","92,613","85,634",[x],"99,828","105,201","109,973","122,121","152,926","168,410","185,846","188,796","166,910","182,170","168,580","180,894","179,912","157,208","157,350","174,974","40,000","138,036","183,866","163,520","220,584"
1575,Marsh Barton,MBT,7779,South West,Exeter,[z],[z],[z],[z],[z],[z],[z],[z],[z],[z],[z],[z],[z],[z],[z],[z],[z],[z],[z],[z],[z],[z],[z],[z],[z],[z],"62,640","108,848"
1576,Marske,MSK,7928,North East,Redcar and Cleveland,"43,320","48,014","53,198","51,303","50,174","47,717",[x],"65,658","72,204","72,752","71,187","77,168","79,682","79,618","76,900","79,080","78,259","79,248","76,030","74,254","73,028","64,460","64,550","13,378","44,406","50,050","56,524","62,908"
1577,Marston Green,MGN,1034,West Midlands,Solihull,"136,803","156,731","153,518","148,026","160,751","168,770",[x],"187,051","186,840","182,985","182,239","329,428","354,144","374,552","575,884","582,546","609,652","621,678","698,014","748,438","785,664","876,234","846,562","181,970","443,970","575,524","568,130","589,260"
1578,Martin Mill,MTM,5040,South East,Dover,"35,608","34,700","34,376","28,755","32,456","30,348",[x],"32,990","33,521","38,199","40,692","38,976","30,692","28,604","29,836","30,254","31,362","32,154","43,104","44,654","59,238","63,248","70,648","19,956","37,658","45,894","57,212","68,058"
1579,Martins Heron,MAO,5692,South East,Bracknell Forest,"386,187","384,573","445,298","489,539","466,826","479,199",[x],"523,356","529,092","564,743","548,409","519,288","508,856","512,940","521,412","538,238","561,760","584,142","588,416","586,230","567,372","554,178","510,588","122,026","302,110","346,216","375,848","432,940"
1580,Marton,MTO,7947,North East,Redcar and Cleveland,"3,349","2,874","2,825","3,010","2,822","2,527",[x],"3,617","3,076","3,833","4,825","6,894","8,750","9,804","9,130","9,862","10,576","10,568","13,512","13,696","13,356","14,774","25,808","5,294","19,638","22,178","30,386","32,222"
1581,Maryhill,MYH,9957,Scotland,Glasgow City,"41,638","42,411","41,740","42,863","38,385","26,648",[x],"45,314","49,322","53,289","55,637","68,078","69,134","65,350","80,250","83,290","77,256","92,342","90,484","64,050","89,658","88,678","77,044","12,800","44,030","60,230","85,170","85,594"
1582,Maryland,MYL,6970,London,Newham,"198,983","305,422","297,628","242,943","251,438","265,274",[x],"197,259","196,927","450,314","503,987","431,350","425,176","501,956","541,942","699,584","939,324","965,076","1,475,574","1,250,086","1,145,878","1,254,204","1,330,978","638,676","1,429,510","2,788,146","4,713,670","4,055,440"
1583,Maryport,MRY,1988,North West,Cumberland,"80,048","65,999","59,539","50,002","56,510","57,569",[x],"59,058","61,408","60,119","82,066","59,154","117,162","110,986","104,632","103,260","94,941","99,726","90,392","89,562","85,478","91,890","114,590","32,520","97,226","101,428","101,204","117,158"
1584,Matlock,MAT,1581,East Midlands,Derbyshire Dales,"123,869","129,637","123,036","112,842","107,792","94,436",[x],"92,333","91,435","91,808","92,941","110,548","155,536","166,784","178,240","175,942","187,312","208,174","214,538","221,670","222,228","201,360","223,250","45,734","148,684","174,240","190,206","227,012"
1585,Matlock Bath,MTB,1582,East Midlands,Derbyshire Dales,"25,378","26,302","24,194","21,275","24,450","19,911",[x],"20,804","21,766","22,698","23,866","33,800","54,746","48,316","56,056","54,646","58,746","63,252","70,588","75,608","86,028","62,082","68,234","17,382","61,028","68,466","71,396","83,590"
1586,Mauldeth Road,MAU,2867,North West,Manchester,"87,054","78,605","82,723","84,032","78,242","73,579",[x],"118,566","148,466","160,041","169,162","221,068","239,796","276,596","323,098","343,080","347,672","321,878","356,798","398,882","379,928","349,738","305,762","68,552","203,392","192,160","302,858","318,064"
1587,Maxwell Park,MAX,9802,Scotland,Glasgow City,"108,007","113,247","119,093","118,782","104,403","108,672",[x],"118,745","130,954","130,753","231,679","241,104","165,184","151,944","154,868","153,830","146,686","156,340","156,180","178,230","175,060","157,788","159,350","26,560","53,612","68,034","93,826","116,450"
1588,Maybole,MAY,9529,Scotland,South Ayrshire,"34,089","36,052","40,683","44,787","42,420","40,826",[x],"48,938","50,144","50,336","52,672","55,024","51,850","46,126","56,330","70,902","83,716","89,312","89,584","104,598","119,764","80,894","94,974","15,244","41,190","46,044","35,930","35,058"
1589,Maze Hill,MZH,5149,London,Greenwich,"722,491","777,956","758,655","566,783","584,592","618,468",[x],"539,927","564,557","785,826","837,573","788,258","795,402","879,044","917,542","935,000","968,474","1,025,418","1,006,858","833,642","798,842","1,227,510","1,354,142","306,508","859,996","1,165,932","1,248,782","1,397,904"
1590,Meadowhall,MHS,6663,Yorkshire and The Humber,Sheffield,"994,944","956,314","1,008,140","991,806","997,702","985,223",[x],"1,289,014","1,304,562","1,232,649","1,221,437","1,695,232","1,812,254","1,933,930","2,056,828","2,124,738","2,062,882","2,225,332","2,138,462","2,015,172","1,869,060","1,797,644","1,796,048","379,456","1,344,910","1,452,778","1,678,346","1,910,838"
1591,Meldreth,MEL,7036,East of England,South Cambridgeshire,"71,485","70,144","86,973","110,507","131,301","140,494",[x],"157,409","167,751","195,567","213,562","216,990","205,836","198,626","204,582","221,774","243,646","267,218","278,044","269,934","307,868","295,470","305,888","82,016","181,362","217,158","230,482","245,846"
1592,Melksham,MKM,3346,South West,Wiltshire,"3,868","3,388","3,635","3,266","13,695","19,143",[x],"27,446","24,426","22,001","38,081","27,656","10,028","11,046","11,326","12,080","23,930","51,858","60,676","74,666","74,220","74,534","75,292","18,800","52,342","64,206","63,350","60,930"
1593,Melton (Suffolk),MES,7221,East of England,East Suffolk,"14,174","15,706","18,093","19,707","22,361","19,828",[x],"20,559","27,590","33,645","36,727","42,460","40,012","43,216","55,558","63,196","68,516","64,710","63,510","68,340","77,748","84,358","82,562","14,742","55,112","67,954","77,364","89,082"
1594,Melton Mowbray,MMO,1851,East Midlands,Melton,"198,807","216,914","210,829","196,401","208,059","204,164",[x],"224,635","244,824","233,393","235,450","244,370","237,568","239,066","234,120","233,334","241,145","253,502","265,656","264,716","269,214","283,056","277,484","47,012","182,960","205,574","234,804","257,134"
1595,Menheniot,MEN,3576,South West,Cornwall,"8,685","10,106","9,652","7,464","7,842","6,554",[x],"5,782","4,453","4,206","3,610","4,598","3,844","2,690","2,404","2,324","4,064","4,128","5,096","5,858","4,140","3,696","2,482","1,266","1,924","3,634","4,598","6,232"
1596,Menston,MNN,8574,Yorkshire and The Humber,Bradford,"204,655","228,809","259,675","256,456","240,802","252,964",[x],"330,269","346,735","374,077","375,523","451,174","460,892","493,986","505,168","578,356","603,756","627,756","636,016","667,266","645,654","642,610","659,092","187,184","440,956","580,974","591,642","658,260"
1597,Meols,MEO,2254,North West,Wirral,"135,866","151,841","172,516","161,890","151,665","157,715",[x],"196,960","197,086","209,621","207,612","618,994","590,664","619,762","617,848","587,114","396,338","407,816","415,338","384,448","377,958","416,854","445,254","109,896","270,578","337,460","370,048","414,164"
1598,Meols Cop,MEC,2357,North West,Sefton,"26,302","19,582","23,825","26,538","25,049","22,173",[x],"26,821","31,563","38,906","44,316","57,192","57,592","62,442","64,728","63,722","65,852","70,476","77,410","79,346","79,630","83,306","95,552","22,176","63,936","85,448","82,292","78,640"
1599,Meopham,MEP,5116,South East,Gravesham,"262,191","268,101","268,438","273,399","258,781","264,760",[x],"288,334","282,652","307,082","328,257","325,642","293,242","292,402","296,624","300,076","312,634","335,448","327,118","322,562","328,456","337,940","327,100","79,426","181,014","215,532","243,452","258,728"
1600,Meridian Water,MRW,6599,London,Enfield,[z],[z],[z],[z],[z],[z],[z],[z],[z],[z],[z],[z],[z],[z],[z],[z],[z],[z],[z],[z],[z],[z],"137,050","79,682","233,222","212,884","472,130","494,354"
1601,Merryton,MEY,9705,Scotland,South Lanarkshire,[z],[z],[z],[z],[z],[z],[z],[z],"19,998","81,114","97,588","99,506","103,972","102,650","106,312","113,088","111,384","116,234","113,546","123,066","107,220","121,356","127,852","7,590","39,622","56,250","67,814","74,472"
1602,Merstham,MHM,5475,South East,Reigate and Banstead,"405,552","454,983","481,484","467,807","459,405","467,535",[x],"488,433","511,056","552,808","610,118","612,584","606,192","657,236","677,060","725,890","724,584","719,172","727,786","638,636","662,836","765,084","820,316","189,864","462,002","608,092","681,054","744,448"
1603,Merthyr Tydfil,MER,3855,Wales,Merthyr Tydfil - Merthyr Tudful,"163,966","158,278","184,121","213,369","257,291","265,780",[x],"300,084","293,709","295,884","301,772","320,722","381,484","437,230","452,706","481,696","547,026","562,856","580,554","550,216","512,754","500,424","458,822","70,798","234,630","279,414","285,198","412,970"
1604,Merthyr Vale,MEV,3857,Wales,Merthyr Tydfil - Merthyr Tudful,"58,771","60,559","65,422","67,468","77,191","73,008",[x],"31,456","27,700","33,368","29,553","33,568","42,712","41,428","41,676","46,934","61,584","62,830","63,304","52,070","49,550","45,220","44,218","7,932","31,002","40,706","44,080","59,920"
1605,Merton Park,[z],[z],[z],[z],818,"26,142",[z],[z],[z],[z],[z],[z],[z],[z],[z],[z],[z],[z],[z],[z],[z],[z],[z],[z],[z],[z],[z],[z],[z],[z],[z],[z]
1606,Metheringham,MGM,6297,East Midlands,North Kesteven,"88,119","122,136","118,807","125,318","120,516","113,033",[x],"97,123","107,919","122,225","101,440","107,090","98,722","98,262","109,590","102,224","91,088","94,750","106,248","99,704","99,488","101,878","95,698","27,000","64,858","68,638","67,488","81,930"
1607,MetroCentre,MCE,7725,North East,Gateshead,"569,560","573,391","558,695","494,732","422,664","343,026",[x],"375,943","375,509","373,071","384,318","380,572","373,436","365,680","356,764","374,860","374,468","363,108","354,240","350,376","335,076","301,738","298,940","61,036","287,294","320,764","518,700","632,322"
1608,Mexborough,MEX,6707,Yorkshire and The Humber,Doncaster,"163,036","158,684","163,594","150,052","154,075","148,981",[x],"187,447","198,821","184,401","176,524","320,120","306,692","315,324","326,702","312,454","200,556","219,132","214,966","209,928","200,406","192,350","211,624","48,590","136,052","121,852","152,510","170,228"
1609,Micheldever,MIC,5908,South East,Winchester,"37,640","34,438","39,894","44,361","45,378","45,371",[x],"58,735","76,296","88,434","107,588","117,756","125,430","141,940","148,084","141,890","163,080","162,382","167,616","174,068","170,716","164,584","143,800","25,046","74,258","93,498","111,026","131,552"
1610,Micklefield,MIK,8477,Yorkshire and The Humber,Leeds,"103,345","112,203","112,366","105,275","94,129","93,982",[x],"122,830","129,834","138,050","137,912","184,468","179,302","194,214","193,288","179,054","180,974","170,616","174,996","171,146","163,898","165,600","166,808","49,598","141,758","173,672","200,086","220,364"
1611,Middlesbrough,MBR,7929,North East,Middlesbrough,"914,301","945,287","970,942","915,184","922,925","902,723",[x],"1,120,781","1,200,737","1,242,054","1,300,713","1,349,420","1,354,030","1,426,350","1,423,134","1,364,250","1,370,172","1,351,494","1,331,452","1,356,282","1,312,870","1,289,866","1,312,402","342,770","1,210,906","1,376,410","1,466,884","1,543,226"
1612,Middlewood,MDL,2971,North West,Stockport,"12,503","9,923","10,083","10,819","9,565","10,690",[x],"9,414","10,462","13,898","17,134","21,770","19,028","19,304","19,862","27,572","18,340","25,990","27,950","24,824","25,226","32,386","30,876","7,784","21,116","18,758","19,218","21,278"
1613,Midgham,MDG,3159,South East,West Berkshire,"26,121","22,124","24,309","26,026","23,604","22,841",[x],"24,515","25,372","24,372","24,435","26,118","25,274","26,258","27,232","33,902","35,670","33,996","34,772","36,410","34,310","30,556","36,770","8,826","24,158","32,440","36,230","44,038"
1614,Milford (Surrey),MLF,5644,South East,Waverley,"152,685","157,704","167,118","169,862","160,613","160,771",[x],"175,235","178,831","187,413","232,084","231,078","221,372","242,030","242,078","239,032","256,372","270,866","280,252","290,792","280,634","294,666","267,350","57,974","141,536","172,936","177,744","193,900"
1615,Milford Haven,MFH,4095,Wales,Pembrokeshire - Sir Benfro,"38,738","38,210","38,008","37,826","38,384","40,808",[x],"39,750","40,899","45,935","51,559","55,498","54,268","56,546","62,040","62,812","61,720","65,356","64,034","64,092","62,752","58,596","52,014","8,118","37,336","46,158","51,332","55,930"
1616,Mill Hill (Lancs),MLH,2750,North West,Blackburn with Darwen,"55,858","52,371","50,377","48,936","44,607","32,139",[x],"36,838","39,895","45,447","42,619","44,930","54,230","62,148","70,338","68,922","71,416","70,458","71,840","73,470","69,456","56,492","72,962","23,692","61,612","59,824","62,750","60,484"
1617,Mill Hill Broadway,MIL,1527,London,Barnet,"940,506","1,153,974","1,222,016","1,207,295","1,204,808","1,236,104",[x],"964,792","972,856","2,174,474","2,319,417","1,928,506","1,720,482","1,800,078","1,981,046","2,040,214","2,482,170","2,674,590","1,948,968","1,883,796","1,932,084","1,955,372","2,034,362","582,556","1,203,848","1,586,526","1,672,632","1,874,860"
1618,Millbrook (Bedfordshire),MLB,1537,East of England,Central Bedfordshire,"10,201","8,618","8,305","9,193","9,638","10,928",[x],"11,744","12,828","13,671","12,303","13,972","12,758","13,172","15,962","14,736","16,460","16,384","16,084","13,654","11,324","12,504","12,250","1,042","3,618","6,566","2,312","9,282"
1619,Millbrook (Hants),MBK,5909,South East,Southampton,"7,131","7,996","7,971","8,525","10,288","10,357",[x],"20,937","21,122","21,992","29,265","27,410","29,936","33,418","31,362","31,850","39,340","40,524","38,596","40,170","36,826","39,474","33,162","10,822","20,988","25,426","29,128","36,446"
1620,Milliken Park,MIN,9658,Scotland,Renfrewshire,"104,413","95,313","90,868","89,955","77,887","75,014",[x],"92,130","110,211","118,007","124,167","139,234","137,434","142,618","151,166","169,448","190,254","198,184","206,100","241,398","255,746","238,390","228,174","48,690","127,348","161,114","187,784","196,074"
1621,Millom,MLM,1997,North West,Cumberland,"207,821","208,703","217,773","278,570","168,764","205,951",[x],"203,053","203,096","215,626","248,897","159,354","231,892","225,114","214,222","218,718","219,554","213,346","193,676","194,766","186,668","196,364","216,802","78,216","164,158","167,502","173,806","186,654"
1622,Mills Hill (Manchester),MIH,2920,North West,Rochdale,"130,085","104,935","113,789","116,197","118,385","124,467",[x],"164,520","183,853","180,271","198,357","228,836","256,506","283,096","341,382","326,962","302,726","313,536","310,032","330,628","293,406","328,616","338,650","63,700","189,840","242,388","298,080","303,860"
1623,Milngavie,MLN,9985,Scotland,East Dunbartonshire,"619,564","673,879","674,870","643,744","587,381","494,809",[x],"603,024","717,154","754,346","781,321","845,146","823,618","861,082","905,468","927,382","946,907","998,354","992,202","966,286","940,026","944,960","912,674","97,076","394,948","549,066","736,148","762,998"
1624,Milnrow,[z],[z],[z],[z],"79,460","65,860","83,240","85,945","80,095","76,815",[x],"80,959","84,413","82,087","94,681","102,598","55,406",[z],[z],[z],[z],[z],[z],[z],[z],[z],[z],[z],[z],[z],[z],[z]
1625,Milton Keynes Central,MKC,1378,South East,Milton Keynes,"3,117,516","3,502,380","3,886,732","3,787,270","3,941,673","3,925,098",[x],"3,815,435","4,134,255","4,557,209","4,690,023","4,551,538","4,627,076","5,202,824","5,557,870","6,029,828","6,285,973","6,649,466","6,835,570","6,851,324","6,824,308","7,038,736","6,935,904","1,207,226","4,238,858","4,509,584","5,559,150","6,099,600"
1626,Minffordd,MFF,4469,Wales,Gwynedd - Gwynedd,"8,515","11,243","11,463","10,615","10,700","10,235",[x],"10,040","9,532","12,203","13,839","14,160","14,168","14,452","12,120","14,252","14,524","11,476","18,322","15,518","17,178","16,774","14,562","8,314","13,658","14,932","15,982","18,174"
1627,Minster,MSR,5019,South East,Thanet,"66,474","61,586","56,764","64,444","61,945","56,635",[x],"50,433","58,185","65,264","76,329","79,900","72,384","71,636","71,792","63,156","60,752","60,464","61,952","66,796","75,968","78,422","72,806","20,300","49,964","66,606","84,238","91,432"
1628,Mirfield,MIR,8518,Yorkshire and The Humber,Kirklees,"101,332","108,940","123,014","115,928","86,238","94,455",[x],"134,282","149,105","169,141","185,410","260,198","281,122","317,298","333,654","393,088","420,718","454,580","478,670","505,986","470,860","451,632","447,428","101,844","323,316","375,212","357,272","364,112"
1629,Mistley,MIS,6906,East of England,Tendring,"22,547","19,447","24,722","25,412","25,955","28,852",[x],"31,787","39,975","43,368","48,600","49,682","53,722","57,120","63,370","59,548","64,492","77,378","77,110","77,606","71,082","75,366","71,784","14,418","36,520","47,958","54,074","63,776"
1630,Mitcham,[z],[z],[z],[z],"2,490","12,998",[z],[z],[z],[z],[z],[z],[z],[z],[z],[z],[z],[z],[z],[z],[z],[z],[z],[z],[z],[z],[z],[z],[z],[z],[z],[z]
1631,Mitcham Eastfields,MTC,5069,London,Merton,[z],[z],[z],[z],[z],[z],[z],[z],[z],[z],[z],"199,132","301,702","443,026","622,776","751,076","861,998","921,770","1,538,936","1,379,508","1,352,432","1,372,606","1,406,530","497,558","911,716","1,070,244","1,220,286","1,318,094"
1632,Mitcham Junction,MIJ,5427,London,Merton,"88,521","143,570","156,742","164,858","185,017","190,039",[x],"174,410","175,089","278,154","362,217","316,228","298,016","330,750","387,202","399,704","459,052","490,098","552,622","483,212","476,024","481,368","473,010","167,902","323,838","350,428","378,574","408,018"
1633,Mobberley,MOB,2849,North West,Cheshire East,"10,303","11,345","10,784","9,676","10,345","8,867",[x],"9,866","10,787","13,010","13,473","14,544","14,746","17,150","17,404","18,820","19,218","16,822","20,686","18,702","16,534","17,124","21,496","5,282","15,376","16,690","19,578","22,512"
1634,Monifieth,MON,9060,Scotland,Angus,"1,828","2,213","3,235","1,199","1,078","1,031",[x],"1,333","1,757","1,897","2,106","2,082","1,170","1,288","2,398","2,570","3,122","4,680","6,654","5,830","5,942","9,224","21,710","2,886","17,898","24,368","35,392","43,194"
1635,Monks Risborough,MRS,3067,South East,Buckinghamshire,"17,927","18,514","20,732","19,871","23,992","22,865",[x],"27,286","22,485","22,940","24,384","22,710","20,530","20,582","23,570","20,520","18,630","19,486","24,264","19,952","20,966","22,144","24,182","5,628","14,894","14,986","13,724","20,538"
1636,Montpelier,MTP,3203,South West,"Bristol, City of","55,472","54,402","48,596","54,888","60,994","62,005",[x],"65,108","73,573","76,969","60,629","84,834","96,114","111,628","122,212","126,316","121,294","130,560","122,146","111,540","102,004","94,684","129,556","42,438","91,758","169,540","231,630","252,028"
1637,Montrose,MTS,9080,Scotland,Angus,"238,874","232,278","243,621","249,352","261,431","274,458",[x],"319,072","345,974","348,029","369,377","365,922","355,978","378,284","386,600","390,140","396,209","404,136","388,864","354,190","350,126","337,860","333,808","35,086","188,344","243,796","311,448","317,406"
1638,Moorfields,MRF,2226,North West,Liverpool,"389,376","366,006","365,422","350,982","333,428","339,533",[x],"309,014","383,815","1,577,540","2,141,398","5,141,655","4,445,984","4,637,356","6,363,434","6,049,491","6,541,235","6,832,585","6,996,347","7,173,567","7,365,918","6,534,016","7,361,420","1,613,112","4,807,882","5,100,886","5,641,652","6,630,098"
1639,Moorgate,MOG,6005,London,City of London,490,"30,243","53,632","49,852","7,565",832,[x],"7,135,238","7,263,068","9,235,925","10,108,616","9,373,435","6,736,698","7,187,012","7,616,504","7,997,460","9,051,956","9,397,890","8,849,564","10,833,978","10,433,458","11,508,936","9,993,570","1,934,826","3,346,156","5,587,716","8,228,538","8,791,382"
1640,Moorside,MSD,2799,North West,Salford,"33,632","26,396","30,381","28,489","22,371","19,262",[x],"24,750","25,847","23,171","22,373","31,868","35,358","41,054","47,508","38,688","38,064","38,170","40,654","47,662","45,792","31,590","35,122","7,738","28,366","30,898","41,044","42,856"
1641,Moorthorpe,MRP,8539,Yorkshire and The Humber,Wakefield,"97,365","99,491","103,365","106,200","96,092","98,932",[x],"146,146","150,838","156,945","154,402","196,646","182,908","190,646","200,252","226,610","240,878","263,852","263,464","259,898","253,138","231,780","241,200","73,596","173,534","159,802","181,058","207,902"
1642,Morar,MRR,8833,Scotland,Highland,"4,836","3,871","2,966","3,546","3,804","3,548",[x],"3,556","3,646","4,009","3,733","3,216","3,828","4,086","4,826","4,800","4,626","4,312","4,332","4,576","4,996","4,372","4,074",804,"3,218","3,204","4,288","4,290"
1643,Morchard Road,MRD,5825,South West,Mid Devon,"4,720","6,057","5,237","4,454","3,309","4,676",[x],"3,442","2,712","2,341","2,904","4,170","6,482","8,834","11,456","11,494","11,416","11,822","12,222","13,210","12,134","12,378","14,642","7,194","16,274","17,114","20,016","21,854"
1644,Morden Road,[z],[z],[z],[z],"5,543","4,629",[z],[z],[z],[z],[z],[z],[z],[z],[z],[z],[z],[z],[z],[z],[z],[z],[z],[z],[z],[z],[z],[z],[z],[z],[z],[z]
1645,Morden South,MDS,5291,London,Merton,"25,543","32,674","40,714","32,252","21,457","22,330",[x],"23,496","27,263","71,888","80,439","72,226","69,990","79,772","85,238","87,638","106,926","119,560","88,032","72,260","75,548","67,528","87,170","31,864","54,746","60,938","69,862","75,948"
1646,Morecambe,MCM,2695,North West,Lancaster,"195,573","202,754","202,239","194,329","185,476","167,592",[x],"195,316","185,405","188,789","205,495","204,100","204,858","221,142","220,296","209,108","217,280","245,548","235,198","237,976","225,628","195,956","207,976","44,778","147,004","165,308","163,926","174,950"
1647,Moreton (Dorset),MTN,5957,South West,Dorset,"41,554","43,673","38,378","39,810","35,822","36,872",[x],"39,567","42,012","49,112","58,455","53,370","53,778","60,096","65,808","62,662","57,426","54,782","57,522","59,542","58,768","57,508","54,828","20,980","58,888","68,008","74,244","78,828"
1648,Moreton (Merseyside),MRT,2151,North West,Wirral,"171,297","196,320","226,598","225,265","199,061","192,728",[x],"264,833","271,218","272,252","282,930","753,412","700,338","731,952","731,346","675,514","543,186","552,346","535,134","488,434","485,186","546,748","614,774","184,086","405,828","469,218","504,618","552,768"
1649,Moreton-In-Marsh,MIM,4814,South West,Cotswold,"146,248","158,415","161,359","162,682","165,703","176,389",[x],"180,458","178,004","189,230","176,502","185,284","178,040","195,878","203,082","209,238","217,032","237,198","252,950","260,106","268,866","273,018","292,544","50,588","200,094","269,072","295,574","375,804"
1650,Morfa Mawddach,MFA,4470,Wales,Gwynedd - Gwynedd,"5,241","4,425","4,987","5,357","5,809","6,398",[x],"6,462","7,106","7,823","7,385","7,152","8,558","9,936","9,614","10,902","9,962","10,758","11,094","10,880","11,434","11,920","11,022",894,"5,320","8,174","8,642","13,508"
1651,Morley,MLY,8504,Yorkshire and The Humber,Leeds,"51,038","61,229","66,753","58,065","39,118","54,591",[x],"104,019","137,327","160,910","178,203","269,686","270,722","328,558","347,618","304,066","330,634","334,568","349,326","368,926","352,122","364,374","389,404","104,566","285,882","326,948","308,178","274,298"
1652,Morpeth,MPT,7680,North East,Northumberland,"108,621","110,319","117,914","118,246","115,532","123,142",[x],"163,627","177,497","188,798","206,458","226,652","228,252","243,982","268,158","285,052","316,068","335,014","357,154","382,280","418,410","474,998","506,574","82,468","402,772","487,610","519,368","622,614"
1653,Mortimer,MOR,5501,South East,West Berkshire,"177,544","169,494","178,911","171,441","179,019","179,532",[x],"182,741","175,398","176,711","182,384","191,344","184,052","182,090","191,288","189,900","178,074","183,146","186,084","193,748","188,020","189,316","177,960","36,526","95,612","121,002","138,104","157,958"
1654,Mortlake,MTL,5600,London,Richmond upon Thames,"825,931","1,126,277","1,238,854","1,306,320","1,172,602","1,160,056",[x],"1,105,741","1,087,936","1,879,800","2,049,844","1,878,950","1,864,054","1,987,894","2,031,064","2,130,920","2,156,826","2,244,922","1,931,866","1,848,094","1,769,936","1,803,324","1,871,848","438,932","1,020,932","1,253,020","1,470,392","1,546,638"
1655,Moses Gate,MSS,2606,North West,Bolton,"10,757","9,388","11,871","14,564","14,073","10,059",[x],"13,653","12,054","13,209","13,815","18,262","16,656","19,296","23,180","25,978","26,336","22,742","10,354","21,882","19,030","24,308","33,636","13,916","31,460","30,918","32,468","36,928"
1656,Moss Side,MOS,2675,North West,Fylde,"4,342","5,329","5,197","5,003","3,915","3,077",[x],"2,851","2,780","2,545","3,495","3,140","3,096","3,138","2,494","2,458","2,328","2,838","2,284","2,828","2,358","2,800","3,692",482,"2,112","3,416","3,816","4,778"
1657,Mossley (Manchester),MSL,2903,North West,Tameside,"114,567","110,173","135,695","144,728","156,811","159,915",[x],"191,612","188,272","180,824","191,486","266,576","275,794","290,022","310,312","302,910","317,552","292,782","306,150","322,114","301,408","336,906","327,738","76,552","237,100","199,088","209,130","260,288"
1658,Mossley Hill,MSH,2171,North West,Liverpool,"71,453","76,078","79,314","81,475","77,846","81,786",[x],"111,054","137,434","133,128","134,220","305,136","275,158","296,714","302,056","289,712","242,950","254,434","262,990","276,254","262,734","125,558","157,072","44,950","143,056","166,050","182,850","199,224"
1659,Mosspark,MPK,9632,Scotland,Glasgow City,"63,498","67,284","65,550","60,797","58,162","55,394",[x],"79,255","91,889","93,123","100,261","113,612","111,018","111,294","117,646","116,002","110,698","119,024","143,090","186,728","174,704","162,332","169,658","35,796","88,846","106,538","140,884","129,970"
1660,Moston,MSO,2973,North West,Manchester,"50,343","41,837","49,106","47,798","42,571","41,519",[x],"48,733","52,205","51,573","57,546","76,736","89,032","110,494","139,626","134,966","125,902","82,486","71,732","68,174","55,688","70,464","88,612","27,374","54,432","61,774","94,478","105,960"
1661,Motherwell,MTH,9691,Scotland,North Lanarkshire,"710,684","1,035,144","1,011,389","1,002,436","938,018","908,114",[x],"961,831","1,052,447","1,094,649","1,096,637","1,240,868","1,193,302","1,246,354","1,301,158","1,292,518","1,135,336","1,225,648","1,258,130","1,387,356","1,419,098","1,386,976","1,343,424","174,096","545,802","699,220","917,772","1,049,030"
1662,Motspur Park,MOT,5645,London,Merton,"478,117","575,690","608,646","607,695","615,379","592,028",[x],"605,500","575,097","1,204,871","1,245,349","1,138,538","1,113,414","1,202,734","1,246,530","1,273,788","1,243,766","1,259,592","1,213,232","1,153,108","1,038,760","1,112,130","1,061,110","269,840","629,116","744,606","778,138","822,372"
1663,Mottingham,MTG,5118,London,Greenwich,"790,858","862,301","902,996","884,753","945,229","1,006,571",[x],"897,768","916,667","1,137,676","1,214,567","1,154,310","1,108,076","1,119,766","1,128,144","1,102,460","1,176,502","1,232,574","1,369,100","1,315,692","1,299,162","1,372,690","1,322,680","392,740","846,396","1,049,920","1,281,628","1,374,680"
1664,Mottisfont and Dunbridge,DBG,5944,South East,Test Valley,"9,637","10,463","10,604","11,265","9,179","10,640",[x],"10,611","13,261","14,028","12,941","17,344","21,616","26,950","26,846","25,986","28,854","27,366","29,792","29,778","31,662","33,522","26,682","9,250","23,726","24,412","24,978","28,832"
1665,Mouldsworth,MLD,2158,North West,Cheshire West and Chester,"8,747","8,841","10,586","12,516","12,164","9,058",[x],"11,728","13,663","13,674","17,407","20,720","23,796","28,626","31,548","31,870","31,646","29,940","32,022","33,746","36,180","29,564","29,790","9,716","25,446","25,712","26,708","25,904"
1666,Moulsecoomb,MCB,5312,South East,Brighton and Hove,"134,495","164,362","149,602","148,884","172,162","178,169",[x],"214,535","259,657","275,311","332,686","328,740","334,430","353,444","374,502","407,150","419,526","425,946","422,406","332,108","377,198","427,034","428,886","102,998","291,940","319,686","372,954","444,586"
1667,Mount Florida,MFL,9819,Scotland,Glasgow City,"468,005","526,849","585,929","605,424","576,750","537,036",[x],"620,274","746,443","781,913","824,444","809,702","1,011,238","972,204","1,062,170","1,080,890","1,071,688","1,097,176","1,194,096","1,330,908","1,312,436","1,331,180","1,302,818","196,162","622,242","938,878","1,030,152","1,184,706"
1668,Mount Vernon,MTV,9779,Scotland,Glasgow City,"35,285","34,687","32,158","28,489","25,972","22,916",[x],"30,519","34,899","36,779","41,117","51,302","51,378","55,724","56,758","63,266","57,332","58,996","60,150","66,828","69,630","57,968","67,216","8,956","33,444","44,158","60,072","63,544"
1669,Mountain Ash,MTA,3859,Wales,Rhondda Cynon Taf - Rhondda Cynon Taf,"93,685","99,059","116,283","126,470","131,517","132,384",[x],"109,247","106,913","120,097","115,093","119,352","116,022","102,056","94,128","96,686","91,996","96,728","98,920","93,664","99,694","92,602","95,432","15,536","63,076","78,268","95,714","130,748"
1670,Muir Of Ord,MOO,8665,Scotland,Highland,"12,408","16,667","20,034","18,765","16,766","22,055",[x],"24,365","24,783","32,573","39,200","51,104","57,396","62,428","74,462","74,064","72,832","66,576","66,480","64,480","64,820","67,554","70,850","13,556","41,230","47,688","52,306","46,002"
1671,Muirend,MUI,9608,Scotland,Glasgow City,"345,935","346,653","354,560","331,290","291,443","302,470",[x],"277,439","290,090","279,735","295,267","310,780","326,426","345,194","355,866","350,140","338,348","366,976","375,162","390,710","402,334","428,972","390,250","52,254","177,822","243,584","304,268","336,620"
1672,Musselburgh,MUB,9304,Scotland,East Lothian,"166,139","169,858","176,782","182,148","158,299","161,121",[x],"170,852","193,386","202,895","306,185","385,274","389,240","364,690","386,738","420,834","438,670","456,718","478,100","463,690","488,636","455,356","460,918","86,958","266,928","350,270","450,760","461,092"
1673,Mytholmroyd,MYT,8526,Yorkshire and The Humber,Calderdale,"69,932","78,753","98,354","84,045","67,173","72,366",[x],"101,025","107,107","105,910","112,920","142,526","133,194","147,660","158,544","158,436","156,704","171,704","164,742","166,006","171,958","197,640","202,050","45,912","135,562","157,244","169,260","195,820"
1674,Nafferton,NFN,8107,Yorkshire and The Humber,East Riding of Yorkshire,"27,347","23,537","27,084","27,450","24,678","25,019",[x],"23,851","24,922","21,518","21,242","24,860","27,900","28,332","30,068","34,624","38,984","36,676","35,888","35,242","37,008","34,048","36,722","8,398","27,220","31,970","33,490","40,808"
1675,Nailsea and Backwell,NLS,3389,South West,North Somerset,"168,582","156,566","170,063","159,502","185,315","203,503",[x],"238,657","268,073","295,917","344,108","380,310","372,088","395,524","410,062","421,892","423,174","450,510","476,618","504,048","507,296","497,878","519,574","85,382","298,332","414,450","437,548","476,312"
1676,Nairn,NRN,8666,Scotland,Highland,"70,790","59,620","66,441","70,105","74,008","71,742",[x],"80,626","85,488","75,353","70,454","75,490","83,980","101,182","111,748","112,014","116,768","127,180","130,174","120,504","112,142","117,780","134,518","46,324","100,752","101,642","133,760","137,890"
1677,Nantwich,NAN,1247,North West,Cheshire East,"36,976","39,890","39,523","41,143","40,629","41,411",[x],"46,997","50,320","57,990","77,318","90,780","98,360","114,462","127,226","141,782","157,096","168,550","183,814","216,292","237,480","235,450","224,248","42,038","144,380","185,690","194,534","223,396"
1678,Narberth,NAR,4098,Wales,Pembrokeshire - Sir Benfro,"7,033","8,109","8,780","9,351","8,695","9,739",[x],"10,321","11,140","13,556","15,547","15,470","15,974","17,484","18,544","19,622","19,558","22,296","20,922","19,924","18,966","18,992","15,942","1,634","9,548","13,468","17,296","22,492"
1679,Narborough,NBR,1881,East Midlands,Blaby,"151,461","179,653","150,473","144,522","144,598","148,071",[x],"144,714","152,651","185,278","220,981","344,800","330,106","345,360","363,284","370,658","390,282","383,052","386,782","397,674","392,160","399,002","383,496","56,744","172,568","207,592","240,440","293,674"
1680,Navigation Road,NVR,2940,North West,Trafford,"35,180","34,909","34,947","35,302","35,823","31,547",[x],"30,473","38,818","42,891","62,720","68,442","82,612","83,204","84,506","85,890","93,994","105,904","107,168","106,208","95,414","100,396","105,708","21,166","57,620","72,084","82,312","96,498"
1681,Neath,NTH,4216,Wales,Neath Port Talbot - Castell-nedd Port Talbot,"461,502","447,042","448,959","419,876","431,888","477,300",[x],"472,657","469,911","565,532","653,376","731,728","761,654","819,546","810,020","806,264","820,188","834,680","837,116","818,584","816,744","826,534","808,174","184,756","545,322","666,058","778,136","838,778"
1682,Needham Market,NMT,7354,East of England,Mid Suffolk,"6,259","6,596","7,692","10,062","10,633","12,014",[x],"16,237","25,472","37,074","43,987","52,782","58,054","67,056","77,554","85,078","91,358","92,418","88,242","91,706","100,648","102,320","100,754","33,484","79,196","94,148","112,342","129,588"
1683,Neilston,NEI,9773,Scotland,East Renfrewshire,"395,686","451,375","450,246","454,872","446,493","411,096",[x],"437,427","450,903","467,706","452,868","492,250","454,026","441,004","451,290","439,950","416,712","418,768","407,772","396,702","376,586","414,032","403,424","183,896","275,428","306,322","357,540","375,994"
1684,Nelson,NEL,2565,North West,Pendle,"67,565","64,070","68,203","70,593","65,164","57,047",[x],"66,119","70,692","78,873","84,120","83,462","100,816","116,814","129,566","139,094","146,768","131,864","129,762","132,970","123,230","97,446","121,256","28,748","90,644","90,272","104,730","113,780"
1685,Neston,NES,2139,North West,Cheshire West and Chester,"29,551","34,576","40,919","43,740","40,506","33,804",[x],"36,280","35,216","32,716","35,922","36,960","36,230","44,598","46,546","48,476","51,886","53,702","49,340","44,892","42,924","43,810","42,554","6,300","24,074","33,242","28,412","41,204"
1686,Netherfield,NET,6241,East Midlands,Gedling,"9,469","9,439","9,666","9,120","8,081","8,514",[x],"7,238","6,938","6,108","7,178","8,292","6,412","6,132","7,410","6,682","5,382","6,050","6,544","7,742","8,644","9,150","8,292","1,210","5,556","6,946","7,780","10,000"
1687,Nethertown,NRT,2047,North West,Cumberland,"1,732",876,880,"1,017",778,556,[x],326,297,420,458,"1,020",536,450,428,"1,028","1,160",600,560,412,536,516,730,254,"1,412",960,"1,030","1,334"
1688,Netley,NTL,5911,South East,Eastleigh,"59,522","64,755","63,442","63,857","68,901","67,969",[x],"71,280","69,796","76,948","81,070","89,934","89,342","96,608","106,018","102,072","110,256","113,958","116,830","105,740","97,892","91,130","88,108","25,292","64,764","73,804","74,046","82,450"
1689,New Barnet,NBA,6018,London,Barnet,"555,321","628,997","663,361","625,676","608,325","658,099",[x],"673,521","674,532","1,057,667","1,126,244","1,013,310","1,029,964","1,069,706","1,098,022","1,154,218","1,220,768","1,266,350","1,223,090","1,266,648","1,301,320","1,361,704","1,392,644","367,588","765,472","1,083,276","1,166,092","1,272,760"
1690,New Beckenham,NBC,5058,London,Bromley,"481,230","512,135","489,411","540,292","571,997","631,052",[x],"683,354","714,340","867,999","887,028","859,652","807,450","830,396","829,982","800,594","814,518","816,828","799,004","788,496","746,876","757,444","739,502","154,716","418,202","545,332","666,756","721,184"
1691,New Brighton,NBN,2152,North West,Wirral,"231,837","252,716","284,823","308,250","280,534","277,474",[x],"343,730","350,652","358,937","373,044","1,045,706","981,788","1,025,644","1,030,784","1,005,344","910,800","934,144","958,432","864,042","843,948","1,242,032","1,388,152","382,298","897,342","931,808","993,914","1,192,234"
1692,New Clee,NCE,6289,Yorkshire and The Humber,North East Lincolnshire,337,308,252,303,349,458,[x],332,246,336,455,526,322,298,334,290,348,524,458,"1,286","1,236","1,720","1,578",154,"1,396","1,596","2,412","3,550"
1693,New Cross,NWX,5150,London,Lewisham,"1,307,647","1,950,825","2,284,153","2,365,885","2,393,839","2,582,982",[x],"2,065,149","2,041,661","1,742,202","1,894,569","1,839,128","1,721,814","2,063,120","2,345,254","2,480,054","2,630,606","3,019,372","3,445,274","3,310,728","3,743,730","4,783,728","4,876,930","903,476","2,491,694","3,071,330","3,145,918","3,180,844"
1694,New Cross Gate,NXG,5345,London,Lewisham,"1,003,801","1,811,713","2,107,621","2,164,645","2,117,168","2,269,294",[x],"2,330,400","2,352,894","2,338,317","2,088,005","1,832,416","1,838,682","3,011,524","4,009,208","4,368,856","4,328,079","4,364,542","6,024,528","6,614,164","6,585,026","6,171,876","5,443,252","1,583,072","3,333,992","4,060,902","4,662,040","4,550,170"
1695,New Cumnock,NCK,9533,Scotland,East Ayrshire,"6,411","8,788","10,734","13,462","14,850","15,822",[x],"21,338","23,088","21,780","19,886","21,548","22,068","27,730","28,008","28,520","27,182","31,852","28,416","26,604","26,696","28,280","25,566","1,574","14,974","17,514","22,192","23,022"
1696,New Eltham,NEH,5119,London,Greenwich,"1,561,507","1,620,621","1,609,549","1,624,366","1,693,762","1,764,192",[x],"1,689,423","1,742,900","2,238,595","2,394,627","2,339,610","2,220,350","2,285,480","2,329,364","2,370,770","2,483,492","2,554,130","2,288,748","2,231,694","2,261,258","2,533,952","2,494,004","589,522","1,369,842","1,721,988","1,876,074","2,038,220"
1697,New Hey,[z],[z],[z],[z],"34,854","29,624","34,751","32,547","31,220","29,983",[x],"30,322","32,888","33,681","37,442","47,036","26,360",[z],[z],[z],[z],[z],[z],[z],[z],[z],[z],[z],[z],[z],[z],[z]
1698,New Holland,NHL,6209,Yorkshire and The Humber,North Lincolnshire,"22,685","21,468","21,632","19,521","23,610","23,502",[x],"22,539","21,592","21,563","22,011","23,530","20,490","21,460","21,692","20,672","16,766","19,608","14,708","14,996","14,254","14,488","13,066","1,604","6,468","8,550","10,576","10,354"
1699,New Hythe,NHE,5238,South East,Tonbridge and Malling,"55,271","49,113","49,951","40,935","37,699","39,501",[x],"46,147","57,551","63,890","73,147","83,336","77,420","87,138","92,182","89,712","90,614","108,684","107,954","124,612","161,968","178,960","185,404","50,980","128,272","128,148","159,640","184,448"
1700,New Lane,NLN,2358,North West,West Lancashire,"3,284","3,100","2,934","2,367","2,898","2,703",[x],"3,107","3,139","2,745","2,921","3,110","2,674","3,034","3,280","3,312","3,030","6,660","8,184","6,860","3,786","2,248","1,946",612,"1,814","2,188","1,866","2,140"
1701,New Malden,NEM,5567,London,Kingston upon Thames,"1,465,813","1,878,341","1,966,985","2,004,545","1,886,982","1,930,933",[x],"1,892,032","1,840,780","3,263,198","3,346,608","3,112,980","3,044,468","3,234,438","3,325,270","3,403,912","3,473,600","3,523,712","3,012,520","2,981,406","2,968,000","3,157,968","3,002,974","769,668","2,108,940","2,563,270","2,883,306","3,077,144"
1702,New Mills Central,NMC,2974,East Midlands,High Peak,"51,025","52,641","54,308","56,510","54,083","55,585",[x],"81,551","77,644","81,078","83,717","133,004","140,558","146,018","156,248","213,648","205,274","200,974","198,432","209,168","218,780","213,872","226,986","42,654","146,650","175,450","208,306","162,396"
1703,New Mills Newtown,NMN,2769,East Midlands,High Peak,"115,910","111,076","114,845","106,575","101,592","108,218",[x],"104,039","118,102","113,928","123,365","190,402","180,210","190,478","199,118","215,972","235,196","225,902","225,738","204,548","194,826","232,154","220,658","61,368","132,042","135,040","159,098","212,402"
1704,New Milton,NWM,5881,South East,New Forest,"504,628","493,383","479,517","491,338","468,700","469,284",[x],"515,715","554,526","560,406","605,393","611,000","581,910","610,394","624,628","612,258","619,746","603,240","619,686","627,954","623,434","627,946","571,586","161,658","398,782","462,612","517,988","555,078"
1705,New Pudsey,NPD,8506,Yorkshire and The Humber,Leeds,"330,961","349,511","322,198","248,176","209,353","274,327",[x],"424,263","475,591","489,095","507,846","642,172","643,100","772,094","796,634","733,218","763,666","844,046","891,062","901,862","850,116","822,632","834,774","113,654","401,868","557,310","666,422","789,024"
1706,New Southgate,NSG,6019,London,Enfield,"147,574","177,924","216,944","240,361","253,232","291,538",[x],"291,290","299,461","476,100","550,758","498,252","512,446","553,174","597,824","639,812","637,620","691,924","836,006","836,744","843,348","837,094","825,100","212,370","463,988","696,658","808,874","920,392"
1707,Newark Castle,NCT,6498,East Midlands,Newark and Sherwood,351,"417,682","487,497","716,171","597,870","565,578",[x],"649,635","707,473","2,905","324,150","345,128","413,900","348,938","336,398","237,509","240,454","538,503","572,285","752,394","767,242","802,590","759,898","151,190","563,340","507,760","548,968","618,574"
1708,Newark Northgate,NNG,6499,East Midlands,Newark and Sherwood,"598,954","245,287","270,610","57,816","234,041","335,126",[x],"377,172","400,286","1,187,545","923,070","960,948","924,528","976,526","1,096,214","1,179,491","1,194,101","986,319","1,048,193","900,824","918,600","960,922","909,804","181,014","674,472","885,538","957,410","1,078,800"
1709,Newbridge,NBE,9919,Wales,Caerphilly - Caerffili,[z],[z],[z],[z],[z],[z],[z],[z],[z],[z],"20,573","115,676","120,678","132,092","130,970","133,672","134,154","132,440","127,100","135,866","134,570","130,206","128,288","36,694","85,036","108,588","105,780","152,740"
1710,Newbury,NBY,3074,South East,West Berkshire,"967,326","970,824","1,106,184","1,219,595","1,247,770","1,286,559",[x],"1,350,930","1,419,630","1,439,173","1,479,714","1,501,100","1,436,340","1,494,430","1,557,774","1,628,370","1,664,408","1,745,710","1,826,560","1,849,046","1,804,730","1,665,096","1,819,730","307,708","998,456","1,208,000","1,380,182","1,538,658"
1711,Newbury Racecourse,NRC,3071,South East,West Berkshire,"31,182","32,522","39,835","38,432","48,870","50,204",[x],"56,299","72,153","68,636","63,878","65,128","63,956","75,508","77,164","82,370","76,212","86,984","97,254","100,302","93,764","87,766","105,398","17,890","73,204","83,728","99,044","114,628"
1712,Newcastle,NCL,7728,North East,Newcastle upon Tyne,"4,736,003","5,061,347","5,352,514","4,933,177","5,248,313","4,869,662",[x],"5,728,348","6,108,240","6,230,498","6,447,267","7,098,624","7,163,284","7,500,338","7,723,832","7,808,258","8,025,155","8,053,112","8,189,528","8,426,644","8,756,574","8,913,554","8,815,096","1,555,396","7,040,072","8,402,922","9,148,930","10,548,216"
1713,Newcourt,NCO,9589,South West,Exeter,[z],[z],[z],[z],[z],[z],[z],[z],[z],[z],[z],[z],[z],[z],[z],[z],[z],[z],"59,410","99,394","114,036","129,380","120,460","38,944","108,924","145,908","158,438","154,772"
1714,Newcraighall,NEW,8808,Scotland,City of Edinburgh,[z],[z],[z],[z],[z],"79,617",[x],"137,389","159,789","176,933","190,027","182,890","194,184","182,802","191,032","206,930","221,934","242,758","224,026","234,770","278,524","286,402","265,594","32,052","121,488","177,804","250,388","233,352"
1715,Newhaven Harbour,NVH,5330,South East,Lewes,"106,999","107,305","95,688","89,515","85,558","92,947",[x],"103,572","91,875","59,780","52,730","48,214","40,446","45,644","44,842","44,212","46,178","50,878","55,070","52,342","57,982","53,266","49,450","14,020","18,298","23,176","24,584","27,934"
1716,Newhaven Town,NVN,5331,South East,Lewes,"126,615","127,651","159,243","162,988","184,354","216,136",[x],"232,450","234,952","261,348","302,576","302,526","308,682","313,082","318,812","318,664","306,102","320,388","326,310","236,416","280,712","307,638","342,606","123,406","283,664","319,038","363,816","430,560"
1717,Newington,NGT,5175,South East,Swale,"121,513","136,580","157,207","140,359","135,644","134,348",[x],"128,798","136,349","144,518","150,843","153,754","139,902","135,438","135,848","127,962","125,724","133,328","132,770","134,280","138,646","137,312","138,354","46,772","102,046","116,068","126,302","140,788"
1718,Newmarket,NMK,7038,East of England,East Cambridgeshire,"58,494","65,082","57,557","56,328","62,382","70,980",[x],"88,721","104,978","124,117","148,515","164,548","165,592","197,924","233,234","268,696","285,062","289,734","324,592","363,784","358,798","355,068","335,652","77,602","255,860","303,332","347,148","374,156"
1719,Newport (Essex),NWE,7039,East of England,Uttlesford,"201,533","210,228","214,657","218,367","218,205","231,952",[x],"228,756","216,005","207,186","215,036","212,566","200,314","220,370","210,846","208,416","195,246","192,228","180,136","176,142","184,798","188,094","195,984","64,436","167,346","198,334","205,164","206,012"
1720,Newport (South Wales),NWP,3674,Wales,Newport - Casnewydd,"1,285,376","1,287,534","1,423,086","1,466,693","1,614,712","1,656,642",[x],"1,828,189","1,906,008","2,011,630","2,155,283","2,160,498","2,181,630","2,291,040","2,275,362","2,250,258","2,291,044","2,388,504","2,560,868","2,614,150","2,696,608","2,745,064","2,717,124","543,356","1,753,550","2,339,566","2,718,644","2,817,472"
1721,Newquay,NQY,3523,South West,Cornwall,"58,165","62,477","63,968","66,412","76,843","76,103",[x],"83,712","71,301","77,188","87,550","96,088","102,232","100,252","115,354","104,504","97,278","100,208","95,478","102,990","108,308","103,172","97,136","34,158","108,954","129,848","125,402","125,534"
1722,Newsham,NWH,7668,North East,Northumberland,[z],[z],[z],[z],[z],[z],[z],[z],[z],[z],[z],[z],[z],[z],[z],[z],[z],[z],[z],[z],[z],[z],[z],[z],[z],[z],[z],"15,576"
1723,Newstead,NSD,1863,East Midlands,Gedling,"44,540","46,306","43,875","42,577","39,884","36,342",[x],"30,105","28,298","27,514","26,103","26,654","32,526","31,748","34,750","30,872","28,624","33,938","31,932","35,868","41,796","40,288","44,200","8,570","23,010","31,702","33,046","32,816"
1724,Newton (Lanark),NTN,9774,Scotland,South Lanarkshire,"131,771","147,100","153,298","173,957","177,470","179,094",[x],"282,912","336,806","367,045","384,594","425,634","440,916","481,146","515,754","523,554","505,286","569,006","584,522","653,312","669,530","678,490","719,034","88,638","305,856","434,300","546,872","609,912"
1725,Newton Abbot,NTA,3426,South West,Teignbridge,"529,093","541,275","583,758","569,090","580,317","636,901",[x],"720,606","731,694","782,310","856,010","929,268","940,862","1,021,530","1,088,490","1,102,732","1,057,340","1,141,040","1,170,480","1,193,454","1,230,844","1,234,672","1,203,100","434,744","977,212","1,155,346","1,183,296","1,334,872"
1726,Newton Aycliffe,NAY,7834,North East,County Durham,"22,377","28,366","25,059","26,309","25,057","22,549",[x],"29,180","38,625","44,269","52,246","53,762","56,170","59,636","63,592","67,286","68,935","67,332","60,548","61,944","62,882","78,962","83,104","27,536","74,760","85,142","77,578","78,114"
1727,Newton For Hyde,NWN,2789,North West,Tameside,"91,700","84,573","77,907","75,449","82,970","86,630",[x],"106,733","116,761","109,214","119,786","165,178","159,832","168,330","181,004","186,504","190,808","182,666","176,812","180,436","175,770","219,478","210,344","47,768","112,776","106,812","126,512","139,956"
1728,Newton St Cyres,NTC,5828,South West,Mid Devon,625,771,330,210,481,"1,147",[x],702,780,889,"1,662","1,868","1,784","2,774","3,212","2,252","2,760","2,510","2,082","2,940","2,468","3,000","2,684",366,"2,146","4,242","6,776","7,648"
1729,Newtongrange,NEG,6929,Scotland,Midlothian,[z],[z],[z],[z],[z],[z],[z],[z],[z],[z],[z],[z],[z],[z],[z],[z],[z],[z],"86,398","141,644","157,014","154,202","139,242","13,864","75,582","114,918","153,434","149,962"
1730,Newton-Le-Willows,NLW,2257,North West,St. Helens,"154,170","176,749","197,680","203,844","218,225","217,441",[x],"274,439","318,109","343,334","361,667","553,236","549,908","604,120","645,148","670,938","711,462","747,416","775,864","797,258","806,926","794,928","973,070","213,384","791,246","798,526","909,560","1,106,560"
1731,Newtonmore,NWR,8668,Scotland,Highland,"3,528","3,868","4,013","4,146","4,062","4,184",[x],"5,396","6,815","6,631","7,060","7,446","7,972","9,484","9,406","8,958","8,326","8,636","9,432","8,770","9,194","7,848","7,456","1,498","5,400","6,470","8,484","8,454"
1732,Newton-On-Ayr,NOA,9571,Scotland,South Ayrshire,"36,947","39,499","33,720","32,059","28,472","26,871",[x],"31,211","35,983","36,825","36,389","39,754","38,382","40,842","41,354","44,316","60,454","74,996","79,628","88,898","91,128","88,648","92,416","14,130","57,026","68,036","57,950","80,008"
1733,Newtown (Powys),NWT,4426,Wales,Powys - Powys,"65,571","70,029","74,254","72,113","76,014","80,768",[x],"91,883","90,836","96,464","105,260","110,034","114,310","119,194","126,110","123,578","123,918","130,306","147,938","161,722","185,064","175,336","151,570","22,420","87,598","124,412","140,288","171,366"
1734,Ninian Park,NNP,3895,Wales,Cardiff - Caerdydd,"17,724","17,422","12,225","12,591","14,821","14,319",[x],"14,872","18,254","27,758","35,371","50,346","56,732","67,782","69,934","82,964","99,936","100,264","105,784","125,622","126,512","128,164","123,512","22,410","57,758","73,586","104,950","156,046"
1735,Nitshill,NIT,9609,Scotland,Glasgow City,"19,255","16,959","19,090","20,450","18,169","15,234",[x],"26,782","36,440","41,894","47,225","58,804","61,116","72,384","86,820","95,430","92,842","109,204","107,930","112,126","125,582","142,040","139,284","26,336","72,366","96,712","110,280","131,358"
1736,Norbiton,NBT,5568,London,Kingston upon Thames,"964,232","1,208,000","1,237,655","1,274,498","1,196,724","1,223,094",[x],"1,250,360","1,211,152","2,070,796","2,307,432","2,242,722","2,207,750","2,348,180","2,427,140","2,514,244","2,589,716","2,627,752","2,354,756","2,334,570","2,218,086","2,470,256","2,283,210","602,610","1,384,434","1,770,564","2,101,326","2,269,820"
1737,Norbury,NRB,5428,London,Croydon,"933,655","1,287,979","1,372,488","1,380,026","1,433,853","1,532,426",[x],"1,464,984","1,590,579","2,471,819","2,703,720","2,511,114","2,572,018","2,908,954","3,103,454","3,204,748","3,316,630","3,433,808","4,014,210","3,483,382","3,400,742","3,496,376","3,289,138","1,043,442","1,686,026","1,938,210","2,216,644","2,348,766"
1738,Normans Bay,NSB,5460,South East,Rother,"4,914","5,183","6,025","5,722","7,142","9,047",[x],"9,751","12,548","11,666","12,004","12,296","13,004","11,666","11,654","9,824","10,614","11,426","11,536","8,160","10,616","13,512","15,236","7,032","17,126","17,854","20,558","22,490"
1739,Normanton,NOR,8528,Yorkshire and The Humber,Wakefield,"87,817","94,881","98,505","92,189","72,976","84,461",[x],"112,614","128,666","140,414","144,678","184,480","191,218","212,654","209,880","239,872","244,908","248,762","251,002","259,238","235,150","220,376","222,162","51,594","144,750","172,102","179,106","202,022"
1740,North Berwick,NBW,9358,Scotland,East Lothian,"262,802","276,316","292,812","308,951","318,957","333,444",[x],"362,006","379,898","398,056","422,681","434,718","444,276","452,856","470,082","489,680","512,246","550,170","571,702","566,362","599,788","603,788","587,294","86,264","344,414","460,674","559,924","566,242"
1741,North Camp,NCM,5636,South East,Guildford,"262,774","282,271","321,370","336,736","335,002","356,909",[x],"374,036","361,084","376,381","396,975","412,334","367,080","367,340","371,970","386,068","387,112","411,704","396,724","394,970","378,440","379,940","332,730","59,002","169,476","209,412","226,496","251,252"
1742,North Dulwich,NDL,5429,London,Southwark,"262,270","365,485","400,748","434,566","479,720","520,739",[x],"481,719","479,909","777,135","743,893","781,498","798,856","832,814","851,284","839,378","869,276","830,808","799,086","622,984","680,534","814,444","828,436","236,754","527,566","602,116","658,686","730,666"
1743,North Fambridge,NFA,6875,East of England,Maldon,"94,145","100,832","99,782","108,900","109,461","97,959",[x],"98,787","84,248","84,777","86,499","90,016","86,808","80,342","76,042","80,330","91,600","92,784","98,000","96,430","90,506","83,038","81,124","9,096","36,830","47,690","60,434","69,574"
1744,North Llanrwst,NLR,2455,Wales,Conwy - Conwy,"1,438","1,578","2,268","1,987","12,483","9,626",[x],"1,395","1,149",518,"1,022","1,116","1,086","1,236","1,272","1,966","2,204","1,962","1,220","1,582","1,942","2,572","3,144",92,"1,420","2,414","3,362","4,392"
1745,North Queensferry,NQU,9189,Scotland,Fife,"95,715","98,031","101,226","98,392","86,966","84,311",[x],"110,180","112,984","120,257","129,179","137,044","135,748","137,820","132,648","137,604","146,952","159,700","163,826","156,472","171,418","163,214","155,390","25,274","86,826","98,514","117,732","121,520"
1746,North Road (Darlington),NRD,7895,North East,Darlington,"16,878","17,210","17,659","17,419","15,243","13,684",[x],"19,327","20,951","20,511","23,132","26,410","23,252","25,216","33,014","32,896","35,714","31,178","32,300","33,350","30,306","39,968","46,138","16,448","43,168","47,222","42,044","51,248"
1747,North Sheen,NSH,5601,London,Richmond upon Thames,"87,784","161,508","186,745","182,437","192,242","219,025",[x],"217,063","211,199","320,112","351,299","325,194","333,344","365,822","391,832","416,000","440,576","477,798","536,754","511,550","474,546","479,128","460,744","115,534","234,772","269,738","318,678","342,020"
1748,North Walsham,NWA,7308,East of England,North Norfolk,"78,533","98,218","117,539","126,619","155,521","124,443",[x],"135,575","139,634","147,132","218,295","225,658","210,800","215,874","222,306","242,386","241,604","239,934","246,660","251,382","257,938","265,400","226,116","54,894","221,032","243,208","221,002","227,692"
1749,North Wembley,NWB,1422,London,Brent,"343,786","520,706","464,673","446,618","379,150","410,424",[x],"295,046","313,734","216,774","204,127","191,990","307,940","520,430","604,172","651,858","703,698","773,444","975,708","984,332","939,732","903,932","929,150","430,810","811,900","942,638","1,048,996","1,231,422"
1750,North Woolwich,[z],[z],[z],[z],"27,823","77,440","77,092","59,464","60,388","67,443",[x],"146,908","118,920","375,126",[z],[z],[z],[z],[z],[z],[z],[z],[z],[z],[z],[z],[z],[z],[z],[z],[z],[z]
1751,Northallerton,NTR,7996,Yorkshire and The Humber,North Yorkshire,"287,984","301,855","314,753","294,282","295,257","293,137",[x],"380,622","413,038","453,459","488,647","531,676","544,070","556,990","573,738","588,160","640,843","671,148","688,950","705,876","715,256","717,638","712,450","156,294","680,592","619,982","660,586","797,766"
1752,Northampton,NMP,1069,East Midlands,West Northamptonshire,"1,468,053","1,640,193","1,712,612","1,644,323","1,661,785","1,723,579",[x],"1,854,579","1,969,868","2,144,857","2,239,426","2,233,872","2,208,500","2,496,018","2,713,744","2,779,960","2,783,020","2,864,848","3,035,242","3,147,010","3,174,276","3,331,206","3,215,898","657,004","1,868,756","2,407,228","2,627,948","2,847,378"
1753,Northfield,NFD,1111,West Midlands,Birmingham,"234,345","246,920","249,031","243,244","234,661","242,510",[x],"271,905","295,584","305,759","333,055","578,832","565,338","589,022","744,504","738,724","775,418","777,384","845,308","863,196","895,664","989,478","981,402","172,846","391,828","489,210","576,042","643,106"
1754,Northfleet,NFL,5120,South East,Gravesham,"39,026","43,866","47,563","52,242","51,800","56,636",[x],"61,936","71,419","70,811","96,510","92,736","74,822","76,564","70,506","71,012","70,524","98,008","104,468","111,350","109,998","131,204","161,134","74,048","126,980","156,890","212,404","257,642"
1755,Northolt Park,NLT,1478,London,Ealing,"39,021","78,105","94,107","99,286","117,213","131,864",[x],"91,020","84,617","221,451","206,650","123,070","120,806","168,890","170,424","187,810","191,418","201,254","259,988","259,380","256,804","252,108","235,520","57,584","122,950","150,670","142,664","176,218"
1756,Northumberland Park,NUM,6971,London,Haringey,"35,280","64,156","73,737","84,294","102,100","98,976",[x],"73,310","66,370","125,406","173,313","161,680","160,048","176,456","213,458","415,526","520,674","594,478","455,148","437,410","380,776","393,574","718,770","222,696","595,010","786,742","943,776","1,052,358"
1757,Northwich,NWI,2326,North West,Cheshire West and Chester,"116,295","122,411","128,667","129,762","123,648","105,692",[x],"123,746","135,542","140,882","154,907","157,482","153,606","172,704","190,008","204,146","207,318","215,626","234,194","252,638","238,898","207,950","205,856","45,150","124,416","150,598","169,316","188,520"
1758,Norton Bridge,[z],[z],[z],[z],"5,058","6,412","6,622","5,155","4,815","4,793",[x],"2,080",585,341,[z],[z],[z],[z],[z],[z],[z],[z],[z],[z],[z],[z],[z],[z],[z],[z],[z],[z]
1759,Norwich,NRW,7309,East of England,Norwich,"1,927,530","2,085,594","2,266,343","2,474,819","2,638,086","2,351,236",[x],"2,421,607","2,527,760","2,711,910","3,449,930","3,568,618","3,496,082","3,749,474","3,911,508","4,126,012","4,139,820","4,071,502","4,048,984","4,111,338","4,156,020","4,250,834","4,041,818","967,650","3,213,504","3,963,948","4,176,640","4,556,674"
1760,Norwood Junction,NWD,5376,London,Croydon,"1,502,116","1,876,111","1,954,932","1,912,298","1,937,818","2,015,885",[x],"1,791,653","1,829,363","2,946,438","3,039,776","2,845,922","2,716,052","2,987,668","3,385,188","3,544,748","3,758,122","3,864,014","4,265,918","4,362,552","4,374,786","4,576,492","4,624,894","1,490,484","3,016,878","3,806,480","4,324,858","4,627,090"
1761,Nottingham,NOT,1826,East Midlands,Nottingham,"3,933,813","4,233,345","4,610,101","4,792,290","5,088,501","5,443,655",[x],"5,476,714","5,371,367","5,769,764","5,890,544","5,990,750","6,218,856","6,294,838","6,450,400","6,450,702","6,105,684","6,848,182","7,200,422","7,468,864","7,804,850","8,004,938","7,864,690","1,416,536","5,202,438","6,739,558","7,144,540","8,112,724"
1762,Nuneaton,NUN,1077,West Midlands,Nuneaton and Bedworth,"472,186","556,889","541,933","501,357","535,148","548,648",[x],"574,142","637,789","690,105","706,972","814,970","894,958","969,254","1,002,862","1,040,998","1,120,552","1,138,082","1,236,492","1,286,020","1,313,366","1,364,294","1,342,706","251,254","843,940","960,380","1,159,410","1,353,578"
1763,Nunhead,NHD,5068,London,Southwark,"274,785","355,576","380,558","378,966","385,856","417,955",[x],"443,990","425,168","800,341","895,708","924,678","926,852","1,012,106","1,056,844","1,082,502","1,235,124","1,286,764","1,196,148","1,156,716","1,170,738","1,177,414","1,258,106","343,846","730,098","840,456","911,074","997,310"
1764,Nunthorpe,NNT,7946,North East,Redcar and Cleveland,"10,093","8,904","9,228","8,477","7,508","8,152",[x],"11,403","12,406","13,747","16,775","23,208","23,828","24,914","22,302","22,600","24,203","32,510","35,766","35,814","34,596","36,346","44,576","7,618","35,758","42,306","54,080","59,464"
1765,Nutbourne,NUT,5262,South East,Chichester,"29,171","31,556","36,911","33,982","37,778","43,428",[x],"41,135","50,040","50,631","53,938","62,752","60,020","64,852","60,824","68,704","79,172","82,810","78,190","61,878","83,716","85,420","88,852","36,120","64,556","63,552","63,732","66,914"
1766,Nutfield,NUF,5476,South East,Tandridge,"60,085","71,077","74,782","75,796","77,824","85,334",[x],"92,602","96,157","99,557","108,569","104,530","103,982","99,230","108,462","117,220","114,902","105,630","93,694","78,296","84,096","86,034","69,898","20,534","50,248","56,454","49,042","54,730"
1767,Oakengates,OKN,4689,West Midlands,Telford and Wrekin,"21,226","20,415","19,269","18,091","14,422","11,969",[x],"10,158","12,409","16,085","23,567","32,576","37,682","41,152","52,210","53,154","54,620","54,410","55,830","59,006","67,246","73,438","68,862","19,736","47,932","54,020","71,524","71,964"
1768,Oakham,OKM,1904,East Midlands,Rutland,"159,785","171,322","176,647","171,794","184,420","183,240",[x],"192,995","189,377","208,508","215,523","226,106","202,358","214,922","199,252","203,668","202,718","208,754","212,676","221,118","226,920","239,038","244,696","29,220","154,014","172,176","205,920","226,030"
1769,Oakleigh Park,OKL,6020,London,Barnet,"454,620","524,213","549,523","528,615","528,232","571,227",[x],"601,453","623,602","993,003","993,011","909,208","917,232","952,304","964,790","972,080","989,516","1,019,394","1,042,550","1,041,748","1,017,734","967,144","965,046","199,438","500,016","733,762","813,708","924,194"
1770,Oban,OBN,8725,Scotland,Argyll and Bute,"89,896","88,965","90,631","98,204","98,557","101,553",[x],"113,830","110,000","109,053","108,903","126,676","119,876","121,746","125,900","122,568","129,311","170,682","176,104","164,332","181,172","177,522","169,174","89,004","154,970","186,138","221,968","201,750"
1771,Ockendon,OCK,7451,East of England,Thurrock,"281,924","365,329","433,571","465,992","417,148","431,838",[x],"480,784","492,879","555,300","617,534","599,130","562,288","586,704","636,650","677,570","692,052","752,672","850,908","990,438","1,054,752","1,160,354","1,158,972","458,934","796,782","901,350","996,114","1,027,566"
1772,Ockley,OLY,5310,South East,Mole Valley,"17,836","20,238","28,512","22,311","22,612","22,699",[x],"32,883","33,890","35,467","47,756","50,126","42,584","46,852","43,482","45,430","43,432","43,726","42,188","32,680","34,738","36,388","37,946","9,746","25,258","29,096","29,208","34,176"
1773,Okehampton,OKE,5786,South West,West Devon,[z],[z],[z],[z],[z],[z],[z],[z],[z],[z],[z],[z],[z],"3,622","3,526","3,438","3,208","2,984","3,036","5,926","5,000","5,320","6,434",6,"54,904","228,272","314,984","347,920"
1774,Old Hill,OHL,4641,West Midlands,Sandwell,"61,873","70,033","65,201","63,898","61,397","56,897",[x],"62,565","73,453","78,996","83,113","165,640","167,516","176,512","171,650","165,406","179,494","185,406","189,452","193,902","204,196","213,904","211,326","45,680","97,864","108,354","135,318","153,512"
1775,Old Roan,ORN,2258,North West,Sefton,"186,964","192,960","242,176","200,865","173,223","177,332",[x],"260,871","284,901","305,589","337,166","918,262","861,176","863,568","815,704","748,070","864,554","896,562","903,968","921,306","930,812","1,006,706","1,185,406","320,184","787,518","847,726","942,886","963,306"
1776,Old Street,OLD,6003,London,Islington,[z],[z],[z],[z],[z],[z],[z],[z],[z],"733,612","813,166","827,762","1,326,797","1,434,785","1,336,722","1,396,260","1,455,920","1,682,134","3,611,484","5,323,546","5,756,246","7,119,730","6,768,052","2,230,872","3,672,524","5,437,172","6,381,186","6,077,166"
1777,Old Trafford,[z],[z],[z],[z],"74,544",18,[z],[z],[z],[z],[z],[z],[z],[z],[z],[z],[z],[z],[z],[z],[z],[z],[z],[z],[z],[z],[z],[z],[z],[z],[z],[z]
1778,Oldfield Park,OLF,3219,South West,Bath and North East Somerset,"111,442","120,705","120,074","127,783","137,593","143,090",[x],"150,225","156,753","177,275","191,647","217,400","216,750","239,576","252,934","281,622","305,984","312,946","315,070","313,236","305,390","322,654","359,846","90,958","238,768","297,810","344,132","385,994"
1779,Oldham Mumps,[z],[z],[z],[z],"227,850","199,320","244,062","278,989","247,314","239,129",[x],"284,697","263,315","263,079","294,073","386,626","224,428",[z],[z],[z],[z],[z],[z],[z],[z],[z],[z],[z],[z],[z],[z],[z]
1780,Oldham Werneth,[z],[z],[z],[z],"36,212","29,671","35,604","41,176","31,688","31,613",[x],"38,804","38,409","35,006","38,248","55,788","33,974",[z],[z],[z],[z],[z],[z],[z],[z],[z],[z],[z],[z],[z],[z],[z]
1781,Olton,OLT,4533,West Midlands,Solihull,"123,018","133,844","121,981","118,728","111,703","111,434",[x],"125,590","124,489","140,150","143,076","351,040","352,290","364,646","358,276","381,112","412,504","424,716","460,772","480,448","499,156","555,852","564,356","106,114","285,078","342,502","395,764","462,908"
1782,Ore,ORE,5021,South East,Hastings,"17,848","16,752","19,659","17,039","19,188","19,549",[x],"22,227","23,323","33,296","53,876","88,842","110,524","126,558","112,460","130,782","151,884","174,264","194,568","144,410","173,896","240,652","277,174","78,634","208,038","228,562","255,436","272,106"
1783,Ormskirk,OMS,2281,North West,West Lancashire,"690,858","703,806","769,023","748,901","733,976","726,015",[x],"693,376","716,362","733,381","770,621","1,026,546","998,858","878,782","715,490","727,620","2,058,604","2,096,328","2,163,374","2,263,204","2,006,936","2,255,722","2,409,296","549,410","1,664,370","1,820,516","1,963,658","2,297,090"
1784,Orpington,ORP,5122,London,Bromley,"2,988,662","3,233,916","3,416,766","3,418,943","3,451,890","3,483,298",[x],"3,654,654","3,716,456","5,079,932","5,313,587","4,970,528","4,867,836","5,069,038","5,105,128","5,238,978","5,601,108","6,014,116","5,043,994","5,155,016","5,044,302","5,348,218","5,235,814","1,308,048","3,189,018","4,030,402","4,585,832","4,989,622"
1785,Orrell,ORR,2259,North West,Wigan,"34,623","31,387","37,174","42,606","41,618","39,532",[x],"48,114","65,703","64,974","74,161","86,602","94,428","101,358","112,006","116,540","112,236","97,652","84,456","90,918","90,178","92,888","96,894","20,324","73,454","73,106","77,698","97,674"
1786,Orrell Park,OPK,2247,North West,Liverpool,"352,771","351,757","399,071","351,651","333,599","369,037",[x],"452,889","473,979","469,256","491,948","1,257,746","1,170,676","1,192,140","1,186,210","1,088,622","1,031,132","1,040,358","1,032,522","1,057,416","1,035,218","1,124,446","1,313,788","355,900","813,262","1,052,986","1,176,048","976,174"
1787,Otford,OTF,5071,South East,Sevenoaks,"358,412","373,479","360,165","366,516","359,636","352,571",[x],"359,765","389,943","403,171","414,212","399,362","380,000","389,958","384,936","367,646","367,724","381,472","387,504","408,126","426,398","429,028","406,214","97,292","266,982","326,416","400,674","445,500"
1788,Oulton Broad North,OUN,7273,East of England,East Suffolk,"52,436","60,380","73,596","89,327","103,411","91,218",[x],"82,427","73,690","69,502","118,081","119,074","108,634","113,582","118,972","126,064","124,368","125,506","118,852","117,920","115,400","112,600","106,438","21,768","98,344","109,170","125,458","137,218"
1789,Oulton Broad South,OUS,7274,East of England,East Suffolk,"12,004","12,135","13,078","14,195","13,446","13,862",[x],"12,375","12,683","15,270","18,028","18,684","17,660","21,240","21,796","28,030","42,884","48,132","50,918","48,616","47,996","47,696","43,518","7,212","45,430","51,210","56,484","60,488"
1790,Outwood,OUT,8309,Yorkshire and The Humber,Wakefield,"101,868","126,877","132,448","106,768","93,028","108,221",[x],"166,801","187,314","208,174","211,079","301,388","299,434","354,792","361,334","326,082","348,790","374,402","390,490","407,166","399,560","369,158","371,012","82,256","192,830","242,272","271,570","310,366"
1791,Overpool,OVE,2157,North West,Cheshire West and Chester,"54,971","59,080","30,899","20,035","16,231","52,904",[x],"57,735","50,627","26,995","33,929","39,562","104,290","123,462","118,564","99,600","143,286","153,570","159,166","154,966","123,322","157,032","152,186","70,412","149,366","192,112","227,138","224,060"
1792,Overton,OVR,5526,South East,Basingstoke and Deane,"64,110","75,142","88,745","98,334","87,434","82,093",[x],"86,970","92,810","111,368","129,392","141,216","152,426","164,110","168,054","176,938","186,982","193,098","197,158","193,980","196,454","209,620","197,542","34,348","90,808","121,560","120,884","174,202"
1793,Oxenholme Lake District,OXN,2090,North West,Westmorland and Furness,"243,364","261,971","276,183","253,968","270,409","269,443",[x],"259,566","266,625","309,969","332,853","350,292","380,266","408,264","436,766","421,422","436,154","489,158","521,768","571,180","581,304","635,128","657,916","160,386","700,394","481,628","542,270","675,144"
1794,Oxford,OXF,3115,South East,Oxford,"3,064,352","3,275,869","3,377,100","3,369,139","3,423,749","3,648,550",[x],"3,956,477","4,076,814","4,540,878","4,712,647","5,080,934","5,427,286","5,797,984","6,226,478","6,309,582","6,505,093","6,624,954","6,564,678","6,631,498","7,984,162","8,270,486","8,702,368","1,574,610","5,013,078","6,581,606","6,786,626","8,145,214"
1795,Oxford Parkway,OXP,3121,South East,Cherwell,[z],[z],[z],[z],[z],[z],[z],[z],[z],[z],[z],[z],[z],[z],[z],[z],[z],[z],"274,696","809,812","938,842","1,082,834","1,023,884","127,994","457,026","584,930","653,536","654,542"
1796,Oxshott,OXS,5602,South East,Elmbridge,"358,169","363,895","370,088","378,077","342,534","354,909",[x],"382,283","375,678","395,791","451,842","461,076","443,738","454,040","467,794","471,084","490,522","496,108","514,096","509,090","489,768","494,946","452,696","88,364","273,760","344,616","406,896","449,494"
1797,Oxted,OXT,5377,South East,Tandridge,"969,030","1,026,426","1,092,053","1,075,833","1,092,384","1,190,477",[x],"1,235,628","1,268,295","1,309,558","1,450,620","1,430,152","1,431,390","1,470,108","1,549,644","1,579,908","1,692,913","1,723,408","1,651,996","1,533,336","1,571,614","1,642,390","1,656,666","444,936","973,434","1,127,658","1,227,832","1,336,338"
1798,Paddock Wood,PDW,5224,South East,Tunbridge Wells,"909,906","958,158","1,058,437","1,066,115","1,056,848","1,067,385",[x],"1,071,522","1,091,477","1,138,011","1,195,185","1,170,908","1,081,480","1,104,070","1,131,024","1,129,994","1,103,546","1,147,648","1,152,514","1,174,732","1,181,216","1,214,166","1,184,824","268,708","742,026","881,192","991,364","1,090,192"
1799,Padgate,PDG,2387,North West,Warrington,"45,110","47,149","57,737","58,734","56,063","53,677",[x],"54,685","62,768","59,992","61,288","68,656","67,868","80,224","91,668","94,002","107,166","127,552","124,232","150,728","155,582","142,856","153,466","35,828","92,434","104,464","112,500","118,198"
1800,Paignton,PGN,3427,South West,Torbay,"307,287","307,547","319,440","303,107","316,543","336,321",[x],"345,738","335,491","372,167","427,368","457,948","471,782","504,648","555,300","571,558","567,440","631,506","678,656","677,904","672,366","676,342","632,482","237,744","577,996","636,400","651,194","707,018"
1801,Paisley Canal,PCN,9657,Scotland,Renfrewshire,"152,248","150,140","157,327","143,403","132,168","127,469",[x],"158,340","176,196","187,553","189,918","214,554","215,240","219,478","232,830","218,480","340,574","363,162","367,690","398,148","389,264","474,918","478,226","77,142","191,544","264,720","321,036","299,938"
1802,Paisley Gilmour Street,PYG,9683,Scotland,Renfrewshire,"2,334,031","2,956,676","2,929,678","2,839,471","2,614,936","2,559,975",[x],"2,832,463","3,069,247","3,151,932","3,219,554","3,611,790","3,528,050","3,679,066","3,640,560","3,745,156","3,954,518","4,090,566","4,157,808","4,115,272","4,151,566","4,027,962","3,903,776","982,530","2,124,248","2,600,030","3,196,172","3,241,120"
1803,Paisley St James,PYJ,9664,Scotland,Renfrewshire,"18,387","18,064","17,862","17,578","17,045","16,869",[x],"22,365","25,812","25,842","25,928","37,148","49,434","40,812","50,428","54,208","56,950","67,184","79,432","81,578","72,282","73,330","78,506","20,268","52,618","64,478","89,958","96,238"
1804,Palmers Green,PAL,6021,London,Enfield,"629,295","727,145","801,299","704,733","772,268","795,133",[x],"773,523","794,683","1,502,729","1,815,608","1,483,226","1,549,980","1,623,304","1,662,012","1,679,652","1,723,518","1,878,004","1,863,314","1,912,628","2,013,692","1,926,572","1,782,954","464,436","918,164","1,267,568","1,393,000","1,557,022"
1805,Pangbourne,PAN,3036,South East,West Berkshire,"293,888","343,782","347,391","361,404","352,592","344,056",[x],"357,731","354,031","379,109","392,873","402,162","391,026","404,674","413,526","409,412","424,034","431,404","444,648","456,408","475,724","488,122","482,128","94,750","251,584","321,370","352,782","373,542"
1806,Pannal,PNL,8479,Yorkshire and The Humber,North Yorkshire,"113,012","115,725","116,516","97,387","85,483","79,026",[x],"94,500","93,800","94,396","98,041","106,460","113,412","125,838","129,618","130,258","139,693","156,196","164,590","162,026","158,824","162,986","164,174","31,474","94,800","121,794","150,850","191,634"
1807,Pantyffynnon,PTF,4250,Wales,Carmarthenshire - Sir Gaerfyrddin,"2,441","2,394","2,371","2,987","2,874","3,916",[x],"3,677","3,731","2,339","3,535","3,672","3,872","4,270","3,886","4,388","4,778","4,362","3,710","4,076","3,274","3,632","3,442",82,"1,428","2,404","3,488","4,910"
1808,Par,PAR,3524,South West,Cornwall,"63,989","60,511","66,379","65,463","70,826","78,175",[x],"95,475","111,912","119,859","139,688","160,832","162,872","179,100","186,038","193,818","190,532","197,670","190,168","195,732","190,780","194,644","200,130","68,660","182,676","194,980","204,844","222,704"
1809,Parbold,PBL,2402,North West,West Lancashire,"79,436","78,062","81,914","83,348","85,777","75,756",[x],"87,215","103,742","107,497","110,714","111,164","113,926","114,554","115,670","111,864","109,790","117,130","127,754","133,482","140,242","125,578","132,660","30,478","83,010","98,350","94,348","98,762"
1810,Park Manchester,[z],[z],[z],[z],9,11,[z],[z],[z],[z],[z],[z],[z],[z],[z],[z],[z],[z],[z],[z],[z],[z],[z],[z],[z],[z],[z],[z],[z],[z],[z],[z]
1811,Park Street,PKT,1561,East of England,St Albans,"26,999","31,410","34,901","31,172","30,256","25,115",[x],"27,890","30,144","28,679","32,817","32,458","27,838","32,606","34,556","35,618","31,734","20,944","20,646","20,202","21,428","22,074","21,008","5,022","9,394","16,842","16,980","22,170"
1812,Parkstone (Dorset),PKS,5882,South West,"Bournemouth, Christchurch and Poole","102,349","116,026","110,229","100,766","97,128","107,090",[x],"129,599","127,121","139,383","150,454","155,096","159,654","187,102","189,928","204,614","225,890","226,270","232,130","247,142","236,962","234,380","207,346","40,070","126,418","172,078","200,236","229,410"
1813,Parson Street,PSN,3246,South West,"Bristol, City of","1,888","3,213","3,766","3,906","4,058","3,932",[x],"7,231","14,293","19,172","32,511","46,670","57,374","68,840","77,720","87,932","102,654","114,458","126,636","145,608","138,996","149,700","173,832","29,702","101,482","157,036","177,568","204,214"
1814,Partick,PTK,9917,Scotland,Glasgow City,"997,864","1,348,872","1,312,468","1,298,985","1,204,614","1,104,823",[x],"1,342,405","1,583,836","1,645,413","1,709,384","1,919,738","2,070,034","2,289,774","2,494,230","2,590,924","2,674,312","2,788,084","2,857,994","3,026,006","2,968,692","2,944,084","2,935,104","634,162","1,664,560","2,102,728","2,850,188","3,091,680"
1815,Parton,PRN,2032,North West,Cumberland,"5,705","5,754","5,935","6,211","3,873","5,004",[x],"3,910","5,094","4,536","4,562","4,758","8,022","6,382","6,736","6,366","5,948","7,810","7,614","7,396","7,426","6,508","9,134","2,686","6,730","8,202","8,450","12,556"
1816,Patchway,PWY,3213,South West,South Gloucestershire,"6,507","9,379","10,448","11,035","18,064","16,898",[x],"22,202","33,957","42,463","44,929","45,280","49,812","59,474","67,422","82,198","90,404","92,540","98,296","88,008","110,632","104,078","91,158","12,392","50,756","77,776","88,008","94,176"
1817,Patricroft,PAT,2916,North West,Salford,"21,093","17,398","19,528","17,245","15,480","14,010",[x],"16,945","20,471","22,440","22,516","30,160","33,766","39,092","44,742","42,946","43,852","39,298","49,468","73,596","86,744","106,996","117,362","26,236","85,766","105,528","129,038","147,502"
1818,Patterton,PTT,9775,Scotland,East Renfrewshire,"288,648","301,726","312,001","329,308","322,817","286,411",[x],"292,905","307,972","342,464","328,021","339,416","346,504","362,182","402,150","416,236","397,542","415,978","439,290","468,536","493,536","520,672","534,214","177,326","306,774","370,202","443,360","488,400"
1819,Peartree,PEA,1687,East Midlands,Derby,"3,281","3,640","3,651","2,457","1,925","1,818",[x],"1,415","1,344","1,072","1,271","1,678","2,810","2,274","2,756","3,234","4,154","4,700","5,022","4,132","4,110","3,032","3,892","1,728","4,052","4,374","4,354","5,256"
1820,Peckham Rye,PMR,5423,London,Southwark,"1,077,463","1,770,791","2,096,437","2,149,503","2,254,812","2,363,494",[x],"1,552,378","1,580,382","2,569,628","2,502,752","2,570,868","2,646,100","2,987,280","3,272,190","3,670,114","4,665,586","5,074,080","7,520,320","7,464,200","7,333,452","7,295,370","6,984,506","2,029,162","4,440,434","5,412,378","5,934,678","6,136,674"
1821,Pegswood,PEG,7685,North East,Northumberland,"1,528",961,"2,245","2,952","1,514","2,417",[x],"3,564","2,940","2,281","2,332","2,788","2,688","1,102","1,900","1,650","1,166","1,114","2,574","1,114","1,670","2,364","1,830",472,"1,560","1,612","1,500","1,468"
1822,Pemberton,PEM,2403,North West,Wigan,"29,968","28,596","32,315","34,137","33,294","27,801",[x],"34,558","40,964","36,514","38,116","45,316","45,314","52,254","58,858","70,346","69,790","63,804","60,302","64,682","69,676","72,028","68,988","14,802","40,790","35,494","39,210","48,658"
1823,Pembrey and Burry Port,PBY,4140,Wales,Carmarthenshire - Sir Gaerfyrddin,"48,153","54,112","63,526","73,753","73,540","72,316",[x],"77,381","82,482","88,674","99,423","109,478","112,866","119,876","132,116","133,676","131,040","145,558","143,382","145,426","138,008","134,898","123,736","22,244","76,404","92,070","109,920","130,610"
1824,Pembroke,PMB,4101,Wales,Pembrokeshire - Sir Benfro,"16,560","18,067","19,438","20,177","19,995","20,105",[x],"21,477","22,513","24,424","25,217","26,314","26,500","29,532","31,578","29,868","28,876","30,352","28,446","29,844","31,066","32,616","30,406","3,434","15,664","23,586","28,484","35,106"
1825,Pembroke Dock,PMD,4102,Wales,Pembrokeshire - Sir Benfro,"23,710","24,655","25,763","28,517","28,235","28,023",[x],"30,056","30,439","35,758","41,128","39,446","41,432","45,640","48,612","47,686","45,232","47,378","46,710","49,362","46,226","47,918","42,638","5,688","22,624","32,956","38,268","46,394"
1826,Penally,PNA,4129,Wales,Pembrokeshire - Sir Benfro,"3,198","3,272","3,485","3,895","4,022","3,512",[x],"4,339","5,289","5,031","4,569","5,012","5,680","4,676","5,486","5,136","4,506","4,990","5,444","5,332","5,168","5,102","5,168",974,"4,024","5,630","6,562","8,964"
1827,Penarth,PEN,3863,Wales,Vale of Glamorgan - Bro Morgannwg,"335,546","326,471","343,450","371,826","410,072","412,906",[x],"452,609","449,997","514,910","557,715","585,232","584,778","586,048","589,340","611,822","599,648","596,526","612,810","633,412","626,950","655,474","619,104","69,056","262,384","367,498","459,170","507,526"
1828,Pencoed,PCD,3851,Wales,Bridgend - Pen-y-bont ar Ogwr,"143,380","146,898","146,536","150,391","160,189","151,592",[x],"164,781","160,713","177,303","193,876","205,404","201,400","215,196","230,812","225,396","296,662","239,112","236,902","233,420","238,180","235,506","219,336","44,862","125,788","152,870","213,272","232,302"
1829,Pendleton,[z],[z],[z],[z],[z],4,[z],[z],[z],[z],[z],[z],[z],[z],[z],[z],[z],[z],[z],[z],[z],[z],[z],[z],[z],[z],[z],[z],[z],[z],[z],[z]
1830,Pengam,PGM,4021,Wales,Caerphilly - Caerffili,"110,559","119,462","138,185","137,495","146,359","177,755",[x],"375,494","397,569","426,341","485,195","469,688","457,734","450,990","464,464","448,000","460,970","469,052","471,778","490,342","461,066","473,760","423,128","32,616","125,188","189,282","210,680","214,248"
1831,Penge East,PNE,5072,London,Bromley,"633,181","816,973","850,776","815,634","825,899","812,930",[x],"689,094","596,134","1,188,497","1,246,170","1,277,718","1,263,669","1,295,226","1,290,000","1,337,416","1,499,414","1,618,298","1,678,574","1,771,312","1,779,570","1,736,186","1,627,770","440,962","947,654","1,035,796","1,191,166","1,235,544"
1832,Penge West,PNW,5378,London,Bromley,"172,465","197,624","190,394","203,519","239,422","263,754",[x],"247,416","270,751","195,412","283,536","245,324","225,938","360,885","462,280","506,666","522,334","519,590","640,978","696,946","669,002","683,594","653,080","218,028","482,660","608,766","647,880","634,966"
1833,Penhelig,PHG,4335,Wales,Gwynedd - Gwynedd,"5,851","5,663","7,024","7,092","7,350","11,151",[x],"8,795","5,811","6,529","6,659","6,008","9,686","10,338","10,054","9,228","9,178","8,956","10,780","10,400","8,570","8,852","9,100",686,"3,510","6,050","6,584","8,192"
1834,Penistone,PNS,6634,Yorkshire and The Humber,Barnsley,"90,765","94,743","102,295","108,628","103,725","91,270",[x],"106,858","108,745","91,975","95,664","124,106","122,404","122,322","131,910","142,014","143,786","159,684","162,852","156,252","164,564","159,854","168,668","35,110","127,012","142,272","158,352","162,898"
1835,Penkridge,PKG,1195,West Midlands,South Staffordshire,"43,213","65,117","49,388","41,967","43,818","41,644",[x],"46,950","65,304","83,250","99,545","145,198","147,372","177,608","194,988","191,984","202,128","201,540","222,940","236,850","256,366","276,112","273,668","54,416","233,388","231,378","261,144","292,594"
1836,Penmaenmawr,PMW,2494,Wales,Conwy - Conwy,"10,139","8,648","8,412","8,250","8,798","8,650",[x],"7,516","7,668","9,494","11,060","10,118","11,870","13,130","12,770","13,834","15,264","13,936","14,152","12,212","11,690","12,556","11,418","3,228","11,196","14,832","17,068","19,668"
1837,Penmere,PNM,3499,South West,Cornwall,"53,770","56,685","57,208","60,014","67,051","67,460",[x],"71,676","76,571","75,572","79,227","91,990","132,726","152,118","171,582","184,748","194,838","201,662","202,660","201,614","197,358","191,414","199,352","77,144","185,466","178,116","175,774","208,582"
1838,Penrhiwceiber,PER,3992,Wales,Rhondda Cynon Taf - Rhondda Cynon Taf,"25,499","24,586","34,651","39,800","44,972","48,577",[x],"58,555","58,798","68,569","69,884","70,878","74,056","64,384","55,386","51,632","49,440","49,690","48,784","44,000","44,846","42,556","39,492","7,960","26,140","31,918","32,674","46,492"
1839,Penrhyndeudraeth,PRH,4473,Wales,Gwynedd - Gwynedd,"48,485","45,150","54,725","52,354","56,737","58,785",[x],"48,444","55,520","53,174","98,765","80,808","77,982","66,000","60,908","49,240","40,654","39,962","51,872","56,788","56,156","57,100","51,262","37,686","46,290","56,452","58,098","61,622"
1840,Penrith (North Lakes),PNR,2102,North West,Westmorland and Furness,"203,064","210,986","225,951","210,126","216,961","224,945",[x],"241,337","267,135","307,534","340,543","359,160","390,228","411,358","420,252","429,500","439,958","475,964","498,428","547,208","565,646","592,462","610,308","147,234","505,788","490,910","610,440","715,822"
1841,Penryn (Cornwall),PYN,3525,South West,Cornwall,"38,464","39,092","40,875","41,628","45,203","51,934",[x],"53,069","58,759","67,472","77,056","85,968","145,088","179,972","211,184","230,112","249,462","266,580","243,802","255,800","251,950","240,156","247,760","99,794","269,252","257,574","247,132","284,974"
1842,Pensarn (Gwynedd),PES,4463,Wales,Gwynedd - Gwynedd,"1,597","1,802","1,575","1,643","2,272","1,834",[x],"1,759","2,157","2,496","2,620","2,806","2,730","2,084","2,016","2,362","1,810","2,084","3,766","3,234","2,736","2,652","1,950",574,"3,248","1,414","1,162","1,636"
1843,Penshurst,PHR,5477,South East,Sevenoaks,"29,854","35,086","42,643","36,447","34,089","34,921",[x],"36,779","35,899","33,588","41,760","45,344","45,892","49,030","45,100","45,578","41,366","46,348","41,832","31,894","34,854","41,408","39,920","13,364","39,256","40,710","43,600","46,678"
1844,Pentre-Bach,PTB,3944,Wales,Merthyr Tydfil - Merthyr Tudful,"11,403","10,799","13,544","15,173","16,896","13,740",[x],"10,419","9,249","11,064","12,217","11,010","14,764","16,240","19,752","21,756","28,334","33,496","27,176","22,450","27,002","25,206","23,994","4,662","18,372","19,464","19,098","30,388"
1845,Pen-Y-Bont (Mid Wales),PNY,4254,Wales,Powys - Powys,790,"1,045","1,002",933,875,"1,012",[x],829,755,773,"1,176","1,462","1,542","1,490","1,652","1,444","1,548","1,706","1,480","1,858","1,824","1,854","1,562",34,524,"1,004","1,110","1,264"
1846,Penychain,PNC,4409,Wales,Gwynedd - Gwynedd,"9,948","5,968","2,866","3,072","3,732","2,783",[x],"2,996","2,512","2,719","2,274","1,896","2,446","2,394","3,060","3,252","3,276","1,716","3,430","3,540","4,126","3,554","3,298",640,"2,894","4,314","4,818","8,892"
1847,Penyffordd,PNF,2433,Wales,Flintshire - Sir y Fflint,"15,733","18,113","20,476","21,677","21,382","16,779",[x],"18,234","18,754","16,910","14,980","16,606","18,700","21,082","21,856","21,212","22,156","24,582","24,976","22,386","20,686","22,296","22,778","2,594","10,808","17,862","18,202","28,554"
1848,Penzance,PNZ,3526,South West,Cornwall,"372,343","393,985","406,236","373,090","396,971","392,008",[x],"403,000","413,905","461,764","498,290","526,132","520,982","556,546","580,238","562,992","533,258","549,730","543,036","560,338","568,836","570,098","573,718","190,426","515,600","564,724","618,956","685,470"
1849,Perranwell,PRW,3528,South West,Cornwall,"10,261","11,224","8,279","10,717","11,468","11,110",[x],"9,936","9,545","10,489","9,842","12,880","17,658","21,454","27,030","27,478","28,842","35,646","30,530","34,652","31,504","31,920","33,168","10,718","29,566","31,926","35,502","41,538"
1850,Perry Barr,PRY,1128,West Midlands,Birmingham,"152,846","149,172","142,898","133,650","122,874","118,119",[x],"125,753","147,889","164,107","172,638","328,836","370,314","403,816","646,596","644,300","665,270","683,620","635,054","628,862","615,694","694,446","647,852","46,830","30,362","139,376","176,138","184,662"
1851,Pershore,PSH,4887,West Midlands,Wychavon,"42,127","51,700","50,413","49,685","56,073","50,949",[x],"53,154","62,522","61,739","61,971","62,472","58,744","67,230","73,000","89,546","87,956","95,310","100,690","103,956","102,038","94,844","102,550","37,112","88,116","103,874","101,244","115,878"
1852,Perth,PTH,8805,Scotland,Perth and Kinross,"459,370","469,054","506,534","506,543","531,827","550,893",[x],"641,822","694,527","700,509","763,415","834,726","888,586","929,282","959,310","975,364","988,795","1,077,598","1,146,382","1,081,476","1,117,248","1,112,068","1,059,278","181,454","614,804","695,276","812,220","853,236"
1853,Peterborough,PBO,6133,East of England,Peterborough,"2,547,288","2,831,757","3,001,938","3,006,253","3,212,029","3,386,580",[x],"3,689,729","3,720,034","3,960,429","4,070,725","4,099,754","3,930,704","4,076,724","4,208,166","4,290,598","4,398,491","4,596,144","4,697,874","4,774,744","4,909,008","5,059,576","4,934,692","1,089,232","3,719,850","4,519,016","4,720,686","5,299,726"
1854,Petersfield,PTR,5657,South East,East Hampshire,"854,438","894,945","903,536","902,782","872,014","914,185",[x],"1,006,404","1,040,643","1,095,781","1,195,486","1,229,312","1,220,808","1,293,590","1,300,356","1,299,358","1,312,314","1,360,682","1,380,900","1,432,978","1,406,458","1,462,062","1,405,648","371,200","902,660","1,037,738","1,118,506","1,221,202"
1855,Petts Wood,PET,5123,London,Bromley,"1,459,355","1,736,542","1,774,423","1,760,285","1,739,346","1,735,877",[x],"1,592,835","1,619,168","1,952,053","2,096,938","2,084,154","2,048,292","2,068,574","2,083,968","2,058,658","2,185,760","2,318,236","2,289,520","2,273,484","2,270,526","2,338,536","2,215,876","398,994","1,050,634","1,391,766","1,596,154","1,707,602"
1856,Pevensey and Westham,PEV,5461,South East,Wealden,"90,843","91,394","100,005","105,627","118,045","117,426",[x],"131,769","134,166","135,882","143,859","136,056","134,744","151,848","161,800","150,510","155,600","165,128","163,996","124,246","141,476","163,808","172,144","55,748","142,574","152,934","153,290","165,740"
1857,Pevensey Bay,PEB,5462,South East,Wealden,"1,781","1,499","1,610","1,672","1,545","2,476",[x],"1,954","2,801","3,151","3,367","3,902","4,010","3,438","3,634","5,214","6,838","25,464","14,742","7,246","7,414","9,270","9,132","4,430","6,700","5,192","5,828","5,848"
1858,Pewsey,PEW,3062,South West,Wiltshire,"89,662","99,724","96,478","92,902","113,380","123,813",[x],"142,084","147,390","150,911","169,733","178,992","181,872","202,962","210,844","203,686","204,388","218,616","233,196","238,904","247,352","221,712","269,352","47,702","158,872","181,100","187,072","209,098"
1859,Pilning,PIL,3214,South West,South Gloucestershire,48,62,42,36,71,210,[x],245,117,159,125,130,166,178,146,130,88,68,46,230,478,458,710,210,418,338,330,294
1860,Pinhoe,PIN,5757,South West,Exeter,"5,843","5,503","6,016","6,132","5,827","5,521",[x],"12,959","17,777","23,931","29,278","38,110","38,326","41,592","47,320","52,512","55,306","88,872","94,354","94,242","116,626","117,096","130,044","46,198","138,578","166,352","192,290","231,830"
1861,Pitlochry,PIT,8801,Scotland,Perth and Kinross,"50,213","50,625","56,836","56,194","64,246","66,890",[x],"84,555","88,638","78,193","78,776","82,784","87,210","87,684","90,618","98,340","101,902","112,496","121,168","121,342","125,264","125,006","121,060","22,450","84,374","105,586","125,486","131,400"
1862,Pitsea,PSE,7452,East of England,Basildon,"882,919","900,393","871,389","893,054","868,129","900,162",[x],"870,133","911,608","973,225","1,045,712","1,067,116","1,031,186","1,066,514","1,065,334","1,082,468","1,114,170","1,110,458","1,150,962","1,231,396","1,270,792","1,316,326","1,288,860","495,824","933,640","1,060,078","1,085,628","1,143,894"
1863,Pleasington,PLS,2752,North West,Blackburn with Darwen,"9,596","9,764","9,228","9,917","9,279","8,301",[x],"7,660","6,312","6,576","7,698","7,650","8,878","10,360","10,954","9,490","10,022","10,102","9,630","9,570","9,362","6,974","10,844","2,772","9,632","8,064","7,720","9,764"
1864,Plockton,PLK,8670,Scotland,Highland,"7,406","7,810","7,238","8,268","6,524","7,960",[x],"8,934","7,992","8,295","8,605","9,230","10,716","11,186","13,038","12,886","13,876","12,826","11,574","9,998","10,592","11,482","11,616","1,784","9,476","8,530","10,816","10,396"
1865,Pluckley,PLC,5225,South East,Ashford,"91,378","85,975","90,443","87,738","86,243","78,540",[x],"87,878","81,703","99,773","106,771","111,320","96,802","97,960","101,910","112,060","109,304","108,514","109,206","111,320","114,408","120,346","122,696","28,462","69,456","92,672","108,676","114,656"
1866,Plumley,PLM,2308,North West,Cheshire East,"16,205","15,364","15,202","14,807","15,263","13,194",[x],"15,869","16,507","16,012","15,903","14,850","18,212","21,044","21,492","25,420","27,246","26,516","26,006","27,682","25,368","22,906","24,308","3,234","12,812","14,790","16,552","18,548"
1867,Plumpton,PMP,5332,South East,Lewes,"55,447","63,424","60,635","60,506","64,878","68,708",[x],"84,826","91,179","96,785","115,115","115,508","121,486","131,464","136,680","138,116","132,866","137,566","145,666","108,922","108,752","113,150","115,690","26,358","76,140","91,996","101,160","104,762"
1868,Plumstead,PLU,5208,London,Greenwich,"530,422","577,822","637,871","677,474","752,037","734,757",[x],"747,946","763,273","1,258,485","1,385,266","1,341,118","1,199,044","1,308,608","1,406,128","1,435,198","1,485,308","1,562,440","1,541,218","1,331,828","1,127,558","1,595,678","1,761,392","621,808","1,224,540","1,005,964","874,424","923,038"
1869,Plymouth,PLY,3580,South West,Plymouth,"1,294,698","1,340,634","1,386,052","1,298,879","1,392,778","1,431,674",[x],"1,519,011","1,629,011","1,845,958","2,026,852","2,249,849","2,278,718","2,401,082","2,599,428","2,579,316","2,445,464","2,495,248","2,487,562","2,509,452","2,449,080","2,416,376","2,372,040","678,094","1,992,020","2,313,092","2,438,540","2,672,762"
1870,Pokesdown,POK,5885,South West,"Bournemouth, Christchurch and Poole","227,672","225,423","210,704","197,370","178,462","176,515",[x],"233,185","263,438","267,815","286,139","287,574","293,418","330,424","312,344","299,126","311,832","315,302","318,958","323,198","343,164","345,354","317,968","96,824","241,732","309,882","338,250","377,104"
1871,Polegate,PLG,5455,South East,Wealden,"515,508","558,812","665,365","660,053","699,879","724,009",[x],"760,287","803,598","842,432","905,954","863,544","843,276","877,804","942,448","974,850","994,289","1,027,230","1,027,182","850,722","908,266","972,908","1,020,262","333,680","785,094","929,468","979,052","1,079,980"
1872,Polesworth,PSW,1078,West Midlands,North Warwickshire,"3,305","3,383","4,249","2,831","2,580","2,637",[x],479,364,616,223,216,276,690,"1,374",722,702,820,908,"1,270",262,186,96,22,136,188,118,154
1873,Pollokshaws East,PWE,9820,Scotland,Glasgow City,"147,694","143,601","134,990","117,727","95,737","86,417",[x],"110,029","146,907","158,495","164,293","193,224","255,824","277,492","302,048","310,280","332,546","343,534","368,480","383,900","451,432","448,734","451,168","87,946","150,000","188,332","269,234","362,074"
1874,Pollokshaws West,PWW,9804,Scotland,Glasgow City,"64,380","67,876","64,100","60,725","50,300","44,477",[x],"51,655","61,520","66,850","66,516","83,064","90,866","107,352","119,584","123,276","134,624","142,128","147,574","146,428","144,388","173,868","188,050","49,970","133,788","225,336","282,520","304,684"
1875,Pollokshields East,PLE,9821,Scotland,Glasgow City,"135,320","155,315","165,321","166,862","145,836","145,827",[x],"156,101","174,958","185,196","193,339","213,186","254,408","288,820","317,234","341,074","359,944","374,936","397,112","425,492","458,626","453,444","460,234","114,242","204,766","255,828","325,930","337,600"
1876,Pollokshields West,PLW,9623,Scotland,Glasgow City,"137,378","146,154","152,289","150,545","125,762","120,360",[x],"117,507","127,009","129,688","141,050","167,310","161,286","156,258","176,290","181,384","168,716","175,590","189,872","198,346","208,090","208,188","210,746","43,558","80,856","96,894","128,984","146,994"
1877,Polmont,PMT,9936,Scotland,Falkirk,"351,024","355,842","384,214","407,884","436,724","452,354",[x],"587,230","607,116","616,929","634,208","639,562","651,690","660,918","687,672","695,318","722,406","748,226","732,716","756,212","789,050","793,658","744,638","69,402","340,318","521,122","648,802","696,294"
1878,Polsloe Bridge,POL,3422,South West,Exeter,"32,883","33,294","36,930","39,728","42,916","45,879",[x],"43,788","43,773","51,264","54,094","62,722","70,038","83,958","99,272","104,168","106,604","116,552","120,826","129,836","125,146","120,678","119,048","42,680","130,298","159,258","182,510","188,694"
1879,Ponders End,PON,6819,London,Enfield,"73,656","96,125","114,646","122,077","126,160","134,057",[x],"126,146","121,529","238,918","288,076","269,782","239,464","259,820","305,900","344,498","388,700","458,388","560,482","563,314","563,972","599,292","664,620","298,756","561,202","698,918","787,032","884,028"
1880,Pontarddulais,PTD,4251,Wales,Swansea - Abertawe,"1,677","1,836","1,845","2,331","1,726","2,485",[x],"2,633","2,574","3,280","4,347","4,122","4,414","5,052","4,272","4,404","4,692","5,334","5,876","5,522","4,820","5,412","5,170",118,"2,068","3,180","4,088","6,412"
1881,Pontefract Baghill,PFR,8540,Yorkshire and The Humber,Wakefield,191,121,221,59,40,36,[x],53,106,"64,802","4,341","3,892","4,078","4,308","5,168","5,252","5,666","5,406","5,696","6,148","6,448","7,376","10,206","2,768","11,800","9,638","15,676","18,130"
1882,Pontefract Monkhill,PFM,8548,Yorkshire and The Humber,Wakefield,"63,809","78,398","98,774","92,812","60,607","74,918",[x],"113,339","145,883","65,873","126,653","157,312","161,008","185,880","191,120","230,978","237,944","241,904","253,118","271,682","261,420","272,448","292,572","78,436","228,998","198,034","211,310","228,628"
1883,Pontefract Tanshelf,POT,8541,Yorkshire and The Humber,Wakefield,"23,502","34,139","37,474","33,480","14,833","12,329",[x],"24,690","28,936","33,403","39,512","43,068","43,340","49,950","48,718","39,580","38,994","34,328","32,508","33,328","28,414","38,830","53,538","8,388","30,440","85,368","91,090","98,558"
1884,Pontlottyn,PLT,4023,Wales,Caerphilly - Caerffili,"35,216","37,568","43,675","44,566","41,304","37,156",[x],"18,094","14,004","16,499","16,830","17,002","18,434","16,320","18,424","20,346","20,946","21,874","21,860","21,764","18,230","17,776","16,104","5,700","20,840","34,918","35,376","31,640"
1885,Pontyclun,PYC,3850,Wales,Rhondda Cynon Taf - Rhondda Cynon Taf,"75,326","80,857","92,546","93,982","103,864","122,798",[x],"173,943","175,905","189,651","207,740","223,148","227,722","231,310","240,598","256,302","281,048","295,778","301,474","302,896","305,836","299,392","288,780","41,636","154,808","210,662","255,800","277,812"
1886,Pont-y-Pant,PYP,2459,Wales,Conwy - Conwy,"3,838","3,259","1,979","2,404","1,793","1,755",[x],"1,219",927,"1,163","1,373","2,134","1,576","1,472","1,426","1,704","1,424","1,674","1,050",812,842,896,498,38,574,776,814,994
1887,Pontypool and New Inn,PPL,3744,Wales,Torfaen - Torfaen,"36,002","28,781","33,354","34,706","38,297","39,073",[x],"39,876","36,922","33,410","35,176","34,688","39,252","40,590","49,180","54,878","58,100","58,504","67,700","71,832","77,030","82,016","87,170","27,766","77,550","109,042","121,254","127,216"
1888,Pontypridd,PPD,3904,Wales,Rhondda Cynon Taf - Rhondda Cynon Taf,"580,729","546,055","598,292","646,530","689,246","697,143",[x],"679,588","704,298","778,253","782,935","784,516","815,398","1,034,976","873,630","878,656","861,092","799,790","777,508","801,850","864,292","884,132","814,898","153,272","408,742","536,050","595,650","779,980"
1889,Poole,POO,5883,South West,"Bournemouth, Christchurch and Poole","956,484","934,285","955,219","981,903","920,062","920,653",[x],"1,068,729","1,027,151","1,069,639","1,213,687","1,211,888","1,170,558","1,221,206","1,250,636","1,185,744","1,196,626","1,236,048","1,174,922","1,173,356","1,126,930","1,108,066","1,004,716","207,028","672,754","824,664","857,240","965,090"
1890,Poppleton,POP,8254,Yorkshire and The Humber,York,"57,288","52,213","53,287","46,773","42,452","36,405",[x],"43,521","49,666","51,998","57,026","60,736","63,022","62,540","62,014","66,966","73,136","64,330","64,550","61,456","67,734","70,018","74,044","14,468","56,868","72,144","89,072","120,380"
1891,Port Glasgow,PTG,9667,Scotland,Inverclyde,"304,378","341,692","347,028","339,972","330,200","336,778",[x],"379,221","403,891","414,986","419,475","465,082","448,430","460,628","456,178","477,300","486,328","518,908","537,852","552,498","561,628","540,592","518,420","73,910","258,990","323,964","377,544","390,992"
1892,Port Sunlight,PSL,2198,North West,Wirral,"179,279","191,945","198,292","193,957","186,985","181,063",[x],"219,517","237,805","237,445","249,731","671,918","644,244","675,538","696,098","670,708","616,632","678,046","700,924","659,854","624,254","742,410","859,480","199,582","489,888","539,624","604,306","678,432"
1893,Port Talbot Parkway,PTA,4181,Wales,Neath Port Talbot - Castell-nedd Port Talbot,"265,138","257,907","265,522","249,086","250,021","264,355",[x],"289,640","300,784","351,561","403,226","443,626","450,300","478,844","478,466","514,434","509,976","499,890","502,742","504,524","516,610","536,140","544,960","129,482","387,796","471,848","538,542","612,070"
1894,Portchester,PTC,5928,South East,Fareham,"181,637","177,852","198,722","228,100","222,141","228,096",[x],"269,145","280,654","269,728","278,300","318,780","317,808","366,014","373,264","364,038","389,858","393,750","398,606","358,524","343,214","347,572","342,304","98,202","262,330","295,682","332,182","366,574"
1895,Porth,POR,3870,Wales,Rhondda Cynon Taf - Rhondda Cynon Taf,"198,000","181,175","200,342","219,497","232,071","238,724",[x],"315,402","293,184","271,147","279,789","284,040","299,430","297,554","298,258","302,886","307,254","313,730","313,692","341,742","355,330","344,100","310,670","35,772","122,578","151,692","75,888","224,524"
1896,Porthmadog,PTM,4313,Wales,Gwynedd - Gwynedd,"71,656","74,030","68,413","47,441","46,701","41,585",[x],"44,630","39,568","53,752","58,290","68,518","73,976","75,690","80,894","76,428","53,040","55,892","79,194","72,120","70,860","73,056","68,204","9,506","38,718","69,024","81,954","100,700"
1897,Portlethen,PLN,8860,Scotland,Aberdeenshire,"7,712","7,739","8,817","8,437","9,576","7,178",[x],"10,722","14,887","21,073","22,055","19,906","15,186","18,382","19,076","28,000","48,174","57,152","56,324","45,936","42,748","46,722","63,420","14,210","41,480","48,446","69,038","68,214"
1898,Portslade,PLD,5276,South East,Brighton and Hove,"426,780","467,833","532,868","518,719","541,478","566,051",[x],"607,614","630,049","682,228","773,225","818,778","871,388","960,330","1,033,834","1,061,318","1,101,650","1,147,308","1,149,314","950,808","1,070,566","1,146,658","1,203,504","313,852","703,282","826,770","887,652","1,034,778"
1899,Portsmouth and Southsea,PMS,5537,South East,Portsmouth,"2,294,841","2,382,644","2,450,148","2,542,049","2,807,369","2,920,508",[x],"3,052,497","3,419,093","2,018,017","1,904,674","2,281,128","2,280,908","2,383,739","2,413,898","1,965,324","2,032,386","2,156,486","2,113,681","2,012,283","1,989,569","2,053,186","1,990,044","527,564","1,421,952","1,707,210","1,735,670","1,585,586"
1900,Portsmouth Arms,PMA,5829,South West,North Devon,838,835,462,706,396,614,[x],372,510,667,"1,012",844,676,936,884,694,844,"1,510",756,518,444,466,502,146,768,798,802,596
1901,Portsmouth Harbour,PMH,5540,South East,Portsmouth,"427,960","429,243","469,383","499,012","545,411","569,860",[x],"619,619","429,945","1,391,084","1,642,787","1,826,011","1,835,835","1,904,571","1,852,186","2,197,072","2,272,038","2,206,210","2,162,417","2,058,681","2,035,445","2,100,528","2,035,930","539,728","1,454,738","1,746,574","1,775,688","2,091,304"
1902,Portway Park and Ride,PRI,1123,South West,"Bristol, City of",[z],[z],[z],[z],[z],[z],[z],[z],[z],[z],[z],[z],[z],[z],[z],[z],[z],[z],[z],[z],[z],[z],[z],[z],[z],[z],"30,168","59,376"
1903,Possilpark and Parkhouse,PPK,9958,Scotland,Glasgow City,"25,110","28,718","40,256","41,336","32,274","21,161",[x],"32,808","38,200","60,173","79,196","95,184","93,818","90,310","112,030","123,788","99,180","97,738","91,392","73,138","100,182","91,970","77,820","22,566","49,776","61,510","83,832","87,906"
1904,Potters Bar,PBR,6022,East of England,Hertsmere,"1,285,346","1,364,844","1,398,307","1,377,735","1,372,829","1,382,046",[x],"1,440,036","1,445,179","1,604,056","1,681,137","1,649,420","1,569,258","1,599,666","1,646,112","1,726,394","1,781,596","1,851,524","1,946,720","1,984,326","1,996,542","2,043,070","2,091,346","562,468","1,417,370","2,072,754","2,378,970","2,486,164"
1905,Poulton-Le-Fylde,PFY,2671,North West,Wyre,"248,072","253,839","272,826","268,402","258,536","245,880",[x],"300,947","321,082","339,292","365,130","383,850","391,840","417,558","449,680","458,918","481,862","509,612","526,174","550,292","423,220","433,190","547,252","105,762","425,336","509,880","582,988","630,046"
1906,Poynton,PYT,2874,North West,Cheshire East,"161,936","143,256","140,269","127,688","121,574","114,309",[x],"99,784","132,749","149,521","167,902","179,156","177,578","182,904","195,782","196,590","212,802","211,048","219,072","236,746","232,888","232,750","225,724","33,336","131,084","161,930","192,252","209,572"
1907,Prees,PRS,1346,West Midlands,Shropshire,"4,519","4,286","3,980","5,602","5,530","6,194",[x],"6,177","5,977","5,573","5,944","8,112","8,362","8,614","8,668","5,112","4,892","6,242","6,674","6,838","7,374","6,276","6,318","1,676","3,362","4,230","5,750","9,328"
1908,Prescot,PSC,2337,North West,Knowsley,"80,512","79,561","84,747","77,613","76,510","74,517",[x],"109,952","123,875","138,037","142,182","465,108","457,630","491,188","502,566","457,608","376,624","363,932","391,294","418,228","449,942","281,904","314,180","77,728","210,072","234,698","274,610","292,684"
1909,Prestatyn,PRT,2521,Wales,Denbighshire - Sir Ddinbych,"270,145","262,802","274,687","264,680","270,133","235,830",[x],"247,979","249,699","276,558","283,099","320,632","333,652","335,994","362,202","362,116","362,890","349,284","349,430","346,732","332,704","332,674","324,634","94,156","251,598","289,130","341,300","368,882"
1910,Prestbury,PRB,2875,North West,Cheshire East,"42,000","37,093","34,565","31,725","28,338","25,020",[x],"25,062","34,868","39,182","42,429","41,142","42,338","42,060","44,864","45,314","48,388","47,148","55,602","64,458","63,974","61,890","57,818","8,768","32,562","40,942","58,562","64,196"
1911,Preston (Lancs),PRE,2753,North West,Preston,"2,740,882","2,731,557","2,841,821","2,800,590","2,923,961","2,779,766",[x],"3,085,086","3,246,164","3,418,215","3,646,720","3,725,832","3,880,406","4,168,974","4,391,608","4,436,290","4,508,550","4,557,510","4,621,590","4,885,016","4,858,458","4,646,028","4,936,870","1,155,972","4,165,132","4,236,536","4,835,240","5,356,076"
1912,Preston Park,PRP,5285,South East,Brighton and Hove,"358,818","363,385","392,367","287,976","280,521","248,245",[x],"284,311","268,156","287,129","301,944","319,590","322,778","335,272","373,966","410,356","439,262","435,574","568,000","527,116","503,650","545,214","673,458","221,522","673,796","843,874","969,770","1,126,092"
1913,Prestonpans,PST,9366,Scotland,East Lothian,"71,353","81,480","85,285","89,723","89,006","91,789",[x],"108,398","129,192","142,604","170,388","192,574","202,296","206,808","210,638","237,070","252,242","271,460","274,344","257,518","270,028","256,678","260,190","33,770","128,558","172,918","235,872","257,514"
1914,Prestwich,[z],[z],[z],[z],17,2,[z],[z],[z],[z],[z],[z],[z],[z],[z],[z],[z],[z],[z],[z],[z],[z],[z],[z],[z],[z],[z],[z],[z],[z],[z],[z]
1915,Prestwick International Airport,PRA,9544,Scotland,South Ayrshire,"62,878","130,605","114,001","73,750","70,084","69,100",[x],"87,292","95,311","113,747","569,708","661,126","532,288","432,334","336,980","343,782","453,998","293,888","93,026","117,870","132,820","104,880","101,220","7,734","26,276","56,980","78,304","85,954"
1916,Prestwick Town,PTW,9543,Scotland,South Ayrshire,"251,668","253,676","246,553","236,155","218,589","219,217",[x],"254,014","280,090","282,061","275,649","286,736","288,190","320,106","320,072","346,438","344,300","375,484","392,858","420,788","443,538","409,414","383,852","52,984","185,788","211,992","372,800","340,592"
1917,Priesthill and Darnley,PTL,9808,Scotland,Glasgow City,"20,877","19,374","18,470","19,192","20,340","17,148",[x],"27,549","51,353","69,875","78,576","85,396","86,014","105,126","115,966","125,140","125,776","134,174","137,668","144,766","160,978","164,542","170,194","36,450","100,074","124,054","136,104","167,280"
1918,Princes Risborough,PRR,3055,South East,Buckinghamshire,"378,873","425,022","431,157","440,389","428,838","436,959",[x],"458,521","412,564","460,575","501,080","482,708","471,394","468,960","494,858","547,262","568,630","588,696","581,600","583,618","579,844","609,656","600,238","107,398","390,878","462,732","487,128","513,436"
1919,Prittlewell,PRL,7419,East of England,Southend-on-Sea,"193,729","224,384","229,137","225,096","216,076","192,795",[x],"109,424","95,272","118,925","113,265","111,498","108,752","110,794","125,050","160,930","163,802","424,804","195,870","209,708","188,044","220,626","227,204","97,456","228,116","281,278","328,594","362,280"
1920,Prudhoe,PRU,7509,North East,Northumberland,"89,225","98,698","106,490","108,853","106,400","111,450",[x],"143,803","149,146","142,670","154,089","165,852","161,462","168,392","151,932","147,220","149,329","158,792","154,218","155,336","147,230","140,394","159,668","32,754","114,066","133,694","174,620","184,264"
1921,Pulborough,PUL,5468,South East,Horsham,"305,407","304,882","312,855","302,549","314,707","320,257",[x],"357,509","357,695","399,275","441,840","429,950","421,942","450,494","418,458","424,900","429,984","422,196","414,036","331,044","367,560","378,736","369,366","71,754","224,342","286,052","304,870","320,322"
1922,Purfleet,PFL,7453,East of England,Thurrock,"240,215","273,692","272,562","251,906","221,848","263,142",[x],"273,276","308,610","378,543","433,480","396,142","402,506","426,918","459,290","486,784","501,048","540,612","645,318","707,390","673,780","686,726","606,804","254,580","444,954","508,588","549,754","572,914"
1923,Purley,PUR,5379,London,Croydon,"1,443,877","1,719,246","1,819,352","1,819,448","1,829,486","1,834,625",[x],"1,902,437","1,891,142","2,523,920","2,734,681","2,563,738","2,578,022","2,675,454","2,755,810","2,917,722","3,064,170","3,205,666","3,350,714","3,029,276","3,076,294","3,004,052","2,962,358","807,900","1,864,048","2,348,100","2,567,506","2,777,102"
1924,Purley Oaks,PUO,5430,London,Croydon,"306,169","344,951","352,835","314,087","351,996","396,125",[x],"410,810","401,317","602,791","644,694","555,652","547,398","588,500","600,936","607,284","641,290","651,180","645,028","609,358","586,538","633,504","641,060","130,230","299,358","430,090","462,716","480,890"
1925,Putney,PUT,5603,London,Wandsworth,"2,599,598","5,243,372","5,841,253","6,077,265","5,952,967","6,290,769",[x],"4,341,125","4,261,221","6,848,669","9,827,850","8,793,398","8,908,578","9,939,806","10,797,662","11,123,774","10,933,750","11,158,352","9,028,596","8,867,818","8,798,932","8,614,126","8,067,364","1,964,260","4,538,276","5,118,228","5,300,740","5,645,484"
1926,Pwllheli,PWL,4314,Wales,Gwynedd - Gwynedd,"67,970","63,016","68,833","62,953","60,449","56,311",[x],"57,886","60,403","62,513","60,465","69,058","71,756","68,198","62,590","44,520","30,652","54,332","77,890","79,502","76,454","76,236","65,464","9,184","45,208","73,332","77,468","98,420"
1927,Pye Corner,PYE,1663,Wales,Newport - Casnewydd,[z],[z],[z],[z],[z],[z],[z],[z],[z],[z],[z],[z],[z],[z],[z],[z],[z],"15,052","63,332","81,342","96,698","106,156","111,858","16,454","73,110","100,236","91,730","124,914"
1928,Pyle,PYL,4185,Wales,Bridgend - Pen-y-bont ar Ogwr,"41,407","43,146","38,482","36,114","41,281","40,181",[x],"48,056","48,397","43,520","47,431","55,028","61,078","76,840","87,650","104,166","156,262","113,602","120,732","118,910","125,410","124,842","125,954","20,920","64,536","77,942","92,652","104,258"
1929,Quakers Yard,QYD,3994,Wales,Merthyr Tydfil - Merthyr Tudful,"28,666","28,422","32,857","36,169","43,112","44,997",[x],"39,395","36,528","40,111","41,413","46,854","62,128","61,682","64,748","71,726","82,940","82,728","84,404","69,900","65,990","65,798","59,890","10,764","36,174","38,238","19,908","53,228"
1930,Queenborough,QBR,5176,South East,Swale,"137,977","158,076","178,366","170,516","167,735","169,034",[x],"162,234","179,418","166,631","167,201","163,596","150,504","152,522","141,800","120,008","119,210","118,204","123,064","153,166","175,994","185,690","189,514","57,806","149,976","140,170","179,236","196,028"
1931,Queens Park (Glasgow),QPK,9822,Scotland,Glasgow City,"315,547","395,677","401,073","387,920","324,307","301,318",[x],"300,297","321,902","350,813","359,158","381,256","437,088","481,336","545,834","596,014","604,790","624,004","686,606","697,940","766,474","766,664","782,170","168,116","408,106","519,340","669,888","728,778"
1932,Queens Park (London),QPW,1419,London,Brent,"1,686,923","1,968,191","1,990,513","1,946,606","1,866,738","1,787,691",[x],"3,151,489","3,147,282","1,400,291","1,364,472","1,555,126","2,319,562","3,586,932","4,057,236","4,102,426","4,309,852","4,809,354","3,001,396","2,931,102","2,926,928","2,855,930","4,227,742","1,674,402","3,378,100","3,853,694","4,183,104","4,882,030"
1933,Queens Road (Peckham),QRP,5424,London,Southwark,"222,234","323,220","422,157","419,594","466,492","496,832",[x],"387,713","386,716","691,650","680,597","717,998","745,326","897,362","1,024,596","1,170,518","1,585,240","1,790,786","2,846,634","2,824,384","3,027,870","3,311,738","3,187,106","1,090,578","2,182,902","2,579,698","2,748,102","2,914,668"
1934,Queenstown Road (Battersea),QRB,5596,London,Wandsworth,"74,902","275,416","310,414","330,901","322,305","331,634",[x],"191,408","234,932","851,667","1,157,044","995,926","1,054,662","1,249,122","1,358,536","1,441,132","1,457,410","1,559,150","1,757,632","1,825,396","1,496,050","1,660,516","1,501,574","478,612","935,768","853,026","736,436","806,010"
1935,Quintrell Downs,QUI,3531,South West,Cornwall,960,789,"1,019",968,937,879,[x],918,928,794,334,526,974,"1,270","1,304",814,"1,286","1,394","1,582","2,342","2,460","2,684","2,412","1,088","2,804","3,038","3,374","3,514"
1936,Radcliffe,[z],[z],[z],[z],2,[z],[z],[z],[z],[z],[z],[z],[z],[z],[z],[z],[z],[z],[z],[z],[z],[z],[z],[z],[z],[z],[z],[z],[z],[z],[z],[z]
1937,Radcliffe (Nottinghamshire),RDF,6242,East Midlands,Rushcliffe,"10,420","10,237","10,634","10,638","11,922","13,220",[x],"9,565","10,892","9,326","13,305","11,704","7,644","8,724","7,944","8,658","10,152","6,026","7,108","6,474","8,850","9,674","12,404","1,952","9,838","11,882","12,980","13,844"
1938,Radlett,RDT,1546,East of England,Hertsmere,"659,372","846,595","923,998","963,104","967,738","951,917",[x],"912,656","938,459","1,010,884","1,053,143","1,037,944","988,480","1,032,698","1,085,836","1,109,720","1,139,024","1,198,702","1,188,482","1,203,450","1,196,918","1,230,892","1,271,686","282,162","723,552","1,081,550","1,227,226","1,270,406"
1939,Radley,RAD,3118,South East,Vale of White Horse,"39,989","41,770","60,440","63,976","57,843","55,824",[x],"54,153","57,651","56,860","66,018","74,514","74,820","84,804","98,846","114,766","118,868","138,896","145,904","145,348","141,786","129,982","135,780","20,830","69,982","102,132","91,052","131,590"
1940,Radyr,RDR,3874,Wales,Cardiff - Caerdydd,"184,373","180,114","203,507","205,569","218,574","246,581",[x],"296,118","314,627","355,700","413,001","449,530","458,690","457,348","449,042","462,160","468,968","475,106","478,946","501,696","538,692","585,782","560,578","71,560","244,646","331,870","371,748","450,356"
1941,Rainford,RNF,2404,North West,St. Helens,"22,337","21,490","23,959","24,943","22,047","18,584",[x],"20,061","29,828","29,613","31,656","51,994","47,484","51,356","52,288","51,414","51,992","49,570","47,464","46,274","55,352","34,690","39,960","7,244","22,122","20,794","21,072","26,220"
1942,Rainham (Essex),RNM,7454,London,Havering,"599,862","683,277","694,511","756,756","767,174","821,246",[x],"739,148","741,429","1,752,407","1,705,849","1,304,790","1,296,164","1,538,964","1,609,146","1,624,594","1,748,150","1,828,868","1,722,364","1,772,180","1,756,110","1,748,804","1,569,752","515,752","1,004,594","1,271,710","1,406,534","1,525,196"
1943,Rainham (Kent),RAI,5177,South East,Medway,"1,600,227","1,705,882","1,825,024","1,790,458","1,765,251","1,763,690",[x],"1,653,292","1,689,182","1,782,676","1,825,153","1,820,188","1,676,638","1,703,536","1,702,226","1,693,230","1,715,959","1,722,010","1,775,560","1,821,372","1,822,538","1,934,710","1,870,184","456,034","1,155,326","1,390,172","1,529,926","1,702,048"
1944,Rainhill,RNH,2296,North West,St. Helens,"151,098","149,387","162,000","151,496","151,284","141,383",[x],"168,480","179,131","178,850","165,520","447,048","436,290","459,336","471,070","449,672","346,242","348,864","380,774","377,456","406,288","224,348","246,730","49,696","147,114","162,814","173,758","186,148"
1945,Ramsgate,RAM,5023,South East,Thanet,"580,470","551,182","576,424","650,358","699,150","757,393",[x],"798,931","858,628","936,626","1,013,611","1,044,008","999,672","1,052,622","1,108,200","1,062,606","1,080,120","1,136,474","1,203,074","1,263,822","1,334,266","1,379,576","1,329,886","417,462","1,006,648","1,151,550","1,288,768","1,375,656"
1946,Ramsgreave and Wilpshire,RGW,2734,North West,Ribble Valley,"39,590","34,232","37,528","37,978","36,372","33,445",[x],"47,935","53,275","58,243","66,096","67,156","76,840","88,822","108,324","109,780","113,502","111,744","96,832","113,542","96,980","94,584","111,452","37,484","96,952","104,330","96,334","91,780"
1947,Rannoch,RAN,8834,Scotland,Perth and Kinross,"11,947","11,736","11,752","11,510","11,094","12,462",[x],"11,251","11,453","11,214","17,093","15,028","10,312","10,344","9,130","8,266","9,486","9,434","8,378","7,780","7,980","8,834","7,290",966,"6,246","5,818","7,304","7,802"
1948,Rauceby,RAU,6361,East Midlands,North Kesteven,"1,517",711,"1,594",739,199,207,[x],201,305,803,931,"1,788","1,970","1,822","1,828","2,350","1,898","2,420","5,584","10,948","9,714","10,256","9,234","2,586","4,298","5,262","6,108","5,004"
1949,Ravenglass for Eskdale,RAV,1999,North West,Cumberland,"13,593","15,406","16,410","14,641","13,246","12,786",[x],"16,644","19,346","16,068","27,894","28,698","31,760","37,194","36,378","33,546","34,260","35,334","34,074","32,638","31,930","33,456","42,802","9,102","29,470","33,704","37,818","38,812"
1950,Ravensbourne,RVB,5083,London,Bromley,"88,581","105,461","110,169","116,811","120,621","122,023",[x],"131,642","126,221","152,655","176,502","166,662","154,564","150,884","154,728","158,760","179,646","196,072","198,070","196,408","194,458","217,450","235,920","63,464","149,904","201,000","224,962","235,210"
1951,Ravensthorpe,RVN,8519,Yorkshire and The Humber,Kirklees,"8,464","9,872","11,209","9,131","4,760","7,647",[x],"12,334","14,255","15,501","16,323","19,084","19,884","23,064","23,784","30,968","33,288","34,974","36,962","42,548","38,294","35,342","35,518","13,254","31,784","38,324","35,926","31,442"
1952,Rawcliffe,RWC,8031,Yorkshire and The Humber,East Riding of Yorkshire,565,506,408,916,493,274,[x],631,530,802,211,204,252,248,260,170,314,616,800,688,342,522,330,36,218,442,498,412
1953,Rayleigh,RLG,6884,East of England,Rochford,"1,756,110","1,876,259","2,015,770","2,004,430","2,039,112","2,034,598",[x],"1,903,443","1,649,475","924,509","930,096","952,914","877,142","920,500","935,328","978,788","1,035,008","1,864,064","1,949,600","1,819,832","1,310,666","1,832,722","1,660,412","352,356","1,027,610","1,332,392","1,504,388","1,552,860"
1954,Raynes Park,RAY,5569,London,Merton,"1,793,974","2,289,989","2,350,930","2,333,691","2,187,481","2,270,524",[x],"2,359,176","2,287,130","4,325,766","4,244,406","3,860,188","3,796,858","4,008,324","4,199,980","4,369,770","4,431,642","4,513,818","4,433,316","4,432,044","4,153,472","4,236,152","4,002,422","1,048,876","2,421,048","2,939,854","3,287,162","3,497,682"
1955,Reading,RDG,3149,South East,Reading,"9,454,849","10,072,793","11,210,972","12,657,281","12,851,824","12,945,908",[x],"13,297,027","13,570,560","14,367,752","14,549,487","14,384,236","13,866,258","14,400,405","15,121,768","15,412,998","15,673,400","16,339,602","16,755,984","17,122,000","16,979,804","17,080,738","16,753,368","2,963,110","8,818,068","12,400,988","13,490,220","14,324,664"
1956,Reading Green Park,RGP,996,South East,West Berkshire,[z],[z],[z],[z],[z],[z],[z],[z],[z],[z],[z],[z],[z],[z],[z],[z],[z],[z],[z],[z],[z],[z],[z],[z],[z],[z],"140,948","221,482"
1957,Reading West,RDW,3160,South East,Reading,"39,136","22,346","26,409","85,248","122,455","140,374",[x],"152,400","153,334","148,309","443,098","441,871","469,481","444,163","559,290","573,490","610,814","385,332","412,642","434,612","434,004","447,416","407,238","134,182","280,732","289,840","336,050","481,548"
1958,Rectory Road,REC,6967,London,Hackney,"166,275","240,987","247,826","235,201","247,687","286,542",[x],"193,570","171,522","278,779","307,297","350,046","379,466","608,780","702,654","786,048","854,556","841,660","939,602","982,934","988,240","929,164","870,670","257,650","615,582","899,746","1,272,962","1,325,536"
1959,Redbridge,RDB,5912,South East,Southampton,"14,022","12,231","13,439","14,419","14,378","12,145",[x],"21,343","17,953","16,155","20,238","27,286","24,992","25,568","30,456","33,010","34,598","38,750","46,066","43,148","42,586","43,996","39,500","11,984","27,416","28,894","30,304","33,394"
1960,Redcar British Steel,[z],[z],[z],[z],719,631,519,620,561,197,[x],486,920,596,[z],[z],"1,560",954,822,890,"1,418","1,570",740,50,40,360,"1,060",[z],[z],[z],[z],[z]
1961,Redcar Central,RCC,7950,North East,Redcar and Cleveland,"247,874","256,039","274,336","269,187","281,371","274,597",[x],"356,415","372,313","395,020","395,589","374,118","372,182","375,524","377,024","365,266","384,986","360,866","342,686","347,570","344,482","324,050","338,370","113,598","343,542","367,424","408,202","411,366"
1962,Redcar East,RCE,7974,North East,Redcar and Cleveland,"93,928","102,675","113,335","113,960","108,210","103,477",[x],"136,671","143,820","142,672","155,683","157,828","147,390","143,608","140,026","144,520","133,586","123,992","116,230","114,862","103,974","106,250","108,168","20,888","74,208","82,882","93,274","106,420"
1963,Reddish North,RDN,2979,North West,Stockport,"62,354","63,304","70,792","72,597","74,865","64,255",[x],"80,880","89,086","91,259","98,456","110,330","119,690","138,080","151,264","164,598","173,908","170,286","174,334","196,906","210,022","226,612","242,326","55,858","144,782","146,232","184,482","163,300"
1964,Reddish South,RDS,2857,North West,Stockport,31,34,[z],[z],[z],[z],[z],[z],[z],120,47,274,76,68,56,122,26,54,38,94,104,60,158,18,108,100,128,102
1965,Redditch,RDC,1208,West Midlands,Redditch,"454,817","571,645","511,547","516,481","510,469","503,108",[x],"591,675","630,509","661,711","688,803","840,170","860,338","899,914","955,778","892,868","942,216","860,670","1,002,294","1,032,940","1,074,110","1,059,610","1,001,912","209,822","581,316","685,240","848,484","910,428"
1966,Redhill,RDH,5478,South East,Reigate and Banstead,"2,381,799","2,683,883","2,940,059","2,933,164","2,862,892","2,917,667",[x],"2,965,024","3,172,045","3,320,145","3,565,089","3,570,690","3,431,894","3,544,050","3,581,916","3,629,342","3,571,098","3,550,162","3,889,680","3,705,282","3,553,740","3,787,090","3,661,686","750,734","2,052,974","2,711,640","2,930,338","3,175,326"
1967,Redland,RDA,3247,South West,"Bristol, City of","35,378","36,190","34,867","31,945","39,851","50,293",[x],"50,063","55,529","66,852","61,394","86,234","86,426","92,966","96,904","94,984","93,176","105,610","99,732","94,454","88,876","88,338","120,642","33,332","83,576","158,136","210,946","230,370"
1968,Redruth,RED,3530,South West,Cornwall,"166,648","174,632","183,799","169,041","176,851","186,977",[x],"219,013","228,511","258,384","277,853","292,940","284,462","308,444","335,154","338,140","334,946","343,722","334,194","340,356","338,326","327,532","342,446","123,520","304,310","328,990","361,800","415,576"
1969,Reedham (London),RHM,5431,London,Croydon,"111,458","124,088","143,321","153,911","167,508","170,386",[x],"181,323","184,430","284,197","307,582","274,836","256,652","262,344","266,544","265,000","280,714","276,360","249,422","222,110","216,150","237,034","228,464","36,292","69,216","97,464","94,736","105,708"
1970,Reedham (Norfolk),REE,7316,East of England,Broadland,"29,870","31,057","29,818","31,521","32,163","27,673",[x],"23,832","21,127","24,173","36,889","36,552","35,294","40,326","43,868","46,112","45,482","45,336","43,080","50,302","46,020","45,618","41,074","10,770","36,230","37,042","39,320","41,566"
1971,Reigate,REI,5480,South East,Reigate and Banstead,"493,628","539,073","657,361","624,997","663,375","686,180",[x],"799,406","895,978","970,387","1,231,224","1,252,426","1,286,604","1,313,872","1,435,952","1,553,932","1,622,182","1,613,050","1,319,000","1,193,556","1,223,378","1,436,558","1,464,894","368,840","892,884","1,004,608","1,045,888","1,168,558"
1972,Renton,RTN,9867,Scotland,West Dunbartonshire,"74,853","79,960","73,035","66,200","62,029","57,819",[x],"62,187","72,280","70,671","75,362","86,192","103,092","102,238","105,876","104,954","123,204","118,356","117,582","118,166","89,424","102,938","93,262","6,292","37,578","52,900","60,106","67,362"
1973,Reston,RSN,8634,Scotland,Scottish Borders,[z],[z],[z],[z],[z],[z],[z],[z],[z],[z],[z],[z],[z],[z],[z],[z],[z],[z],[z],[z],[z],[z],[z],[z],[z],"13,190","21,130","29,896"
1974,Retford,RET,6511,East Midlands,Bassetlaw,"198,280","210,933","226,442","224,331","240,236","252,113",[x],"298,398","320,410","363,084","357,812","376,066","374,322","399,996","409,408","418,014","431,438","456,132","484,908","506,900","506,908","519,976","541,674","116,384","456,144","519,868","546,108","602,590"
1975,Rhiwbina,RHI,3906,Wales,Cardiff - Caerdydd,"66,946","65,268","66,536","65,819","66,319","66,062",[x],"26,977","20,857","26,700","26,953","26,068","29,302","27,432","28,788","30,330","46,280","69,206","78,374","90,192","102,770","106,458","101,842","10,512","33,392","60,080","78,982","81,840"
1976,Rhoose Cardiff International Airport,RIA,3876,Wales,Vale of Glamorgan - Bro Morgannwg,[z],[z],[z],[z],[z],[z],[z],[z],"101,090","146,748","165,902","162,858","157,378","154,748","179,560","184,468","185,150","168,132","182,750","181,272","178,334","184,498","174,648","25,674","98,234","153,094","168,236","172,314"
1977,Rhosneigr,RHO,2544,Wales,Isle of Anglesey - Ynys Môn,"13,552","13,900","13,271","12,824","14,972","14,510",[x],"12,507","12,981","12,181","12,856","12,726","13,478","15,292","15,782","16,494","17,906","16,994","16,160","12,990","11,558","10,844","11,472","2,150","9,592","10,450","13,242","14,042"
1978,Rhyl,RHL,2461,Wales,Denbighshire - Sir Ddinbych,"559,715","547,264","576,034","539,561","535,577","460,579",[x],"483,649","473,372","528,712","540,705","577,748","583,420","609,178","633,700","612,004","591,130","544,356","537,304","534,460","520,178","517,484","504,244","151,816","411,156","483,424","566,794","611,984"
1979,Rhymney,RHY,4027,Wales,Caerphilly - Caerffili,"63,866","63,534","83,685","100,974","115,062","130,543",[x],"203,514","209,337","176,953","183,182","166,166","182,020","193,114","189,912","186,334","197,652","211,178","189,382","191,168","180,586","182,222","162,434","10,960","53,116","93,524","106,850","122,510"
1980,Ribblehead,RHD,2106,Yorkshire and The Humber,North Yorkshire,"9,706","11,943","11,100","10,139","8,048","11,534",[x],"15,371","14,870","15,265","14,046","16,940","18,606","21,200","20,894","18,636","18,448","19,820","18,930","17,734","21,396","19,260","23,102","4,754","20,032","23,426","26,374","33,682"
1981,Rice Lane,RIL,2131,North West,Liverpool,"69,838","63,545","69,015","67,047","59,746","64,677",[x],"102,525","116,590","118,113","133,723","330,818","307,116","323,310","289,968","281,026","297,262","314,362","315,126","325,322","324,336","580,620","723,792","209,562","416,686","503,810","453,494","422,834"
1982,Richmond (London),RMD,5570,London,Richmond upon Thames,"4,479,657","6,522,138","6,519,534","6,696,008","6,474,239","6,575,171",[x],"7,399,815","7,348,300","6,525,640","7,156,535","6,628,372","6,661,394","7,604,196","8,402,072","9,093,160","9,533,696","9,767,824","11,859,362","11,650,544","11,493,968","11,666,916","11,003,124","2,698,738","6,423,806","7,924,626","8,887,484","9,515,642"
1983,Rickmansworth,RIC,687,East of England,Three Rivers,[z],[z],[z],[z],[z],[z],[z],[z],[z],"276,561","202,743","152,268","285,790","663,990","735,112","733,604","807,286","931,434","1,124,216","1,162,196","1,171,026","1,205,320","1,174,776","338,060","763,008","983,308","1,072,706","998,182"
1984,Riddlesdown,RDD,5432,London,Croydon,"190,328","211,488","223,097","213,166","226,494","217,569",[x],"227,085","221,374","333,572","383,082","339,222","342,238","355,002","360,062","360,960","367,900","405,852","396,574","338,292","357,522","383,248","391,512","71,042","175,346","220,524","269,058","287,038"
1985,Ridgmont,RID,1538,East of England,Central Bedfordshire,"9,488","7,462","13,178","23,658","27,075","24,297",[x],"28,021","26,503","29,064","29,346","28,822","24,028","23,008","24,330","24,816","27,396","35,428","37,200","34,388","36,450","31,532","26,208","6,400","10,604","11,570","9,142","17,682"
1986,Riding Mill,RDM,7510,North East,Northumberland,"23,301","24,614","28,145","27,763","24,827","25,177",[x],"29,890","32,323","33,839","32,089","33,616","32,912","33,120","29,324","26,374","28,992","33,012","27,986","28,376","25,434","26,688","32,532","6,316","19,582","24,162","29,734","33,170"
1987,Risca and Pontymister,RCA,9920,Wales,Caerphilly - Caerffili,[z],[z],[z],[z],[z],[z],[z],[z],[z],[z],"21,792","101,594","99,964","107,330","103,770","100,236","108,734","107,786","100,960","111,344","99,326","92,144","87,082","16,906","55,560","72,414","67,702","95,416"
1988,Rishton,RIS,2580,North West,Hyndburn,"44,492","45,355","49,328","51,338","42,178","33,406",[x],"36,876","38,335","44,174","52,810","51,034","55,124","58,026","65,712","57,658","57,530","53,850","50,796","52,226","51,014","40,458","45,082","14,844","36,434","37,642","38,234","41,332"
1989,Robertsbridge,RBR,5226,South East,Rother,"203,787","208,760","227,411","221,384","217,429","224,906",[x],"212,703","224,601","236,972","251,245","271,748","259,292","260,722","255,466","267,276","296,648","311,744","297,756","309,228","313,984","320,640","301,514","75,452","214,300","225,780","238,956","274,328"
1990,Robroyston,RRN,7780,Scotland,Glasgow City,[z],[z],[z],[z],[z],[z],[z],[z],[z],[z],[z],[z],[z],[z],[z],[z],[z],[z],[z],[z],[z],[z],"43,542","29,750","107,814","159,946","245,304","243,276"
1991,Roby,ROB,2261,North West,Knowsley,"86,108","91,690","92,507","80,841","76,567","70,031",[x],"90,971","104,238","103,479","107,409","317,268","306,424","327,068","331,952","314,266","260,162","260,570","283,018","303,922","338,268","182,748","209,972","54,236","153,294","162,606","181,992","201,256"
1992,Rochdale,RCD,2924,North West,Rochdale,"474,683","447,254","500,310","527,139","502,236","513,056",[x],"598,054","641,487","651,679","689,574","971,588","1,001,526","1,061,152","1,107,430","1,118,236","1,059,282","1,098,630","1,134,418","1,247,330","1,236,272","1,487,760","1,575,222","392,114","1,157,474","1,348,198","1,492,614","1,629,872"
1993,Roche,ROC,3532,South West,Cornwall,450,554,545,495,471,574,[x],"1,137","1,222","1,041","1,123","1,214","1,570","2,144","2,720","1,700","1,950","2,310","2,556","4,176","4,674","5,090","3,612","1,564","5,012","4,908","5,418","5,230"
1994,Rochester,RTR,5203,South East,Medway,"445,524","521,041","581,246","623,904","608,245","642,417",[x],"686,905","705,227","760,800","853,460","900,528","912,184","1,067,946","1,139,166","1,161,712","1,240,794","1,304,746","1,385,260","1,631,718","1,817,312","2,056,936","2,121,874","585,242","1,458,322","1,783,662","1,907,920","2,059,228"
1995,Rochford,RFD,6885,East of England,Rochford,"510,805","578,380","624,327","646,174","664,580","687,461",[x],"461,413","513,118","458,758","440,288","462,680","432,474","438,818","409,462","424,448","438,494","700,214","596,634","566,656","483,300","615,582","597,582","189,916","458,118","574,674","633,798","671,248"
1996,Rock Ferry,RFY,2189,North West,Wirral,"330,774","327,730","335,909","316,186","286,896","281,447",[x],"377,706","396,002","370,922","398,707","1,025,346","952,524","1,002,074","1,020,852","975,912","718,804","713,364","711,696","665,678","647,348","695,340","790,252","260,252","555,106","676,458","731,862","686,206"
1997,Rogart,ROG,8671,Scotland,Highland,"1,952","1,994","2,120","1,874","1,554","1,503",[x],"1,633","1,645","1,356","1,472","1,538","1,844","1,456","1,736","1,662","1,662","1,522","1,710","1,948","1,630","1,574","1,656",150,992,884,"1,226","1,084"
1998,Rogerstone,ROR,9921,Wales,Newport - Casnewydd,[z],[z],[z],[z],[z],[z],[z],[z],[z],[z],"10,760","71,030","92,230","101,446","98,556","101,366","115,110","105,938","85,658","90,088","90,610","81,522","85,112","14,924","55,242","70,426","62,568","87,268"
1999,Rolleston,ROL,6353,East Midlands,Newark and Sherwood,"7,793","7,373","6,782","8,123","11,558","9,501",[x],"8,195","7,899","8,342","6,016","7,434","5,734","4,244","4,294","3,586","4,162","4,544","4,340","5,532","6,410","6,608","5,408","1,118","2,578","3,454","3,124","4,602"
2000,Roman Bridge,RMB,2444,Wales,Conwy - Conwy,"1,755",544,653,592,402,321,[x],230,310,307,377,388,610,636,780,842,764,746,544,744,942,"1,094",720,64,472,450,680,612
2001,Romford,RMF,6886,London,Havering,"3,552,765","4,428,650","4,549,067","4,653,522","4,896,832","5,208,851",[x],"5,118,900","4,823,860","7,363,378","8,372,672","7,310,172","6,736,060","6,817,246","6,998,872","7,445,556","8,265,442","8,946,522","9,040,996","8,833,544","8,702,770","9,180,976","9,382,408","3,133,122","6,286,654","11,603,078","14,820,206","12,143,302"
2002,Romiley,RML,2833,North West,Stockport,"167,948","169,691","172,924","172,243","170,962","173,218",[x],"208,880","214,607","190,315","209,893","248,508","252,812","270,502","279,156","295,906","318,916","309,260","301,172","328,722","338,336","382,384","394,352","70,290","206,562","244,806","276,950","287,016"
2003,Romsey,ROM,5943,South East,Test Valley,"177,006","186,996","248,098","286,468","299,804","305,054",[x],"339,174","348,858","371,186","398,416","415,716","413,132","428,430","449,674","458,714","477,146","494,982","492,074","503,008","516,758","520,856","486,766","126,650","328,886","384,366","422,312","456,802"
2004,Roose,ROO,1962,North West,Westmorland and Furness,"13,969","16,445","16,306","16,635","14,535","14,084",[x],"15,805","17,811","14,407","27,666","24,044","32,986","29,548","30,162","38,240","41,764","43,870","45,084","58,492","61,710","53,920","68,046","23,390","75,346","63,428","68,916","79,286"
2005,Rose Grove,RSG,2722,North West,Burnley,"27,276","28,024","29,207","32,952","29,345","21,141",[x],"22,255","23,824","24,374","27,003","26,924","27,898","32,686","40,150","42,078","40,710","43,176","57,258","71,916","80,874","61,064","73,584","18,534","52,788","59,934","67,456","73,300"
2006,Rose Hill Marple,RSH,2873,North West,Stockport,"60,187","62,946","59,791","53,810","51,957","53,052",[x],"70,667","73,497","70,943","75,548","90,428","97,780","114,700","118,524","136,116","158,066","155,184","145,366","159,106","174,306","210,904","215,270","26,124","83,720","99,900","99,192","119,744"
2007,Rosyth,ROS,9190,Scotland,Fife,"76,542","77,808","86,651","122,968","129,838","130,598",[x],"189,312","206,434","216,226","237,028","251,980","239,196","240,226","260,378","279,790","295,184","318,232","351,302","332,802","330,656","293,968","260,308","24,844","94,434","126,678","177,410","198,140"
2008,Rotherham Central,RMC,6676,Yorkshire and The Humber,Rotherham,"356,901","355,639","389,623","343,527","327,111","315,146",[x],"441,006","442,433","417,461","379,122","650,118","646,892","660,474","655,070","711,724","666,606","718,082","689,540","690,734","602,606","567,040","512,348","126,080","341,510","315,336","393,632","463,418"
2009,Rotherhithe,ROE,1039,London,Southwark,[z],[z],[z],[z],[z],[z],[z],[z],[z],[z],[z],[z],[z],"687,472","979,098","1,048,310","1,107,384","1,199,310","1,728,256","1,841,128","1,892,540","1,899,734","1,786,058","452,846","1,031,790","1,465,150","1,716,324","1,739,436"
2010,Roughton Road,RNR,7297,East of England,North Norfolk,"2,620","3,715","4,790","6,132","7,152","6,382",[x],"8,255","8,079","9,723","13,508","14,544","13,906","13,306","13,648","13,052","11,854","12,464","12,814","15,998","16,846","21,766","21,552","3,304","20,956","24,670","21,736","21,340"
2011,Rowlands Castle,RLN,5658,South East,East Hampshire,"54,080","61,856","64,063","61,034","57,870","64,009",[x],"78,273","84,887","81,892","85,480","89,178","89,680","100,480","99,854","102,276","106,084","110,676","119,534","120,370","125,822","130,970","123,718","47,426","96,954","112,942","120,982","132,580"
2012,Rowley Regis,ROW,4606,West Midlands,Sandwell,"123,687","148,256","171,465","179,541","178,693","177,261",[x],"235,120","265,722","295,905","325,009","701,228","720,824","753,322","803,256","832,882","887,746","921,116","1,015,508","1,060,276","1,121,352","1,215,066","1,234,274","286,690","649,478","762,624","885,624","1,014,812"
2013,Roy Bridge,RYB,8835,Scotland,Highland,"2,815","2,625","2,764","2,885","3,105","3,636",[x],"3,344","3,370","3,812","4,301","3,936","4,112","3,878","4,084","4,270","3,856","4,520","4,172","3,556","3,712","3,742","3,268",560,"2,696","2,520","3,408","3,332"
2014,Roydon,RYN,6829,East of England,Epping Forest,"82,671","81,495","88,468","95,957","95,146","95,277",[x],"91,905","90,064","96,810","100,351","111,310","103,676","110,794","115,166","127,166","131,990","142,516","143,960","131,674","130,634","132,830","131,680","40,704","100,678","101,848","121,096","133,388"
2015,Royston,RYS,6090,East of England,North Hertfordshire,"712,179","803,120","845,555","870,552","901,813","935,438",[x],"1,026,983","1,060,800","1,079,220","1,147,905","1,155,024","1,112,974","1,193,950","1,217,514","1,229,092","1,300,508","1,394,104","1,434,684","1,483,338","1,477,616","1,467,154","1,435,616","289,662","835,428","1,081,014","1,272,012","1,415,838"
2016,Ruabon,RUA,4477,Wales,Wrexham - Wrecsam,"32,077","30,490","28,384","26,510","27,591","28,470",[x],"32,414","39,854","46,623","54,369","61,578","71,346","77,014","82,110","93,796","93,276","99,782","92,986","90,964","95,670","98,536","99,122","20,632","77,920","90,894","97,222","117,454"
2017,Rufford,RUF,2315,North West,West Lancashire,"15,920","15,809","15,087","15,793","14,842","14,334",[x],"16,644","16,485","18,949","18,527","21,576","18,112","19,574","18,078","19,978","19,150","17,470","16,674","18,286","18,590","15,608","21,836","4,144","16,060","17,674","22,168","24,438"
2018,Rugby,RUG,1087,West Midlands,Rugby,"777,598","886,440","854,710","821,804","887,276","930,971",[x],"971,631","1,095,912","1,154,728","1,160,481","1,248,816","1,382,974","1,564,834","1,750,776","1,823,162","1,926,866","2,046,704","2,281,588","2,447,026","2,526,352","2,695,802","2,679,580","555,702","1,696,154","1,913,342","2,160,248","2,392,296"
2019,Rugeley Town,RGT,1135,West Midlands,Cannock Chase,"72,687","102,599","91,291","91,577","92,683","88,962",[x],"89,703","72,292","79,601","86,078","95,060","106,554","117,104","151,288","138,986","145,370","132,554","140,838","141,844","105,016","114,660","118,600","26,504","105,840","119,846","164,120","185,286"
2020,Rugeley Trent Valley,RGL,1084,West Midlands,Lichfield,"1,861","7,636","7,532","7,281","9,380","8,864",[x],"7,731","6,767","11,314","11,854","20,324","53,028","76,790","113,994","117,302","134,396","146,592","155,876","158,938","159,070","183,008","176,120","49,394","147,922","154,780","169,364","201,346"
2021,Runcorn,RUN,2291,North West,Halton,"373,846","388,238","398,913","333,213","344,536","335,141",[x],"316,017","369,901","429,706","442,065","460,768","535,156","619,882","668,016","678,996","706,040","750,320","757,838","776,558","739,234","687,100","709,222","142,784","486,270","521,384","625,456","731,962"
2022,Runcorn East,RUE,2294,North West,Halton,"179,253","188,783","186,310","167,384","161,025","152,887",[x],"108,782","108,232","108,787","119,937","121,492","136,230","147,634","152,816","154,968","163,536","186,864","183,930","183,306","193,388","182,004","165,130","32,350","120,012","165,162","175,018","195,576"
2023,Ruskington,RKT,6327,East Midlands,North Kesteven,"52,574","80,372","80,394","92,155","81,840","75,557",[x],"80,244","97,985","109,696","89,428","92,412","80,838","81,646","91,832","85,204","76,012","83,240","87,328","91,016","89,726","82,020","78,110","18,652","59,662","61,046","60,550","70,984"
2024,Ruswarp,RUS,8174,Yorkshire and The Humber,North Yorkshire,"2,527","2,429","2,315","2,451","1,823","2,003",[x],"2,716","2,585","2,301","2,696","3,054","2,606","2,722","2,974","2,946","3,032","3,228","2,966","2,568","2,686","2,404","3,064",684,"3,054","2,952","4,002","4,112"
2025,Rutherglen,RUT,9787,Scotland,South Lanarkshire,"363,544","427,340","415,183","410,518","357,417","308,164",[x],"422,752","526,357","579,169","613,983","711,480","734,704","796,568","894,432","977,418","1,030,290","1,073,932","1,110,088","1,098,300","1,072,296","1,027,812","1,015,208","213,110","489,766","549,318","812,876","871,338"
2026,Ryde Esplanade,RYD,5542,South East,Isle of Wight,"376,626","373,720","402,739","401,246","423,910","431,636",[x],"453,314","456,944","489,372","442,861","396,358","360,650","392,020","364,928","328,366","301,660","289,574","281,344","277,176","258,784","247,152","220,384","46,880","86,876","134,132","125,604","130,196"
2027,Ryde Pier Head,RYP,5541,South East,Isle of Wight,"142,131","144,346","143,305","132,923","123,753","116,652",[x],"121,387","116,812","149,226","193,714","210,604","230,650","235,156","223,874","217,272","209,734","218,060","218,410","210,006","211,794","204,154","181,060","26,300","68,646","92,786","102,938","129,184"
2028,Ryde St Johns Road,RYR,5543,South East,Isle of Wight,"94,372","108,049","119,731","131,139","130,962","140,242",[x],"160,891","175,208","178,869","178,914","190,796","200,976","240,046","251,688","229,450","202,188","184,924","180,220","179,822","156,850","132,174","116,138","21,058","38,994","65,396","57,222","53,256"
2029,Ryder Brow,RRB,2977,North West,Manchester,"20,917","21,131","24,285","16,507","12,234","10,590",[x],"14,993","17,284","17,029","17,439","21,618","22,892","25,832","28,466","30,414","34,574","29,840","27,078","30,266","30,182","31,368","32,794","7,638","16,476","16,760","25,788","28,052"
2030,Rye (Sussex),RYE,5024,South East,Rother,"215,018","208,355","211,592","196,493","208,328","205,350",[x],"243,854","261,385","308,059","327,658","339,020","341,622","386,370","376,376","392,730","427,100","437,986","458,850","403,652","430,860","480,322","474,036","152,844","399,364","431,092","459,082","480,232"
2031,Rye House,RYH,6820,East of England,Broxbourne,"198,048","206,473","221,240","235,040","268,225","264,582",[x],"312,736","312,505","323,112","336,314","368,796","329,172","345,938","337,576","384,006","427,966","432,202","468,178","531,024","506,538","502,976","479,934","136,228","283,748","336,600","414,714","436,060"
2032,Sale,[z],[z],[z],[z],8,2,[z],[z],[z],[z],[z],[z],[z],[z],[z],[z],[z],[z],[z],[z],[z],[z],[z],[z],[z],[z],[z],[z],[z],[z],[z],[z]
2033,Salford Central,SFD,2798,North West,Salford,"59,023","66,431","84,692","90,122","97,938","93,585",[x],"102,154","116,794","118,807","124,720","221,922","225,668","238,314","265,002","320,864","315,860","379,904","411,830","483,104","627,852","772,844","1,028,446","136,876","463,572","527,418","615,154","814,746"
2034,Salford Crescent,SLD,2794,North West,Salford,"518,918","477,920","494,224","553,346","537,695","488,624",[x],"582,681","670,619","701,476","732,255","1,106,454","1,135,150","1,197,098","1,333,278","1,141,546","1,076,770","1,037,718","955,878","1,148,814","1,141,096","1,288,058","1,441,774","319,928","955,736","1,121,034","1,206,734","1,306,766"
2035,Salfords (Surrey),SAF,5380,South East,Reigate and Banstead,"63,441","70,728","92,107","83,326","74,642","73,957",[x],"87,795","96,766","104,086","116,602","127,190","111,604","114,712","128,724","134,858","138,710","131,464","132,408","125,372","136,576","151,810","155,066","36,046","84,094","116,194","143,258","158,338"
2036,Salhouse,SAH,7318,East of England,Broadland,"2,128","2,813","2,303","3,044","3,617","3,003",[x],"3,529","4,168","5,885","6,475","6,056","6,120","6,822","6,250","8,412","9,390","9,806","12,998","13,350","10,448","11,778","9,856","11,566","12,692","14,006","13,566","14,372"
2037,Salisbury,SAL,5663,South West,Wiltshire,"1,102,884","1,168,676","1,252,840","1,317,775","1,352,294","1,436,654",[x],"1,560,337","1,603,255","1,620,677","1,681,413","1,757,216","1,758,400","1,824,320","1,872,520","1,856,882","1,943,654","1,963,292","2,028,148","2,075,866","2,016,038","1,979,880","1,904,276","455,306","1,288,702","1,621,562","1,812,122","2,004,688"
2038,Saltaire,SAE,8561,Yorkshire and The Humber,Bradford,"252,373","290,974","326,456","323,688","303,542","324,112",[x],"396,197","418,597","429,262","450,113","586,208","602,928","668,012","686,378","787,672","807,526","859,832","880,348","913,154","902,934","899,974","887,170","217,828","547,320","636,354","669,378","748,546"
2039,Saltash,STS,3587,South West,Cornwall,"29,559","29,325","28,889","32,359","32,256","27,197",[x],"35,349","32,185","34,266","32,062","47,244","49,578","59,240","75,956","77,288","73,764","68,526","67,174","78,198","82,398","83,574","85,396","41,154","117,598","137,008","144,698","162,224"
2040,Saltburn,SLB,7951,North East,Redcar and Cleveland,"171,771","189,675","198,110","185,657","185,335","172,981",[x],"218,023","224,719","236,018","237,396","239,318","239,300","252,170","258,670","253,520","266,520","253,868","250,472","244,258","237,460","240,932","257,190","61,660","202,034","249,056","319,232","356,108"
2041,Saltcoats,SLT,9547,Scotland,North Ayrshire,"272,416","288,024","306,975","303,381","295,465","304,150",[x],"311,525","334,403","350,433","342,202","384,422","385,992","390,158","383,804","398,052","347,848","347,438","336,128","348,244","331,840","334,644","303,468","38,352","179,476","219,188","260,294","275,344"
2042,Saltmarshe,SAM,8033,Yorkshire and The Humber,East Riding of Yorkshire,"6,177","5,559","5,288","5,578","5,720","5,454",[x],"5,208","4,338","4,360","4,540","4,150","4,196","3,664","4,470","4,280","3,524","2,546","2,526","1,918","2,136","1,986","2,144",258,890,"1,078","1,180","1,566"
2043,Salwick,SLW,2673,North West,Fylde,789,"1,580","1,922","1,911",925,268,[x],"1,858","2,186","1,723","3,554","2,650","1,776","1,944","2,062","2,222","2,994","2,612","3,154","2,162","1,518","1,404","1,670",352,"1,820","1,532","1,548","1,624"
2044,Sampford Courtenay,[z],[z],[z],[z],[z],[z],[z],[z],[z],[z],[z],[z],[z],[z],[z],[z],[z],76,136,150,146,196,130,144,188,186,240,0,[z],[z],[z],[z]
2045,Sandal and Agbrigg,SNA,8358,Yorkshire and The Humber,Wakefield,"84,061","92,333","101,464","90,644","82,385","86,415",[x],"97,328","107,190","118,718","123,387","162,448","158,610","180,046","183,464","241,116","260,236","275,368","274,996","281,450","274,460","260,222","264,846","58,554","142,578","175,176","189,996","202,168"
2046,Sandbach,SDB,1261,North West,Cheshire East,"99,232","112,312","114,676","120,996","118,473","106,496",[x],"106,051","98,217","86,255","136,022","144,072","130,418","147,252","159,118","166,788","179,852","205,682","233,638","285,622","279,136","276,870","282,068","63,840","192,662","230,552","261,400","294,738"
2047,Sanderstead,SNR,5433,London,Croydon,"508,318","570,818","607,330","589,158","598,107","634,630",[x],"623,939","652,771","992,095","1,150,467","1,043,882","1,047,336","1,050,698","1,041,948","1,050,188","1,140,796","1,225,664","1,102,498","1,008,716","1,107,224","1,123,184","1,098,026","211,844","507,830","623,640","779,758","844,182"
2048,Sandhills,SDL,2249,North West,Liverpool,"203,907","195,975","192,268","183,722","171,621","178,991",[x],"272,009","314,309","306,134","207,944","390,346","446,210","495,458","501,448","471,804","1,250,086","1,324,068","1,321,020","1,323,174","1,325,892","1,088,132","1,298,784","341,714","815,288","778,764","857,988","1,049,448"
2049,Sandhurst (Berks),SND,5646,South East,Bracknell Forest,"112,400","106,428","112,257","128,199","118,196","116,132",[x],"121,388","116,236","117,924","124,697","140,434","132,658","128,254","142,218","148,160","155,198","155,342","156,218","155,948","152,398","150,804","152,200","38,252","103,950","125,122","135,724","142,410"
2050,Sandling,SDG,5025,South East,Folkestone and Hythe,"125,986","130,371","144,642","142,473","145,838","136,406",[x],"131,026","133,426","148,687","163,416","151,376","121,758","106,446","107,712","106,948","107,156","107,080","98,500","93,456","86,542","94,630","96,612","20,000","53,828","70,978","73,646","75,282"
2051,Sandown,SAN,5525,South East,Isle of Wight,"192,088","188,802","198,722","216,350","226,736","244,876",[x],"242,564","254,040","265,499","264,784","264,126","256,890","271,282","297,732","273,118","240,766","203,142","194,276","183,488","162,310","150,748","123,126","23,936","46,860","83,500","79,696","81,918"
2052,Sandplace,SDP,3584,South West,Cornwall,"1,522","1,504","1,575","1,372","1,037","1,206",[x],"1,429",865,788,946,"1,142","1,148","1,032","1,422","1,486","1,860","1,762","1,316","1,418","1,780","1,274","1,302",828,"1,316","1,154","1,006",966
2053,Sandwell and Dudley,SAD,1149,West Midlands,Sandwell,"220,111","262,855","228,747","204,378","200,162","211,543",[x],"225,671","251,939","280,035","314,558","555,658","556,818","595,906","701,300","736,508","789,470","831,756","908,982","964,640","1,005,324","1,070,576","1,051,528","221,172","605,126","806,692","878,070","1,005,688"
2054,Sandwich,SDW,5026,South East,Dover,"234,325","250,445","263,954","278,340","279,033","277,463",[x],"255,345","284,243","327,785","347,949","343,988","300,200","294,160","358,986","260,950","250,398","256,770","286,880","314,748","348,870","355,290","351,470","105,692","282,258","268,232","307,916","320,174"
2055,Sandy,SDY,6172,East of England,Central Bedfordshire,"228,628","260,457","290,740","296,475","304,999","344,127",[x],"391,673","400,416","424,161","449,698","446,186","424,906","444,122","461,884","456,216","480,552","501,652","527,172","522,584","529,072","497,992","495,528","143,316","385,704","524,068","571,530","679,484"
2056,Sankey For Penketh,SNK,2388,North West,Warrington,"51,240","49,166","54,679","54,989","52,489","46,630",[x],"56,905","62,980","59,780","69,285","78,730","75,468","99,652","120,118","111,822","118,460","134,156","144,868","172,346","171,646","142,024","122,850","1,498","2,930","3,358","1,362","1,204"
2057,Sanquhar,SQH,9549,Scotland,Dumfries and Galloway,"11,454","13,430","15,451","18,437","20,765","22,117",[x],"24,116","25,841","25,364","23,365","24,286","23,850","25,212","28,434","28,200","26,266","27,472","24,532","27,350","28,724","28,050","24,258","1,752","14,430","17,302","25,440","26,594"
2058,Sarn,SRR,4270,Wales,Bridgend - Pen-y-bont ar Ogwr,"25,748","26,085","24,614","23,942","24,221","25,645",[x],"27,184","27,524","32,406","33,876","38,776","39,984","41,278","45,532","50,712","78,192","61,516","62,970","60,192","58,826","59,648","51,922","12,036","33,834","46,410","53,102","56,976"
2059,Saundersfoot,SDF,4108,Wales,Pembrokeshire - Sir Benfro,"3,084","3,217","3,535","4,510","4,598","3,929",[x],"4,560","4,001","5,081","6,177","6,752","6,844","6,236","7,696","7,730","7,754","8,282","7,900","8,384","8,002","8,346","7,310","1,366","6,036","7,110","8,908","11,452"
2060,Saunderton,SDR,3056,South East,Buckinghamshire,"25,007","27,341","41,149","43,728","45,373","49,397",[x],"42,288","43,381","54,490","59,514","53,516","48,826","51,080","55,550","50,614","50,738","58,978","62,700","59,202","56,126","53,096","48,422","11,092","42,708","65,282","91,288","69,922"
2061,Sawbridgeworth,SAW,6806,East of England,East Hertfordshire,"338,009","377,769","395,369","394,593","388,018","374,145",[x],"392,448","392,622","403,635","451,004","448,090","420,220","452,304","482,750","490,442","489,820","499,236","511,274","526,568","546,534","556,586","538,204","105,000","292,596","354,440","428,034","471,296"
2062,Saxilby,SXY,6328,East Midlands,West Lindsey,"28,811","27,454","34,243","38,633","38,943","37,034",[x],"47,926","50,343","55,128","44,954","48,966","55,024","54,100","59,030","55,916","48,145","57,298","61,920","64,358","67,126","75,172","75,654","20,848","69,026","76,160","76,254","93,894"
2063,Saxmundham,SAX,7224,East of England,East Suffolk,"59,785","63,076","68,955","70,517","78,588","76,337",[x],"75,255","84,513","95,038","110,025","106,394","102,002","112,874","123,026","132,418","139,254","139,246","147,346","152,074","154,318","164,400","165,274","35,022","138,696","157,214","164,480","176,536"
2064,Scarborough,SCA,8185,Yorkshire and The Humber,North Yorkshire,"703,817","692,108","723,982","669,292","687,488","666,788",[x],"747,858","751,998","765,730","772,824","803,466","828,594","857,430","906,544","880,202","910,637","927,022","940,706","979,098","989,952","958,026","973,424","270,262","840,994","862,784","896,794","1,001,114"
2065,Scotscalder,SCT,8672,Scotland,Highland,499,236,374,254,200,208,[x],187,212,142,212,256,184,246,214,460,376,388,294,200,182,238,232,18,116,124,242,226
2066,Scotstounhill,SCH,9996,Scotland,Glasgow City,"211,723","239,184","241,334","226,504","190,617","146,939",[x],"228,900","279,778","300,044","328,177","362,470","364,586","390,006","402,704","430,276","397,412","448,562","459,366","424,222","463,632","459,274","455,790","75,196","237,734","293,980","402,106","430,906"
2067,Scunthorpe,SCU,6456,Yorkshire and The Humber,North Lincolnshire,"202,541","208,671","231,916","234,201","235,099","230,715",[x],"292,921","311,329","341,401","370,673","377,308","322,882","375,006","395,680","381,094","376,870","411,584","408,506","415,526","417,452","417,880","396,638","90,570","279,906","253,186","325,412","379,072"
2068,Sea Mills,SML,3254,South West,"Bristol, City of","23,440","22,279","23,057","27,428","32,673","34,649",[x],"34,113","36,411","40,786","33,222","36,358","41,680","49,082","51,998","58,310","58,106","64,512","61,696","62,162","54,484","52,630","58,204","13,108","36,408","62,422","78,810","81,946"
2069,Seaburn,[z],[z],[z],[z],"114,799","141,608","151,846","129,296","110,429","3,530",[x],"2,072","2,281",[z],[z],[z],[z],[z],[z],[z],[z],[z],[z],[z],[z],[z],[z],[z],[z],[z],[z],[z]
2070,Seaford (Sussex),SEF,5333,South East,Lewes,"371,649","376,072","421,388","434,792","463,308","493,247",[x],"596,021","630,624","697,956","769,510","797,008","765,776","769,870","777,108","761,888","790,062","797,914","767,482","539,322","627,538","676,442","673,764","205,142","474,382","552,902","613,980","707,298"
2071,Seaforth and Litherland,SFL,2250,North West,Sefton,"196,983","195,211","225,417","209,117","170,065","176,145",[x],"300,292","335,884","337,209","362,341","832,894","766,468","789,156","761,342","684,324","731,628","750,192","759,314","764,674","790,704","871,670","1,019,398","351,030","715,640","880,034","922,282","852,056"
2072,Seaham,SEA,7814,North East,County Durham,"73,949","84,666","96,209","81,885","73,565","82,243",[x],"91,676","98,040","106,831","115,612","116,592","117,362","121,702","121,840","123,440","120,119","124,252","137,948","145,362","140,894","137,652","138,938","35,228","103,874","110,570","145,128","164,994"
2073,Seamer,SEM,8178,Yorkshire and The Humber,North Yorkshire,"34,966","37,566","37,977","32,942","35,867","37,031",[x],"50,318","61,102","69,820","81,114","87,852","86,492","90,484","91,494","101,050","104,890","111,294","127,816","137,594","147,356","144,668","148,088","34,528","123,392","121,134","132,030","164,494"
2074,Seascale,SSC,2003,North West,Cumberland,"27,666","29,675","24,847","23,546","22,419","19,553",[x],"21,025","25,681","24,157","26,740","27,706","33,788","43,590","37,440","32,840","33,702","36,410","36,856","40,464","37,034","36,618","46,602","14,106","37,728","43,038","44,096","48,928"
2075,Seaton Carew,SEC,8007,North East,Hartlepool,"12,991",[z],"14,360","11,317","10,342","9,772",[x],"14,853","17,857","22,251","27,303","30,768","32,550","39,920","44,666","46,550","53,522","57,388","55,974","57,160","61,858","65,478","66,456","19,300","61,076","65,054","75,728","98,362"
2076,Seaton Delaval,SEJ,9235,North East,Northumberland,[z],[z],[z],[z],[z],[z],[z],[z],[z],[z],[z],[z],[z],[z],[z],[z],[z],[z],[z],[z],[z],[z],[z],[z],[z],[z],[z],"73,076"
2077,Seer Green and Jordans,SRG,3061,South East,Buckinghamshire,"94,823","108,757","120,666","125,112","120,883","124,213",[x],"121,150","106,545","128,108","134,825","138,352","139,270","142,562","130,668","137,962","130,634","139,288","147,946","150,708","148,566","153,314","142,940","19,570","64,766","87,952","93,168","107,334"
2078,Selby,SBY,8201,Yorkshire and The Humber,North Yorkshire,"301,934","314,243","311,669","304,312","322,671","334,264",[x],"394,559","406,344","442,689","472,699","475,020","452,726","481,138","485,192","496,558","533,227","549,810","610,438","633,430","650,572","656,086","674,836","124,042","478,736","554,564","601,016","695,840"
2079,Selhurst,SRS,5434,London,Croydon,"469,733","609,882","645,682","650,280","676,246","727,280",[x],"739,894","763,111","1,122,816","1,239,987","1,178,774","1,168,506","1,242,846","1,350,570","1,402,008","1,493,156","1,626,736","1,713,922","1,534,554","1,555,578","1,532,940","1,415,390","455,424","943,226","987,942","1,083,280","1,217,928"
2080,Sellafield,SEL,2004,North West,Cumberland,"213,128","202,099","186,894","283,790","195,219","249,193",[x],"208,197","232,449","258,777","352,586","68,958","361,974","219,394","221,402","236,160","222,906","242,990","204,020","199,818","206,094","242,066","259,834","62,524","129,682","136,764","145,116","187,002"
2081,Selling,SEG,5179,South East,Swale,"45,206","45,780","55,859","56,562","55,808","51,726",[x],"60,668","56,670","63,690","69,358","72,164","65,092","59,998","57,522","52,552","50,822","67,396","69,340","66,426","83,212","80,248","70,870","31,328","63,386","77,140","90,862","99,572"
2082,Selly Oak,SLY,1105,West Midlands,Birmingham,"486,191","502,327","514,392","521,080","538,705","582,526",[x],"799,654","896,929","1,023,542","1,113,254","1,577,916","1,597,942","1,568,612","2,274,142","2,277,504","2,407,212","2,432,592","2,670,898","2,804,574","2,972,274","3,296,068","3,274,054","631,350","1,590,026","1,994,922","2,187,066","2,308,762"
2083,Settle,SET,2107,Yorkshire and The Humber,North Yorkshire,"114,930","115,507","112,571","105,039","93,821","94,441",[x],"116,734","107,194","105,572","114,693","117,750","121,720","144,482","138,688","130,032","137,832","148,428","132,718","120,190","141,342","139,442","148,852","27,580","118,306","130,568","134,060","147,464"
2084,Seven Kings,SVK,6893,London,Redbridge,"875,740","1,133,465","1,192,058","1,217,436","1,258,298","1,394,699",[x],"1,174,319","1,095,940","1,567,157","1,764,774","1,657,658","1,528,296","1,708,550","1,879,664","2,112,832","2,330,778","2,423,964","3,126,372","3,099,284","2,959,784","3,167,632","3,157,300","1,286,182","2,317,224","3,781,774","5,079,556","4,084,206"
2085,Seven Sisters,SVS,6931,London,Haringey,[z],[z],[z],[z],[z],[z],[z],[z],[z],"2,586,248","2,410,259","2,216,260","2,128,415","2,617,377","3,049,222","3,426,108","3,744,154","4,438,440","7,371,016","7,986,706","8,168,998","8,394,772","7,931,592","2,358,898","5,400,004","6,113,494","7,562,722","8,394,182"
2086,Sevenoaks,SEV,5124,South East,Sevenoaks,"2,934,780","3,115,968","3,312,359","3,321,764","3,301,670","3,267,386",[x],"3,501,357","3,585,437","3,805,085","4,004,789","3,868,866","3,758,990","3,918,892","4,017,174","4,023,252","4,060,714","4,137,720","4,138,586","4,160,110","4,153,740","4,376,024","4,242,838","845,208","2,457,352","3,139,952","3,480,770","3,741,030"
2087,Severn Beach,SVB,3205,South West,South Gloucestershire,"40,637","43,026","37,974","38,158","35,380","36,074",[x],"29,295","37,088","38,202","54,034","74,712","88,504","113,480","141,712","167,078","195,824","224,658","260,784","310,818","292,044","251,994","301,154","98,726","180,444","228,566","252,964","131,212"
2088,Severn Tunnel Junction,STJ,3679,Wales,Monmouthshire - Sir Fynwy,"63,942","56,728","69,456","90,946","94,429","107,132",[x],"118,092","119,729","134,648","140,192","148,836","153,644","176,518","188,582","205,814","215,372","238,634","249,156","253,918","266,916","229,362","243,822","34,882","117,252","165,992","190,922","212,668"
2089,Shadwell,SDE,1082,London,Tower Hamlets,[z],[z],[z],[z],[z],[z],[z],[z],[z],[z],[z],[z],[z],"987,870","1,658,562","2,028,742","2,125,856","2,672,934","4,976,464","5,015,038","4,970,846","5,087,054","4,883,476","1,244,974","3,094,640","3,706,174","3,933,726","3,917,292"
2090,Shalford (Surrey),SFR,5638,South East,Guildford,"57,673","59,492","63,625","70,364","62,852","67,926",[x],"63,077","64,384","73,677","100,220","98,452","93,226","93,772","100,496","114,492","125,558","135,600","143,668","139,414","128,672","122,662","114,284","19,330","54,450","75,132","85,172","95,490"
2091,Shanklin,SHN,5529,South East,Isle of Wight,"282,044","282,734","303,286","309,475","321,084","329,887",[x],"341,826","345,020","382,842","368,776","358,658","338,612","345,844","373,078","352,134","318,410","294,698","293,654","291,346","275,074","260,016","226,746","49,110","83,326","149,810","145,562","146,234"
2092,Shaw and Crompton,[z],[z],[z],[z],"231,599","186,038","236,372","268,998","254,646","249,170",[x],"290,471","286,120","298,278","318,481","385,260","213,480",[z],[z],[z],[z],[z],[z],[z],[z],[z],[z],[z],[z],[z],[z],[z]
2093,Shawfair,SFI,6963,Scotland,Midlothian,[z],[z],[z],[z],[z],[z],[z],[z],[z],[z],[z],[z],[z],[z],[z],[z],[z],[z],"13,202","22,236","31,588","41,138","46,488","6,702","27,616","44,362","64,520","72,472"
2094,Shawford,SHW,5929,South East,Winchester,"41,603","41,565","43,359","45,063","41,835","49,141",[x],"48,691","55,045","57,461","73,722","105,072","117,980","131,110","149,364","155,644","176,276","190,322","205,662","203,952","197,458","204,424","170,588","37,206","87,704","110,114","119,490","140,042"
2095,Shawlands,SHL,9823,Scotland,Glasgow City,"168,225","168,629","174,221","159,754","146,606","139,951",[x],"128,634","162,865","182,117","98,658","121,690","140,608","148,270","151,972","152,898","145,012","152,726","159,628","174,238","181,334","184,028","177,420","27,564","57,166","72,112","104,436","132,560"
2096,Sheerness-On-Sea,SSS,5184,South East,Swale,"424,614","461,189","494,447","484,581","512,178","502,274",[x],"566,332","588,702","578,785","586,705","572,760","520,848","521,910","474,342","411,480","390,136","395,970","403,538","432,798","449,588","440,216","428,926","133,322","332,398","348,514","407,550","439,094"
2097,Sheffield,SHF,6691,Yorkshire and The Humber,Sheffield,"3,534,085","3,690,027","3,994,306","3,933,675","4,097,806","4,247,821",[x],"5,000,841","5,167,426","5,589,901","5,848,050","7,334,436","7,538,058","8,051,572","8,436,124","8,614,946","8,618,394","9,112,726","9,213,092","9,538,052","9,655,542","9,907,724","10,094,758","1,906,820","7,205,884","8,677,012","9,449,310","10,315,220"
2098,Shelford (Cambs),SED,7043,East of England,South Cambridgeshire,"83,131","90,549","111,317","109,223","94,671","96,005",[x],"107,537","111,283","111,852","125,588","145,304","137,754","149,788","145,900","154,060","152,976","159,920","174,954","182,138","204,618","207,478","216,194","57,942","140,840","170,262","207,250","221,546"
2099,Shenfield,SNF,6888,East of England,Brentwood,"2,208,672","2,401,015","2,561,573","2,672,654","2,667,843","2,701,210",[x],"2,861,253","2,907,917","2,965,886","3,024,519","3,008,422","2,825,598","2,936,428","2,991,100","3,131,298","3,314,120","3,486,772","3,689,850","3,746,572","3,872,484","4,149,488","4,170,558","1,063,094","2,863,920","5,105,512","6,518,666","5,814,886"
2100,Shenstone,SEN,1178,West Midlands,Lichfield,"92,417","118,387","96,398","94,485","92,594","89,025",[x],"113,920","126,470","132,870","151,069","143,482","203,170","188,958","160,342","180,624","174,440","178,508","177,108","190,612","199,236","174,508","178,698","61,570","91,782","129,780","141,974","149,888"
2101,Shepherd's Bush,SPB,9587,London,Hammersmith and Fulham,[z],[z],[z],[z],[z],[z],[z],[z],[z],[z],"2,675","247,534","1,014,896","2,240,736","3,149,596","3,818,228","3,932,956","4,433,470","8,653,428","7,984,042","7,952,788","7,955,106","7,647,088","2,271,628","5,008,562","5,705,198","6,492,550","6,931,918"
2102,Shepherds Well,SPH,5186,South East,Dover,"63,955","67,247","65,169","62,992","60,013","56,216",[x],"59,202","62,690","61,927","56,390","53,574","50,186","47,270","43,246","43,088","44,030","43,014","40,912","45,032","48,354","52,266","51,234","16,966","37,758","53,410","65,634","70,278"
2103,Shepley,SPY,8448,Yorkshire and The Humber,Kirklees,"27,700","28,421","41,838","40,153","35,588","32,822",[x],"41,692","42,793","46,134","52,770","65,630","64,926","65,104","66,938","69,020","68,874","73,360","72,266","69,936","74,316","71,536","75,008","17,484","52,358","55,128","54,392","62,316"
2104,Shepperton,SHP,5605,South East,Spelthorne,"275,885","303,211","315,792","318,735","299,732","305,516",[x],"338,823","341,093","365,329","442,807","439,252","408,058","422,116","427,342","422,928","419,200","442,564","448,414","423,718","418,554","392,426","358,762","78,532","219,156","284,934","334,578","346,958"
2105,Shepreth,STH,7044,East of England,South Cambridgeshire,"34,377","33,025","36,582","43,097","43,721","41,996",[x],"48,622","56,747","76,382","75,052","75,704","79,104","83,524","82,422","86,304","92,146","105,802","105,852","110,756","114,294","115,600","117,102","23,676","68,718","91,082","98,754","109,514"
2106,Sherborne,SHE,5835,South West,Dorset,"123,275","124,869","134,444","144,789","137,212","141,285",[x],"155,010","163,108","166,559","185,457","188,974","191,300","195,390","203,944","203,148","212,780","216,114","220,980","234,980","221,734","210,170","195,422","36,452","130,770","155,482","177,210","207,354"
2107,Sherburn-In-Elmet,SIE,8257,Yorkshire and The Humber,North Yorkshire,"10,773","10,619","13,437","13,665","14,905","15,266",[x],"20,036","24,159","21,967","21,580","23,090","22,542","21,798","31,922","38,662","42,544","44,254","50,132","47,488","51,986","59,632","74,756","19,078","70,994","83,266","100,454","122,098"
2108,Sheringham,SHM,7319,East of England,North Norfolk,"72,657","86,500","99,566","107,601","125,167","106,721",[x],"130,284","127,588","131,937","177,090","185,888","179,542","183,970","189,004","190,844","189,976","196,068","195,104","209,952","221,438","225,894","182,288","53,214","233,550","232,222","244,950","267,898"
2109,Shettleston,SLS,9903,Scotland,Glasgow City,"543,218","604,976","582,165","619,421","542,942","495,454",[x],"562,143","644,542","524,604","568,430","625,028","621,802","613,980","682,708","703,608","673,632","707,460","714,812","699,048","689,594","672,046","636,686","114,994","368,006","473,728","631,920","651,582"
2110,Shieldmuir,SDM,9552,Scotland,North Lanarkshire,"9,802","11,801","12,663","12,372","10,855","8,467",[x],"6,637","8,180","10,604","23,008","41,248","48,882","57,306","56,784","69,500","81,376","89,178","105,166","113,940","116,254","109,556","113,338","12,738","54,514","84,282","111,508","121,668"
2111,Shifnal,SFN,4619,West Midlands,Shropshire,"63,046","62,215","57,116","57,304","62,098","55,263",[x],"50,332","58,795","64,201","80,233","100,746","100,716","104,222","121,996","121,628","133,230","131,214","144,532","166,046","181,468","187,162","206,674","39,078","114,584","142,132","173,102","236,680"
2112,Shildon,SHD,7893,North East,County Durham,"35,198","35,617","36,302","35,756","30,749","25,499",[x],"34,984","39,868","46,114","49,515","45,836","43,268","48,442","58,478","56,128","62,270","50,696","45,816","51,994","48,838","67,568","65,168","19,362","56,818","56,968","54,624","60,288"
2113,Shiplake,SHI,3150,South East,South Oxfordshire,"74,949","74,514","78,665","86,704","90,963","95,651",[x],"86,399","79,345","73,914","75,546","77,684","74,604","79,782","86,928","93,466","89,240","92,580","91,314","92,632","86,700","90,468","94,084","15,028","47,360","78,466","104,900","128,782"
2114,Shipley (Yorks),SHY,8347,Yorkshire and The Humber,Bradford,"477,962","537,518","600,630","604,162","624,266","670,034",[x],"831,332","862,724","902,192","946,386","1,275,264","1,303,096","1,482,972","1,531,872","1,666,542","1,731,591","1,775,968","1,739,258","1,744,520","1,716,314","1,704,388","1,665,754","459,298","1,004,806","1,106,944","1,129,942","1,195,542"
2115,Shippea Hill,SPP,7073,East of England,East Cambridgeshire,478,677,261,164,58,29,[x],37,26,606,845,868,942,812,376,50,12,22,12,156,276,432,164,36,102,142,70,76
2116,Shipton,SIP,3009,South East,West Oxfordshire,"3,164","3,780","3,226","3,977","3,645","5,057",[x],"6,231","5,513","5,389","3,914","3,032","2,890","3,614","4,680","5,028","5,050","4,884","5,660","6,568","4,572","4,524","5,136",592,"2,250","2,354","3,692","3,904"
2117,Shirebrook,SHB,1595,East Midlands,Bolsover,[z],"47,927","52,367","58,851","59,466","54,013",[x],"54,061","57,567","57,417","54,073","55,536","64,762","61,042","66,668","71,774","63,635","74,738","87,276","84,848","87,390","88,488","91,546","26,842","64,744","77,094","75,160","75,060"
2118,Shirehampton,SHH,3206,South West,"Bristol, City of","31,323","36,030","32,961","38,454","44,640","37,563",[x],"29,645","31,539","38,493","30,893","34,292","35,758","42,566","43,480","50,654","51,542","52,480","56,756","55,762","48,700","47,234","55,518","17,454","42,264","67,124","70,000","63,976"
2119,Shireoaks,SRO,6570,East Midlands,Bassetlaw,"8,126","6,690","6,775","7,404","9,041","8,850",[x],"15,460","17,487","20,097","18,380","23,164","26,650","30,168","31,854","32,982","36,682","35,578","34,984","39,640","37,594","35,166","36,624","7,890","28,278","35,526","42,882","54,282"
2120,Shirley,SRL,4526,West Midlands,Solihull,"138,614","152,934","146,535","148,690","144,449","145,274",[x],"163,883","163,364","172,739","163,997","368,850","365,898","366,136","313,426","318,554","332,984","329,462","357,198","362,118","359,496","406,290","410,880","86,730","210,046","247,120","280,236","314,972"
2121,Shoeburyness,SRY,7455,East of England,Southend-on-Sea,"277,191","302,785","332,878","406,062","397,120","451,936",[x],"506,123","530,724","553,435","599,071","587,670","607,410","653,194","672,342","661,336","689,544","699,882","723,170","745,762","746,524","751,332","700,164","250,894","442,792","493,496","504,226","540,912"
2122,Sholing,SHO,5930,South East,Southampton,"25,339","27,567","25,847","33,129","25,488","27,820",[x],"35,631","39,392","43,646","46,523","63,072","70,744","85,310","90,848","103,748","108,140","120,302","120,880","116,240","104,066","109,134","101,626","35,736","73,474","86,890","87,902","90,740"
2123,Shoreditch High Street,SDC,1024,London,Tower Hamlets,[z],[z],[z],[z],[z],[z],[z],[z],[z],[z],[z],[z],[z],"3,068,578","2,617,624","3,263,664","4,057,118","4,877,664","7,661,254","7,855,004","8,586,056","9,374,284","9,054,490","1,403,324","4,843,922","7,054,388","7,805,726","7,294,534"
2124,Shoreham (Kent),SEH,5074,South East,Sevenoaks,"17,355","18,377","18,499","20,073","16,111","16,003",[x],"24,842","22,798","25,501","32,053","35,242","36,744","38,324","41,330","37,626","37,796","41,686","40,812","44,294","55,082","60,986","62,426","19,084","49,002","55,256","68,866","82,766"
2125,Shoreham-By-Sea,SSE,5277,South East,Adur,"913,796","900,775","939,391","898,918","941,432","959,331",[x],"1,019,274","1,056,956","1,190,381","1,273,690","1,291,954","1,295,044","1,390,076","1,440,586","1,460,198","1,471,692","1,491,742","1,458,128","1,138,952","1,235,214","1,316,990","1,372,082","418,294","945,632","1,101,476","1,175,928","1,302,590"
2126,Shortlands,SRT,5084,London,Bromley,"816,297","1,007,148","1,039,148","1,045,964","1,041,961","1,007,715",[x],"947,423","983,508","1,299,187","1,396,780","1,363,762","1,355,666","1,426,356","1,450,506","1,471,166","1,576,124","1,651,738","1,651,664","1,633,138","1,599,276","1,573,432","1,495,278","338,222","760,960","934,704","1,073,462","1,128,652"
2127,Shotton,SHT,2546,Wales,Flintshire - Sir y Fflint,"159,229","166,962","168,245","164,850","163,230","147,553",[x],"162,455","163,974","168,317","184,406","190,566","201,788","218,370","246,270","246,270","247,938","240,596","237,194","234,124","215,062","213,414","200,402","44,368","141,210","177,044","208,574","276,948"
2128,Shotts,SHS,9739,Scotland,North Lanarkshire,"92,670","108,001","110,792","110,611","110,341","112,459",[x],"133,755","144,228","147,351","143,728","149,816","148,328","177,816","196,808","203,648","207,306","218,600","224,118","200,058","182,220","172,186","178,964","25,126","90,192","112,538","149,698","173,044"
2129,Shrewsbury,SHR,4387,West Midlands,Shropshire,"1,137,280","1,198,657","1,187,290","1,173,658","1,222,731","1,258,246",[x],"1,295,483","1,316,852","1,342,789","1,460,860","1,595,812","1,630,474","1,676,850","1,731,572","1,749,732","1,801,680","1,911,258","1,979,248","2,087,820","2,209,670","2,226,302","2,221,170","549,692","1,582,378","1,848,336","2,013,398","2,321,270"
2130,Sidcup,SID,5125,London,Bexley,"1,879,636","2,029,273","2,104,738","2,244,773","2,308,704","2,421,150",[x],"2,361,034","2,395,111","2,989,320","3,157,132","3,054,642","2,882,020","2,859,062","2,875,344","2,926,464","3,156,693","3,280,940","3,059,858","3,047,522","2,982,696","3,172,138","3,107,486","751,070","1,779,460","2,179,116","2,442,654","2,614,930"
2131,Sileby,SIL,1902,East Midlands,Charnwood,"64,468","70,974","71,645","70,261","58,926","60,395",[x],"76,147","74,769","84,501","98,262","98,336","105,122","103,656","107,526","99,918","111,478","113,626","123,694","116,452","111,884","127,642","124,242","28,462","72,410","109,414","134,392","153,360"
2132,Silecroft,SIC,2000,North West,Cumberland,"5,435","3,919","5,096","6,635","7,826","6,361",[x],"5,881","8,669","7,580","12,730","7,716","10,006","9,786","10,370","9,944","11,496","10,372","9,862","8,104","7,030","7,858","10,810","4,270","8,800","8,038","8,270","7,644"
2133,Silkstone Common,SLK,6782,Yorkshire and The Humber,Barnsley,"21,499","21,684","22,736","24,906","24,594","21,776",[x],"26,210","26,005","22,202","24,035","30,092","29,320","29,372","30,702","31,624","30,402","39,466","39,488","40,248","39,652","36,926","43,628","7,614","28,164","29,096","31,134","34,104"
2134,Silver Street,SLV,6972,London,Enfield,"188,018","245,311","275,067","256,758","256,615","257,555",[x],"256,170","213,286","471,408","575,550","517,680","500,074","584,932","669,552","715,988","814,968","887,704","1,389,866","1,580,616","1,687,536","1,773,414","1,730,756","673,570","1,266,922","1,480,404","2,031,648","2,136,452"
2135,Silverdale,SVR,1968,North West,Lancaster,"38,146","37,451","38,927","34,301","30,676","27,441",[x],"34,419","33,520","36,082","42,268","45,080","45,126","47,024","44,566","45,818","50,404","59,352","54,872","55,892","53,218","47,978","50,722","16,202","41,260","42,212","46,524","48,316"
2136,Silvertown and City Airport,[z],[z],[z],[z],"42,148","81,472","69,519","56,558","48,481","49,328",[x],"22,563","24,765","250,771",[z],[z],[z],[z],[z],[z],[z],[z],[z],[z],[z],[z],[z],[z],[z],[z],[z],[z]
2137,Sinfin Central,[z],[z],[z],[z],"1,545",511,[z],[z],[z],[z],[z],[z],[z],[z],[z],[z],[z],[z],[z],[z],[z],[z],[z],[z],[z],[z],[z],[z],[z],[z],[z],[z]
2138,Sinfin North,[z],[z],[z],[z],10,39,[z],[z],[z],[z],[z],[z],[z],[z],[z],[z],[z],[z],[z],[z],[z],[z],[z],[z],[z],[z],[z],[z],[z],[z],[z],[z]
2139,Singer,SIN,9988,Scotland,West Dunbartonshire,"598,824","657,631","673,799","636,394","559,986","483,400",[x],"538,634","631,782","620,534","683,374","712,904","668,796","685,080","629,626","641,210","638,418","665,536","646,864","660,346","631,430","575,008","522,712","68,590","234,144","288,890","316,052","358,320"
2140,Sittingbourne,SIT,5187,South East,Swale,"1,488,821","1,604,761","1,697,795","1,733,828","1,848,271","1,852,773",[x],"1,909,992","1,935,723","2,028,590","2,166,116","2,214,758","2,034,546","2,050,928","2,019,740","1,949,484","1,965,579","2,063,382","2,111,046","2,164,064","2,223,634","2,295,150","2,253,380","750,246","1,659,200","1,876,274","2,084,144","2,326,816"
2141,Skegness,SKG,6265,East Midlands,East Lindsey,"311,536","349,598","419,747","424,927","447,427","450,979",[x],"453,456","415,385","395,516","381,578","360,636","359,202","361,390","357,008","335,276","322,796","351,134","354,070","349,008","356,340","350,864","323,202","112,520","308,608","359,744","358,304","397,520"
2142,Skewen,SKE,4217,Wales,Neath Port Talbot - Castell-nedd Port Talbot,"29,948","29,335","27,585","21,223","22,728","21,063",[x],"18,344","16,961","15,617","17,058","21,882","27,638","34,042","37,186","34,848","36,736","45,352","45,172","43,180","41,692","40,466","38,174","9,322","23,538","30,328","36,008","43,980"
2143,Skipton,SKI,2728,Yorkshire and The Humber,North Yorkshire,"501,521","557,322","621,914","621,334","622,561","648,145",[x],"760,950","794,076","816,561","850,387","865,024","878,662","929,742","949,252","944,214","1,002,014","1,106,036","1,090,808","1,137,700","1,206,474","1,217,432","1,212,320","366,258","943,886","1,098,966","1,178,096","1,286,418"
2144,Slade Green,SGR,5154,London,Bexley,"248,024","284,555","220,576","242,446","257,750","254,463",[x],"254,501","269,130","392,200","474,462","458,674","444,006","491,984","539,368","575,028","608,170","705,436","787,142","810,936","839,160","958,102","990,034","371,202","675,948","917,260","1,091,254","1,103,814"
2145,Slaithwaite,SWT,8450,Yorkshire and The Humber,Kirklees,"87,598","88,559","98,493","92,639","88,914","84,783",[x],"98,871","108,038","112,445","134,517","177,818","182,364","207,416","208,148","185,594","208,418","209,332","212,608","204,946","201,862","208,096","225,942","55,108","186,006","188,144","183,214","235,294"
2146,Slateford,SLA,9236,Scotland,City of Edinburgh,"13,591","16,144","13,875","11,628","13,033","11,903",[x],"18,158","17,805","19,861","20,897","20,912","22,736","21,480","24,520","29,630","33,034","33,278","36,316","32,496","34,004","31,276","31,992","11,242","30,572","44,368","65,584","71,928"
2147,Sleaford,SLR,6362,East Midlands,North Kesteven,"223,643","372,093","379,775","343,650","295,229","301,006",[x],"312,528","321,678","340,026","316,320","318,766","316,894","323,306","336,956","311,490","301,349","312,888","321,288","316,570","309,316","310,906","298,572","76,590","224,066","231,092","257,300","295,790"
2148,Sleights,SLH,8179,Yorkshire and The Humber,North Yorkshire,"3,265","3,408","3,412","3,177","2,732","2,482",[x],"3,116","3,733","3,480","3,976","3,884","4,334","4,292","4,592","4,378","4,426","5,040","4,122","4,188","4,254","4,182","4,732","1,038","4,696","5,048","6,844","6,848"
2149,Slough,SLO,3172,South East,Slough,"3,027,560","3,602,269","4,135,192","4,499,746","4,517,281","4,426,021",[x],"4,448,715","4,336,985","4,611,646","4,879,229","4,896,606","4,791,482","5,171,144","5,460,832","5,573,708","5,533,844","5,561,672","5,529,074","5,670,498","5,544,312","5,640,278","5,546,280","1,403,354","3,512,514","4,527,632","5,383,958","5,503,680"
2150,Small Heath,SMA,4530,West Midlands,Birmingham,"40,666","42,012","42,380","42,399","34,802","34,663",[x],"33,752","34,056","37,213","37,717","79,022","80,246","86,604","100,126","103,534","112,338","116,578","128,298","132,678","148,520","176,792","203,572","73,522","121,042","143,850","195,454","224,446"
2151,Smallbrook Junction,SAB,5494,South East,Isle of Wight,"2,369","2,258","3,552","2,925","3,341","2,995",[x],"3,087","2,716","2,965","4,363","9,672","10,170","11,472","11,478","10,832","11,408","11,230","12,134","12,768","12,670","12,920","12,352","1,268","4,658","8,024","8,174","8,978"
2152,Smethwick Galton Bridge,SGB,1114,West Midlands,Sandwell,"76,352","81,670","79,961","78,427","80,511","91,117",[x],"88,782","102,692","116,401","130,607","310,678","322,712","344,048","494,718","516,076","561,658","577,222","639,594","664,254","707,946","806,784","869,208","233,672","499,810","659,756","705,284","697,590"
2153,Smethwick Rolfe Street,SMR,1150,West Midlands,Sandwell,"78,581","90,634","90,702","81,446","83,827","80,236",[x],"93,557","111,281","113,589","107,146","182,200","181,866","185,766","369,174","360,904","403,220","407,366","454,176","503,956","528,208","625,052","637,670","142,856","292,470","402,204","392,770","403,964"
2154,Smethwick West,[z],[z],[z],[z],4,2,[z],[z],[z],[z],[z],[z],[z],[z],[z],[z],[z],[z],[z],[z],[z],[z],[z],[z],[z],[z],[z],[z],[z],[z],[z],[z]
2155,Smitham,[z],[z],[z],[z],"86,957","108,060","127,033","125,139","141,469","148,374",[x],"182,919","177,913","284,685","329,265","296,472","255,166","279,496",[z],[z],[z],[z],[z],[z],[z],[z],[z],[z],[z],[z],[z],[z]
2156,Smithy Bridge,SMB,2660,North West,Rochdale,"72,885","64,351","74,879","73,273","67,810","71,879",[x],"91,750","98,319","93,868","102,499","125,274","134,410","141,048","163,064","167,054","146,980","144,206","149,152","167,822","166,542","197,834","205,222","50,430","123,874","140,266","173,418","191,406"
2157,Snaith,SNI,8036,Yorkshire and The Humber,East Riding of Yorkshire,"1,657","2,002","2,671","2,003","1,270","1,257",[x],"1,666","2,135","2,825","4,157","2,870","2,574","2,994","1,738","1,808","1,776","1,596","1,692","2,182","1,660","1,232","1,554",130,736,"1,510","1,482","1,254"
2158,Snodland,SDA,5189,South East,Tonbridge and Malling,"207,789","198,474","185,577","170,202","165,879","164,907",[x],"146,468","169,868","161,688","177,871","191,942","183,894","185,132","181,614","185,384","192,934","194,954","217,306","249,698","325,322","357,372","378,758","98,450","214,130","186,392","250,200","275,854"
2159,Snowdown,SWO,5185,South East,Dover,"20,632","20,865","22,109","18,286","16,183","15,513",[x],"18,282","19,456","17,194","18,057","18,474","16,030","13,424","13,118","10,664","7,556","6,822","7,676","6,932","8,600","8,592","10,334","3,870","10,460","10,918","12,070","11,674"
2160,Soham,SOJ,5247,East of England,East Cambridgeshire,[z],[z],[z],[z],[z],[z],[z],[z],[z],[z],[z],[z],[z],[z],[z],[z],[z],[z],[z],[z],[z],[z],[z],[z],"14,196","55,518","65,912","65,796"
2161,Sole Street,SOR,5126,South East,Gravesham,"59,524","66,184","68,117","71,900","71,891","80,975",[x],"81,488","77,080","87,373","101,080","94,156","79,800","60,348","61,218","56,534","58,680","61,242","59,572","68,620","64,338","64,698","59,448","13,862","39,570","43,070","50,376","55,630"
2162,Solihull,SOL,4527,West Midlands,Solihull,"384,731","403,262","422,688","441,647","470,528","504,945",[x],"593,753","582,088","651,812","662,665","1,488,584","1,487,994","1,535,210","1,427,616","1,556,104","1,662,460","1,742,020","1,833,916","1,883,800","1,943,062","2,039,998","2,032,882","408,096","1,037,926","1,340,930","1,580,916","1,898,584"
2163,Somerleyton,SYT,7320,East of England,East Suffolk,"6,964","8,225","7,187","8,236","8,518","7,588",[x],"5,208","5,885","7,557","12,240","12,600","9,850","10,822","10,580","11,902","11,830","10,610","10,092","11,638","12,378","12,972","10,898","2,194","8,696","9,010","10,076","11,958"
2164,South Acton,SAT,1452,London,Ealing,"40,417","111,694","117,426","116,582","122,052","127,988",[x],"75,193","80,995","367,851","396,166","301,354","270,150","384,356","524,072","660,954","831,908","882,356","722,238","792,242","819,894","875,784","793,690","263,304","518,546","614,668","705,348","747,478"
2165,South Bank,SBK,7953,North East,Redcar and Cleveland,"1,539","2,284","1,794","1,060",956,430,[x],"1,057","1,942","1,590","1,706","1,530","1,118","2,510","2,654","4,704","12,544","22,860","21,846","23,926","21,424","23,282","27,624","11,296","30,198","33,636","38,302","29,630"
2166,South Bermondsey,SBM,5425,London,Southwark,"136,225","322,090","382,930","348,148","386,315","393,508",[x],"278,590","245,667","547,726","513,569","590,162","596,242","660,076","704,260","692,916","796,504","806,052","757,098","626,580","657,882","781,448","829,660","258,984","459,770","495,108","537,260","632,694"
2167,South Croydon,SCY,5410,London,Croydon,"534,815","649,541","652,649","661,978","687,358","745,693",[x],"802,000","772,355","1,113,525","1,195,718","1,150,400","1,130,468","1,127,554","1,223,100","1,223,842","1,286,274","1,294,342","1,251,526","1,131,534","1,107,906","1,168,752","1,225,184","337,536","600,950","733,102","948,230","1,088,648"
2168,South Elmsall,SES,8355,Yorkshire and The Humber,Wakefield,"191,374","214,975","225,838","216,435","200,584","209,839",[x],"253,244","265,547","281,906","304,642","353,696","351,194","351,140","363,418","356,572","377,194","419,232","392,050","354,966","339,584","305,472","321,728","76,922","251,036","268,438","270,292","288,510"
2169,South Greenford,SGN,3138,London,Ealing,"9,037","6,502","10,254","7,520","5,932","7,018",[x],"5,804","6,106","14,207","16,059","14,524","16,480","31,888","31,302","38,360","41,338","47,324","62,184","53,110","26,502","28,084","28,382","8,810","13,462","20,706","38,330","52,212"
2170,South Gyle,SGL,9318,Scotland,City of Edinburgh,"305,258","344,167","394,223","427,605","409,750","365,785",[x],"405,279","424,306","410,270","464,005","496,926","475,824","477,300","513,788","555,096","574,629","558,072","587,432","497,162","432,946","381,972","363,078","49,842","121,158","162,712","206,294","220,542"
2171,South Hampstead,SOH,1451,London,Camden,"52,030","97,302","90,121","55,395","64,078","72,943",[x],"38,387","46,146","160,873","239,280","278,098","299,770","495,560","582,322","573,020","675,592","671,828","456,228","423,328","422,350","425,732","408,142","164,572","339,458","395,334","429,366","477,560"
2172,South Kenton,SOK,1453,London,Brent,"147,835","174,198","171,150","166,349","190,861","184,547",[x],"165,873","185,022","75,555","57,108","44,862","127,420","255,140","271,158","295,276","313,854","356,848","591,656","592,604","570,268","545,400","555,162","214,474","419,306","502,386","555,104","643,152"
2173,South Merton,SMO,5292,London,Merton,"18,806","27,673","44,947","38,622","36,009","37,771",[x],"44,731","50,424","116,795","176,734","141,418","124,534","137,550","157,004","157,632","183,482","194,092","139,816","114,054","119,646","114,538","149,020","44,164","89,286","108,722","117,202","125,436"
2174,South Milford,SOM,8142,Yorkshire and The Humber,North Yorkshire,"50,241","56,016","61,294","59,302","50,278","52,958",[x],"82,302","78,239","83,899","92,993","104,604","96,224","101,274","107,674","112,730","117,282","131,058","138,458","156,198","171,598","173,438","177,066","26,662","79,192","97,572","123,856","135,578"
2175,South Ruislip,SRU,3057,London,Hillingdon,[z],[z],[z],[z],[z],[z],[z],[z],[z],"87,484","102,480","90,800","103,366","135,928","135,900","142,830","165,732","179,422","234,704","229,314","222,886","230,002","221,298","58,664","128,842","152,678","122,888","165,020"
2176,South Tottenham,STO,7404,London,Haringey,"32,630","90,447","105,795","112,439","116,078","135,208",[x],"45,834","42,090","243,519","293,742","232,748","225,126","441,988","657,604","799,950","1,001,870","1,046,516","1,379,768","409,534","748,758","1,168,598","948,036","683,162","1,054,286","1,129,644","1,260,200","1,357,436"
2177,South Wigston,SWS,1949,East Midlands,Oadby and Wigston,"49,919","48,582","48,775","43,977","41,019","43,368",[x],"41,921","35,812","37,575","45,955","42,698","45,286","53,946","58,628","64,408","66,658","68,032","74,858","80,180","74,234","85,394","94,054","20,222","67,430","90,504","100,480","133,846"
2178,South Woodham Ferrers,SOF,6892,East of England,Chelmsford,"587,506","581,919","641,065","650,134","644,854","620,168",[x],"613,499","576,007","602,417","601,314","606,438","540,264","559,070","537,600","554,440","584,312","591,600","571,172","546,564","510,558","513,228","473,240","71,784","237,966","250,598","288,570","318,044"
2179,Southall,STL,3187,London,Ealing,"471,881","713,560","844,497","928,123","922,272","946,523",[x],"865,929","859,286","1,558,579","1,634,665","1,462,314","1,338,300","1,902,144","2,121,974","2,222,226","2,305,922","2,422,096","2,791,162","2,683,640","2,656,828","3,121,946","3,475,354","1,266,700","2,755,662","4,428,198","6,968,560","7,669,160"
2180,Southampton Airport Parkway,SOA,5922,South East,Eastleigh,"762,185","903,446","957,419","1,007,464","975,839","987,402",[x],"1,190,497","1,421,305","1,322,387","1,403,733","1,460,708","1,411,294","1,408,684","1,507,644","1,539,766","1,604,488","1,651,626","1,819,432","1,842,710","1,671,518","1,700,314","1,592,654","233,020","780,160","1,079,070","1,217,108","1,444,254"
2181,Southampton Central,SOU,5932,South East,Southampton,"3,216,569","3,397,331","3,689,538","4,072,160","4,181,474","4,377,502",[x],"4,655,895","4,844,998","5,084,065","5,486,747","5,835,958","5,596,448","5,799,996","5,947,616","6,106,856","6,278,910","6,433,514","6,359,692","6,361,392","6,538,346","6,664,714","6,351,828","1,448,076","4,294,330","5,495,672","5,795,080","6,172,960"
2182,Southbourne,SOB,5263,South East,Chichester,"154,468","159,174","175,564","176,197","182,996","199,003",[x],"197,529","200,700","201,956","208,048","218,162","209,744","221,528","223,446","240,802","242,630","237,168","225,900","157,490","176,396","204,058","216,278","77,860","174,566","181,964","181,120","229,080"
2183,Southbury,SBU,6947,London,Enfield,"211,082","227,536","243,403","245,049","244,581","255,967",[x],"291,244","263,038","317,098","390,330","345,940","311,298","339,984","383,542","416,596","477,606","530,552","833,988","939,482","985,176","996,710","935,050","375,998","729,130","812,092","1,075,392","1,038,924"
2184,Southease,SEE,5339,South East,Lewes,"4,976","6,221","5,231","4,275","5,554","6,225",[x],"7,093","7,245","8,527","8,855","8,442","9,994","12,228","13,816","11,634","18,042","20,662","17,966","13,184","18,162","22,008","22,052","10,302","23,564","23,206","25,064","27,332"
2185,Southend Airport,SIA,4787,East of England,Rochford,[z],[z],[z],[z],[z],[z],[z],[z],[z],[z],[z],[z],[z],[z],"57,208","340,814","408,430","520,734","425,160","395,646","466,510","611,256","757,058","64,524","126,090","141,358","187,966","231,806"
2186,Southend Central,SOC,7456,East of England,Southend-on-Sea,"1,857,497","1,956,198","2,093,864","2,282,597","2,451,962","2,604,365",[x],"2,791,142","3,018,137","1,694,658","1,917,298","1,820,709","1,838,927","1,808,059","2,086,160","1,996,456","1,955,040","2,918,931","3,092,306","3,038,301","3,396,026","3,446,092","2,781,818","905,548","1,782,048","2,041,420","2,043,970","2,242,080"
2187,Southend East,SOE,7457,East of England,Southend-on-Sea,"447,917","455,753","495,312","552,852","533,340","631,292",[x],"769,329","797,470","1,317,735","1,459,202","1,616,571","1,709,329","1,875,125","1,708,948","1,767,766","1,902,026","1,662,180","1,760,908","1,723,876","1,926,843","1,955,250","1,578,350","513,790","1,011,102","1,158,264","1,159,712","1,272,114"
2188,Southend Victoria,SOV,7420,East of England,Southend-on-Sea,"785,457","880,292","885,537","990,288","996,505","971,587",[x],"1,369,216","1,719,370","4,139,144","3,965,669","3,949,945","3,718,148","3,746,115","3,656,326","3,640,338","3,726,874","1,358,773","1,439,480","1,877,587","2,098,651","2,129,590","1,719,086","559,604","1,101,256","1,261,540","1,263,120","1,385,546"
2189,Southminster,SMN,6890,East of England,Maldon,"107,327","117,869","143,738","151,767","148,273","151,921",[x],"136,072","135,017","133,554","126,112","128,090","128,870","142,274","132,138","133,818","144,010","147,702","151,942","148,402","136,904","128,666","129,226","18,520","71,102","78,294","85,992","93,504"
2190,Southport,SOP,2262,North West,Sefton,"1,271,471","1,298,374","1,373,848","1,242,026","1,064,985","1,080,767",[x],"1,549,576","1,582,115","1,669,056","1,681,444","3,094,576","2,949,656","2,886,448","2,675,304","2,496,384","3,980,176","4,129,340","4,147,064","4,240,372","4,140,152","4,271,792","4,710,560","1,266,712","3,094,396","3,339,582","3,481,446","3,788,568"
2191,Southwick,SWK,5286,South East,Adur,"224,247","237,671","235,869","218,729","222,764","211,886",[x],"244,037","252,079","294,247","308,047","324,794","339,758","359,506","365,522","361,758","360,094","377,978","362,072","261,172","293,258","346,866","359,716","126,558","261,704","282,992","289,360","342,014"
2192,Sowerby Bridge,SOW,8527,Yorkshire and The Humber,Calderdale,"113,093","120,409","132,781","122,964","104,040","112,155",[x],"159,885","168,942","178,409","202,159","255,378","258,918","298,254","322,070","348,092","351,652","383,844","391,766","408,926","393,192","371,668","409,938","91,060","273,896","338,714","372,672","417,306"
2193,Spalding,SPA,6388,East Midlands,South Holland,"140,918","142,095","155,411","160,505","170,760","168,762",[x],"181,242","173,735","176,925","173,657","186,394","197,072","183,278","173,090","166,112","171,960","171,274","185,396","189,884","188,588","193,034","176,342","44,986","134,834","166,860","186,122","207,774"
2194,Spean Bridge,SBR,8836,Scotland,Highland,"4,878","4,156","4,846","5,092","5,118","5,080",[x],"5,911","5,725","6,361","6,345","6,570","6,312","6,386","6,960","6,558","6,808","7,240","7,332","6,262","7,444","7,452","7,832",946,"4,836","5,932","7,850","7,516"
2195,Spital,SPI,2199,North West,Wirral,"172,053","186,526","206,619","204,443","200,575","197,763",[x],"202,880","208,910","203,991","203,712","330,810","311,300","321,182","318,984","310,120","439,210","470,258","469,750","432,778","419,146","451,286","482,708","118,590","297,482","359,094","393,924","377,240"
2196,Spondon,SPO,1699,East Midlands,Derby,"15,561","14,503","15,409","14,084","12,295","9,997",[x],"6,349","7,326","9,525","11,065","12,240","15,084","16,382","19,828","20,102","21,920","26,330","25,478","23,476","25,090","18,726","20,908","7,164","8,400","8,536","24,486","47,006"
2197,Spooner Row,SPN,7379,East of England,South Norfolk,343,418,529,322,257,137,[x],162,260,318,493,718,616,640,338,264,388,490,664,"1,256","1,628","1,344",276,74,320,382,698,686
2198,Spring Road,SRI,4535,West Midlands,Birmingham,"67,953","67,654","66,949","64,348","61,882","64,583",[x],"77,445","78,642","82,764","77,010","166,774","165,482","169,758","154,398","156,988","164,778","160,802","162,970","160,664","171,772","183,240","194,170","58,972","107,280","121,042","138,586","162,146"
2199,Springburn,SPR,9997,Scotland,Glasgow City,"138,972","150,475","190,437","228,819","182,713","142,566",[x],"203,452","231,293","235,121","235,075","279,444","307,576","320,030","337,330","358,696","378,144","415,716","418,648","431,186","460,446","397,018","400,816","84,214","193,124","259,022","339,926","386,114"
2200,Springfield,SPF,9175,Scotland,Fife,"1,197","1,108",911,"1,175",603,725,[x],"1,076","1,091",776,844,680,860,708,772,646,680,918,702,878,"1,170","1,622","1,672",254,880,"1,190","1,144","1,438"
2201,Squires Gate,SQU,2666,North West,Fylde,"10,387","12,301","12,897","13,874","12,493","9,916",[x],"13,699","14,815","16,655","17,986","18,914","19,514","22,344","21,306","20,394","23,312","21,524","19,884","19,972","16,704","18,054","23,964","7,988","25,082","25,534","27,920","27,524"
2202,St Albans Abbey,SAA,1562,East of England,St Albans,"174,434","166,502","185,450","172,464","172,065","163,207",[x],"174,769","187,112","207,646","222,482","217,520","177,470","184,768","198,988","194,930","180,444","141,864","165,202","164,964","169,036","166,758","161,096","21,866","58,328","111,124","117,888","149,394"
2203,St Albans City,SAC,1548,East of England,St Albans,"3,608,457","4,623,332","5,094,529","5,277,219","5,320,857","5,383,592",[x],"5,340,557","5,634,883","6,041,426","6,337,923","6,273,972","5,986,632","6,263,382","6,509,212","6,887,912","7,157,671","7,474,130","7,451,430","7,396,964","7,367,008","7,560,310","7,375,158","1,345,984","3,876,706","5,572,152","6,318,690","6,668,998"
2204,St Andrews Road,SAR,3252,South West,"Bristol, City of","3,917","3,922","5,075","4,136","3,433","3,021",[x],"4,969","8,008","5,518","3,183","3,582","3,942","4,328","6,072","9,910","13,376","11,184","7,374","6,522","5,516","4,724","5,728","4,910","7,164","17,322","34,554","81,974"
2205,St Annes-On-The-Sea,SAS,2672,North West,Fylde,"126,987","132,571","133,794","135,338","125,958","106,149",[x],"117,674","126,059","123,962","128,362","121,938","117,476","123,100","128,206","128,088","132,262","131,166","125,146","132,884","112,282","114,328","138,144","34,144","118,662","133,022","142,710","147,988"
2206,St Austell,SAU,3534,South West,Cornwall,"218,931","229,032","238,316","227,549","257,105","266,676",[x],"275,056","281,545","314,613","360,482","388,878","395,222","436,440","466,926","469,074","461,194","467,806","464,000","472,538","460,788","460,130","459,400","149,608","385,110","431,288","478,834","525,828"
2207,St Bees,SBS,2002,North West,Cumberland,"27,749","25,223","28,672","25,375","25,301","27,103",[x],"27,646","31,222","33,578","38,542","34,950","45,986","49,410","50,842","49,186","54,146","61,174","52,270","51,114","46,734","61,020","77,134","18,858","60,280","71,390","79,482","84,302"
2208,St Budeaux Ferry Road,SBF,3590,South West,Plymouth,"1,357","1,169","1,097",907,"1,014",987,[x],969,"1,015","1,037","1,199","1,132","1,540","2,326","3,552","3,822","4,754","3,926","2,980","3,976","2,680","3,092","2,348","1,068","2,444","2,508","4,594","4,484"
2209,St Budeaux Victoria Road,SBV,3592,South West,Plymouth,"4,991","5,019","5,551","5,810","6,402","5,451",[x],"5,818","6,146","5,264","5,193","5,666","7,026","6,942","7,780","7,918","8,606","10,332","10,376","8,034","7,968","9,376","8,928","3,476","6,516","8,098","10,190","11,864"
2210,St Columb Road,SCR,3536,South West,Cornwall,"2,131","1,879","1,474",832,"1,014",813,[x],733,"1,031","1,390",783,"1,148","1,590","1,966","1,792","1,548","2,188","1,904","1,684","1,878","1,858","1,936","1,840","1,200","2,662","2,794","3,396","3,542"
2211,St Denys,SDN,5914,South East,Southampton,"138,140","141,647","146,984","157,566","155,909","163,983",[x],"190,919","195,289","202,254","207,128","218,772","213,904","235,356","247,418","262,794","288,956","298,364","318,044","306,040","293,400","279,642","253,520","68,914","147,764","175,824","208,102","232,936"
2212,St Erth,SER,3537,South West,Cornwall,"53,816","57,343","58,747","57,464","63,759","71,406",[x],"90,541","88,341","67,004","68,230","75,026","75,248","120,770","202,280","206,166","199,852","204,806","257,802","251,858","261,664","271,234","290,834","136,176","385,710","364,854","396,262","444,754"
2213,St Germans,SGM,3586,South West,Cornwall,"29,399","26,385","25,970","26,072","28,736","25,681",[x],"24,926","28,228","29,540","29,073","37,718","38,258","44,758","51,022","52,958","54,738","57,102","58,676","60,320","57,066","56,698","58,254","17,770","54,130","64,782","67,330","75,942"
2214,St Helens Central,SNH,2341,North West,St. Helens,"370,097","384,406","416,960","419,642","403,913","366,598",[x],"424,008","445,007","412,916","410,670","671,504","684,958","723,810","722,470","674,018","1,096,844","1,043,808","1,140,198","1,166,728","1,301,484","657,274","723,948","207,572","513,828","536,754","619,262","669,452"
2215,St Helens Junction,SHJ,2340,North West,St. Helens,"144,012","142,175","154,410","141,613","123,126","117,651",[x],"153,545","189,893","197,611","187,794","237,394","229,662","256,598","260,340","251,576","344,124","359,030","385,966","385,260","413,616","212,050","200,212","43,018","124,422","163,174","194,372","206,320"
2216,St Helier (London),SIH,5290,London,Merton,"24,016","34,624","53,385","51,849","53,147","49,022",[x],"48,645","53,088","111,026","171,141","140,430","120,348","150,520","178,216","192,132","224,882","234,078","227,096","183,280","184,618","169,546","189,644","70,548","129,012","140,056","146,116","156,764"
2217,St Ives (Cornwall),SIV,3538,South West,Cornwall,"178,874","165,176","259,302","178,336","201,210","213,397",[x],"220,300","171,281","117,131","139,455","146,946","154,502","258,530","578,226","585,308","595,326","638,754","657,750","659,066","752,654","750,478","706,826","293,880","733,970","720,062","774,928","850,992"
2218,St James Park (Exeter),SJP,5751,South West,Exeter,"25,206","26,173","26,256","27,126","26,515","27,233",[x],"27,477","27,428","31,716","36,354","43,348","46,754","55,910","61,092","64,984","66,330","64,586","72,712","87,804","84,214","88,760","96,282","34,950","105,674","122,814","142,508","145,446"
2219,St James Street (Walthamstow),SJS,6973,London,Waltham Forest,"308,520","540,519","523,872","498,726","560,040","578,634",[x],"379,599","333,283","609,645","682,455","550,400","509,292","666,144","747,530","801,458","869,154","970,494","1,016,152","1,159,376","1,132,342","1,183,914","1,161,714","459,938","982,332","1,247,500","1,558,662","1,551,778"
2220,St Johns (London),SAJ,5059,London,Lewisham,"223,459","293,434","357,046","340,098","311,912","316,024",[x],"255,044","261,374","479,015","600,651","584,522","583,466","661,116","696,216","714,084","788,676","867,042","941,100","732,794","681,664","1,000,764","1,038,558","266,982","645,608","724,852","805,148","842,382"
2221,St Keyne Wishing Well Halt,SKN,3572,South West,Cornwall,738,789,923,757,836,"1,150",[x],"1,053",606,618,614,984,936,"1,072","1,062",980,"1,362","1,986","1,582","1,530","1,302","1,334","1,070",360,"1,500","1,524","1,506","1,586"
2222,St Leonards Warrior Square,SLQ,5239,South East,Hastings,"428,117","466,454","433,188","443,181","479,092","479,772",[x],"529,205","548,156","569,259","658,820","661,766","652,910","678,678","665,634","655,498","677,138","734,358","759,176","650,712","740,926","820,252","823,284","285,146","710,690","803,504","879,970","1,001,396"
2223,St Margarets (Herts),SMT,6821,East of England,East Hertfordshire,"231,528","275,567","310,279","307,820","302,998","294,763",[x],"302,701","300,745","306,446","313,656","315,202","244,574","286,948","324,960","351,624","350,808","355,530","351,450","376,376","369,706","365,922","364,990","89,100","232,120","267,988","325,090","350,664"
2224,St Margarets (London),SMG,5604,London,Richmond upon Thames,"594,591","811,691","830,216","823,197","756,638","776,121",[x],"781,189","762,648","1,528,005","1,623,598","1,546,360","1,504,292","1,602,072","1,655,942","1,719,142","1,738,274","1,745,024","1,510,228","1,454,656","1,368,440","1,412,636","1,320,486","280,862","650,478","819,582","946,426","1,014,718"
2225,St Mary Cray,SMY,5073,London,Bromley,"815,515","991,357","1,046,714","1,071,231","979,821","975,836",[x],"1,058,840","1,050,117","1,440,450","1,577,726","1,501,932","1,427,092","1,470,426","1,444,310","1,461,484","1,603,724","1,807,136","1,805,752","1,802,416","1,803,226","1,786,944","1,669,976","519,822","1,063,644","1,142,452","1,268,180","1,334,744"
2226,St Michaels,STM,2248,North West,Liverpool,"201,573","194,936","195,182","199,379","181,352","195,408",[x],"289,183","365,547","360,976","378,944","562,860","506,288","469,570","466,728","387,532","873,112","936,740","977,510","1,006,394","1,010,820","1,128,708","1,308,664","349,670","785,816","950,870","1,116,016","1,015,344"
2227,St Neots,SNO,6110,East of England,Huntingdonshire,"495,479","569,762","619,343","639,865","677,769","715,993",[x],"768,708","822,064","888,971","979,356","1,029,338","1,001,248","1,091,388","1,138,698","1,181,134","1,214,383","1,272,152","1,340,514","1,351,480","1,337,940","1,325,534","1,261,664","246,330","672,958","886,088","959,298","1,081,866"
2228,Stafford,STA,1268,West Midlands,Stafford,"910,675","1,103,120","1,008,949","938,359","1,019,286","969,911",[x],"1,016,196","1,072,661","1,155,373","1,250,054","1,493,852","1,553,692","1,750,054","1,851,172","1,928,964","2,038,160","2,119,250","2,227,660","2,329,490","2,337,628","2,466,462","2,590,836","574,020","1,810,802","1,638,862","2,028,558","2,456,512"
2229,Staines,SNS,5670,South East,Spelthorne,"1,391,802","1,558,642","1,787,437","1,839,167","1,796,228","1,753,518",[x],"2,023,639","2,097,188","2,250,362","2,629,739","2,756,660","2,717,060","2,799,298","2,897,950","2,825,096","2,849,914","2,881,160","2,777,174","2,771,474","2,753,452","2,867,034","2,678,088","592,550","1,618,230","1,979,712","2,080,560","2,371,110"
2230,Stallingborough,SLL,6287,Yorkshire and The Humber,North East Lincolnshire,"9,798","10,157","8,736","8,187","8,358","7,425",[x],"8,074","8,614","8,709","9,397","9,054","9,626","9,784","11,104","11,358","12,434","13,048","10,588","10,602","10,112","9,460","10,180","1,478","4,306","4,268","5,342","6,166"
2231,Stalybridge,SYB,2983,North West,Tameside,"409,094","417,084","470,321","498,692","506,376","523,282",[x],"651,675","687,664","699,931","766,010","894,118","932,976","1,036,004","1,118,212","1,028,260","1,104,882","1,085,716","1,128,900","1,150,886","1,150,298","1,244,122","1,219,638","264,148","666,170","619,346","673,428","840,136"
2232,Stamford (Lincs),SMD,6140,East Midlands,South Kesteven,"186,863","204,025","217,263","212,889","219,965","224,314",[x],"226,026","224,437","260,445","282,778","296,702","287,638","296,430","290,290","314,226","324,813","349,606","355,880","355,532","375,614","384,560","366,652","49,894","227,100","247,698","296,664","343,052"
2233,Stamford Hill,SMH,6968,London,Hackney,"64,366","141,483","137,023","138,667","154,648","171,140",[x],"115,272","101,296","265,335","312,509","275,968","266,550","333,994","373,478","374,466","403,070","454,958","503,130","579,230","542,940","516,942","513,762","218,072","431,102","524,304","695,744","676,276"
2234,Stanford-Le-Hope,SFO,7458,East of England,Thurrock,"663,441","688,355","643,504","684,303","711,792","779,946",[x],"816,214","802,937","856,887","939,067","966,716","923,242","949,022","951,362","992,742","998,168","1,029,894","1,067,586","1,135,044","1,109,214","1,130,456","902,026","263,342","529,374","578,788","610,104","744,904"
2235,Stanlow and Thornton,SNT,2159,North West,Cheshire West and Chester,871,672,173,253,223,382,[x],40,130,326,278,480,490,342,468,260,314,158,88,128,92,46,82,0,44,[z],[z],[z]
2236,Stansted Airport,SSD,6834,East of England,Uttlesford,"1,476,938","1,806,623","2,328,690","2,475,207","2,583,463","2,978,771",[x],"3,822,106","3,799,465","5,370,324","5,521,688","5,241,384","4,458,756","4,074,210","3,723,836","3,692,934","3,685,987","4,501,996","6,012,526","7,632,108","8,934,224","9,773,870","8,474,784","794,992","3,368,742","7,906,474","9,280,540","10,090,904"
2237,Stansted Mountfitchet,SST,6833,East of England,Uttlesford,"257,141","290,247","314,778","315,931","336,458","361,124",[x],"352,267","358,067","354,317","383,993","401,374","363,204","395,658","458,130","485,210","509,178","526,590","540,510","569,860","584,288","599,478","578,766","150,136","406,316","455,236","537,304","551,240"
2238,Staplehurst,SPU,5228,South East,Maidstone,"660,479","678,947","698,243","730,239","744,745","746,272",[x],"814,663","840,190","886,971","933,658","922,704","866,010","879,230","900,520","863,280","848,157","888,016","857,746","851,240","836,502","871,650","855,082","152,152","474,110","612,144","688,210","731,008"
2239,Stapleton Road,SRD,3250,South West,"Bristol, City of","61,678","65,721","63,790","67,503","76,778","77,201",[x],"73,202","86,997","98,446","72,182","103,576","111,532","123,084","129,344","140,390","157,294","178,114","179,872","183,780","179,780","168,674","205,224","65,722","147,770","211,718","273,772","305,052"
2240,Starbeck,SBE,8221,Yorkshire and The Humber,North Yorkshire,"130,952","133,294","137,604","125,034","113,760","109,048",[x],"133,234","133,039","128,590","125,634","132,056","145,622","160,872","161,362","167,100","173,912","172,856","172,940","186,198","199,984","206,654","214,644","54,194","157,458","193,630","224,702","267,220"
2241,Starcross,SCS,3413,South West,Teignbridge,"51,477","52,316","50,387","50,332","52,907","58,384",[x],"69,175","76,771","84,968","83,701","85,262","83,066","91,166","101,030","107,060","100,178","101,004","111,316","142,850","125,898","116,170","111,744","38,644","90,972","107,120","112,584","107,218"
2242,Staveley (Cumbria),SVL,1977,North West,Westmorland and Furness,"15,234","16,958","20,276","18,585","17,597","14,997",[x],"15,545","22,041","25,414","32,679","39,636","46,314","49,138","45,448","47,894","49,656","47,492","44,660","42,378","40,920","32,538","43,164","18,844","41,460","34,654","35,490","42,876"
2243,Stechford,SCF,1043,West Midlands,Birmingham,"96,655","114,638","121,551","116,111","111,510","110,510",[x],"114,535","114,861","109,177","119,781","198,804","202,440","208,830","361,698","367,518","384,500","388,816","431,912","465,260","504,376","570,812","541,264","96,038","234,070","313,948","376,596","417,294"
2244,Steeton and Silsden,SON,8469,Yorkshire and The Humber,Bradford,"260,623","273,795","303,256","317,257","321,027","326,780",[x],"463,248","479,070","505,210","519,662","647,840","680,632","744,336","750,926","787,810","797,060","862,046","838,874","851,608","838,944","803,930","756,114","235,248","445,330","491,930","528,692","594,902"
2245,Stepps,SPS,9842,Scotland,North Lanarkshire,"112,381","141,575","149,499","136,984","128,630","127,740",[x],"202,559","228,310","263,364","277,300","308,824","301,168","291,280","302,248","305,614","277,376","296,880","300,424","269,880","301,942","315,208","271,634","39,066","134,658","193,228","266,040","267,652"
2246,Stevenage,SVG,6092,East of England,Stevenage,"2,504,244","2,724,058","2,906,266","2,817,286","3,125,344","3,267,031",[x],"3,495,795","3,539,052","3,968,033","4,206,418","4,257,732","4,093,020","4,222,776","4,271,612","4,338,702","4,448,305","4,608,984","4,759,972","4,846,618","4,838,058","4,794,974","4,634,006","1,227,254","3,384,604","4,050,328","4,271,680","4,676,446"
2247,Stevenston,STV,9553,Scotland,North Ayrshire,"83,750","83,859","82,076","75,530","73,967","75,964",[x],"87,766","94,566","93,292","96,829","110,114","111,248","112,738","110,206","121,436","134,336","137,888","131,794","117,512","115,294","113,284","115,218","12,040","63,404","82,236","97,974","99,624"
2248,Stewartby,SWR,1386,East of England,Central Bedfordshire,"9,983","10,195","9,732","14,360","17,570","15,957",[x],"16,529","18,637","19,135","17,268","18,872","15,502","14,734","15,556","14,696","16,012","32,330","36,326","36,976","48,412","61,542","72,748","45,770","76,872","72,444","47,456","84,976"
2249,Stewarton,STT,9554,Scotland,East Ayrshire,"155,705","167,372","177,336","193,037","197,773","199,296",[x],"199,180","198,057","196,051","195,779","221,984","234,530","282,856","322,174","332,304","325,998","331,914","321,706","310,602","325,494","334,794","332,232","34,904","139,596","183,380","210,384","248,494"
2250,Stirling,STG,9888,Scotland,Stirling,"1,190,782","1,254,376","1,361,018","1,403,116","1,413,134","1,414,826",[x],"1,710,773","1,905,937","1,919,748","2,027,751","2,131,928","2,154,992","2,267,150","2,261,826","2,238,146","2,259,759","2,415,526","2,441,644","2,337,656","2,503,092","2,480,154","2,485,394","432,464","1,435,624","1,927,190","2,390,494","2,527,778"
2251,Stockport,SPT,2771,North West,Stockport,"1,977,369","1,892,235","1,955,232","1,784,507","1,733,057","1,795,460",[x],"1,608,240","2,011,910","2,237,758","2,439,503","2,824,472","2,933,346","3,138,634","3,328,828","3,367,276","3,505,408","3,411,494","3,586,032","3,781,718","3,852,646","4,437,070","4,305,068","913,096","2,786,214","3,142,678","3,777,068","4,295,970"
2252,Stocksfield,SKS,7513,North East,Northumberland,"46,200","48,046","50,394","54,150","52,981","50,476",[x],"62,557","65,362","62,479","60,339","60,852","61,108","62,224","61,114","61,432","61,928","59,258","53,654","59,770","56,676","59,380","59,352","9,508","33,298","38,864","47,858","52,404"
2253,Stocksmoor,SSM,8451,Yorkshire and The Humber,Kirklees,"19,623","17,886","21,021","22,047","17,167","16,516",[x],"19,348","21,528","20,948","20,778","24,588","25,564","27,194","26,490","21,232","23,648","23,376","21,628","22,854","20,786","19,556","21,026","5,264","19,480","21,730","22,192","22,892"
2254,Stockton,STK,7975,North East,Stockton-on-Tees,"43,488","47,278","53,614","44,596","39,688","44,112",[x],"55,516","58,113","63,352","62,815","62,566","63,414","66,578","69,660","68,656","77,429","72,906","76,940","80,624","79,260","83,050","88,272","26,174","78,162","84,768","109,500","120,000"
2255,Stoke Mandeville,SKM,1467,South East,Buckinghamshire,"169,049","193,174","212,168","256,737","260,635","267,307",[x],"318,451","316,986","313,188","309,449","312,744","282,086","292,478","294,908","288,208","303,742","312,744","316,102","318,494","314,366","318,244","301,948","58,682","149,652","183,476","185,054","191,900"
2256,Stoke Newington,SKW,6934,London,Hackney,"239,082","464,086","502,987","505,112","524,766","606,579",[x],"224,144","203,512","314,821","382,136","414,856","439,528","686,352","821,882","858,572","939,430","979,306","1,165,432","1,367,018","1,328,852","1,253,164","1,229,638","372,670","843,138","1,077,460","1,469,838","1,465,574"
2257,Stoke-On-Trent,SOT,1314,West Midlands,Stoke-on-Trent,"1,227,517","1,242,796","1,260,852","1,141,414","1,129,088","1,117,722",[x],"1,156,025","1,403,422","1,577,493","1,701,409","1,727,358","1,990,642","2,283,038","2,451,140","2,528,380","2,647,156","2,685,300","2,840,238","3,092,626","3,120,314","3,235,960","3,229,908","686,804","2,302,168","2,505,388","2,943,302","3,015,802"
2258,Stone (Staffs),SNE,1316,West Midlands,Stafford,"22,017","22,805","23,932","19,934","20,686","16,538",[x],"4,972","3,114","1,342",[z],[z],"48,054","76,346","85,080","94,784","103,472","106,474","108,902","127,608","145,340","166,728","184,500","53,556","171,592","214,040","232,624","246,412"
2259,Stone Crossing,SCG,5248,South East,Dartford,"72,245","84,193","82,449","94,020","103,435","122,802",[x],"132,488","148,264","144,553","136,626","122,836","122,952","138,502","171,794","140,312","165,214","181,384","180,346","194,608","195,328","236,426","252,298","82,318","173,650","222,148","277,164","318,702"
2260,Stonebridge Park,SBP,1454,London,Brent,"373,786","627,237","572,801","585,454","577,208","604,855",[x],"428,781","473,765","370,257","434,761","390,684","483,246","734,108","900,582","973,478","1,099,182","1,129,962","832,336","810,918","777,936","793,880","1,116,416","579,416","1,003,686","1,187,970","1,299,868","1,355,426"
2261,Stonegate,SOG,5240,South East,Rother,"162,369","172,132","180,587","169,717","160,513","162,798",[x],"157,158","160,462","164,585","160,065","162,492","152,868","153,382","145,684","137,920","140,872","146,626","160,316","176,804","180,222","186,888","175,838","29,224","93,064","118,254","117,954","124,278"
2262,Stonehaven,STN,8964,Scotland,Aberdeenshire,"219,528","239,936","263,230","266,818","284,784","302,088",[x],"363,851","397,351","416,175","452,596","466,996","444,822","482,722","502,812","510,412","528,307","534,892","535,698","504,750","522,890","469,616","451,762","65,246","286,176","359,880","448,104","480,362"
2263,Stonehouse,SHU,4770,South West,Stroud,"95,185","95,653","92,203","87,969","61,725","66,402",[x],"70,399","78,901","88,917","92,735","108,808","110,544","129,498","137,104","146,856","140,848","148,380","148,786","152,088","153,600","166,144","174,050","40,100","123,140","157,108","172,576","193,140"
2264,Stoneleigh,SNL,5606,South East,Epsom and Ewell,"553,523","648,385","702,363","738,450","679,983","670,316",[x],"741,144","758,146","1,222,711","1,277,267","1,149,298","1,160,696","1,168,672","1,164,570","1,164,786","1,176,708","1,183,976","1,119,030","1,069,762","1,001,408","1,047,466","994,994","202,490","531,522","666,670","766,628","807,086"
2265,Stourbridge Junction,SBJ,4646,West Midlands,Dudley,"306,783","592,330","320,204","317,767","331,061","340,961",[x],"370,509","394,422","444,189","499,584","1,138,070","1,159,270","1,206,996","1,149,406","1,216,428","1,276,010","1,323,834","1,434,312","1,466,966","1,585,198","1,667,752","1,631,452","313,080","900,346","1,092,624","1,261,822","1,471,990"
2266,Stourbridge Town,SBT,4643,West Midlands,Dudley,"238,126","264,953","247,886","240,076","238,088","235,402",[x],"200,007","233,499","258,700","278,813","540,898","557,502","592,838","471,222","479,516","483,434","497,736","545,700","575,406","634,494","591,502","559,422","158,964","263,548","295,084","346,018","378,582"
2267,Stow,SOI,9396,Scotland,Scottish Borders,[z],[z],[z],[z],[z],[z],[z],[z],[z],[z],[z],[z],[z],[z],[z],[z],[z],[z],"39,656","67,474","69,834","71,222","70,698","8,272","43,258","59,806","75,818","74,988"
2268,Stowmarket,SMK,7355,East of England,Mid Suffolk,"321,209","344,985","325,714","332,633","336,329","367,331",[x],"417,729","453,271","545,670","705,682","751,802","756,484","855,692","884,962","927,856","944,466","932,510","956,202","951,396","935,240","967,114","916,094","185,762","615,232","764,552","859,800","975,908"
2269,Stranraer,STR,9555,Scotland,Dumfries and Galloway,"47,983","44,665","77,731","43,941","45,714","47,921",[x],"53,190","55,377","54,149","51,539","50,040","50,274","57,276","45,388","45,292","45,530","51,634","53,968","62,282","69,964","56,386","65,862","9,014","31,858","40,138","31,866","30,196"
2270,Stratford (London),SRA,6969,London,Newham,"2,411,989","3,408,123","2,494,893","2,563,277","2,375,462","2,597,390",[x],"7,914,419","7,699,178","13,089,922","13,368,783","12,303,033","12,370,245","17,479,020","21,797,460","25,564,250","26,377,506","30,974,204","41,113,260","42,251,592","40,077,082","41,206,226","41,912,114","13,985,162","28,182,238","44,136,784","56,570,866","51,473,518"
2271,Stratford International,SFA,7222,London,Newham,[z],[z],[z],[z],[z],[z],[z],[z],[z],[z],[z],[z],"69,436","407,497","611,776","957,964","928,366","1,074,518","1,632,646","2,135,940","2,558,840","2,831,410","2,883,674","741,444","1,948,940","2,516,782","2,543,468","2,738,944"
2272,Stratford-Upon-Avon,SAV,4558,West Midlands,Stratford-on-Avon,"437,942","487,030","497,483","483,299","491,348","479,343",[x],"527,119","492,925","533,955","493,302","636,178","643,476","631,196","856,414","898,436","986,542","995,752","994,070","1,036,658","1,043,680","1,035,644","911,400","209,670","574,818","671,228","759,568","840,832"
2273,Stratford-upon-Avon Parkway,STY,6794,West Midlands,Stratford-on-Avon,[z],[z],[z],[z],[z],[z],[z],[z],[z],[z],[z],[z],[z],[z],[z],[z],"34,996","63,488","83,228","81,084","92,782","107,638","110,176","13,696","54,602","73,066","88,666","109,072"
2274,Strathcarron,STC,8673,Scotland,Highland,"7,437","7,291","7,492","7,463","7,157","7,842",[x],"8,658","9,289","7,856","8,585","8,310","8,234","8,122","11,010","9,304","8,950","8,262","8,162","7,678","7,742","6,970","7,224","1,192","5,370","5,524","6,972","6,620"
2275,Strawberry Hill,STW,5607,London,Richmond upon Thames,"434,091","556,315","575,241","585,616","548,878","557,154",[x],"577,311","543,620","978,074","1,022,692","954,594","941,392","989,116","1,027,960","1,045,528","1,098,576","1,134,910","942,636","893,326","838,528","898,280","829,124","164,112","454,396","550,708","627,652","687,594"
2276,Streatham (Greater London),STE,5383,London,Lambeth,"723,246","1,104,169","1,266,239","1,312,522","1,363,220","1,372,728",[x],"1,178,520","1,143,780","1,723,835","2,501,022","2,192,570","2,015,864","2,179,456","2,301,700","2,396,904","2,883,734","3,194,098","2,926,626","2,707,566","2,810,052","2,812,938","2,919,716","894,632","1,687,620","1,988,798","2,120,074","2,437,720"
2277,Streatham Common,SRC,5384,London,Lambeth,"1,397,250","1,876,736","2,036,436","1,899,856","1,893,382","1,976,456",[x],"1,874,901","1,897,201","2,994,714","3,282,824","2,942,892","2,977,568","3,346,078","3,612,564","3,668,806","3,827,296","4,003,938","4,865,112","4,077,140","3,889,860","4,023,862","3,843,176","1,185,646","2,080,500","2,268,928","2,528,890","2,765,402"
2278,Streatham Hill,SRH,5435,London,Lambeth,"1,069,389","1,518,606","1,636,550","1,619,596","1,580,365","1,579,220",[x],"1,274,033","1,274,689","2,004,200","2,355,874","2,137,376","1,996,690","2,322,980","2,684,506","2,661,068","2,725,320","2,813,182","2,634,390","2,223,836","2,152,714","2,176,976","2,089,954","510,278","960,390","1,183,302","1,689,938","1,824,266"
2279,Streethouse,SHC,8543,Yorkshire and The Humber,Wakefield,"18,446","23,976","27,745","21,766","9,542","13,409",[x],"23,492","26,539","28,193","29,785","31,914","29,490","30,938","29,110","30,746","28,460","27,410","27,870","25,358","21,016","19,266","22,568","7,174","18,282","18,970","22,690","25,606"
2280,Stretford,[z],[z],[z],[z],[z],2,[z],[z],[z],[z],[z],[z],[z],[z],[z],[z],[z],[z],[z],[z],[z],[z],[z],[z],[z],[z],[z],[z],[z],[z],[z],[z]
2281,Strines,SRN,2834,North West,Stockport,"3,431","3,395","3,926","3,600","4,851","3,874",[x],"4,798","5,606","6,284","7,247","8,292","9,476","10,604","11,690","21,112","21,728","24,930","26,074","26,332","24,052","27,710","22,186","3,720","14,972","14,822","16,864","13,686"
2282,Stromeferry,STF,8674,Scotland,Highland,856,782,"1,483","1,097",880,"1,166",[x],"1,035","1,163","1,146","1,012","1,000","1,064","1,438","2,218","2,074","1,874","1,634","1,560","1,254","1,378","1,274","1,508",136,918,"1,144","1,104","1,132"
2283,Strood (Kent),SOO,5191,South East,Medway,"582,415","652,488","754,125","604,653","633,376","693,272",[x],"524,196","694,422","764,396","892,705","926,618","884,568","1,057,254","1,108,870","1,110,912","1,098,676","1,182,148","1,197,602","1,132,056","1,071,552","1,194,020","1,158,876","454,344","871,946","990,098","1,054,484","1,167,638"
2284,Stroud (Gloucs),STD,4771,South West,Stroud,"226,817","224,720","226,324","216,249","199,123","221,996",[x],"268,102","281,395","316,490","355,272","400,418","414,054","448,272","465,698","485,428","464,842","490,546","504,006","528,820","544,266","561,892","577,858","146,574","447,232","545,068","583,352","655,356"
2285,Sturry,STU,5029,South East,Canterbury,"52,087","51,688","65,186","67,878","64,477","61,347",[x],"65,638","78,241","80,252","84,205","81,130","66,572","61,440","61,012","69,062","72,962","75,272","78,546","84,030","86,096","95,310","98,754","30,658","72,344","85,020","92,098","112,180"
2286,Styal,SYA,2868,North West,Cheshire East,679,656,"1,332","1,371",838,753,[x],"3,719","2,390","3,690",781,"1,228","2,206","2,440","2,790","3,660","4,226","5,668","4,856","4,772","5,926","13,980","21,670","1,922","11,498","21,454","23,568","28,058"
2287,Sudbury (Suffolk),SUY,7098,East of England,Babergh,"140,338","157,468","179,494","195,862","202,775","217,237",[x],"237,297","244,344","260,505","285,863","284,938","270,390","292,124","313,510","326,340","329,154","333,374","320,994","320,042","323,052","334,274","334,694","61,846","224,284","278,534","319,430","347,900"
2288,Sudbury and Harrow Road,SUD,1483,London,Brent,"3,154","7,135","8,229","7,334","7,309","7,739",[x],"3,004","2,538","14,394","11,407","10,932","12,932","18,454","18,108","18,050","18,718","19,124","30,656","37,742","44,072","42,286","38,058","6,258","15,352","19,778","18,680","22,952"
2289,Sudbury Hill Harrow,SDH,1484,London,Harrow,"13,862","13,625","15,287","11,971","11,676","13,669",[x],"9,074","10,210","27,640","49,175","35,314","35,398","47,028","48,986","51,376","52,962","53,862","70,528","68,754","77,106","79,582","79,082","14,584","35,292","47,630","41,460","53,868"
2290,Sugar Loaf,SUG,4157,Wales,Powys - Powys,93,48,78,108,61,99,[x],122,59,67,111,120,106,84,120,144,240,110,132,228,"1,846",708,156,0,76,398,992,842
2291,Summerston,SUM,9959,Scotland,Glasgow City,"57,672","60,373","58,314","58,871","47,450","34,104",[x],"59,437","68,483","83,542","90,507","108,110","119,654","116,556","140,548","156,810","154,082","166,880","152,434","99,042","146,824","147,360","120,236","24,176","71,268","81,788","118,060","113,996"
2292,Sunbury,SUU,5608,South East,Spelthorne,"363,806","415,460","432,088","416,746","377,546","367,300",[x],"356,232","355,893","360,997","458,341","431,054","392,978","399,816","406,044","404,602","413,598","436,480","432,748","434,878","423,614","409,878","381,432","65,682","210,398","298,000","361,398","390,536"
2293,Sunderland,SUN,7640,North East,Sunderland,"1,168,562","1,261,864","1,302,283","1,161,885","956,667","464,439",[x],"459,167","431,908","350,534","354,147","672,148","690,568","729,962","753,710","816,546","792,044","465,784","475,172","483,836","447,694","441,554","427,014","107,250","385,822","481,814","598,916","709,098"
2294,Sundridge Park,SUP,5155,London,Bromley,"249,090","252,310","276,084","274,204","271,309","271,851",[x],"238,601","242,480","340,729","362,326","342,556","332,152","311,670","284,060","274,974","287,844","303,520","243,006","240,744","252,012","279,726","255,046","37,852","108,694","142,436","176,462","193,024"
2295,Sunningdale,SNG,5671,South East,Windsor and Maidenhead,"468,752","505,601","531,815","538,703","492,189","484,312",[x],"546,425","569,347","621,218","697,761","734,290","659,460","694,750","683,832","686,458","687,424","697,686","697,446","686,640","650,626","660,020","617,980","116,946","363,724","461,418","511,574","597,214"
2296,Sunnymeads,SNY,5675,South East,Windsor and Maidenhead,"18,033","19,628","20,928","18,717","14,880","14,734",[x],"14,829","18,581","20,647","22,936","28,204","30,030","31,418","36,654","38,864","41,418","46,850","45,300","42,328","42,402","48,040","41,600","9,934","27,702","32,614","24,560","27,266"
2297,Surbiton,SUR,5571,London,Kingston upon Thames,"4,098,029","4,968,138","5,421,599","5,624,162","5,526,194","5,562,714",[x],"5,845,840","5,772,843","8,986,893","9,445,960","8,385,738","8,033,770","8,340,356","8,619,992","9,030,624","9,206,902","9,603,768","9,443,276","9,376,696","9,137,278","9,326,392","8,794,364","1,945,154","4,987,860","6,610,018","7,335,212","7,589,564"
2298,Surrey Quays,SQE,1083,London,Southwark,[z],[z],[z],[z],[z],[z],[z],[z],[z],[z],[z],[z],[z],"1,149,598","1,809,904","2,044,336","2,377,440","2,653,852","4,214,654","4,671,354","4,806,496","4,878,020","4,693,100","1,494,474","3,425,248","4,348,614","4,984,956","4,933,592"
2299,Sutton (London),SUO,5385,London,Sutton,"3,151,207","4,254,748","4,456,458","4,176,976","4,533,276","4,618,803",[x],"4,715,606","4,749,567","6,042,442","6,411,175","6,059,260","5,687,112","5,768,694","6,064,504","6,353,196","6,607,180","6,778,932","7,111,238","6,526,152","6,362,036","6,488,114","6,474,958","1,800,708","3,692,266","4,340,262","4,491,044","4,639,520"
2300,Sutton Coldfield,SUT,1044,West Midlands,Birmingham,"390,501","442,901","444,615","425,257","444,626","454,232",[x],"511,612","541,549","578,123","634,293","1,182,862","1,184,736","1,184,526","1,380,694","1,368,220","1,429,544","1,475,372","1,572,670","1,608,692","1,665,244","1,775,522","1,719,870","312,626","645,496","805,404","936,974","1,034,854"
2301,Sutton Common,SUC,5436,London,Sutton,"38,380","47,952","60,638","62,331","69,243","75,194",[x],"86,304","97,481","238,683","320,495","270,188","237,740","272,680","303,530","323,266","376,160","398,246","361,812","316,454","340,494","315,636","346,556","98,804","190,422","225,340","247,460","265,722"
2302,Sutton Parkway,SPK,1861,East Midlands,Ashfield,"75,553","85,378","98,888","110,523","115,004","125,913",[x],"126,199","126,055","119,401","117,685","112,436","135,732","128,554","140,432","147,028","135,250","169,058","180,510","182,208","196,344","197,540","199,070","37,796","111,112","132,092","139,986","141,302"
2303,Swale,SWL,5249,South East,Swale,"2,418","2,832","3,182","2,928","2,281","3,575",[x],"3,831","5,446","3,947","2,756","2,394","2,876","4,068","5,996","3,372","3,792","5,026","3,916","4,458","4,740","7,470","8,044","3,142","10,154","11,280","8,014","7,300"
2304,Swanley,SAY,5075,South East,Sevenoaks,"1,198,452","1,242,285","1,308,157","1,296,741","1,250,211","1,237,948",[x],"1,291,039","1,278,193","1,328,948","1,350,373","1,313,640","1,246,214","1,202,542","1,210,956","1,197,484","1,224,484","1,291,064","1,331,698","1,357,888","1,463,292","1,568,160","1,559,052","398,890","922,280","1,119,522","1,344,974","1,523,582"
2305,Swanscombe,SWM,5156,South East,Dartford,"144,427","154,745","142,322","125,482","133,450","154,827",[x],"172,577","172,565","165,279","160,951","156,912","137,064","139,790","144,268","128,126","143,378","158,912","166,564","173,558","176,442","204,156","253,596","94,476","209,558","258,720","314,532","339,604"
2306,Swansea,SWA,4222,Wales,Swansea - Abertawe,"1,213,926","1,214,867","1,258,136","1,245,117","1,282,334","1,383,551",[x],"1,386,092","1,422,312","1,572,267","1,824,517","2,014,042","2,052,880","2,155,906","2,148,352","2,162,128","2,116,490","2,165,704","2,158,992","2,130,154","2,158,882","2,156,036","2,059,952","468,824","1,478,016","1,883,574","2,186,354","2,303,850"
2307,Swanwick,SNW,5920,South East,Fareham,"246,319","269,407","307,080","343,737","340,880","340,275",[x],"376,714","404,578","426,777","462,915","517,922","510,472","581,456","618,502","631,824","677,520","696,586","695,136","598,968","616,790","641,148","619,388","160,904","418,398","484,578","504,370","562,910"
2308,Sway,SWY,5884,South East,New Forest,"75,155","75,256","77,154","84,295","78,271","78,867",[x],"86,574","87,303","88,056","97,285","97,652","93,958","108,946","107,474","106,702","105,220","104,232","111,560","114,038","105,652","102,978","91,274","17,908","50,164","65,906","74,624","81,398"
2309,Swaythling,SWG,5933,South East,Southampton,"75,118","75,520","70,210","69,343","72,098","68,763",[x],"73,682","77,802","85,292","88,684","90,004","83,600","89,816","103,746","114,594","130,228","138,090","132,472","132,288","125,950","116,106","93,266","23,694","57,640","63,280","74,006","74,572"
2310,Swinderby,SWD,6355,East Midlands,North Kesteven,"5,400","4,467","3,897","3,442","2,324","2,901",[x],"4,097","6,997","5,351","4,358","4,760","7,200","11,544","16,814","20,482","21,134","15,022","11,034","14,462","17,616","18,026","17,912","3,700","10,862","13,186","20,406","22,092"
2311,Swindon (Wilts),SWI,3333,South West,Swindon,"1,856,307","1,905,151","1,950,076","2,064,669","2,011,159","2,117,084",[x],"2,257,719","2,340,952","2,515,492","2,758,891","2,905,266","2,835,364","3,039,228","3,232,578","3,220,180","3,350,444","3,503,982","3,580,540","3,679,242","3,625,338","3,756,422","3,713,738","651,824","2,048,246","2,588,014","2,831,130","3,150,912"
2312,Swineshead,SWE,6228,East Midlands,Boston,914,"1,308","1,177","1,061","1,433","1,517",[x],"1,299",562,838,"1,015","1,028","1,312","2,378","2,260","3,192","3,294","3,886","3,800","3,686","3,406","3,508","2,648",748,"1,300","1,226",894,"1,232"
2313,Swinton (Manchester),SNN,2800,North West,Salford,"75,212","69,728","74,372","77,129","61,136","54,145",[x],"68,445","71,930","75,500","71,171","94,930","106,418","122,230","153,492","138,058","138,006","126,208","132,684","137,362","138,412","125,480","142,280","37,350","115,494","129,492","154,214","165,282"
2314,Swinton (South Yorks),SWN,6686,Yorkshire and The Humber,Rotherham,"200,143","200,060","213,911","212,260","224,249","216,310",[x],"286,752","288,638","258,478","252,474","375,244","356,608","371,622","389,376","400,702","355,702","402,972","390,730","395,832","393,132","383,352","395,596","73,522","252,324","262,862","306,356","346,188"
2315,Sydenham (London),SYD,5437,London,Lewisham,"1,049,006","1,269,897","1,363,909","1,422,815","1,477,673","1,613,262",[x],"1,586,028","1,544,882","2,139,553","2,317,031","2,221,310","2,162,656","2,582,386","2,932,596","3,190,706","3,295,764","3,398,180","4,065,740","4,282,154","4,148,354","4,264,916","4,080,360","1,136,530","2,401,404","3,105,186","3,517,712","3,541,540"
2316,Sydenham Hill,SYH,5085,London,Southwark,"308,952","345,296","336,561","345,710","348,071","339,762",[x],"310,234","306,100","499,944","576,209","559,822","536,984","574,176","570,736","585,176","643,928","700,334","718,502","748,912","788,890","824,800","786,800","208,542","485,970","542,074","676,124","694,346"
2317,Syon Lane,SYL,5609,London,Hounslow,"81,259","102,265","116,631","114,239","105,295","108,278",[x],"235,479","263,012","592,681","716,427","676,250","711,426","818,954","905,242","974,632","1,041,984","1,157,126","1,474,888","1,439,516","1,294,856","1,306,980","1,237,500","223,658","522,764","667,806","806,180","868,730"
2318,Syston,SYS,1900,East Midlands,Charnwood,"115,466","120,516","125,005","127,175","111,282","104,387",[x],"121,144","128,095","143,898","160,238","177,518","188,836","182,532","187,202","165,898","175,610","191,648","210,904","218,470","205,830","224,872","232,064","50,490","108,744","149,102","182,754","213,180"
2319,Tackley,TAC,3195,South East,West Oxfordshire,"21,677","20,253","21,943","20,048","19,092","18,195",[x],"20,382","18,811","18,300","19,294","19,562","20,250","20,896","34,374","20,934","20,996","22,612","24,078","22,494","21,304","21,102","23,666","2,448","14,574","20,898","21,374","25,334"
2320,Tadworth,TAD,5386,South East,Reigate and Banstead,"92,580","93,545","113,054","120,196","131,161","140,095",[x],"173,027","195,290","222,144","244,276","232,012","234,450","247,420","264,836","260,744","273,236","277,776","323,788","253,504","259,686","284,824","282,540","57,286","128,680","173,358","189,068","209,262"
2321,Taffs Well,TAF,3880,Wales,Rhondda Cynon Taf - Rhondda Cynon Taf,"164,764","157,088","178,361","198,977","216,563","235,772",[x],"240,045","242,790","266,268","290,237","280,536","301,144","309,028","311,658","313,570","324,274","337,912","344,718","361,606","363,874","360,856","343,324","37,406","143,528","164,682","190,642","256,722"
2322,Tain,TAI,8676,Scotland,Highland,"6,434","6,116","6,153","6,775","7,584","10,883",[x],"11,174","13,837","18,521","20,847","23,922","24,340","26,944","33,638","34,016","34,578","30,004","27,896","28,622","29,774","29,384","28,036","3,522","19,664","19,606","23,672","23,284"
2323,Talsarnau,TAL,4479,Wales,Gwynedd - Gwynedd,"4,033","3,863","4,139","4,418","4,892","4,806",[x],"4,271","4,533","7,341","8,789","9,854","9,216","9,742","12,068","9,942","7,026","5,836","8,028","6,032","5,400","5,890","5,152",204,"1,828","3,030","3,576","4,988"
2324,Talybont,TLB,4355,Wales,Gwynedd - Gwynedd,"14,422","13,275","15,474","14,970","15,352","14,669",[x],"17,282","15,675","17,474","18,264","16,546","17,742","21,406","19,972","20,374","20,332","22,144","28,984","28,090","26,936","25,274","25,736","4,470","16,280","26,046","28,858","35,872"
2325,Tal-y-Cafn,TLC,2463,Wales,Conwy - Conwy,"1,534","1,629","1,756","2,252","2,068","1,979",[x],"1,039","1,254","1,173","1,272","1,240","1,078",988,"1,356","1,666","2,400","2,102","1,358","1,328","1,148","1,362",812,336,"1,112","1,388","2,608","2,972"
2326,Tame Bridge Parkway,TAB,1010,West Midlands,Sandwell,"111,745","129,558","120,578","110,046","116,422","125,879",[x],"142,707","150,722","177,832","189,670","364,272","372,092","382,120","491,926","503,394","521,164","534,618","578,164","588,856","612,682","671,576","664,956","120,050","352,910","504,888","579,860","632,172"
2327,Tamworth,TAM,1322,West Midlands,Tamworth,"398,197","481,165","502,121","479,426","518,057","585,851",[x],"655,689","710,594","767,360","782,032","798,986","884,504","930,646","952,638","962,762","1,025,700","1,054,190","1,148,686","1,198,700","1,221,942","1,279,204","1,270,702","233,910","834,014","944,716","1,030,316","1,240,246"
2328,Taplow,TAP,3151,South East,Buckinghamshire,"114,711","126,572","160,453","171,778","163,119","158,103",[x],"149,191","155,514","174,108","187,293","194,980","197,434","212,420","230,048","239,116","247,418","247,068","263,958","274,398","280,944","311,900","320,926","94,914","276,568","300,082","459,790","528,968"
2329,Tattenham Corner,TAT,5387,South East,Reigate and Banstead,"72,843","87,394","97,445","109,504","131,357","128,151",[x],"173,374","190,712","211,533","229,638","247,666","239,366","244,492","278,692","292,810","307,592","292,692","283,452","228,812","232,642","246,770","252,252","41,976","89,690","135,442","126,216","149,554"
2330,Taunton,TAU,3471,South West,Somerset,"651,524","666,527","719,767","691,337","747,561","768,300",[x],"837,001","903,807","951,650","1,076,797","1,184,866","1,191,558","1,238,006","1,292,972","1,289,276","1,261,950","1,315,144","1,375,546","1,433,160","1,460,746","1,531,416","1,585,206","364,244","1,196,802","1,398,098","1,464,918","1,615,614"
2331,Taynuilt,TAY,8727,Scotland,Argyll and Bute,"6,238","6,765","6,200","6,723","7,087","7,537",[x],"11,334","9,873","10,005","9,925","10,268","11,364","11,802","11,940","12,980","12,660","21,968","22,226","21,916","24,788","22,472","18,416","35,054","35,456","42,026","45,776","38,888"
2332,Teddington,TED,5572,London,Richmond upon Thames,"1,085,588","1,338,325","1,400,213","1,445,184","1,328,635","1,372,532",[x],"1,483,990","1,469,222","2,307,253","2,530,988","2,248,516","2,222,352","2,301,530","2,372,250","2,439,604","2,495,754","2,630,766","2,345,498","2,234,070","2,134,778","2,228,352","2,060,236","408,402","1,088,744","1,380,530","1,611,738","1,717,082"
2333,Teesside Airport,TEA,7521,North East,Darlington,55,110,94,104,150,56,[x],74,72,85,52,44,68,18,14,8,8,32,98,30,74,206,338,2,42,2,[z],[z]
2334,Teignmouth,TGM,3430,South West,Teignbridge,"286,897","278,925","303,851","291,219","279,080","286,471",[x],"318,532","331,048","364,910","418,162","437,746","451,154","505,046","566,348","592,412","566,620","602,886","640,112","681,046","694,062","705,732","690,972","269,248","606,756","691,384","728,100","760,568"
2335,Telford Central,TFC,4691,West Midlands,Telford and Wrekin,"650,898","777,723","679,277","697,239","735,338","741,269",[x],"777,366","793,679","781,319","799,040","941,068","972,162","991,916","1,033,632","1,034,156","1,070,700","1,093,210","1,139,070","1,207,406","1,207,358","1,198,384","1,190,850","205,242","698,194","882,676","1,015,780","1,177,576"
2336,Templecombe,TMC,5837,South West,Somerset,"49,856","50,085","56,381","66,790","68,131","69,915",[x],"75,394","80,502","85,499","98,503","107,800","98,852","106,556","112,358","106,750","109,412","113,732","115,378","126,676","114,168","108,164","93,824","20,488","57,088","68,276","79,776","91,732"
2337,Tenby,TEN,4110,Wales,Pembrokeshire - Sir Benfro,"60,388","62,350","69,031","71,021","71,906","71,587",[x],"76,695","75,629","84,598","94,231","92,892","99,262","105,482","112,304","108,878","111,562","121,324","118,338","123,314","122,584","125,450","116,874","16,246","70,580","93,206","104,962","133,446"
2338,Teynham,TEY,5193,South East,Swale,"142,957","156,076","178,361","174,311","176,620","160,310",[x],"153,698","154,827","161,316","166,978","172,316","150,656","133,592","120,944","106,642","108,114","117,474","119,614","121,822","136,814","136,006","145,748","51,660","119,432","134,802","168,386","181,476"
2339,Thames Ditton,THD,5610,South East,Elmbridge,"239,913","486,765","306,256","310,838","315,345","356,883",[x],"471,220","464,935","881,867","947,091","847,190","808,190","821,884","844,442","857,930","909,792","983,952","889,488","867,208","824,330","830,074","769,062","167,058","497,780","617,400","710,640","760,682"
2340,Thanet Parkway,THP,2041,South East,Thanet,[z],[z],[z],[z],[z],[z],[z],[z],[z],[z],[z],[z],[z],[z],[z],[z],[z],[z],[z],[z],[z],[z],[z],[z],[z],[z],"57,238","123,724"
2341,Thatcham,THA,3152,South East,West Berkshire,"343,988","347,172","399,275","417,158","407,099","406,289",[x],"436,942","455,931","489,463","523,454","528,882","499,678","505,342","500,266","532,882","522,134","535,172","578,410","581,054","556,576","490,346","550,724","106,564","307,376","362,898","407,766","464,916"
2342,Thatto Heath,THH,2264,North West,St. Helens,"72,557","73,964","87,014","87,198","81,318","70,423",[x],"88,760","99,690","93,180","100,047","140,632","148,188","162,726","161,662","143,826","221,126","213,968","229,152","236,766","257,132","134,750","157,572","36,768","98,782","115,342","142,354","148,722"
2343,The Hawthorns,THW,4523,West Midlands,Sandwell,"70,542","72,797","67,063","84,238","95,721","85,261",[x],"97,942","127,195","145,681","157,170","314,216","323,144","327,338","387,068","405,526","432,706","422,750","439,912","436,562","458,834","501,526","509,308","84,980","225,200","266,310","284,344","334,428"
2344,The Lakes (Warks),TLK,4538,West Midlands,Stratford-on-Avon,"10,967","11,681","12,666","11,699","10,921","11,300",[x],"10,210","9,792","8,957","6,851","10,884","11,850","11,832","12,392","11,564","13,124","12,116","12,812","13,888","13,010","12,666","13,058","3,138","9,298","10,532","14,476","17,778"
2345,Theale,THE,3153,South East,West Berkshire,"227,325","269,001","324,116","376,605","382,420","402,711",[x],"427,352","443,201","493,831","484,560","470,740","431,372","444,676","444,728","472,426","466,728","475,938","487,678","494,056","482,304","483,904","476,266","73,190","213,782","282,980","322,734","390,508"
2346,Theobalds Grove,TEO,6949,East of England,Broxbourne,"221,073","258,633","294,496","314,907","292,412","268,640",[x],"302,689","268,974","232,952","222,252","213,558","198,844","214,296","217,304","234,874","305,774","297,524","351,986","413,936","585,774","643,036","630,514","218,100","480,296","566,594","755,706","751,174"
2347,Thetford,TTF,7203,East of England,Breckland,"81,435","91,704","98,359","107,532","120,731","140,420",[x],"191,848","198,845","206,274","212,576","218,542","236,470","242,756","258,510","287,024","289,790","295,044","300,286","302,920","297,364","299,752","286,700","73,700","226,022","276,522","295,514","305,618"
2348,Thirsk,THI,8191,Yorkshire and The Humber,North Yorkshire,"133,026","134,582","139,209","138,343","132,709","124,877",[x],"142,359","147,333","148,260","161,474","173,944","174,826","189,288","189,018","190,718","194,394","211,876","218,308","223,610","235,438","230,042","221,504","47,994","208,962","231,150","263,184","288,024"
2349,Thornaby,TBY,7976,North East,Stockton-on-Tees,"155,063","166,220","197,221","208,262","213,441","215,226",[x],"322,520","358,699","406,359","450,568","479,078","492,840","569,218","574,500","570,986","583,103","592,300","609,152","633,960","602,024","591,322","585,452","155,586","443,608","511,088","585,806","659,792"
2350,Thorne North,TNN,6530,Yorkshire and The Humber,Doncaster,"190,016","202,219","230,603","232,776","221,338","203,466",[x],"283,161","280,467","249,922","121,565","143,464","135,324","151,028","162,748","146,856","105,848","188,430","190,760","188,758","175,858","173,472","178,242","31,804","95,270","101,040","151,816","178,734"
2351,Thorne South,TNS,6531,Yorkshire and The Humber,Doncaster,144,28,85,136,399,247,[x],279,192,79,"100,606","123,040","112,842","130,646","140,462","129,736","82,196","87,210","86,962","87,334","83,830","81,766","88,342","22,554","59,802","47,976","53,944","66,512"
2352,Thornford,THO,5849,South West,Dorset,"2,034","2,060","1,850","1,614","1,532","1,705",[x],"1,396","1,573","2,720","5,132","2,486","3,256","2,838","2,832","3,042","2,708","3,144","2,874","2,544","3,448","3,498","2,744",618,"2,366","2,916","3,340","2,312"
2353,Thornliebank,THB,9812,Scotland,East Renfrewshire,"79,288","77,787","74,432","80,980","76,500","76,244",[x],"73,754","95,431","109,797","118,619","147,412","162,686","184,050","206,794","223,368","217,158","230,406","254,354","283,284","285,594","278,194","279,186","50,950","144,096","190,454","256,348","196,424"
2354,Thornton Abbey,TNA,6210,Yorkshire and The Humber,North Lincolnshire,"1,477","1,778","1,403","1,281","1,425",790,[x],656,767,807,762,"1,102","1,056","1,196","1,350",954,"1,298","1,164","1,342","1,040","1,042","1,114",708,238,754,"1,134",946,724
2355,Thornton Heath,TTH,5388,London,Croydon,"1,182,337","1,625,909","1,751,729","1,746,027","1,798,178","1,788,134",[x],"1,785,882","1,816,383","2,365,090","2,593,059","2,377,258","2,383,818","2,633,274","2,848,656","2,970,480","3,073,494","3,266,642","3,856,500","3,390,804","3,327,476","3,277,862","3,098,306","1,044,488","1,692,254","1,915,222","2,182,930","2,432,008"
2356,Thorntonhall,THT,9825,Scotland,South Lanarkshire,"17,628","15,782","14,952","14,741","11,861","13,444",[x],"13,963","14,961","18,166","17,766","19,654","20,492","18,290","19,360","21,624","18,394","18,314","19,094","16,748","21,310","22,026","24,034","3,098","11,130","14,880","19,642","18,166"
2357,Thorpe Bay,TPB,7460,East of England,Southend-on-Sea,"635,152","648,780","684,017","711,490","679,418","702,958",[x],"702,303","698,109","729,534","751,676","742,066","760,416","797,256","814,218","797,942","811,871","828,660","864,236","879,668","885,606","889,518","888,254","199,812","466,516","596,820","629,600","667,938"
2358,Thorpe Culvert,TPC,6267,East Midlands,East Lindsey,848,"1,705",779,945,620,432,[x],738,718,977,894,960,382,418,340,352,340,284,286,210,148,258,140,32,580,396,364,788
2359,Thorpe-le-Soken,TLS,6857,East of England,Tendring,"109,260","124,519","128,165","125,383","127,397","132,084",[x],"134,958","132,797","129,117","128,996","124,466","118,324","124,146","124,362","121,300","130,164","134,870","137,476","134,164","127,928","131,088","135,486","32,264","95,582","119,048","132,260","143,078"
2360,Three Bridges,TBD,5491,South East,Crawley,"1,640,908","1,814,897","1,955,202","1,840,239","1,910,463","1,952,804",[x],"2,011,517","2,070,096","2,246,613","2,407,558","2,474,852","2,475,106","2,701,820","2,880,302","3,005,312","3,160,332","3,229,830","3,173,378","3,071,680","3,069,248","3,223,574","3,190,348","772,486","2,194,866","2,791,886","3,052,004","3,307,440"
2361,Three Oaks,TOK,5028,South East,Rother,"8,801","9,209","7,948","5,855","6,459","5,491",[x],"8,574","6,061","1,059",539,504,532,"1,540","6,088","5,438","6,912","8,462","9,604","6,648","8,096","11,534","12,672","3,914","8,952","12,196","14,938","15,482"
2362,Thurgarton,THU,6203,East Midlands,Newark and Sherwood,"1,283","1,336","1,103","1,383","1,176","1,009",[x],"1,056","2,791","2,122","2,036","2,938","2,102","2,242","1,840","2,314","1,972","1,930","1,506","2,470","2,156","3,462","4,338",324,"1,728","1,584","2,518","3,204"
2363,Thurnscoe,THC,8282,Yorkshire and The Humber,Barnsley,"53,837","51,065","53,768","49,670","45,694","44,757",[x],"58,017","62,189","54,877","51,008","59,342","59,944","62,074","66,978","65,996","69,060","74,888","77,528","76,116","69,398","63,316","66,616","17,512","62,150","68,272","79,662","82,394"
2364,Thurso,THS,8677,Scotland,Highland,"35,588","37,136","38,608","39,990","37,184","38,112",[x],"37,338","35,083","32,906","37,064","43,450","47,792","48,172","48,090","46,024","43,802","42,082","38,426","37,322","39,174","39,974","39,702","6,474","25,200","31,446","37,626","36,980"
2365,Thurston,TRS,7356,East of England,Mid Suffolk,"13,923","13,983","11,085","10,597","11,655","13,383",[x],"14,039","19,023","25,755","38,387","40,208","41,030","49,060","53,932","64,082","70,500","69,856","71,930","69,258","72,388","77,592","71,562","15,688","76,036","95,720","114,330","123,640"
2366,Tilbury River,[z],[z],[z],[z],"1,945","1,471",[z],[z],[z],[z],[z],[z],[z],[z],[z],[z],[z],[z],[z],[z],[z],[z],[z],[z],[z],[z],[z],[z],[z],[z],[z],[z]
2367,Tilbury Town,TIL,7462,East of England,Thurrock,"409,992","410,043","413,174","428,806","445,788","527,766",[x],"663,849","712,227","760,664","833,700","821,910","793,268","800,328","820,206","831,822","842,692","898,974","956,906","1,023,928","1,173,778","1,253,652","1,182,556","589,212","925,500","958,762","998,052","1,110,752"
2368,Tile Hill,THL,1035,West Midlands,Coventry,"86,893","142,697","108,679","106,627","103,072","105,476",[x],"101,583","113,272","130,681","142,142","303,582","328,368","339,178","436,874","450,464","502,952","543,946","629,248","664,282","685,984","724,504","678,866","107,360","326,194","428,386","482,656","541,526"
2369,Tilehurst,TLH,3154,South East,Reading,"275,242","317,143","342,455","377,758","369,445","387,422",[x],"404,949","393,012","401,248","401,353","437,362","441,548","471,606","506,542","501,120","518,302","546,658","533,300","551,794","549,370","592,760","572,258","91,930","241,228","320,010","357,382","385,312"
2370,Timperley,[z],[z],[z],[z],22,12,[z],[z],[z],[z],[z],[z],[z],[z],[z],[z],[z],[z],[z],[z],[z],[z],[z],[z],[z],[z],[z],[z],[z],[z],[z],[z]
2371,Tipton,TIP,1159,West Midlands,Sandwell,"97,444","140,792","104,766","97,527","92,328","91,680",[x],"107,514","115,747","124,614","126,768","218,340","149,808","210,180","253,116","241,592","282,460","287,202","320,244","334,582","349,404","381,746","364,498","75,502","220,748","297,094","328,742","358,656"
2372,Tir-Phil,TIR,4025,Wales,Caerphilly - Caerffili,"40,908","42,803","48,359","55,049","57,655","57,085",[x],"33,717","26,507","25,489","25,437","27,072","22,400","21,460","22,994","22,900","23,632","26,234","26,534","22,986","23,572","24,422","21,902","3,810","17,192","26,168","28,724","28,360"
2373,Tisbury,TIS,5798,South West,Wiltshire,"135,394","136,262","143,244","146,643","150,619","168,933",[x],"189,872","213,928","208,785","211,128","216,916","208,828","216,572","225,626","224,508","238,538","241,524","241,340","239,480","227,606","221,736","199,464","51,562","126,416","151,630","170,286","191,224"
2374,Tiverton Parkway,TVP,3474,South West,Mid Devon,"176,024","181,825","187,932","178,153","173,303","185,262",[x],"202,588","232,386","269,760","303,982","343,960","354,648","367,226","394,046","412,922","407,352","447,284","478,250","492,742","504,296","480,022","510,386","119,164","405,222","524,190","581,478","682,906"
2375,Todmorden,TOD,2677,Yorkshire and The Humber,Calderdale,"219,748","233,244","274,143","266,821","254,901","250,526",[x],"297,391","311,986","338,405","340,098","416,364","459,426","525,084","568,870","541,770","548,152","563,920","585,310","607,436","624,414","636,040","648,482","153,040","431,194","516,744","599,300","718,118"
2376,Tolworth,TOL,5573,London,Kingston upon Thames,"184,154","221,892","233,025","226,127","207,175","201,304",[x],"241,835","251,745","474,586","513,302","472,540","468,820","488,466","530,676","543,910","573,398","621,560","648,968","603,466","514,644","616,416","550,576","156,108","384,986","496,378","527,778","575,870"
2377,Ton Pentre,TPN,3897,Wales,Rhondda Cynon Taf - Rhondda Cynon Taf,"100,394","92,951","94,539","100,673","100,844","95,111",[x],"44,901","37,998","46,826","92,481","100,922","109,428","39,698","40,608","46,488","46,818","47,102","43,858","74,984","79,880","68,608","66,868","13,024","45,346","53,622","36,352","79,222"
2378,Tonbridge,TON,5229,South East,Tonbridge and Malling,"3,171,965","3,312,671","3,553,674","3,645,790","3,583,578","3,639,722",[x],"3,810,457","3,931,393","4,115,454","4,314,602","4,211,562","3,983,778","4,055,184","4,177,120","4,100,552","4,052,722","4,207,328","4,337,310","4,414,394","4,391,168","4,554,198","4,418,620","1,210,442","2,985,822","3,502,936","3,757,714","4,048,158"
2379,Tondu,TDU,4271,Wales,Bridgend - Pen-y-bont ar Ogwr,"28,961","29,801","25,992","26,710","31,772","27,038",[x],"28,396","28,869","30,919","28,371","29,572","30,238","36,110","36,668","41,220","56,864","43,400","41,222","47,226","48,888","48,478","51,052","7,572","28,370","39,936","47,238","49,950"
2380,Tonfanau,TNF,4432,Wales,Gwynedd - Gwynedd,415,330,314,405,631,"1,211",[x],"2,197",868,"1,117","1,145","1,352","3,016","2,726","2,150","2,240","2,728","3,258","3,074","2,758","3,292","3,058","2,158",190,"1,116","1,556","2,380","2,490"
2381,Tonypandy,TNP,3882,Wales,Rhondda Cynon Taf - Rhondda Cynon Taf,"122,656","113,658","130,225","140,898","146,796","143,240",[x],"83,745","71,578","84,926","78,305","82,566","94,942","77,796","79,600","88,770","79,290","82,396","82,036","114,840","110,928","102,630","93,486","15,962","61,340","78,860","42,802","112,292"
2382,Tooting,TOO,5389,London,Merton,"206,971","464,990","666,013","669,253","730,494","798,262",[x],"629,734","645,316","1,052,365","1,354,500","1,112,464","944,720","1,000,590","1,065,064","1,083,328","1,317,760","1,451,732","1,222,542","1,028,118","1,050,990","942,892","1,045,132","391,980","630,816","702,972","747,316","803,666"
2383,Topsham,TOP,5758,South West,Exeter,"92,050","90,192","94,495","98,174","106,205","105,717",[x],"127,903","138,905","156,153","172,818","183,006","186,056","199,484","221,196","221,050","221,332","231,122","231,660","250,282","249,628","238,500","229,474","67,918","206,696","227,632","260,064","300,338"
2384,Torquay,TQY,3434,South West,Torbay,"268,726","270,255","290,074","265,112","271,548","284,566",[x],"298,494","292,701","307,520","341,916","370,886","360,418","381,072","407,822","428,436","409,600","457,724","488,854","505,384","513,832","483,450","457,528","168,810","412,594","455,448","464,904","508,086"
2385,Torre,TRR,3432,South West,Torbay,"101,020","88,622","109,277","101,099","106,638","138,305",[x],"153,214","150,974","139,572","133,619","145,478","154,776","178,564","224,068","234,206","239,380","274,708","306,802","295,076","289,444","281,138","290,116","139,330","301,996","331,844","343,028","376,492"
2386,Totnes,TOT,3558,South West,South Hams,"295,522","304,329","327,953","306,164","295,019","316,214",[x],"353,580","384,375","433,400","484,465","541,216","563,906","592,720","639,944","662,822","627,810","657,754","657,370","667,730","700,038","696,226","725,038","225,454","575,630","687,394","710,378","797,324"
2387,Tottenham Court Road,TCR,6556,London,Camden,[z],[z],[z],[z],[z],[z],[z],[z],[z],[z],[z],[z],[z],[z],[z],[z],[z],[z],[z],[z],[z],[z],[z],[z],[z],"34,877,768","64,219,040","68,133,826"
2388,Tottenham Hale,TOM,6951,London,Haringey,[z],[z],[z],[z],[z],[z],[z],[z],[z],"3,316,037","3,753,982","3,961,490","3,599,516","3,831,805","4,014,020","4,543,876","4,790,567","5,745,036","6,926,144","7,939,000","8,171,404","8,532,344","9,245,492","2,651,550","6,096,468","7,563,650","8,498,156","9,256,456"
2389,Totton,TTN,5921,South East,New Forest,"152,642","163,351","160,010","171,314","164,599","178,311",[x],"237,611","260,866","282,542","314,106","301,094","286,440","302,522","278,638","300,266","297,758","306,022","311,406","293,282","285,124","291,220","256,554","75,754","176,992","200,278","202,736","216,312"
2390,Town Green,TWN,2283,North West,West Lancashire,"178,454","178,940","215,298","218,441","204,657","188,160",[x],"183,233","203,324","202,425","206,180","259,972","239,100","193,200","149,408","141,760","337,112","346,602","365,836","384,974","338,544","395,678","435,124","101,734","290,144","360,580","405,438","409,698"
2391,Trafford Park,TRA,2969,North West,Trafford,"26,927","28,399","27,275","25,806","26,353","23,031",[x],"27,807","29,317","34,690","34,630","43,896","44,596","46,880","44,518","39,408","43,586","49,324","61,512","64,712","54,864","46,340","49,220","9,826","31,320","36,768","38,530","44,548"
2392,Trefforest,TRF,3887,Wales,Rhondda Cynon Taf - Rhondda Cynon Taf,"526,717","552,999","592,521","606,742","640,130","675,607",[x],"589,104","596,895","633,767","671,343","696,650","746,616","769,646","911,766","834,386","824,964","809,660","800,548","809,930","752,308","719,162","653,816","79,490","397,730","554,112","649,910","712,434"
2393,Trefforest Estate,TRE,3886,Wales,Rhondda Cynon Taf - Rhondda Cynon Taf,"11,455","10,663","9,449","11,458","9,511","16,490",[x],"120,921","112,271","124,831","139,422","125,132","122,014","116,052","104,442","108,410","113,956","119,656","113,720","92,672","83,696","78,750","70,170","7,804","37,666","46,480","53,136","121,436"
2394,Trehafod,TRH,3888,Wales,Rhondda Cynon Taf - Rhondda Cynon Taf,"32,438","30,106","29,524","30,104","32,068","29,847",[x],"27,769","25,483","28,761","27,270","29,156","29,348","31,498","33,290","31,874","31,092","31,704","34,318","37,312","38,416","38,010","34,660","7,048","21,334","26,982","14,144","38,404"
2395,Treherbert,TRB,3889,Wales,Rhondda Cynon Taf - Rhondda Cynon Taf,"110,480","113,768","138,186","167,750","200,823","220,325",[x],"456,396","463,286","490,890","501,012","503,456","498,236","526,862","512,582","529,676","541,720","521,860","510,248","508,624","485,964","457,656","395,518","27,518","95,984","121,196","68,720","175,190"
2396,Treorchy,TRY,3891,Wales,Rhondda Cynon Taf - Rhondda Cynon Taf,"143,777","136,657","144,247","153,832","169,785","153,789",[x],"80,757","65,784","90,115","159,050","189,884","218,766","64,980","67,498","76,870","74,438","77,848","70,864","186,526","169,948","151,064","132,890","20,242","77,888","83,404","60,916","125,344"
2397,Trimley,TRM,7225,East of England,East Suffolk,"15,872","13,925","19,799","25,707","28,953","21,619",[x],"21,837","25,802","30,153","42,413","40,714","37,910","40,382","37,746","40,164","37,134","36,106","32,102","32,888","32,420","32,178","31,122","7,366","35,612","41,164","45,948","57,066"
2398,Tring,TRI,1393,East of England,Dacorum,"458,394","466,920","495,225","451,493","429,690","421,951",[x],"452,372","501,716","553,253","587,473","576,452","587,744","661,130","724,470","767,362","789,238","818,888","843,842","860,166","857,474","876,526","818,858","117,892","425,296","553,208","673,064","787,982"
2399,Troed-Y-Rhiw,TRD,4276,Wales,Merthyr Tydfil - Merthyr Tudful,"59,381","59,754","66,734","76,606","85,641","74,841",[x],"29,516","24,931","25,026","22,890","23,528","34,390","32,496","31,564","34,662","44,544","48,388","48,940","38,358","38,798","41,750","36,014","5,048","25,270","33,662","31,960","40,862"
2400,Troon,TRN,9562,Scotland,South Ayrshire,"467,312","487,945","525,337","489,081","457,832","467,517",[x],"509,318","539,180","561,803","569,318","617,904","613,848","644,720","644,836","655,828","653,312","683,102","671,310","756,400","659,962","616,184","610,086","79,790","271,606","337,142","370,634","498,042"
2401,Trowbridge,TRO,3348,South West,Wiltshire,"341,475","348,108","390,119","404,998","427,293","461,708",[x],"514,783","543,800","584,777","571,281","612,590","652,406","740,254","779,180","790,030","849,928","903,248","902,966","983,704","930,134","933,894","917,458","252,156","640,376","734,768","840,926","904,324"
2402,Truro,TRU,3540,South West,Cornwall,"538,100","570,032","578,008","558,504","603,611","638,727",[x],"714,954","772,674","856,474","917,184","997,368","1,042,412","1,161,138","1,279,346","1,265,284","1,238,874","1,257,040","1,201,010","1,202,942","1,205,294","1,186,886","1,211,362","419,996","1,048,568","1,100,592","1,188,052","1,334,668"
2403,Tulloch,TUL,8837,Scotland,Highland,"1,477","1,700","1,827","1,900","2,045","2,839",[x],"2,083","2,122","2,314","2,365","2,394","2,052","2,216","2,136","2,124","2,046","1,998","1,804","1,616","1,774","2,148","1,770",266,"1,500","1,544","2,106","2,252"
2404,Tulse Hill,TUH,5390,London,Lambeth,"593,411","800,166","938,225","992,606","1,017,510","1,028,660",[x],"950,837","886,932","1,464,347","1,964,216","1,800,600","1,671,756","1,849,568","1,985,756","2,145,064","2,442,126","2,597,752","2,462,898","2,178,622","2,323,478","2,363,710","2,389,254","775,712","1,590,774","1,877,122","1,998,822","2,181,520"
2405,Tunbridge Wells,TBW,5230,South East,Tunbridge Wells,"2,584,362","2,769,773","2,967,118","2,839,149","2,946,476","3,027,547",[x],"3,149,435","3,264,797","3,450,304","3,809,211","3,795,156","3,414,482","3,511,142","3,531,566","3,481,480","3,487,166","3,732,980","3,810,546","3,820,560","3,679,222","3,838,532","3,625,146","735,876","2,096,900","2,565,944","2,839,480","3,038,690"
2406,Turkey Street,TUR,6952,London,Enfield,"204,225","234,106","231,334","252,508","267,969","276,381",[x],"315,901","286,281","442,769","558,801","458,694","419,816","425,106","443,564","471,816","548,232","594,414","603,754","711,572","966,602","980,294","905,998","339,834","686,344","777,814","1,022,178","990,634"
2407,Tutbury and Hatton,TUT,1783,East Midlands,South Derbyshire,"46,031","43,444","47,032","47,026","43,392","39,714",[x],"37,772","35,486","36,807","38,558","40,736","44,816","52,182","56,404","53,442","58,170","63,430","64,306","68,942","71,034","71,100","73,974","15,546","45,232","56,556","66,038","89,778"
2408,Tweedbank,TWB,9500,Scotland,Scottish Borders,[z],[z],[z],[z],[z],[z],[z],[z],[z],[z],[z],[z],[z],[z],[z],[z],[z],[z],"300,602","436,232","436,978","443,766","420,238","38,476","203,746","301,528","399,460","405,824"
2409,Twickenham,TWI,5574,London,Richmond upon Thames,"1,789,864","2,469,516","2,690,104","2,644,919","2,463,053","2,629,177",[x],"3,106,843","3,139,142","4,902,321","5,032,750","5,108,980","4,798,874","5,114,326","5,149,110","5,565,466","5,758,276","6,013,240","6,534,848","5,924,016","5,595,416","5,498,078","4,991,230","932,920","2,947,394","4,019,124","4,491,674","4,972,204"
2410,Twyford,TWY,3155,South East,Wokingham,"881,863","913,787","990,832","1,060,076","1,065,411","1,053,600",[x],"1,083,059","1,127,475","1,208,757","1,222,401","1,242,858","1,206,166","1,232,710","1,299,324","1,347,178","1,361,892","1,369,126","1,379,522","1,383,438","1,411,386","1,508,004","1,527,952","266,248","801,214","1,081,660","1,563,894","1,754,790"
2411,Ty Croes,TYC,2439,Wales,Isle of Anglesey - Ynys Môn,"4,329","4,348","4,800","4,162","3,961","3,512",[x],"4,153","4,149","3,778","3,656","4,164","3,732","4,612","3,718","4,066","4,142","4,836","5,384","5,426","4,292","3,590","3,064","1,190","3,902","4,882","7,412","8,244"
2412,Ty Glas,TGS,3817,Wales,Cardiff - Caerdydd,"51,949","46,529","50,799","54,030","58,537","64,195",[x],"52,004","44,884","52,569","60,886","79,312","83,246","90,800","110,222","117,258","131,034","146,626","180,420","204,158","207,020","186,254","190,746","13,046","37,870","71,118","95,876","94,494"
2413,Tygwyn,TYG,4357,Wales,Gwynedd - Gwynedd,519,666,352,438,635,593,[x],"1,598",845,984,"1,384","1,112","2,072","2,048","1,418","1,938","1,364","1,168","2,068","1,802","1,580","1,330","1,062",4,224,"1,052",986,"1,092"
2414,Tyndrum Lower,TYL,8728,Scotland,Stirling,"4,371","3,636","4,549","4,907","5,888","6,937",[x],"8,057","7,481",17,"4,577","4,552","4,146","3,856","3,698","3,928","4,082","5,334","5,488","5,510","5,364","5,996","5,128",858,"3,386","4,650","6,382","5,986"
2415,Tyseley,TYS,4518,West Midlands,Birmingham,"72,528","72,150","70,016","62,765","38,155","51,964",[x],"57,258","54,298","63,232","66,464","167,992","163,428","169,416","181,510","193,212","197,504","202,144","209,382","219,572","238,014","276,232","295,306","67,234","123,698","148,100","197,640","243,730"
2416,Tywyn,TYW,4433,Wales,Gwynedd - Gwynedd,"87,829","82,992","98,855","100,074","106,203","104,242",[x],"105,083","102,852","99,741","132,230","101,098","103,222","109,506","116,352","109,278","97,696","105,364","107,446","104,238","102,196","105,178","101,726","18,204","58,560","89,906","97,184","133,700"
2417,Uckfield,UCK,5334,South East,Wealden,"89,741","104,005","110,970","120,929","110,477","103,364",[x],"146,723","217,683","263,357","310,293","334,526","336,860","403,038","445,202","538,168","546,690","552,364","480,624","441,624","451,286","471,646","387,252","48,824","158,916","200,272","213,160","235,458"
2418,Uddingston,UDD,9776,Scotland,South Lanarkshire,"436,012","563,214","550,022","530,747","483,564","446,373",[x],"533,333","580,677","615,598","647,248","723,332","702,484","731,600","769,524","784,600","769,654","819,576","826,694","876,000","888,052","898,176","863,522","138,094","408,504","567,802","701,672","702,066"
2419,Ulceby,ULC,6211,Yorkshire and The Humber,North Lincolnshire,"10,727","10,151","10,182","9,984","10,245","8,450",[x],"7,103","7,293","8,826","8,089","7,364","6,280","7,746","7,950","9,410","9,114","7,812","6,808","6,598","7,872","7,320","7,190","1,096","2,720","2,860","3,212","4,480"
2420,Ulleskelf,ULL,8261,Yorkshire and The Humber,North Yorkshire,"8,177","5,677","5,975","6,401","4,907","4,653",[x],"7,429","7,449","4,785","4,218","3,894","5,102","6,084","6,312","6,420","7,130","6,958","6,910","8,376","7,480","7,256","13,636","3,100","9,038","10,320","13,338","16,502"
2421,Ulverston,ULV,2010,North West,Westmorland and Furness,"154,091","160,040","166,278","157,781","144,599","131,250",[x],"164,292","168,421","147,444","189,363","189,698","212,568","239,580","225,238","273,042","266,922","267,570","270,122","301,818","307,410","280,248","323,280","90,684","268,392","257,358","266,930","290,354"
2422,Umberleigh,UMB,5826,South West,North Devon,"18,795","14,444","7,788","6,032","6,657","7,951",[x],"8,301","10,408","12,564","13,811","16,256","17,718","19,808","23,774","31,454","34,210","37,608","31,324","37,076","34,784","33,060","32,302","15,100","32,796","45,908","49,642","54,078"
2423,University (Birmingham),UNI,4504,West Midlands,Birmingham,"696,648","699,846","695,312","665,186","701,355","785,117",[x],"967,601","1,060,632","1,190,791","1,250,942","1,978,150","2,062,826","2,158,304","2,600,694","2,635,676","2,845,270","2,977,240","3,205,520","3,383,086","3,571,208","3,969,680","3,975,000","731,196","1,960,982","2,633,488","3,051,012","3,755,612"
2424,Uphall,UHA,9373,Scotland,West Lothian,"156,870","188,073","213,689","216,641","209,091","214,855",[x],"227,704","248,689","250,732","255,196","254,082","226,664","224,736","325,148","431,242","510,980","557,588","581,590","608,576","613,576","624,056","577,820","111,294","296,794","358,086","457,446","488,056"
2425,Upholland,UPL,2364,North West,West Lancashire,"13,636","13,583","14,633","14,050","12,638","11,267",[x],"13,922","15,094","16,796","17,001","17,852","17,746","20,732","25,392","24,030","27,436","27,956","26,648","30,974","28,486","31,650","32,250","9,596","21,396","21,698","22,410","27,684"
2426,Upminster,UPM,7464,London,Havering,"2,812,743","3,310,585","3,054,520","3,109,988","3,268,937","3,449,541",[x],"3,437,977","3,331,240","2,538,483","2,950,726","2,555,062","3,018,822","3,991,538","4,190,390","4,393,238","4,529,774","4,932,170","5,624,208","5,984,006","5,962,402","5,909,882","5,841,612","1,785,648","3,710,840","4,406,368","4,613,056","5,020,900"
2427,Upper Halliford,UPH,5613,South East,Spelthorne,"84,269","119,327","118,856","126,402","123,037","119,767",[x],"138,400","143,933","137,870","168,789","149,216","125,000","128,724","129,614","130,920","123,850","134,534","130,756","124,384","125,180","129,378","117,876","24,554","48,714","76,514","93,410","106,454"
2428,Upper Holloway,UHL,1524,London,Islington,"30,901","125,057","129,014","140,525","159,622","189,632",[x],"52,331","47,992","206,090","305,247","283,884","285,272","505,822","736,308","900,538","1,086,512","1,166,102","1,291,668","415,180","696,286","1,088,442","974,102","594,500","1,063,258","1,159,000","1,371,470","1,425,670"
2429,Upper Tyndrum,UTY,8838,Scotland,Stirling,81,99,182,64,59,53,[x],126,128,"7,529","3,228","3,488","3,680","3,784","3,472","3,396","3,940","4,562","4,790","4,512","5,288","5,702","4,736",772,"3,180","4,076","5,878","5,760"
2430,Upper Warlingham,UWL,5391,South East,Tandridge,"482,479","514,952","515,828","483,258","480,889","516,609",[x],"533,403","559,259","592,390","639,477","679,586","676,520","729,680","759,742","855,268","907,130","976,306","1,139,634","932,070","1,005,766","1,032,050","1,002,104","194,978","500,556","629,686","791,908","850,836"
2431,Upton (Merseyside),UPT,2141,North West,Wirral,"21,124","19,079","16,816","16,798","15,122","12,845",[x],"13,863","14,662","12,976","15,477","20,842","21,036","22,720","24,118","23,750","27,960","31,460","31,658","32,740","33,634","23,406","22,502","2,974","12,784","18,278","15,360","22,192"
2432,Upwey,UPW,5967,South West,Dorset,"35,663","34,869","31,801","30,104","26,872","30,936",[x],"27,882","27,909","33,744","35,089","41,444","39,592","47,010","49,500","47,614","49,414","47,936","44,042","49,688","49,964","43,080","42,706","13,814","36,086","43,128","46,534","53,534"
2433,Urmston,URM,2938,North West,Trafford,"131,448","137,625","144,400","154,662","160,656","149,048",[x],"193,626","205,931","197,871","201,663","238,564","243,650","253,414","277,284","275,086","303,570","301,888","324,402","380,586","375,114","409,472","413,118","81,628","255,456","274,538","292,112","371,074"
2434,Uttoxeter,UTT,1342,West Midlands,East Staffordshire,"97,166","95,200","98,803","89,073","91,197","89,091",[x],"86,365","90,490","106,705","119,095","131,420","134,812","158,248","153,998","140,774","148,370","170,280","151,582","158,410","157,880","158,590","165,784","33,392","124,926","144,270","160,532","188,406"
2435,Valley,VAL,2440,Wales,Isle of Anglesey - Ynys Môn,"12,868","14,202","14,371","20,006","23,672","28,297",[x],"16,899","16,326","17,624","18,703","13,982","15,156","16,768","17,676","17,968","18,236","16,660","16,006","15,062","14,742","14,512","13,458",142,"5,254","12,436","17,558","21,588"
2436,Vauxhall,VXH,5597,London,Lambeth,"571,259","868,615","1,010,012","1,212,959","1,200,290","1,129,537",[x],"7,952,448","7,686,894","10,468,510","15,419,867","14,581,929","14,806,644","16,531,941","18,168,404","19,065,534","19,401,716","21,111,416","20,931,940","22,482,878","20,618,674","21,009,688","19,997,264","4,986,700","11,651,250","13,012,334","13,931,936","15,534,168"
2437,Virginia Water,VIR,5676,South East,Runnymede,"364,859","362,484","387,552","382,909","348,086","335,781",[x],"396,626","426,296","452,845","520,911","547,266","533,520","544,846","566,230","567,500","585,412","596,322","606,042","593,092","575,532","604,866","607,814","150,152","396,658","478,960","571,260","649,794"
2438,Waddon,WDO,5392,London,Croydon,"200,160","293,678","310,016","280,105","313,803","313,855",[x],"350,035","311,613","610,791","599,959","554,010","537,692","561,316","627,584","615,890","647,188","692,024","684,226","627,060","602,304","671,798","685,036","211,756","399,676","484,396","521,868","604,552"
2439,Waddon Marsh,[z],[z],[z],[z],909,814,[z],[z],[z],[z],[z],[z],[z],[z],[z],[z],[z],[z],[z],[z],[z],[z],[z],[z],[z],[z],[z],[z],[z],[z],[z],[z]
2440,Wadhurst,WAD,5231,South East,Wealden,"376,846","381,337","406,252","387,364","387,153","388,485",[x],"391,365","377,375","413,361","419,780","412,732","381,982","397,780","403,854","405,074","392,522","389,848","403,354","419,424","397,214","414,994","395,342","71,958","241,596","287,016","321,978","358,610"
2441,Wainfleet,WFL,6268,East Midlands,East Lindsey,"59,020","95,299","112,004","102,838","106,334","107,854",[x],"107,310","81,328","65,618","69,529","64,186","67,960","64,676","41,580","42,548","56,554","58,578","53,838","46,326","47,216","42,160","38,752","10,440","32,612","40,994","40,460","47,824"
2442,Wakefield Kirkgate,WKK,8584,Yorkshire and The Humber,Wakefield,685,"1,438","1,264","1,280",527,611,[x],372,564,769,"360,356","465,978","529,972","491,362","448,868","488,289","508,015","527,522","534,932","539,478","525,778","524,960","511,034","115,154","380,004","507,772","539,240","611,788"
2443,Wakefield Westgate,WKF,8591,Yorkshire and The Humber,Wakefield,"1,379,896","1,482,005","1,563,925","1,478,230","1,363,849","1,451,587",[x],"1,760,373","1,846,988","1,877,981","1,610,947","2,017,854","1,866,320","2,148,410","2,287,990","2,266,915","2,358,493","2,484,582","2,519,480","2,540,890","2,476,370","2,472,506","2,406,928","542,368","1,789,788","1,937,112","2,057,144","2,333,910"
2444,Walkden,WKD,2612,North West,Salford,"108,627","106,757","121,312","123,058","113,268","98,709",[x],"129,470","151,113","156,771","162,130","228,256","238,940","266,060","305,080","322,590","315,710","306,080","339,942","300,710","283,570","301,570","374,288","70,630","216,630","241,574","275,170","300,502"
2445,Wallasey Grove Road,WLG,2154,North West,Wirral,"188,268","212,297","228,518","247,714","253,726","245,534",[x],"310,050","310,481","304,538","304,694","489,600","445,210","466,604","447,856","433,752","525,960","540,574","544,920","488,420","452,684","614,808","679,150","159,822","388,534","440,770","485,462","498,762"
2446,Wallasey Village,WLV,2265,North West,Wirral,"138,848","158,364","172,033","185,205","184,832","185,524",[x],"237,647","246,767","254,364","262,319","401,694","375,442","384,342","371,238","347,192","504,352","512,908","508,096","464,142","468,598","521,970","582,040","160,442","356,588","374,052","414,266","469,056"
2447,Wallington,WLT,5394,London,Sutton,"904,155","1,165,683","1,244,286","1,232,324","1,268,305","1,299,854",[x],"1,364,025","1,286,304","1,921,469","1,960,208","1,823,018","1,772,890","1,847,892","1,957,688","2,072,482","2,114,874","2,178,902","2,094,026","1,866,850","1,777,840","1,977,902","1,988,446","526,584","1,091,832","1,317,568","1,432,146","1,609,134"
2448,Wallyford,WAF,9365,Scotland,East Lothian,"57,846","68,089","79,833","94,103","83,036","90,351",[x],"110,686","126,719","135,819","159,949","209,260","227,874","221,772","240,842","255,810","268,099","295,884","311,890","296,996","316,948","307,984","314,138","36,444","151,702","208,838","285,994","349,262"
2449,Walmer,WAM,5041,South East,Dover,"196,868","160,944","175,405","203,723","205,431","207,724",[x],"217,799","228,749","254,544","261,454","270,614","230,354","224,430","224,978","193,668","174,412","172,896","187,282","188,402","221,834","227,276","228,638","64,392","147,402","179,250","199,728","222,274"
2450,Walsall,WSL,1216,West Midlands,Walsall,"435,718","523,648","515,935","504,664","514,632","532,285",[x],"547,418","539,636","583,328","586,957","982,886","948,452","988,166","1,221,322","1,239,442","1,282,914","1,303,186","1,404,476","1,467,878","1,451,080","1,564,514","1,516,528","284,604","803,882","970,830","1,147,708","1,240,358"
2451,Walsden,WDN,2665,Yorkshire and The Humber,Calderdale,"60,818","68,412","85,528","99,654","99,055","103,363",[x],"126,180","132,703","120,071","116,666","112,608","95,548","99,048","92,686","101,616","94,332","93,942","102,324","105,960","110,600","117,594","99,202","26,512","64,848","65,586","72,024","80,466"
2452,Waltham Cross,WLC,6823,East of England,Broxbourne,"548,916","610,008","661,353","704,281","703,251","694,717",[x],"691,640","679,556","705,356","704,582","673,310","591,194","601,540","614,356","703,802","770,040","881,504","1,030,652","1,112,596","1,155,822","1,208,212","1,258,508","422,748","853,568","1,095,108","1,212,892","1,297,696"
2453,Walthamstow Central,WHC,6953,London,Waltham Forest,"3,424,517","3,973,098","3,716,564","3,826,987","4,268,387","4,633,616",[x],"4,358,339","3,294,336","2,357,043","2,582,700","2,220,194","2,089,428","2,543,026","2,737,640","2,778,362","2,867,570","3,196,686","3,432,074","4,020,830","4,358,170","4,718,610","4,395,942","1,259,716","2,900,498","3,409,708","4,021,910","4,272,090"
2454,Walthamstow Queen's Road,WMW,7407,London,Waltham Forest,"33,169","57,600","60,555","63,821","69,759","76,675",[x],"34,379","30,503","62,520","87,649","69,418","86,904","216,142","334,626","405,656","458,732","541,314","945,750","218,732","500,768","734,832","644,254","404,150","689,920","764,968","955,730","997,432"
2455,Walton (Merseyside),WAO,2251,North West,Liverpool,"68,984","63,887","70,360","68,976","60,850","65,155",[x],"93,261","110,471","113,214","113,131","179,148","162,612","164,478","159,384","141,182","269,260","272,784","271,828","261,742","248,896","450,148","571,226","151,334","334,012","418,168","475,656","370,070"
2456,Walton-On-Thames,WAL,5575,South East,Elmbridge,"1,489,987","1,614,815","1,726,278","1,725,856","1,619,351","1,673,983",[x],"1,897,255","1,976,980","2,177,448","2,612,224","2,639,510","2,602,302","2,633,620","2,680,454","2,710,168","2,818,844","2,868,664","2,915,774","2,916,886","2,856,708","2,932,472","2,722,804","539,752","1,542,430","2,034,516","2,264,368","2,425,886"
2457,Walton-on-the-Naze,WON,6858,East of England,Tendring,"106,225","111,510","111,746","108,632","114,513","113,435",[x],"112,347","105,238","117,937","115,112","117,998","113,330","118,520","123,358","117,288","123,352","121,402","121,466","132,296","131,148","136,708","130,090","40,024","97,784","111,400","125,642","140,642"
2458,Wanborough,WAN,5639,South East,Guildford,"39,696","42,670","58,952","60,348","56,271","52,745",[x],"53,750","53,167","56,541","71,570","81,560","83,110","92,728","102,472","105,620","110,328","111,714","115,348","106,690","105,118","107,476","88,364","17,994","47,502","57,248","54,294","62,150"
2459,Wandsworth Common,WSW,5395,London,Wandsworth,"717,366","873,480","936,787","870,962","858,764","824,485",[x],"821,302","822,024","1,377,136","1,596,175","1,419,254","1,454,954","1,705,476","1,776,100","1,706,724","1,789,040","1,835,084","1,689,888","1,472,394","1,473,800","1,563,122","1,495,728","401,220","675,682","746,682","884,692","961,536"
2460,Wandsworth Road,WWR,5372,London,Lambeth,"24,130","77,535","114,063","105,696","112,354","121,043",[x],"64,605","66,787","164,030","138,798","166,326","181,014","239,548","279,246","312,730","547,786","617,414","829,908","812,972","802,902","779,918","703,338","263,940","509,950","569,618","586,004","610,410"
2461,Wandsworth Town,WNT,5576,London,Wandsworth,"483,494","831,658","938,886","997,437","942,130","1,052,778",[x],"835,070","845,840","1,724,478","2,706,796","2,619,520","2,793,470","3,213,710","3,450,506","3,639,378","3,729,392","3,928,646","4,174,900","4,087,026","4,325,080","4,301,484","4,003,006","951,136","2,534,566","3,339,270","3,592,578","3,786,146"
2462,Wanstead Park,WNP,7408,London,Newham,"26,542","42,054","47,566","48,863","49,808","52,477",[x],"29,014","25,757","179,718","238,857","215,262","213,644","351,450","505,342","627,170","767,308","845,926","1,013,078","212,572","563,186","886,990","769,666","517,316","871,416","890,942","998,360","1,071,144"
2463,Wapping,WPE,1085,London,Tower Hamlets,[z],[z],[z],[z],[z],[z],[z],[z],[z],[z],[z],[z],[z],"718,560","1,081,336","1,270,984","1,371,438","1,569,378","2,464,180","2,483,812","2,590,068","2,724,584","2,618,758","582,814","1,643,976","2,259,492","2,555,902","2,471,208"
2464,Warblington,WBL,5264,South East,Havant,"51,250","51,987","54,903","49,177","46,607","40,978",[x],"43,432","43,011","43,830","51,283","45,472","32,690","27,176","31,204","29,770","33,232","34,040","38,764","25,932","26,568","27,790","27,928","8,536","19,292","22,674","28,036","34,634"
2465,Ware (Herts),WAR,6824,East of England,East Hertfordshire,"527,703","567,929","637,776","640,276","663,645","700,233",[x],"770,239","747,625","830,244","904,419","921,512","792,180","838,360","871,904","970,726","1,053,174","1,083,188","1,131,318","1,154,290","1,062,048","1,074,608","1,047,118","234,248","651,464","806,844","1,012,550","1,068,458"
2466,Wareham (Dorset),WRM,5959,South West,Dorset,"276,879","268,488","268,286","271,198","265,307","243,560",[x],"270,130","282,039","295,262","336,863","342,298","333,212","334,590","354,028","350,946","348,718","344,542","335,818","342,386","339,868","330,528","303,070","73,038","206,120","253,086","272,326","301,986"
2467,Wargrave,WGV,3158,South East,Wokingham,"59,190","58,588","61,664","74,054","69,413","65,884",[x],"64,116","57,911","61,166","62,084","64,880","67,106","78,180","84,300","91,298","92,146","95,910","95,646","96,638","90,078","87,760","92,180","16,200","40,916","68,724","88,832","110,690"
2468,Warminster,WMN,5505,South West,Wiltshire,"206,409","214,604","231,396","247,665","259,012","279,190",[x],"294,468","299,160","301,447","304,446","313,346","311,006","336,804","351,702","355,000","370,416","388,422","379,830","384,846","365,890","348,658","355,380","103,070","283,894","295,452","331,932","355,954"
2469,Warnham,WNH,5316,South East,Horsham,"2,366","4,402","5,018","6,927","5,673","4,103",[x],"6,195","6,866","9,423","9,062","10,700","9,566","11,234","14,896","15,656","14,728","13,966","15,866","11,950","13,044","14,150","12,876","2,712","6,942","8,180","8,288","9,706"
2470,Warrington Bank Quay,WBQ,2384,North West,Warrington,"967,372","1,016,684","1,034,475","992,519","989,259","949,031",[x],"1,054,508","1,261,505","830,481","1,042,754","1,120,926","1,073,842","879,322","894,710","923,214","1,011,584","1,081,176","1,110,400","1,363,569","1,390,376","1,336,144","1,481,066","311,724","958,532","1,125,816","1,240,720","1,468,418"
2471,Warrington Central,WAC,2390,North West,Warrington,"369,201","352,183","370,189","408,496","412,726","411,073",[x],"443,650","398,620","968,743","869,321","868,835","1,007,372","1,406,445","1,568,006","1,592,958","1,661,954","1,785,378","1,801,788","1,729,877","1,763,886","1,695,084","1,450,464","305,284","938,726","1,102,550","1,215,084","1,268,378"
2472,Warrington West,WAW,6583,North West,Warrington,[z],[z],[z],[z],[z],[z],[z],[z],[z],[z],[z],[z],[z],[z],[z],[z],[z],[z],[z],[z],[z],[z],"83,902","68,936","268,996","280,330","331,982","388,970"
2473,Warwick,WRW,4600,West Midlands,Warwick,"295,985","351,778","336,725","347,917","326,044","307,540",[x],"357,405","356,622","366,074","356,022","489,146","491,720","503,196","527,432","522,856","562,582","554,952","567,550","594,932","618,832","643,994","631,694","148,090","403,526","481,684","515,648","619,458"
2474,Warwick Parkway,WRP,8530,West Midlands,Warwick,[z],[z],[z],"67,652","204,905","238,412",[x],"352,146","323,773","386,629","438,722","494,636","460,556","453,868","490,014","582,598","620,032","637,936","632,234","659,428","669,460","682,228","611,566","52,272","270,714","377,132","443,376","493,384"
2475,Warwick Road,[z],[z],[z],[z],18,21,[z],[z],[z],[z],[z],[z],[z],[z],[z],[z],[z],[z],[z],[z],[z],[z],[z],[z],[z],[z],[z],[z],[z],[z],[z],[z]
2476,Water Orton,WTO,1121,West Midlands,North Warwickshire,"33,999","40,497","34,912","27,810","24,142","30,180",[x],"27,279","35,264","39,324","41,709","37,180","39,000","42,584","44,416","39,718","40,752","38,916","45,886","51,680","55,642","57,080","62,924","9,470","25,812","39,384","43,444","46,796"
2477,Waterbeach,WBC,7079,East of England,South Cambridgeshire,"76,927","102,538","125,730","133,319","143,084","176,639",[x],"197,594","213,500","227,281","250,039","277,470","266,020","301,376","312,216","335,660","344,722","381,202","420,730","440,142","430,050","407,650","377,660","100,176","265,180","309,130","331,764","371,828"
2478,Wateringbury,WTR,5241,South East,Tonbridge and Malling,"52,246","54,042","55,018","49,118","50,735","50,599",[x],"44,623","47,553","51,637","52,096","54,268","51,460","52,996","54,008","50,472","49,796","47,976","47,302","48,084","55,808","60,802","56,438","15,844","50,202","57,508","66,612","71,746"
2479,Waterloo (Merseyside),WLO,2133,North West,Sefton,"511,864","520,234","558,864","483,867","424,962","433,285",[x],"601,447","660,922","669,416","720,522","1,136,872","1,022,416","1,014,942","955,878","856,588","1,476,604","1,510,596","1,536,244","1,578,018","1,551,654","1,683,954","1,932,646","553,012","1,237,784","1,324,016","1,435,320","1,508,982"
2480,Watford High Street,WFH,1455,East of England,Watford,"359,274","404,322","400,125","509,736","528,701","500,322",[x],"490,337","458,277","496,411","446,040","200,722","330,452","836,786","922,436","1,066,394","1,152,044","1,227,546","1,441,772","1,443,616","1,363,960","1,325,826","1,298,018","516,026","1,064,070","1,162,422","1,192,064","1,363,368"
2481,Watford Junction,WFJ,1402,East of England,Watford,"3,210,956","3,697,136","4,074,853","3,923,322","3,877,104","3,875,379",[x],"4,065,996","4,244,282","4,458,129","4,445,087","3,557,882","3,563,906","4,822,192","5,183,730","6,092,378","6,412,858","6,883,708","8,189,586","8,269,954","8,321,004","8,460,154","8,436,358","1,680,292","4,127,024","5,536,096","6,474,842","6,940,122"
2482,Watford North,WFN,1403,East of England,Watford,"59,217","60,409","74,259","68,607","68,532","71,227",[x],"77,384","77,365","82,493","98,875","103,530","99,272","93,912","103,324","106,310","116,810","92,518","103,412","109,818","101,716","106,268","102,206","14,274","30,930","53,728","53,412","64,798"
2483,Watford Stadium,[z],[z],[z],[z],63,87,163,88,[z],[z],[z],[z],[z],[z],[z],[z],[z],[z],[z],[z],[z],[z],[z],[z],[z],[z],[z],[z],[z],[z],[z],[z]
2484,Watford West,[z],[z],[z],[z],49,80,87,131,467,26,[x],25,[z],[z],[z],[z],[z],[z],[z],[z],[z],[z],[z],[z],[z],[z],[z],[z],[z],[z],[z],[z]
2485,Watlington,WTG,7057,East of England,King's Lynn and West Norfolk,"33,262","39,565","42,996","52,742","60,875","64,091",[x],"85,231","85,423","91,250","100,665","111,612","107,956","113,898","129,146","137,874","131,742","143,904","148,928","144,114","146,008","153,782","138,366","39,078","105,886","107,724","118,846","133,888"
2486,Watton-At-Stone,WAS,6095,East of England,East Hertfordshire,"66,060","80,866","84,552","71,774","91,266","93,266",[x],"101,673","93,188","107,566","124,202","127,290","127,894","125,450","120,278","140,786","158,738","168,028","174,696","167,752","162,854","154,090","133,282","42,870","114,298","141,946","158,742","168,318"
2487,Waun-gron Park,WNG,3796,Wales,Cardiff - Caerdydd,"17,302","16,839","17,738","18,813","22,998","21,098",[x],"18,888","18,771","21,707","25,578","31,996","36,432","42,916","47,490","51,170","55,492","71,056","78,000","88,652","96,760","95,164","93,924","7,896","35,524","52,768","66,070","116,002"
2488,Wavertree Technology Park,WAV,8589,North West,Liverpool,[z],[z],[z],"48,753","96,480","89,237",[x],"129,399","166,916","187,927","205,232","337,318","327,632","369,590","367,444","342,324","468,252","457,942","515,428","533,490","552,894","314,920","338,020","92,002","221,486","240,292","248,858","292,708"
2489,Wedgwood,[z],[z],[z],[z],"16,647","12,971","10,696","9,954","11,556","10,618",[x],"3,086",933,268,[z],[z],[z],[z],[z],[z],[z],[z],[z],[z],[z],[z],[z],[z],[z],[z],[z],[z]
2490,Weeley,WEE,6859,East of England,Tendring,"16,092","15,387","14,625","14,689","16,208","17,342",[x],"18,012","14,635","17,183","17,692","24,142","23,270","22,806","21,220","23,244","25,748","30,100","32,104","31,820","33,354","34,908","37,652","11,506","30,360","32,642","35,504","42,386"
2491,Weeton,WET,8509,Yorkshire and The Humber,North Yorkshire,"50,048","52,861","51,909","46,555","42,435","43,757",[x],"50,904","52,896","55,434","57,762","64,516","62,080","63,738","60,374","61,378","64,474","70,522","74,096","82,462","79,062","77,718","82,360","15,042","53,158","59,676","71,474","94,500"
2492,Welham Green,WMG,6073,East of England,Welwyn Hatfield,"82,503","97,328","92,425","93,709","97,885","114,701",[x],"125,769","120,413","134,934","147,553","153,116","145,220","160,884","172,174","191,316","190,672","197,712","212,702","213,534","195,252","198,924","205,704","65,068","152,550","196,958","224,132","253,196"
2493,Welling,WLI,5128,London,Bexley,"1,585,210","1,665,034","1,740,253","1,782,467","1,785,863","1,763,419",[x],"1,692,863","1,660,007","2,033,892","2,237,079","2,216,932","2,150,754","2,218,910","2,283,652","2,377,728","2,525,006","2,627,326","2,635,518","2,667,122","2,576,056","2,487,768","2,402,758","638,210","1,330,516","1,381,952","1,426,438","1,527,888"
2494,Wellingborough,WEL,1940,East Midlands,North Northamptonshire,"443,843","470,997","559,553","619,919","707,489","746,462",[x],"837,432","797,293","881,898","932,818","964,034","890,748","930,670","949,860","928,566","922,196","945,162","969,232","989,728","1,015,834","998,152","917,400","185,654","519,094","738,900","867,608","980,522"
2495,Wellington (Shropshire),WLN,4690,West Midlands,Telford and Wrekin,"323,157","340,961","309,944","315,071","303,365","299,698",[x],"330,215","353,751","365,027","388,808","495,368","533,368","543,040","559,956","558,436","581,986","609,240","631,376","665,778","692,018","698,712","705,016","182,092","469,520","546,596","606,354","676,396"
2496,Welshpool,WLP,4434,Wales,Powys - Powys,"49,726","51,869","52,593","54,136","57,563","60,538",[x],"70,833","72,660","78,205","90,100","95,778","101,404","105,590","114,364","117,254","122,446","133,744","157,646","170,648","180,486","181,768","165,724","33,782","98,128","140,554","155,906","176,730"
2497,Welwyn Garden City,WGC,6183,East of England,Welwyn Hatfield,"1,343,262","1,555,259","1,638,371","1,542,752","1,647,956","1,717,434",[x],"2,002,197","2,020,502","2,322,204","2,502,240","2,522,398","2,385,014","2,431,948","2,478,098","2,629,412","2,677,777","2,724,016","2,795,888","2,950,948","2,963,836","2,867,810","2,738,750","587,308","1,501,478","2,080,782","2,313,242","2,516,216"
2498,Welwyn North,WLW,6096,East of England,Welwyn Hatfield,"358,004","371,685","391,980","344,048","361,619","368,789",[x],"406,270","395,304","428,164","455,322","468,312","454,296","485,856","509,460","525,054","548,492","565,696","598,664","598,964","590,284","587,312","567,614","89,414","274,942","367,456","368,040","386,640"
2499,Wem,WEM,1347,West Midlands,Shropshire,"71,972","73,155","75,390","77,106","81,521","83,772",[x],"84,216","86,232","82,518","94,107","100,244","103,370","105,010","100,322","93,268","98,130","102,958","100,678","105,044","110,630","108,374","102,186","24,242","74,000","86,506","95,654","112,096"
2500,Wembley Central,WMB,1423,London,Brent,"772,528","1,192,493","1,112,751","1,068,248","1,035,240","1,191,990",[x],"983,700","1,037,956","750,898","942,345","1,124,540","1,619,056","2,212,662","2,654,924","2,522,958","2,973,376","3,172,346","3,383,664","3,342,236","3,343,684","3,350,506","3,520,900","1,344,598","2,731,720","3,340,150","3,710,066","4,445,524"
2501,Wembley Stadium,WCX,1509,London,Brent,"142,759","166,469","173,724","148,240","94,572","102,755",[x],"111,255","78,049","182,192","400,686","373,132","493,240","480,738","542,606","468,222","587,924","577,996","734,000","804,824","877,810","882,098","613,622","72,036","356,698","657,394","676,818","884,860"
2502,Wemyss Bay,WMS,9673,Scotland,Inverclyde,"133,268","147,353","155,743","159,847","156,204","161,287",[x],"165,278","165,169","166,946","176,420","191,066","194,640","203,156","197,410","209,532","213,034","216,030","166,472","201,228","213,744","213,988","202,084","34,738","123,244","164,036","210,422","211,252"
2503,Wendover,WND,1466,South East,Buckinghamshire,"260,174","328,560","341,255","377,053","380,816","382,436",[x],"409,616","405,386","403,674","405,247","427,314","406,506","414,214","435,284","434,952","462,690","487,472","506,538","502,368","492,412","511,392","484,988","97,592","268,136","311,600","292,750","328,532"
2504,Wennington,WNN,2681,North West,Lancaster,"2,321","2,461","2,073","2,306","1,811","2,005",[x],"2,900","2,697","2,848","3,111","3,040","3,222","3,696","3,340","2,948","3,378","3,492","3,956","4,394","4,384","4,768","5,398",430,"3,604","5,812","6,366","6,632"
2505,West Allerton,WSA,2266,North West,Liverpool,"22,589","21,679","23,056","23,794","21,572","20,814",[x],"23,291","28,843","28,084","26,936","36,874","40,478","46,098","46,556","45,966","92,710","93,352","96,652","97,626","101,296","43,258","55,072","11,804","46,980","62,970","60,878","61,846"
2506,West Brompton,WBP,8875,London,Hammersmith and Fulham,[z],[z],[z],"69,968","113,514","131,414",[x],"313,725","411,667","518,781","741,328","643,852","887,692","1,506,006","2,103,960","2,501,626","2,524,228","3,365,504","5,625,750","5,226,416","5,249,830","4,936,112","4,516,992","1,411,158","3,027,020","3,510,570","4,252,304","4,515,126"
2507,West Byfleet,WBY,5684,South East,Woking,"854,032","897,540","987,249","974,480","872,012","879,829",[x],"897,011","910,980","964,472","1,140,339","1,184,114","1,157,038","1,186,572","1,225,308","1,269,760","1,325,210","1,371,642","1,399,582","1,420,064","1,384,948","1,384,454","1,279,262","246,264","668,186","907,390","1,045,436","1,172,146"
2508,West Calder,WCL,9250,Scotland,West Lothian,"77,677","81,396","82,175","80,931","74,030","71,126",[x],"99,864","99,213","96,541","94,404","100,938","97,396","109,252","113,484","118,164","122,442","131,620","136,052","132,234","129,492","122,780","129,070","19,716","68,540","90,460","127,678","140,058"
2509,West Croydon,WCY,5411,London,Croydon,"463,116","1,005,639","1,077,427","1,091,433","1,157,076","1,110,476",[x],"717,035","651,164","2,910,721","2,926,915","2,705,560","2,556,270","3,323,197","3,876,056","4,300,582","4,280,342","4,488,068","5,112,632","5,532,442","5,371,898","5,419,354","5,056,442","1,738,342","3,148,032","3,691,886","4,272,878","4,370,176"
2510,West Drayton,WDT,3174,London,Hillingdon,"522,309","641,147","685,161","720,493","680,148","687,848",[x],"742,777","799,977","1,320,847","1,500,991","1,377,622","1,255,442","1,687,748","1,780,828","1,888,888","2,059,712","2,342,234","2,125,160","2,066,386","2,045,622","2,197,016","2,379,932","712,282","1,731,236","2,661,884","3,224,836","3,533,610"
2511,West Dulwich,WDU,5086,London,Southwark,"506,774","626,247","661,525","694,117","680,620","686,159",[x],"580,907","583,287","834,738","927,190","871,488","850,554","909,922","950,170","949,754","1,025,312","1,104,914","1,169,032","1,121,820","1,078,746","1,100,218","1,053,400","248,696","627,650","724,242","853,984","864,428"
2512,West Ealing,WEA,3188,London,Ealing,"256,613","602,873","677,531","724,181","692,088","646,608",[x],"384,890","371,096","1,078,954","1,264,480","895,372","759,796","1,069,164","1,109,630","1,170,790","1,302,320","1,347,024","989,068","923,710","1,034,658","1,077,698","1,182,062","340,254","774,424","1,261,474","2,256,266","2,548,676"
2513,West Ham,WEH,7474,London,Newham,[z],[z],[z],[z],[z],[z],[z],[z],[z],"1,279,703","1,272,236","1,245,472","2,156,940","2,974,228","3,382,218","4,056,878","3,689,700","5,308,430","8,778,194","10,629,626","10,553,980","10,717,126","10,181,170","4,011,880","7,450,900","9,051,654","9,647,284","11,065,018"
2514,West Hampstead,WHD,1421,London,Camden,"367,818","532,250","605,844","626,153","596,155","652,806",[x],"689,942","680,256","1,896,938","1,810,371","1,500,044","1,314,909","1,896,949","2,880,760","3,674,166","4,458,164","4,716,174","4,814,008","4,722,132","4,603,102","4,521,410","4,044,358","1,553,942","2,897,514","3,297,328","3,701,588","3,944,888"
2515,West Hampstead Thameslink,WHP,1525,London,Camden,"538,360","794,843","799,161","778,301","816,677","846,109",[x],"484,226","594,263","3,049,152","2,721,276","2,318,078","2,231,208","2,576,297","2,777,862","2,817,070","3,288,720","3,591,396","3,710,422","3,690,190","3,847,102","3,755,576","3,987,242","1,090,624","2,232,514","2,862,448","2,946,884","3,147,648"
2516,West Horndon,WHR,7466,East of England,Brentwood,"210,895","236,569","266,562","272,348","274,984","286,618",[x],"317,147","337,559","342,601","349,450","353,710","336,136","338,058","329,908","350,210","355,416","355,630","367,256","402,954","416,396","433,894","406,282","111,838","230,004","287,710","303,876","411,970"
2517,West Kilbride,WKB,9564,Scotland,North Ayrshire,"116,963","121,327","135,121","154,670","157,077","166,164",[x],"165,616","178,703","173,739","175,062","191,672","196,010","201,442","193,330","193,762","186,920","184,366","171,196","164,752","162,052","175,520","171,446","14,658","78,254","110,902","124,900","126,748"
2518,West Kirby,WKI,2201,North West,Wirral,"283,585","302,564","326,745","295,050","253,732","264,147",[x],"365,727","380,671","395,598","422,009","822,428","786,404","815,306","755,972","689,866","1,122,398","1,145,048","1,150,966","1,095,250","1,106,030","1,243,712","1,379,684","359,868","891,134","958,768","1,018,246","1,235,638"
2519,West Malling,WMA,5129,South East,Tonbridge and Malling,"377,224","420,735","474,727","500,038","530,226","570,574",[x],"584,928","589,742","645,178","776,987","830,064","735,796","724,510","748,156","753,626","760,292","782,090","816,144","852,766","839,954","872,572","844,916","143,394","458,918","606,014","784,240","896,670"
2520,West Norwood,WNW,5438,London,Lambeth,"625,936","941,506","1,025,971","1,076,255","974,782","968,300",[x],"826,002","794,560","1,421,765","1,845,177","1,706,394","1,734,910","1,940,696","2,094,322","2,073,698","2,118,260","2,265,218","2,221,492","1,937,082","1,921,358","1,938,126","1,972,420","517,006","914,348","1,101,482","1,406,230","1,507,342"
2521,West Ruislip,WRU,3059,London,Hillingdon,8,14,92,504,585,"46,932",[x],"96,005","91,527","162,567","176,570","198,678","223,996","258,550","282,718","344,006","312,398","415,870","190,852","189,334","178,908","183,010","181,562","43,442","120,684","154,184","141,338","136,408"
2522,West Runton,WRN,7329,East of England,North Norfolk,"5,376","9,529","11,526","12,675","15,655","12,862",[x],"16,451","15,304","17,526","21,221","23,748","22,042","23,030","23,798","25,124","23,972","26,464","27,804","26,186","24,842","27,212","26,076","9,144","31,834","32,918","34,194","34,872"
2523,West St Leonards,WLD,5242,South East,Hastings,"91,429","103,025","110,427","97,828","87,714","74,538",[x],"73,139","79,816","71,252","84,455","82,982","78,964","77,956","81,248","76,864","77,382","107,008","115,534","107,732","116,422","123,528","117,002","34,536","102,130","113,324","128,056","138,188"
2524,West Sutton,WSU,5293,London,Sutton,"84,388","92,221","96,606","82,525","84,532","88,891",[x],"99,756","104,981","190,245","324,032","270,376","249,282","270,438","301,056","301,178","352,012","379,420","371,270","348,014","364,318","326,626","334,532","86,148","183,788","224,972","257,134","265,900"
2525,West Wickham,WWI,5054,London,Bromley,"499,580","537,297","575,059","618,736","642,098","672,373",[x],"698,483","717,374","903,920","960,717","916,400","885,670","917,954","938,346","942,750","981,582","994,654","943,430","939,788","905,974","923,118","859,688","158,216","457,028","604,184","720,656","792,638"
2526,West Worthing,WWO,5278,South East,Worthing,"302,500","313,267","335,148","325,053","353,004","395,140",[x],"476,215","488,822","529,318","580,989","618,864","605,962","636,742","670,396","708,350","729,254","762,992","773,282","620,736","675,720","735,324","759,678","173,940","456,350","537,790","523,450","672,120"
2527,Westbury,WSB,5712,South West,Wiltshire,"227,932","228,159","227,863","231,093","237,635","270,299",[x],"292,415","306,330","317,627","345,052","368,738","378,052","425,248","454,068","467,122","486,546","529,358","544,244","578,256","569,372","548,720","557,756","152,216","438,970","518,996","535,644","543,050"
2528,Westcliff,WCF,7476,East of England,Southend-on-Sea,"599,375","665,258","701,612","730,145","715,116","844,000",[x],"872,558","913,383","978,392","1,026,442","1,021,196","979,824","985,366","971,370","949,872","957,032","1,109,380","1,175,528","1,259,800","1,299,104","1,257,416","1,192,716","407,612","801,606","920,720","957,284","1,056,440"
2529,Westcombe Park,WCB,5151,London,Greenwich,"718,718","768,692","750,604","625,960","612,259","551,911",[x],"501,312","528,172","871,862","919,206","829,528","810,854","944,090","983,030","1,005,456","1,055,188","1,120,846","979,032","786,008","734,290","986,702","1,062,876","231,226","611,446","815,974","830,008","931,670"
2530,Westenhanger,WHA,5030,South East,Folkestone and Hythe,"20,433","19,376","20,661","18,033","15,474","15,649",[x],"23,731","29,954","42,240","60,110","62,840","55,420","60,722","62,164","68,998","65,112","67,500","66,508","64,032","64,602","76,602","80,168","18,902","45,092","54,372","61,216","62,914"
2531,Wester Hailes,WTA,9231,Scotland,City of Edinburgh,"22,381","29,209","30,538","24,911","17,527","15,127",[x],"19,294","20,915","18,915","18,899","20,428","22,710","23,278","29,822","35,766","36,204","37,454","38,644","36,080","41,322","39,942","45,286","11,418","40,448","38,188","57,938","62,844"
2532,Westerfield,WFI,7226,East of England,East Suffolk,"5,126","4,704","5,632","6,173","6,301","5,783",[x],"6,892","8,197","8,461","9,764","11,100","11,688","13,346","14,792","13,282","9,864","9,490","8,538","9,580","11,110","11,642","11,284","10,188","12,988","13,970","16,444","21,666"
2533,Westerton,WES,9998,Scotland,East Dunbartonshire,"497,764","489,264","501,876","495,818","469,388","461,235",[x],"533,662","597,777","615,382","633,364","689,592","658,378","683,484","735,430","775,164","747,582","784,490","794,600","794,094","783,084","790,626","774,774","102,858","382,188","513,402","643,500","674,870"
2534,Westgate-On-Sea,WGA,5195,South East,Thanet,"71,823","80,556","81,442","115,037","136,487","160,688",[x],"165,891","185,246","207,926","218,479","211,230","182,084","178,458","180,718","168,710","169,888","159,308","157,802","150,050","166,190","158,488","150,008","39,708","105,496","129,506","169,376","199,128"
2535,Westhoughton,WHG,2619,North West,Bolton,"59,868","60,545","73,059","82,108","79,238","73,146",[x],"91,054","107,253","118,458","138,863","160,796","175,710","197,650","210,540","217,910","226,390","230,974","129,344","194,752","177,092","176,386","199,434","55,874","164,848","180,030","163,794","166,134"
2536,Weston Milton,WNM,3388,South West,North Somerset,"15,963","16,707","16,100","17,847","19,610","21,150",[x],"24,381","30,317","33,810","31,196","29,442","31,758","40,458","46,712","48,008","56,068","64,494","65,450","68,594","71,900","82,722","79,060","26,354","66,964","94,086","98,862","106,898"
2537,Weston-Super-Mare,WSM,3391,South West,North Somerset,"600,432","608,146","643,231","630,236","672,030","716,827",[x],"799,414","836,036","857,777","935,569","963,626","935,814","1,037,806","1,104,354","1,037,172","1,062,670","1,099,844","1,143,152","1,147,588","1,145,064","1,160,960","1,159,564","306,684","777,910","939,804","965,490","1,041,126"
2538,Wetheral,WRL,7572,North West,Cumberland,"9,623","8,910","8,804","9,612","9,709","8,243",[x],"9,993","11,448","11,862","13,419","13,058","13,786","14,112","17,434","18,204","17,258","19,008","21,474","22,872","25,894","26,820","39,014","8,878","31,348","30,666","44,644","50,658"
2539,Weybridge,WYB,5577,South East,Elmbridge,"1,604,203","1,533,113","1,901,654","1,626,052","1,552,235","1,510,935",[x],"1,815,599","1,891,229","2,077,345","2,697,470","2,644,974","2,576,214","2,344,628","2,370,770","2,391,140","2,462,921","2,502,734","2,510,252","2,472,754","2,318,278","2,383,624","2,226,684","420,352","1,233,896","1,680,980","1,858,014","1,987,922"
2540,Weymouth,WEY,5965,South West,Dorset,"625,722","588,363","596,543","577,879","573,299","587,831",[x],"587,950","595,886","622,656","662,034","714,006","747,346","798,332","797,162","816,536","773,222","756,022","742,236","779,982","735,340","709,904","671,744","186,340","543,872","641,612","687,030","751,302"
2541,Whaley Bridge,WBR,2772,East Midlands,High Peak,"93,078","82,744","85,900","79,140","70,168","70,461",[x],"78,496","88,733","84,971","92,706","89,476","87,214","92,650","94,844","110,822","121,588","123,536","127,590","131,340","136,538","142,138","143,238","29,810","96,090","105,842","119,794","134,408"
2542,Whalley (Lancashire),WHE,2736,North West,Ribble Valley,"48,807","39,514","35,960","38,445","36,274","35,756",[x],"48,977","54,131","61,822","65,200","64,408","71,052","77,740","86,746","90,048","83,952","78,184","71,782","83,182","78,720","76,684","86,134","20,146","73,962","84,176","77,862","81,118"
2543,Whatstandwell,WTS,1585,East Midlands,Amber Valley,"19,826","23,766","21,989","20,209","16,283","14,546",[x],"12,757","13,459","13,896","15,451","17,030","20,262","28,288","27,490","26,572","23,866","24,430","24,076","27,844","26,794","23,084","27,052","6,350","21,264","24,948","25,488","28,430"
2544,Whifflet,WFF,9753,Scotland,North Lanarkshire,"140,547","153,353","163,359","168,996","167,953","161,209",[x],"186,203","204,208","218,967","229,628","254,654","246,624","247,632","254,766","257,386","233,428","234,096","247,372","329,588","301,134","257,512","263,868","31,516","123,716","168,000","223,418","244,552"
2545,Whimple,WHM,5759,South West,East Devon,"30,171","32,603","39,343","36,700","33,195","31,364",[x],"34,779","40,516","46,958","53,697","56,286","59,354","60,540","68,392","65,942","68,482","68,896","68,448","61,854","59,538","55,532","49,766","13,136","36,474","39,808","53,064","51,140"
2546,Whinhill,WNL,9665,Scotland,Inverclyde,"26,099","26,144","26,480","24,286","26,258","29,741",[x],"33,474","36,735","32,819","32,208","35,276","35,224","37,772","40,028","45,272","52,418","52,634","53,558","43,696","52,428","41,606","40,612","4,598","22,292","27,304","38,220","43,124"
2547,Whiston,WHN,2161,North West,Knowsley,"77,482","81,502","88,943","82,803","80,714","79,312",[x],"116,618","124,074","135,675","146,700","216,656","213,762","243,398","242,390","222,814","371,078","361,346","370,380","367,130","411,222","192,828","219,576","63,846","164,922","202,924","207,152","177,588"
2548,Whitby,WTB,8184,Yorkshire and The Humber,North Yorkshire,"159,501","147,131","145,288","143,786","145,699","149,365",[x],"132,049","132,956","127,428","127,739","120,594","126,240","133,940","140,158","107,940","133,680","130,210","137,196","131,810","138,490","130,900","135,238","49,828","119,638","126,366","143,408","153,478"
2549,Whitchurch (Cardiff),WHT,3896,Wales,Cardiff - Caerdydd,"21,860","19,049","18,834","18,671","19,436","16,178",[x],"6,166","4,452","5,886","5,910","5,298","6,426","5,170","6,842","8,118","11,374","16,202","20,340","23,102","25,406","25,120","25,578","2,838","9,310","18,188","24,954","22,818"
2550,Whitchurch (Hampshire),WCH,5527,South East,Basingstoke and Deane,"116,645","127,230","134,538","146,181","156,170","177,044",[x],"200,545","204,458","204,903","227,152","228,466","225,458","247,940","255,952","252,570","273,066","287,880","291,280","285,146","287,392","301,548","268,972","48,286","124,334","179,318","223,200","200,976"
2551,Whitchurch (Shropshire),WTC,1348,West Midlands,Shropshire,"56,907","57,852","60,149","62,863","65,407","53,153",[x],"65,867","75,958","85,490","89,408","92,126","97,122","103,946","108,122","106,228","113,190","122,280","125,430","138,246","140,746","145,386","144,724","23,424","94,134","116,474","135,830","164,476"
2552,White Hart Lane,WHL,6956,London,Haringey,"304,262","394,801","382,969","415,470","382,904","327,188",[x],"332,061","259,945","572,406","745,902","649,274","612,454","679,906","787,696","778,020","918,550","1,005,442","1,473,144","1,645,056","1,621,846","1,805,874","2,118,584","597,464","1,585,662","1,991,204","2,593,686","2,616,980"
2553,White Notley,WNY,6846,East of England,Braintree,"14,013","15,286","18,061","14,282","15,462","17,731",[x],"16,397","19,557","19,968","15,700","13,294","11,300","10,820","10,322","11,718","13,386","10,022","10,738","10,552","11,438","12,046","10,746","3,156","7,408","8,128","6,990","7,660"
2554,Whitechapel,ZLW,4935,London,Tower Hamlets,[z],[z],[z],[z],[z],[z],[z],[z],[z],[z],[z],[z],[z],"2,073,464","3,643,542","4,450,390","4,398,360","7,163,154","13,996,988","14,127,954","14,442,948","14,412,690","13,311,734","4,141,760","9,273,482","23,307,210","35,246,924","37,140,828"
2555,Whitecraigs,WCR,9777,Scotland,East Renfrewshire,"213,879","233,390","251,531","246,599","219,732","225,394",[x],"253,606","278,279","273,614","283,541","324,130","289,752","295,788","304,410","288,510","278,746","296,752","304,278","318,358","322,500","338,604","338,274","32,976","152,366","214,832","277,634","321,218"
2556,Whitefield,[z],[z],[z],[z],113,48,[z],[z],[z],[z],[z],[z],[z],[z],[z],[z],[z],[z],[z],[z],[z],[z],[z],[z],[z],[z],[z],[z],[z],[z],[z],[z]
2557,Whitehaven,WTH,2048,North West,Cumberland,"157,052","148,882","153,747","156,822","157,650","148,796",[x],"173,795","191,367","191,256","220,549","210,786","248,652","265,722","253,784","251,232","251,640","271,098","257,090","250,792","231,926","220,670","270,400","67,378","221,230","240,888","254,960","285,082"
2558,Whitland,WTL,4111,Wales,Carmarthenshire - Sir Gaerfyrddin,"37,150","35,154","35,072","35,232","37,107","36,811",[x],"38,165","39,034","43,372","48,234","50,994","51,730","52,262","53,842","55,932","54,330","54,570","52,118","50,932","48,104","45,036","42,158","7,876","29,698","35,350","38,690","44,580"
2559,Whitley Bridge,WBD,8130,Yorkshire and The Humber,North Yorkshire,994,"1,199","1,167","1,317",806,696,[x],"1,852","1,732","1,753",727,950,680,904,980,"1,270",864,676,"1,168",782,"1,236",544,562,62,462,906,"1,202",860
2560,Whitlocks End,WTE,4539,West Midlands,Solihull,"9,547","9,040","9,960","12,284","12,157","13,321",[x],"17,043","19,282","23,521","26,576","67,960","66,842","75,442","81,440","108,260","129,144","135,890","143,224","147,814","158,060","161,494","174,082","36,984","117,820","146,724","180,682","223,908"
2561,Whitstable,WHI,5196,South East,Canterbury,"530,045","557,466","585,787","660,757","630,197","650,334",[x],"649,127","701,477","773,716","775,633","782,536","741,560","745,678","763,454","753,450","777,722","801,556","828,552","844,786","886,016","956,416","941,992","251,424","634,860","721,030","768,370","876,818"
2562,Whittlesea,WLE,7187,East of England,Fenland,"9,958","10,910","11,421","13,151","11,790","13,331",[x],"16,467","16,770","22,148","26,064","24,896","23,506","23,474","22,538","23,494","26,938","26,102","28,456","30,474","32,556","31,986","35,230","8,026","26,436","33,738","43,364","51,194"
2563,Whittlesford Parkway,WLF,7047,East of England,South Cambridgeshire,"173,819","190,122","205,968","231,733","231,742","241,846",[x],"278,477","276,243","294,534","314,895","333,144","317,244","338,306","343,772","396,622","431,544","454,734","493,004","509,744","538,970","558,134","552,024","93,042","291,808","376,432","424,092","454,262"
2564,Whitton (London),WTN,5611,London,Richmond upon Thames,"528,411","680,832","715,940","732,367","712,395","736,289",[x],"763,860","786,410","1,217,844","1,304,130","1,267,086","1,225,132","1,261,926","1,282,240","1,325,308","1,386,408","1,446,836","1,371,654","1,393,578","1,412,916","1,569,650","1,460,964","304,166","782,374","1,009,942","1,148,310","1,291,066"
2565,Whitwell (Derbyshire),WWL,6551,East Midlands,Bolsover,[z],"21,360","22,654","24,215","21,686","22,921",[x],"21,822","22,143","19,585","18,183","18,508","22,206","20,748","24,438","20,944","18,352","20,526","18,934","20,376","20,968","21,308","19,790","4,862","13,572","12,790","10,426","10,686"
2566,Whyteleafe,WHY,5396,South East,Tandridge,"173,504","216,762","250,372","267,649","265,276","258,224",[x],"282,490","289,366","310,560","331,764","332,108","318,304","298,572","302,752","295,946","287,920","283,746","304,438","286,142","281,268","305,276","297,076","80,418","201,698","233,060","216,862","228,198"
2567,Whyteleafe South,WHS,5439,South East,Tandridge,"74,485","80,406","84,316","77,847","68,452","68,392",[x],"60,812","83,935","86,211","118,523","118,390","111,918","116,808","125,670","135,538","129,604","134,564","157,692","144,464","138,116","133,772","132,720","35,618","85,152","103,840","111,512","114,664"
2568,Wick,WCK,8680,Scotland,Highland,"14,400","15,715","18,168","20,199","19,074","19,566",[x],"19,582","19,079","17,321","20,202","21,708","24,454","25,666","24,838","22,788","21,884","21,442","19,766","18,438","17,546","17,890","16,664","3,442","12,980","14,924","16,726","16,046"
2569,Wickford,WIC,6891,East of England,Basildon,"1,782,654","1,941,197","1,958,472","2,004,205","2,034,500","2,050,354",[x],"2,013,932","1,940,343","1,848,314","2,144,543","2,148,436","1,994,724","2,022,308","2,070,998","2,163,430","2,237,444","2,300,018","2,323,992","2,344,498","2,256,070","2,261,210","2,085,392","468,464","1,177,526","1,504,752","1,717,462","1,838,264"
2570,Wickham Market,WCM,7227,East of England,East Suffolk,"12,382","14,427","18,361","19,323","18,137","17,888",[x],"18,910","18,880","25,203","28,767","28,524","28,810","29,682","33,144","38,900","44,270","43,804","44,332","46,392","47,890","50,932","55,266","11,570","47,570","57,274","62,200","67,636"
2571,Widdrington,WDD,7695,North East,Northumberland,"3,235","4,026","4,503","3,861","3,465","5,481",[x],"7,740","6,618","5,523","4,707","6,314","6,398","5,124","5,268","3,630","4,962","4,028","3,408","3,346","3,574","4,180","3,636",696,"2,038","2,492","2,270","2,652"
2572,Widnes,WID,2391,North West,Halton,"170,717","171,748","186,300","189,647","194,156","182,034",[x],"217,409","250,801","264,634","272,400","297,952","300,360","333,194","365,630","374,392","416,676","455,652","469,584","514,888","493,812","437,722","456,960","107,416","358,802","376,868","377,390","428,030"
2573,Widney Manor,WMR,4528,West Midlands,Solihull,"138,748","151,358","145,850","145,019","136,812","122,415",[x],"131,554","116,676","119,461","116,929","277,408","272,772","274,568","312,680","323,784","341,308","354,496","373,600","382,238","399,226","455,546","464,912","71,428","176,900","241,250","286,310","345,804"
2574,Wigan North Western,WGN,2363,North West,Wigan,"1,173,845","1,174,052","1,227,186","1,157,393","1,214,666","1,108,080",[x],"1,253,745","1,396,601","544,313","962,171","1,038,503","960,121","1,066,546","1,073,710","1,071,012","1,154,040","1,282,076","1,380,716","1,620,278","1,583,806","1,683,184","1,604,012","386,422","1,168,204","1,182,964","1,259,944","1,359,554"
2575,Wigan Wallgate,WGW,2406,North West,Wigan,"304,183","295,985","341,383","386,190","378,709","381,045",[x],"411,315","432,238","1,285,028","954,855","1,312,712","1,454,429","1,573,684","1,699,728","1,648,628","1,688,758","1,637,478","1,576,106","1,493,308","1,459,696","1,551,286","1,478,316","356,140","1,076,662","1,090,264","1,161,212","1,253,014"
2576,Wigton,WGT,2098,North West,Cumberland,"46,572","43,037","41,731","38,339","37,455","35,968",[x],"40,282","43,651","45,238","51,668","52,780","55,412","58,546","59,304","56,108","52,832","54,382","52,438","49,124","46,900","49,568","67,076","24,662","64,820","63,254","56,204","64,902"
2577,Wildmill,WMI,3965,Wales,Bridgend - Pen-y-bont ar Ogwr,"11,204","10,492","10,374","10,921","12,639","12,827",[x],"10,164","9,670","11,449","12,797","13,718","10,396","12,162","11,662","12,752","17,762","19,708","22,446","25,414","26,250","27,872","28,126","3,708","15,258","23,648","31,566","28,878"
2578,Willesden Junction,WIJ,1457,London,Brent,"638,393","1,170,961","1,206,906","1,426,196","1,547,187","1,658,719",[x],"1,858,277","1,976,305","1,472,634","1,456,639","1,202,578","1,780,980","2,377,316","3,113,406","3,651,506","3,964,254","4,802,446","6,243,172","6,196,804","6,069,606","5,943,590","6,019,360","2,795,956","5,357,538","6,367,758","6,877,584","7,041,954"
2579,Williamwood,WLM,9781,Scotland,East Renfrewshire,"288,634","282,264","291,866","265,343","242,875","238,388",[x],"237,627","255,323","224,494","215,464","223,736","224,224","233,308","244,134","245,044","220,244","228,512","242,370","257,886","266,250","272,540","272,928","27,528","109,406","162,904","197,414","286,358"
2580,Willington,WIL,1905,East Midlands,South Derbyshire,"15,615","15,773","16,253","17,274","17,327","13,728",[x],"11,699","13,971","14,705","17,835","16,746","10,318","13,726","15,896","18,874","21,338","25,758","29,506","31,522","35,140","37,168","38,786","9,160","35,542","27,674","29,374","40,140"
2581,Wilmcote,WMC,4568,West Midlands,Stratford-on-Avon,"17,137","18,210","16,355","15,168","13,775","14,294",[x],"16,777","16,505","15,447","13,869","16,432","16,218","16,932","20,984","19,478","20,538","21,364","23,976","23,366","24,248","22,552","23,418","5,626","14,696","16,576","16,626","19,570"
2582,Wilmslow,WML,2774,North West,Cheshire East,"480,358","475,801","485,767","522,413","563,602","521,845",[x],"569,820","532,652","499,394","685,684","750,434","855,126","990,034","1,074,338","1,140,524","1,279,316","1,328,652","1,396,006","1,530,954","1,600,284","1,620,364","1,561,422","260,258","838,242","992,844","1,136,086","1,248,708"
2583,Wilnecote (Staffs),WNE,1056,West Midlands,Tamworth,"27,587","32,155","27,251","28,925","29,852","33,078",[x],"28,151","36,907","37,286","46,800","55,974","56,074","69,298","72,504","73,484","90,858","89,102","102,584","111,610","115,680","124,596","117,166","17,668","59,966","74,728","80,390","98,734"
2584,Wimbledon,WIM,5578,London,Merton,"7,384,233","11,063,486","10,932,020","11,278,673","11,264,205","11,388,100",[x],"12,092,440","11,800,551","15,935,081","17,269,230","15,171,750","14,539,490","16,218,464","18,245,776","18,902,016","19,302,216","19,526,884","20,439,088","20,149,550","18,509,066","18,497,284","17,281,626","4,433,406","9,952,034","11,693,876","12,581,430","13,244,436"
2585,Wimbledon Chase,WBO,5612,London,Merton,"24,910","40,278","62,112","67,000","68,352","63,409",[x],"70,073","74,491","391,883","369,954","305,102","282,548","322,392","379,484","389,586","455,396","480,722","341,866","290,278","321,410","319,186","379,152","102,746","191,706","233,648","258,690","271,590"
2586,Winchelsea,WSE,5042,South East,Rother,"5,789","7,435","7,180","5,933","6,109","5,199",[x],"7,728","6,657","1,624","1,325","1,090",974,474,"4,878","6,798","6,640","6,846","7,598","7,578","9,254","9,048","9,688","3,448","9,322","12,004","14,196","19,260"
2587,Winchester,WIN,5924,South East,Winchester,"2,247,167","2,432,756","2,593,486","2,750,461","2,773,595","2,942,644",[x],"3,160,506","3,288,036","3,465,346","3,720,852","3,958,718","4,019,900","4,220,712","4,451,080","4,578,712","4,734,018","4,915,402","5,040,782","5,083,264","5,091,580","5,242,284","4,871,994","1,110,632","2,959,744","3,723,744","4,210,456","4,593,936"
2588,Winchfield,WNF,5528,South East,Hart,"225,149","228,439","239,758","239,499","221,641","238,295",[x],"281,433","286,508","297,532","312,550","310,894","289,250","302,574","317,860","324,898","348,192","378,578","369,426","370,658","358,936","382,830","345,566","54,022","163,954","214,856","227,182","229,000"
2589,Winchmore Hill,WIH,6024,London,Enfield,"526,397","623,502","687,625","683,408","701,913","731,955",[x],"734,725","749,965","1,192,253","1,430,655","1,241,016","1,292,996","1,346,598","1,423,616","1,422,826","1,440,318","1,573,306","1,610,458","1,690,236","1,801,460","1,715,874","1,613,176","356,196","852,482","1,170,840","1,268,702","1,408,426"
2590,Windermere,WDM,1978,North West,Westmorland and Furness,"224,976","229,606","240,346","228,115","217,969","215,419",[x],"251,973","246,432","276,551","302,254","303,228","332,768","358,714","371,762","374,686","400,630","418,456","419,710","415,448","421,650","374,414","405,634","114,554","309,624","316,224","362,752","402,704"
2591,Windsor and Eton Central,WNC,3175,South East,Windsor and Maidenhead,"1,011,170","1,209,050","1,343,565","1,367,988","1,353,521","1,383,618",[x],"1,352,234","1,309,356","1,423,329","1,508,501","1,557,536","1,607,992","1,723,272","1,830,732","1,848,816","1,878,961","1,885,272","1,872,790","1,920,566","1,888,098","2,024,294","1,936,038","393,132","982,098","1,580,166","1,757,298","1,708,274"
2592,Windsor and Eton Riverside,WNR,5672,South East,Windsor and Maidenhead,"711,486","831,339","894,114","875,527","817,717","837,822",[x],"963,682","1,045,253","1,113,646","1,257,388","1,254,290","1,226,096","1,273,940","1,354,200","1,383,156","1,422,154","1,498,216","1,484,182","1,445,740","1,406,170","1,549,476","1,298,074","229,616","787,018","1,058,460","1,027,744","1,143,218"
2593,Winnersh,WNS,5697,South East,Wokingham,"320,526","304,161","344,285","379,690","333,500","328,259",[x],"352,702","379,678","395,123","442,180","430,440","406,686","441,598","440,700","469,250","495,026","520,922","528,564","522,978","494,642","513,392","492,988","109,216","261,920","310,290","340,896","384,120"
2594,Winnersh Triangle,WTI,5698,South East,Wokingham,"168,612","170,515","242,383","298,548","245,327","206,426",[x],"217,702","236,421","274,911","293,276","288,922","264,864","320,090","350,338","430,720","470,988","490,878","516,284","469,354","431,402","401,998","359,222","42,654","120,828","179,132","199,346","217,550"
2595,Winsford,WSF,2269,North West,Cheshire West and Chester,"53,855","59,969","66,050","61,333","64,647","66,801",[x],"60,989","67,986","78,521","86,772","105,208","122,484","152,458","167,428","167,716","176,612","202,954","223,070","233,450","232,268","225,250","206,492","57,782","165,618","174,170","200,914","215,328"
2596,Wishaw,WSH,9694,Scotland,North Lanarkshire,"110,243","138,275","147,490","142,417","135,718","129,426",[x],"189,434","216,794","246,254","272,885","331,702","319,384","346,588","373,214","399,314","397,284","431,674","464,828","550,612","537,260","547,084","520,564","74,036","223,636","306,248","383,574","405,264"
2597,Witham,WTM,6844,East of England,Braintree,"1,699,023","1,751,943","1,919,596","2,025,818","2,127,680","2,173,543",[x],"2,261,186","2,307,269","2,342,618","2,341,123","2,277,436","2,076,532","2,159,090","2,251,940","2,244,774","2,349,736","2,380,266","2,377,010","2,343,972","2,331,628","2,349,496","2,299,342","479,098","1,277,154","1,617,780","1,749,988","1,924,032"
2598,Witley,WTY,5640,South East,Waverley,"168,478","168,637","184,941","172,625","165,011","167,964",[x],"184,572","190,130","191,972","238,933","237,350","238,068","239,524","234,222","249,178","263,336","271,366","280,228","289,796","271,772","285,978","265,890","56,576","146,150","172,530","187,592","210,956"
2599,Witton (West Midlands),WTT,1011,West Midlands,Birmingham,"84,072","80,916","85,255","71,651","83,043","84,713",[x],"72,344","74,894","77,351","99,759","164,046","170,228","169,758","265,682","253,956","270,666","262,616","296,324","282,742","304,638","344,056","328,170","35,360","169,420","191,390","308,652","342,226"
2600,Wivelsfield,WVF,5341,South East,Mid Sussex,"466,782","457,572","445,991","401,601","406,988","412,833",[x],"421,077","426,909","451,255","462,840","460,110","444,034","484,170","493,350","496,128","499,932","478,828","474,852","419,454","444,326","443,770","460,556","133,396","338,988","393,590","415,238","467,022"
2601,Wivenhoe,WIV,6860,East of England,Colchester,"236,493","248,376","263,923","264,873","279,524","293,581",[x],"318,540","320,984","330,794","335,294","328,872","309,076","330,030","354,152","351,316","367,722","378,700","383,030","393,050","389,822","401,240","403,306","70,786","216,778","278,916","323,558","352,166"
2602,Woburn Sands,WOB,1539,South East,Milton Keynes,"65,020","54,818","52,047","46,634","47,998","45,743",[x],"42,382","40,544","39,119","46,377","44,670","38,958","45,602","47,428","40,466","42,828","42,408","44,674","38,942","46,606","51,606","46,704","7,534","19,718","24,618","19,576","47,880"
2603,Woking,WOK,5685,South East,Woking,"4,552,684","4,970,332","5,461,506","5,696,747","5,759,697","5,876,196",[x],"6,202,086","6,350,068","6,731,268","7,509,987","7,483,604","7,144,324","7,260,658","7,358,408","7,462,936","7,697,790","7,963,172","7,989,232","7,997,508","7,642,074","7,729,100","7,352,236","1,517,284","4,070,300","5,322,446","6,013,940","6,522,202"
2604,Wokingham,WKM,5696,South East,Wokingham,"1,427,197","1,430,170","1,560,369","1,743,962","1,665,136","1,658,010",[x],"1,803,315","1,838,583","1,950,524","2,123,265","2,106,784","2,011,224","2,097,534","2,148,978","2,204,046","2,216,864","2,344,598","2,420,218","2,444,566","2,423,574","2,464,906","2,360,472","484,316","1,281,010","1,560,326","1,652,192","1,902,086"
2605,Woldingham,WOH,5440,South East,Tandridge,"164,516","175,503","180,250","175,508","180,161","190,493",[x],"215,479","215,998","235,793","244,813","244,966","253,152","264,058","271,718","266,606","279,258","278,140","301,244","289,336","306,498","324,206","320,792","87,854","222,960","264,358","310,208","348,954"
2606,Wolverhampton,WVH,1218,West Midlands,Wolverhampton,"1,848,702","2,146,335","1,931,442","1,818,148","1,930,055","1,960,944",[x],"2,058,706","2,254,742","2,399,955","2,510,429","4,221,010","4,280,096","4,454,566","4,203,492","4,207,032","4,406,594","4,495,936","4,746,338","4,920,356","5,249,892","5,305,432","5,122,820","994,634","3,453,320","4,445,864","4,770,990","5,249,278"
2607,Wolverton,WOL,1364,South East,Milton Keynes,"167,728","156,965","168,307","168,129","165,551","177,032",[x],"203,468","258,350","287,812","305,185","297,698","265,478","319,700","361,294","362,408","389,130","410,536","426,314","465,956","460,204","470,352","452,014","83,314","209,814","266,578","299,474","338,874"
2608,Wombwell,WOM,6688,Yorkshire and The Humber,Barnsley,"98,078","103,315","112,676","114,288","107,723","108,733",[x],"142,988","146,889","127,213","137,603","179,504","175,068","182,972","196,358","203,526","214,042","233,482","224,386","215,170","216,264","203,442","206,332","43,634","160,182","171,208","198,960","223,542"
2609,Wood End,WDE,4536,West Midlands,Stratford-on-Avon,"10,190","13,369","9,755","10,705","10,684","9,699",[x],"12,563","10,901","13,744","13,337","12,632","12,806","11,460","12,692","11,688","11,734","12,934","12,912","13,312","11,688","13,666","12,962","2,316","9,426","10,966","13,206","15,744"
2610,Wood Street,WST,6954,London,Waltham Forest,"298,050","382,823","403,047","387,090","393,308","420,493",[x],"417,671","339,194","653,816","732,797","641,426","589,980","674,902","750,458","786,050","861,962","972,166","1,140,006","1,317,360","1,410,078","1,649,506","1,573,168","548,652","1,268,366","1,610,738","1,933,420","1,938,180"
2611,Woodbridge,WDB,7228,East of England,East Suffolk,"58,675","62,143","65,814","72,059","75,489","73,589",[x],"72,129","83,583","97,465","114,036","115,888","115,940","133,398","170,476","186,486","202,440","203,574","202,554","204,654","206,024","210,440","209,172","50,570","168,694","189,784","208,998","229,388"
2612,Woodgrange Park,WGR,7467,London,Newham,"31,265","38,787","40,198","40,995","47,987","52,320",[x],"29,090","25,256","173,771","171,036","168,434","171,972","310,006","484,634","602,428","702,302","750,758","977,648","196,244","513,594","764,606","629,330","453,500","731,542","775,936","889,774","938,768"
2613,Woodhall,WDL,9639,Scotland,Inverclyde,"31,916","33,347","30,256","29,021","25,272","26,753",[x],"34,651","37,174","34,758","37,048","46,952","45,360","51,446","46,530","45,516","42,552","44,130","46,248","60,116","44,130","45,258","42,996","4,428","27,926","37,114","47,208","48,326"
2614,Woodhouse,WDH,6732,Yorkshire and The Humber,Sheffield,"9,223","11,080","12,317","10,427","10,172","9,866",[x],"17,241","17,529","14,672","13,148","21,856","21,662","27,414","27,578","29,192","28,306","33,890","33,602","33,522","34,540","33,396","37,276","7,072","20,606","27,492","33,496","40,388"
2615,Woodlands Road,[z],[z],[z],[z],2,[z],[z],[z],[z],[z],[z],[z],[z],[z],[z],[z],[z],[z],[z],[z],[z],[z],[z],[z],[z],[z],[z],[z],[z],[z],[z],[z]
2616,Woodlesford,WDS,8578,Yorkshire and The Humber,Leeds,"81,415","96,564","114,780","107,971","62,590","95,495",[x],"155,621","170,191","196,723","209,935","300,572","295,452","337,502","345,352","292,314","297,110","318,080","335,168","343,830","345,790","328,536","309,242","54,774","165,156","203,356","219,942","258,528"
2617,Woodley,WLY,2835,North West,Stockport,"22,766","22,991","24,265","21,198","20,050","20,323",[x],"30,072","32,109","28,810","32,827","34,386","35,744","41,434","44,936","42,594","48,692","50,546","53,856","60,882","63,554","78,852","87,502","10,082","40,892","42,144","43,856","50,970"
2618,Woodmansterne,WME,5441,London,Croydon,"146,504","179,415","207,381","197,234","217,447","218,074",[x],"248,264","269,473","344,401","363,718","366,572","358,840","377,918","371,856","365,526","357,978","372,938","322,050","301,244","295,300","281,510","255,842","37,704","88,790","115,096","114,100","126,744"
2619,Woodside,[z],[z],[z],[z],917,3,[z],[z],[z],[z],[z],[z],[z],[z],[z],[z],[z],[z],[z],[z],[z],[z],[z],[z],[z],[z],[z],[z],[z],[z],[z],[z]
2620,Woodsmoor,WSR,2773,North West,Stockport,"86,823","78,175","89,220","87,012","85,136","87,438",[x],"84,061","98,185","105,182","113,923","142,858","148,902","173,702","179,208","187,182","208,856","219,366","232,954","253,746","273,888","310,608","302,204","64,220","169,262","194,714","225,560","247,350"
2621,Wool,WOO,5960,South West,Dorset,"150,067","139,889","140,157","133,446","133,106","126,902",[x],"139,162","141,556","151,192","167,369","173,648","168,620","176,202","189,882","186,090","196,656","188,168","190,126","192,566","190,936","172,614","157,330","45,784","127,242","160,582","189,276","208,834"
2622,Woolston,WLS,5925,South East,Southampton,"69,410","74,300","75,226","76,551","74,649","80,540",[x],"80,427","81,058","88,884","96,577","114,694","125,296","138,466","140,468","138,432","162,532","165,408","171,778","162,586","154,960","148,444","137,158","37,128","91,822","104,868","103,844","180,344"
2623,Woolwich,WWC,6562,London,Greenwich,[z],[z],[z],[z],[z],[z],[z],[z],[z],[z],[z],[z],[z],[z],[z],[z],[z],[z],[z],[z],[z],[z],[z],[z],[z],"8,339,576","13,237,072","13,755,990"
2624,Woolwich Arsenal,WWA,5152,London,Greenwich,"1,949,427","2,247,665","2,405,612","2,359,700","2,336,418","2,360,832",[x],"2,031,860","2,091,677","2,686,833","2,339,456","3,128,674","2,980,198","3,385,862","3,559,084","3,724,262","3,550,790","3,571,688","3,695,638","3,647,666","3,848,896","4,371,074","4,387,426","1,530,212","2,804,540","2,474,856","2,092,612","2,269,060"
2625,Woolwich Dockyard,WWD,5153,London,Greenwich,"248,032","329,241","397,713","341,360","310,972","241,745",[x],"227,546","212,245","369,191","423,892","421,042","399,096","491,158","534,958","526,308","574,484","606,254","514,282","421,596","340,190","494,202","532,152","175,888","375,876","337,682","306,764","315,464"
2626,Wootton Wawen,WWW,4540,West Midlands,Stratford-on-Avon,"7,151","9,284","8,799","7,423","6,817","6,917",[x],"7,726","7,476","8,211","7,020","9,922","9,706","10,814","11,836","10,624","10,614","10,472","10,186","8,948","11,078","14,928","17,508","5,262","10,534","11,042","12,432","19,398"
2627,Worcester Foregate Street,WOF,4893,West Midlands,Worcester,"423,681","537,528","483,290","484,654","461,270","379,734",[x],"319,996","1,582,620","1,273,385","1,252,182","1,469,283","1,487,256","1,625,011","1,791,810","1,859,984","1,833,902","2,207,508","2,293,021","2,100,826","2,172,026","2,071,468","2,190,982","534,904","1,358,222","1,582,976","1,747,674","1,914,248"
2628,Worcester Park,WCP,5579,London,Kingston upon Thames,"977,252","1,331,202","1,360,348","1,392,218","1,288,769","1,353,676",[x],"1,471,082","1,453,302","2,688,280","2,790,533","2,605,318","2,539,716","2,655,248","2,683,704","2,715,944","2,746,968","2,745,468","2,442,322","2,366,392","2,198,960","2,359,004","2,098,382","421,954","979,904","1,188,988","1,359,150","1,422,222"
2629,Worcester Shrub Hill,WOS,4891,West Midlands,Worcester,"1,048,686","1,209,296","1,097,275","1,116,576","1,155,411","1,225,757",[x],"1,355,790","202,708","592,756","625,971","761,666","856,196","747,595","780,168","891,844","968,834","595,402","618,467","818,070","845,794","806,636","660,638","161,288","409,540","477,310","526,970","577,194"
2630,Worcestershire Parkway,WOP,6580,West Midlands,Wychavon,[z],[z],[z],[z],[z],[z],[z],[z],[z],[z],[z],[z],[z],[z],[z],[z],[z],[z],[z],[z],[z],[z],"25,478","32,350","314,894","334,658","339,060","456,184"
2631,Workington,WKG,2040,North West,Cumberland,"160,755","144,715","135,328","113,819","103,740","96,463",[x],"120,245","129,948","133,435","149,731","135,340","165,218","176,866","174,454","185,128","179,222","197,204","184,880","186,576","183,198","194,648","237,156","62,910","184,438","190,886","198,696","229,786"
2632,Worksop,WRK,6574,East Midlands,Bassetlaw,"213,247","291,409","315,423","323,500","336,080","331,919",[x],"390,438","407,669","426,482","389,779","444,522","461,244","457,860","464,188","450,250","453,032","457,718","464,826","490,276","458,970","440,390","474,830","116,272","365,284","420,094","456,672","515,488"
2633,Worle,WOR,3390,South West,North Somerset,"41,560","46,845","61,798","66,980","72,139","79,254",[x],"93,989","107,233","118,399","138,565","171,622","180,888","215,524","241,454","253,590","276,016","291,502","299,014","321,306","322,548","319,048","328,598","81,414","232,340","319,340","345,892","397,542"
2634,Worplesdon,WPL,5686,South East,Woking,"98,025","104,885","119,033","113,484","112,605","115,763",[x],"138,003","145,106","159,092","191,359","195,086","209,166","211,216","214,336","211,556","211,414","209,504","210,012","212,282","203,286","210,180","188,300","37,652","100,692","108,916","129,322","142,318"
2635,Worstead,WRT,7326,East of England,North Norfolk,"10,532","14,106","19,462","19,733","20,164","18,037",[x],"15,454","13,387","15,226","20,553","22,072","20,014","18,898","21,906","21,140","21,604","24,394","23,956","24,652","26,766","25,650","25,404","6,730","22,270","26,816","27,188","29,316"
2636,Worthing,WRH,5279,South East,Worthing,"1,489,518","1,511,330","1,619,502","1,592,625","1,776,778","1,957,828",[x],"2,090,948","2,166,620","2,278,895","2,450,383","2,432,760","2,407,872","2,550,722","2,592,660","2,607,882","2,602,402","2,575,576","2,578,194","2,104,272","2,255,160","2,395,498","2,342,194","698,214","1,639,078","1,891,412","1,924,236","2,177,490"
2637,Wrabness,WRB,6907,East of England,Tendring,"11,922","11,865","11,325","12,460","14,910","14,535",[x],"18,502","21,175","22,394","22,540","19,778","17,736","21,912","20,120","24,484","23,042","20,758","24,338","25,172","30,526","30,348","29,056","5,458","17,280","20,006","23,178","26,698"
2638,Wraysbury,WRY,5673,South East,Windsor and Maidenhead,"24,055","27,630","32,244","31,491","25,712","29,372",[x],"36,576","47,813","55,919","71,915","91,288","91,382","100,318","104,946","110,238","106,028","112,004","111,818","110,302","103,152","105,780","96,270","18,260","51,002","64,720","69,826","82,070"
2639,Wrenbury,WRE,1350,North West,Cheshire East,"7,033","7,069","7,353","6,777","8,054","7,900",[x],"7,746","9,176","7,783","8,412","8,574","10,666","11,878","13,016","11,726","12,870","14,202","12,710","11,796","11,744","12,864","12,594","1,372","5,782","8,112","10,054","11,238"
2640,Wressle,WRS,8123,Yorkshire and The Humber,East Riding of Yorkshire,985,"1,379",879,"1,734","1,358","1,604",[x],870,662,691,"1,290","1,384","1,834","1,594","1,306","1,488","1,548","1,090",912,464,370,720,866,94,502,494,948,"1,064"
2641,Wrexham Central,WXC,4486,Wales,Wrexham - Wrecsam,"3,557","3,421","4,217","5,569","4,617","5,976",[x],"17,459","16,211","20,457","19,736","19,680","23,338","31,952","33,098","41,746","53,142","73,444","73,180","74,184","88,568","80,472","73,484","3,636","13,194","41,806","42,268","63,048"
2642,Wrexham General,WRX,4487,Wales,Wrexham - Wrecsam,"313,872","338,671","371,996","377,856","379,624","364,267",[x],"391,693","401,242","436,468","487,713","534,256","584,176","613,618","622,466","615,306","590,968","551,966","537,962","522,218","492,384","512,198","501,800","128,428","400,342","488,694","629,948","684,566"
2643,Wye,WYE,5031,South East,Ashford,"125,091","124,165","126,998","118,058","114,243","117,691",[x],"130,458","144,160","152,547","168,867","157,864","137,266","145,430","149,432","145,492","163,006","171,260","189,054","196,178","221,208","255,810","258,482","77,282","168,654","184,726","202,190","228,560"
2644,Wylam,WYM,7514,North East,Northumberland,"74,607","77,520","79,935","84,304","88,500","79,516",[x],"88,449","90,532","93,693","98,298","104,338","104,738","108,732","110,526","104,282","103,823","112,362","105,572","107,964","104,306","97,642","107,854","22,616","75,666","84,864","99,774","110,738"
2645,Wylde Green,WYL,1138,West Midlands,Birmingham,"142,449","153,933","156,617","159,266","158,576","157,652",[x],"199,119","212,193","223,892","243,820","434,810","441,280","439,218","488,640","492,798","522,236","536,828","585,824","606,086","626,928","677,552","668,222","113,214","302,176","388,564","473,928","520,686"
2646,Wymondham,WMD,7383,East of England,South Norfolk,"16,361","22,211","29,544","31,822","29,986","44,296",[x],"95,998","100,118","109,610","115,983","133,464","134,518","138,006","156,860","168,486","178,034","182,080","180,246","188,224","186,918","200,332","196,036","56,424","150,466","196,452","186,470","197,704"
2647,Wythall,WYT,4532,West Midlands,Bromsgrove,"22,586","30,786","22,260","23,827","26,093","30,831",[x],"33,002","33,643","31,367","30,280","42,644","44,796","48,250","53,468","50,792","54,992","51,956","55,044","55,744","59,780","68,646","68,712","16,442","46,348","51,570","58,554","65,636"
2648,Yalding,YAL,5232,South East,Maidstone,"25,748","26,775","28,169","26,209","23,854","26,343",[x],"28,103","29,663","29,930","33,762","29,084","26,260","25,826","25,376","24,086","22,542","21,604","23,600","25,544","29,160","35,758","37,116","12,384","29,968","29,228","37,554","42,188"
2649,Yardley Wood,YRD,4537,West Midlands,Birmingham,"139,695","145,024","145,447","141,894","125,361","127,849",[x],"147,895","144,073","161,477","159,708","351,548","351,714","355,746","352,172","363,012","386,012","397,276","428,256","448,530","472,498","511,992","532,710","104,104","254,760","302,088","351,796","409,064"
2650,Yarm,YRM,7917,North East,Stockton-on-Tees,"68,161","73,966","83,100","75,858","70,741","71,570",[x],"98,101","96,526","99,964","113,253","120,336","125,638","131,988","132,602","122,432","122,002","125,640","135,364","147,058","149,314","139,804","142,600","26,302","102,900","98,818","124,780","145,970"
2651,Yate,YAE,3380,South West,South Gloucestershire,"101,974","95,785","91,777","94,043","108,082","112,755",[x],"128,384","167,820","198,587","216,658","240,482","247,536","274,970","294,934","307,148","328,832","354,004","368,910","392,910","385,182","341,994","341,800","68,562","177,122","238,106","294,414","359,704"
2652,Yatton,YAT,3392,South West,North Somerset,"179,095","182,052","191,217","192,853","214,644","220,208",[x],"247,353","257,145","283,274","316,691","338,782","339,370","373,066","384,522","398,530","416,794","435,626","426,246","443,806","469,208","467,586","500,316","101,442","332,736","452,506","474,468","527,348"
2653,Yeoford,YEO,5827,South West,Mid Devon,"9,983","10,138","9,436","7,220","7,832","7,993",[x],"6,883","6,848","7,701","7,445","7,946","10,504","12,948","14,164","13,746","15,588","17,128","16,450","18,580","18,156","17,116","17,236","7,884","16,442","21,902","23,358","19,890"
2654,Yeovil Junction,YVJ,5838,South West,Somerset,"133,781","140,630","146,694","149,335","143,431","155,441",[x],"174,456","192,645","194,798","209,290","215,688","210,786","206,802","206,174","197,750","212,150","214,748","222,396","238,490","223,710","210,246","189,228","36,972","130,876","170,474","190,552","221,442"
2655,Yeovil Pen Mill,YVP,5856,South West,Somerset,"80,094","82,257","86,910","84,089","87,685","90,590",[x],"98,536","99,041","102,643","104,700","110,546","115,882","126,786","132,358","129,252","133,264","136,644","130,020","141,014","136,832","139,732","143,732","37,770","120,742","147,106","166,136","169,742"
2656,Yetminster,YET,5857,South West,Dorset,"6,337","7,086","7,992","7,118","6,373","5,493",[x],"5,598","6,102","6,665","6,430","5,836","6,350","7,306","7,404","6,552","7,188","7,064","7,022","7,190","7,618","7,698","7,672","1,600","5,302","6,828","7,550","7,088"
2657,Ynyswen,YNW,3818,Wales,Rhondda Cynon Taf - Rhondda Cynon Taf,"26,656","23,556","26,070","26,365","26,863","24,932",[x],"8,162","6,535","9,101","8,588","12,918","12,858","7,754","7,524","9,782","9,730","10,064","9,376","13,346","12,766","10,940","11,210","1,706","10,898","13,398","5,288","2,538"
2658,Yoker,YOK,9990,Scotland,West Dunbartonshire,"97,742","107,872","109,373","106,572","88,312","60,243",[x],"92,594","106,825","110,252","114,401","128,046","132,342","136,844","133,716","141,860","149,188","166,760","166,878","152,116","164,182","173,104","175,180","26,766","108,824","137,510","177,850","202,332"
2659,York,YRK,8263,Yorkshire and The Humber,York,"4,147,959","4,354,660","4,664,889","4,479,820","4,925,788","4,985,396",[x],"5,795,978","6,148,333","6,363,387","6,534,388","6,802,004","6,855,682","7,173,016","7,596,178","7,720,814","8,223,421","8,586,056","8,848,652","9,264,090","9,832,168","9,990,538","10,089,306","1,836,500","8,091,546","8,862,978","9,185,236","10,464,102"
2660,Yorton,YRT,1351,West Midlands,Shropshire,"4,882","5,019","4,668","4,055","4,936","4,172",[x],"5,749","5,342","5,885","7,272","9,008","8,166","8,636","9,560","8,434","8,864","9,538","9,304","8,788","7,686","7,088","7,544","3,004","6,494","7,292","8,240","8,554"
2661,Ystrad Mynach,YSM,4026,Wales,Caerphilly - Caerffili,"163,638","170,122","196,047","218,011","234,737","234,219",[x],"209,598","214,173","221,619","258,395","257,600","277,144","290,812","301,348","304,538","312,262","317,660","340,672","348,808","376,974","374,484","327,198","35,256","136,086","198,824","233,712","222,144"
2662,Ystrad Rhondda,YSR,3871,Wales,Rhondda Cynon Taf - Rhondda Cynon Taf,"86,853","81,606","80,624","85,885","94,013","91,313",[x],"49,335","42,414","49,434","72,507","79,448","89,868","71,720","75,304","65,808","52,098","50,992","44,600","56,398","52,532","48,906","45,044","9,320","34,096","41,016","18,826","55,836"
