crs,trains_per_day,peak_trains,peak_hour_count,peak_hour_start,first_dep,last_dep,direct_destinations,key_cities_count,key_cities,sustained_tph,sustained_tph_per_dir,meets_4tph,meets_2tph_per_dir,meets_frequency
AAP,314,64,24,07:01,00:02,23:53,42,2,Cambridge|London,12.0,6.0,1,1,1
AAT,8,1,2,14:48,07:11,19:09,16,1,Inverness,0.0,0.0,0,0,0
ABA,63,12,4,05:52,00:13,23:46,23,1,Cardiff,4.0,0.0,1,0,1
ABC,7,1,2,13:34,09:02,21:50,25,1,Inverness,0.0,0.0,0,0,0
ABD,78,14,7,13:11,00:09,23:52,64,14,Birmingham|Bristol|Derby|Edinburgh|Exeter|Glasgow|Inverness|Leeds|London|Newcastle|Peterborough|Plymouth|Sheffield|York,3.0,0.0,0,0,0
ABE,144,27,10,07:06,00:06,23:55,30,1,Cardiff,9.0,4.0,1,1,1
ABF,1,0,1,23:37,23:37,23:37,2,0,,0.0,0.0,0,0,0
ABH,17,3,3,20:27,00:03,21:12,26,0,,0.0,0.0,0,0,0
ABW,246,46,17,07:07,00:30,23:59,59,1,London,12.0,4.0,1,1,1
ABX,177,33,16,22:17,00:07,23:59,27,1,Reading,8.0,0.0,1,0,1
ABY,241,41,18,06:22,00:06,23:46,34,2,Manchester|Sheffield,11.0,5.0,1,1,1
ACB,36,6,2,05:54,05:54,23:59,12,2,Birmingham|Liverpool,2.0,1.0,0,0,0
ACC,168,31,12,07:07,00:03,23:48,22,0,,7.0,3.0,1,1,1
ACG,68,14,6,06:19,05:47,23:35,34,1,Birmingham,4.0,0.0,1,0,1
ACH,8,0,2,12:39,06:41,19:39,16,1,Inverness,0.0,0.0,0,0,0
ACK,3,1,1,07:39,07:39,19:47,8,1,Newcastle,0.0,0.0,0,0,0
ACL,38,9,4,06:23,05:55,23:18,5,1,Norwich,1.0,0.0,0,0,0
ACN,8,1,2,12:22,07:02,19:22,16,1,Inverness,0.0,0.0,0,0,0
ACR,129,23,9,20:00,00:02,23:35,57,4,Leeds|Manchester|Preston|York,6.0,2.0,1,1,1
ACT,126,20,10,06:19,00:13,23:53,27,1,London,6.0,2.0,1,1,1
ACY,198,35,13,12:41,00:04,23:52,23,1,Cardiff,11.0,0.0,1,0,1
ADC,46,6,6,06:08,00:24,23:45,13,1,Manchester,2.0,0.0,0,0,0
ADD,45,7,5,05:57,00:17,23:54,22,2,Birmingham|Coventry,2.0,1.0,0,0,0
ADK,4,2,2,07:16,07:16,16:57,11,1,Manchester,0.0,0.0,0,0,0
ADL,50,10,5,07:38,00:05,23:08,19,2,Manchester|Preston,2.0,1.0,0,0,0
ADM,49,10,5,16:53,05:09,23:59,20,1,London,2.0,1.0,0,0,0
ADN,37,6,5,21:50,07:05,22:47,13,1,Glasgow,2.0,1.0,0,0,0
ADR,125,24,12,06:41,00:21,23:57,44,1,Edinburgh,6.0,2.0,1,1,1
ADS,24,5,3,08:48,07:00,22:45,13,1,Glasgow,1.0,0.0,0,0,0
ADV,81,12,8,09:39,00:51,23:57,30,3,Exeter|London|Reading,3.0,1.0,0,0,0
ADW,53,6,8,13:05,06:28,23:57,20,2,Edinburgh|Glasgow,1.0,0.0,0,0,0
AER,32,6,3,06:15,06:15,23:15,3,0,,1.0,0.0,0,0,0
AFK,222,39,18,06:13,00:02,23:59,66,1,London,10.0,4.0,1,1,1
AFS,163,27,12,06:28,00:08,23:42,41,1,London,8.0,2.0,1,1,1
AFV,37,6,3,07:12,05:42,23:39,9,1,Preston,2.0,1.0,0,0,0
AGL,44,7,4,20:14,00:40,23:39,53,4,Birmingham|Cardiff|Liverpool|Manchester,2.0,1.0,0,0,0
AGS,207,36,14,07:29,06:20,23:54,47,0,,11.0,5.0,1,1,1
AGT,49,8,4,05:29,00:17,23:47,23,2,Brighton|Portsmouth,2.0,1.0,0,0,0
AGV,72,10,7,18:04,00:05,23:28,75,3,Cardiff|Manchester|Swansea,1.0,0.0,0,0,0
AHD,157,27,12,07:04,00:14,23:49,34,1,London,8.0,4.0,1,1,1
AHN,38,6,4,06:23,06:23,23:28,23,1,Manchester,2.0,1.0,0,0,0
AHS,37,7,3,06:56,05:54,22:58,11,1,London,2.0,1.0,0,0,0
AHT,193,32,13,11:00,00:13,23:57,31,1,London,10.0,4.0,1,1,1
AHV,160,27,11,10:49,00:17,23:49,28,1,London,8.0,4.0,1,1,1
AIG,129,24,8,06:14,06:14,23:51,18,0,,8.0,0.0,1,0,1
AIN,125,24,9,07:29,00:03,23:54,18,0,,8.0,4.0,1,1,1
AIR,69,12,5,07:02,05:49,23:39,33,0,,4.0,1.0,1,0,1
ALB,38,6,4,22:34,00:16,23:29,14,1,Birmingham,2.0,1.0,0,0,0
ALD,113,22,9,06:02,00:05,23:35,19,1,Manchester,7.0,3.0,1,1,1
ALE,271,45,18,17:39,00:32,23:55,87,8,Birmingham|Liverpool|London|Manchester|Norwich|Nottingham|Peterborough|Sheffield,15.0,6.0,1,1,1
ALF,84,13,8,19:10,05:41,23:34,30,7,Leeds|Liverpool|Manchester|Norwich|Nottingham|Peterborough|Sheffield,3.0,1.0,0,0,0
ALK,27,6,4,07:28,05:31,22:10,29,5,Liverpool|Manchester|Nottingham|Peterborough|Sheffield,0.0,0.0,0,0,0
ALM,63,8,8,06:25,05:54,23:31,58,14,Birmingham|Bristol|Cardiff|Derby|Edinburgh|Exeter|Glasgow|Leeds|London|Newcastle|Peterborough|Plymouth|Sheffield|York,1.0,0.0,0,0,0
ALN,52,9,4,05:34,05:34,23:15,11,1,London,2.0,1.0,0,0,0
ALO,36,6,3,06:16,00:05,23:47,6,1,Glasgow,2.0,0.0,0,0,0
ALP,19,4,4,22:26,05:52,23:11,21,3,Liverpool|Manchester|Sheffield,0.0,0.0,0,0,0
ALR,43,7,4,06:49,00:34,23:24,21,1,London,2.0,1.0,0,0,0
ALT,44,9,5,06:57,00:05,23:54,15,1,Manchester,2.0,1.0,0,0,0
ALV,73,12,5,06:10,06:10,23:48,18,1,Birmingham,4.0,2.0,1,1,1
ALW,69,11,5,08:15,00:02,23:09,29,2,Carlisle|Newcastle,3.0,1.0,0,0,0
ALX,67,11,5,07:58,00:23,23:28,36,0,,3.0,1.0,0,0,0
AMB,39,6,4,20:59,05:57,23:38,29,2,Derby|Nottingham,2.0,1.0,0,0,0
AMF,17,3,4,05:37,05:37,22:01,33,1,Swansea,0.0,0.0,0,0,0
AML,156,29,12,07:40,05:09,23:56,31,0,,8.0,4.0,1,1,1
AMR,67,13,6,07:11,00:33,23:33,10,1,London,2.0,1.0,0,0,0
AMT,47,9,6,06:45,00:33,23:50,12,2,London|Reading,2.0,1.0,0,0,0
AMY,72,12,5,08:19,05:55,23:53,28,2,London|Portsmouth,4.0,2.0,1,1,1
ANC,9,2,2,08:21,06:47,20:49,15,1,Nottingham,0.0,0.0,0,0,0
AND,207,37,14,07:49,06:12,23:49,47,0,,12.0,6.0,1,1,1
ANF,50,11,6,07:40,06:32,23:47,38,2,London|Southampton,2.0,1.0,0,0,0
ANG,208,36,15,07:35,05:14,23:57,51,4,Brighton|London|Portsmouth|Southampton,12.0,6.0,1,1,1
ANL,254,51,19,06:48,00:07,23:51,80,2,Edinburgh|Glasgow,13.0,6.0,1,1,1
ANN,37,6,4,12:16,05:13,23:30,13,2,Carlisle|Glasgow,2.0,1.0,0,0,0
ANS,144,24,9,06:27,00:14,23:52,16,0,,8.0,4.0,1,1,1
ANZ,159,28,10,07:10,00:01,23:45,30,1,London,8.0,4.0,1,1,1
AON,44,9,4,08:44,00:10,23:48,13,1,London,1.0,0.0,0,0,0
APB,93,17,8,07:54,06:26,23:34,24,1,Manchester,5.0,2.0,1,1,1
APD,36,6,3,05:53,05:53,23:38,15,0,,2.0,1.0,0,0,0
APF,21,5,3,07:38,06:47,23:38,17,0,,0.0,0.0,0,0,0
APG,34,5,3,07:32,05:31,23:06,11,0,,1.0,0.0,0,0,0
APN,80,15,6,12:02,05:39,23:58,9,0,,4.0,0.0,1,0,1
APP,16,3,2,06:32,06:32,20:54,19,2,Carlisle|Leeds,0.0,0.0,0,0,0
APS,86,18,8,08:06,00:38,23:40,24,3,Birmingham|Coventry|London,4.0,2.0,1,1,1
APY,70,14,7,18:23,06:11,23:31,12,1,Leeds,4.0,2.0,1,1,1
ARA,2,1,1,08:30,08:30,16:20,1,0,,0.0,0.0,0,0,0
ARB,81,14,7,06:48,06:06,23:32,67,15,Aberdeen|Birmingham|Bristol|Derby|Edinburgh|Exeter|Glasgow|Inverness|Leeds|London|Newcastle|Peterborough|Plymouth|Sheffield|York,3.0,1.0,0,0,0
ARD,11,3,2,08:33,06:13,20:02,25,1,Inverness,0.0,0.0,0,0,0
ARG,9,1,2,16:21,06:23,23:18,25,1,Glasgow,0.0,0.0,0,0,0
ARL,90,12,8,23:05,00:26,23:58,33,2,London|Peterborough,4.0,2.0,1,1,1
ARM,74,12,6,15:27,00:08,23:40,39,1,Edinburgh,3.0,1.0,0,0,0
ARN,50,9,7,17:12,05:34,23:48,35,2,Manchester|Preston,2.0,0.0,0,0,0
ARR,11,3,3,07:32,06:32,20:15,17,1,York,0.0,0.0,0,0,0
ART,18,4,4,06:34,06:34,22:44,27,2,Edinburgh|Glasgow,0.0,0.0,0,0,0
ARU,74,12,6,06:44,05:51,23:57,30,2,London|Portsmouth,4.0,1.0,1,0,1
ASB,82,14,8,21:32,00:03,23:30,17,1,Glasgow,4.0,1.0,1,0,1
ASC,44,8,5,07:26,06:23,22:54,47,10,Birmingham|Bristol|Cambridge|Cardiff|Derby|Leicester|London|Nottingham|Peterborough|Reading,1.0,0.0,0,0,0
ASD,28,6,3,07:30,07:30,20:51,4,1,Bristol,2.0,1.0,0,0,0
ASF,50,11,5,07:45,06:39,23:45,7,1,Glasgow,2.0,0.0,0,0,0
ASG,70,13,5,07:14,05:59,23:14,29,2,Derby|Nottingham,4.0,2.0,1,1,1
ASH,123,22,10,07:28,00:05,23:37,22,1,Reading,6.0,3.0,1,1,1
ASK,25,5,3,06:02,06:02,22:21,33,2,Manchester|Preston,0.0,0.0,0,0,0
ASL,31,6,3,06:07,06:07,23:58,7,1,Newcastle,2.0,0.0,0,0,0
ASN,84,14,7,06:35,00:04,23:37,24,1,London,4.0,0.0,1,0,1
ASP,37,6,4,14:26,06:07,22:47,9,1,Carlisle,2.0,1.0,0,0,0
ASS,15,3,3,15:36,06:55,23:10,25,1,Inverness,0.0,0.0,0,0,0
AST,217,36,13,06:14,00:02,23:51,44,1,Birmingham,12.0,4.0,1,1,1
ASY,44,9,5,06:49,00:06,23:47,15,1,Manchester,2.0,1.0,0,0,0
ATB,74,11,7,21:22,00:20,23:59,59,5,Birmingham|Cardiff|Derby|Leicester|Nottingham,3.0,1.0,0,0,0
ATH,39,4,5,06:01,06:01,23:04,12,1,London,0.0,0.0,0,0,0
ATL,46,9,5,17:48,05:52,23:50,42,7,Cambridge|Liverpool|Manchester|Norwich|Nottingham|Peterborough|Sheffield,2.0,1.0,0,0,0
ATN,140,26,12,06:55,00:06,23:31,47,2,Leeds|Manchester,8.0,3.0,1,1,1
ATT,8,0,2,12:43,06:25,19:55,16,1,Inverness,0.0,0.0,0,0,0
AUD,119,21,9,07:08,00:27,23:49,50,6,Birmingham|Cambridge|Leicester|London|Norwich|Peterborough,6.0,2.0,1,1,1
AUG,125,24,9,07:43,00:17,23:57,18,0,,8.0,4.0,1,1,1
AUI,18,4,4,06:51,06:51,22:28,27,2,Edinburgh|Glasgow,0.0,0.0,0,0,0
AUK,26,3,4,13:42,06:34,23:09,13,2,Carlisle|Glasgow,1.0,0.0,0,0,0
AUR,69,12,6,21:10,06:11,23:16,17,1,Edinburgh,3.0,1.0,0,0,0
AUW,2,1,1,07:55,07:55,17:51,13,0,,0.0,0.0,0,0,0
AVF,46,9,5,06:13,00:16,23:55,39,4,Bristol|Cardiff|Portsmouth|Southampton,2.0,1.0,0,0,0
AVM,27,6,4,20:34,06:12,22:39,28,9,Birmingham|Edinburgh|Glasgow|Inverness|London|Newcastle|Peterborough|Preston|York,1.0,0.0,0,0,0
AVN,58,10,7,22:21,05:38,23:18,29,1,Bristol,3.0,1.0,0,0,0
AVP,22,6,3,07:00,00:03,23:03,10,1,London,1.0,0.0,0,0,0
AVY,17,4,3,22:14,07:02,22:33,26,0,,0.0,0.0,0,0,0
AWK,54,10,4,06:53,00:03,23:43,14,2,Leeds|Sheffield,3.0,1.0,0,0,0
AWM,114,19,9,16:39,00:07,23:57,38,3,Brighton|Cambridge|London,4.0,2.0,1,1,1
AWT,15,2,2,07:47,06:03,20:42,19,2,Carlisle|Leeds,0.0,0.0,0,0,0
AXM,46,8,5,07:23,05:50,23:48,23,2,Exeter|London,2.0,0.0,0,0,0
AXP,66,12,5,06:26,06:08,23:58,28,0,,4.0,0.0,1,0,1
AYH,50,10,5,17:56,00:02,23:07,20,1,London,2.0,1.0,0,0,0
AYL,73,12,5,05:24,04:48,23:13,16,0,,4.0,2.0,1,1,1
AYP,179,35,13,06:28,00:28,23:59,42,1,London,8.0,4.0,1,1,1
AYR,71,13,7,17:32,00:22,23:54,28,1,Glasgow,3.0,0.0,0,0,0
AYS,74,16,8,07:29,00:36,23:55,26,1,London,2.0,0.0,0,0,0
AYW,42,9,4,09:27,05:12,23:39,22,1,Birmingham,1.0,0.0,0,0,0
BAA,335,57,21,07:33,00:04,23:58,54,4,Brighton|London|Portsmouth|Southampton,18.0,8.0,1,1,1
BAB,90,13,10,22:55,00:28,23:50,42,3,Brighton|Cambridge|London,4.0,2.0,1,1,1
BAC,119,20,9,08:22,00:22,23:52,17,1,Liverpool,6.0,0.0,1,0,1
BAD,75,12,8,22:12,06:28,23:56,16,1,London,4.0,2.0,1,1,1
BAG,78,14,6,06:24,00:34,23:59,19,1,London,4.0,1.0,1,0,1
BAH,144,24,9,06:01,06:01,23:56,16,0,,8.0,4.0,1,1,1
BAI,133,27,11,16:27,00:12,23:47,44,1,Edinburgh,7.0,3.0,1,1,1
BAJ,36,7,4,08:51,00:06,23:56,34,2,Cardiff|Swansea,0.0,0.0,0,0,0
BAK,244,52,19,07:01,00:19,23:57,43,1,London,12.0,4.0,1,1,1
BAL,352,70,25,07:42,00:03,23:54,50,1,London,18.0,7.0,1,1,1
BAM,51,8,6,22:43,06:35,23:50,26,4,Liverpool|Manchester|Nottingham|Sheffield,2.0,1.0,0,0,0
BAN,146,28,11,09:11,00:03,23:59,62,10,Birmingham|Coventry|Derby|London|Manchester|Newcastle|Reading|Sheffield|Southampton|York,7.0,3.0,1,1,1
BAR,48,9,5,13:43,05:42,22:56,16,1,Leeds,1.0,0.0,0,0,0
BAS,19,4,3,08:54,05:18,22:45,8,1,Plymouth,0.0,0.0,0,0,0
BAT,73,12,7,18:33,00:11,23:12,20,1,London,4.0,1.0,1,0,1
BAU,17,2,2,06:53,06:52,21:57,14,0,,0.0,0.0,0,0,0
BAV,16,3,2,07:37,07:37,22:02,13,0,,0.0,0.0,0,0,0
BAW,79,12,6,06:18,00:24,23:54,20,1,Reading,4.0,2.0,1,1,1
BAY,107,22,10,06:35,00:03,23:50,22,1,London,4.0,2.0,1,1,1
BBG,94,22,9,07:54,00:01,23:57,9,2,Edinburgh|Glasgow,4.0,2.0,1,1,1
BBK,38,6,4,22:42,00:09,23:23,14,1,Birmingham,2.0,1.0,0,0,0
BBL,78,12,5,11:25,00:21,23:51,33,1,London,4.0,2.0,1,1,1
BBN,200,33,14,09:35,00:03,23:47,71,4,Leeds|Manchester|Preston|York,10.0,3.0,1,1,1
BBW,35,6,3,06:44,00:46,23:00,16,1,Sheffield,2.0,1.0,0,0,0
BCB,93,17,8,08:13,06:17,23:44,24,1,Manchester,5.0,2.0,1,1,1
BCC,34,4,4,18:25,05:40,23:24,16,1,Norwich,1.0,0.0,0,0,0
BCE,82,13,7,05:53,00:13,23:49,19,1,London,4.0,2.0,1,1,1
BCF,113,17,10,22:14,00:30,23:59,31,2,Birmingham|London,4.0,2.0,1,1,1
BCG,103,18,8,21:01,06:01,23:50,10,1,Cardiff,6.0,2.0,1,1,1
BCH,80,13,8,06:35,00:53,23:15,57,1,London,3.0,0.0,0,0,0
BCJ,35,6,3,06:35,06:35,23:14,4,1,Preston,2.0,1.0,0,0,0
BCK,41,8,4,06:30,06:30,23:34,14,0,,1.0,0.0,0,0,0
BCN,69,13,6,08:04,06:33,23:32,14,1,Glasgow,4.0,2.0,1,1,1
BCS,74,12,6,09:30,00:30,23:55,36,2,Birmingham|London,4.0,2.0,1,1,1
BCU,202,38,17,07:57,00:08,23:43,53,6,Birmingham|Coventry|London|Manchester|Reading|Southampton,9.0,4.0,1,1,1
BCV,174,35,13,06:31,00:05,23:53,18,1,London,8.0,4.0,1,1,1
BCY,380,64,22,07:22,00:01,23:56,39,1,London,20.0,8.0,1,1,1
BCZ,257,42,18,22:41,00:06,23:53,88,2,Brighton|London,12.0,6.0,1,1,1
BDA,81,14,7,06:11,05:17,23:57,23,2,Cambridge|Norwich,4.0,2.0,1,1,1
BDB,139,22,9,06:01,06:01,23:56,13,1,Manchester,7.0,3.0,1,1,1
BDF,30,6,3,07:56,07:19,22:57,3,0,,1.0,0.0,0,0,0
BDG,203,37,14,07:32,06:19,23:44,45,0,,11.0,5.0,1,1,1
BDH,69,16,7,07:55,00:39,23:37,54,4,Brighton|London|Portsmouth|Southampton,2.0,1.0,0,0,0
BDI,245,43,17,06:58,00:26,23:54,64,6,Leeds|London|Manchester|Peterborough|Preston|York,12.0,6.0,1,1,1
BDK,140,25,10,06:13,00:02,23:48,39,3,Brighton|Cambridge|London,6.0,3.0,1,1,1
BDL,144,24,9,06:33,00:20,23:58,16,0,,8.0,4.0,1,1,1
BDM,190,33,15,07:00,00:01,23:56,90,4,Brighton|Leicester|London|Nottingham,8.0,1.0,1,0,1
BDN,50,10,4,06:19,05:42,22:45,7,0,,2.0,1.0,0,0,0
BDQ,99,18,9,06:30,05:46,23:23,32,2,Leeds|London,4.0,1.0,1,0,1
BDS,685,133,48,07:30,00:02,23:54,40,1,Reading,32.0,16.0,1,1,1
BDT,51,10,5,08:11,06:10,23:07,31,2,Sheffield|York,2.0,1.0,0,0,0
BDW,31,7,5,20:42,05:31,23:51,23,4,Exeter|London|Plymouth|Reading,0.0,0.0,0,0,0
BDY,116,20,11,18:48,06:16,23:50,18,2,Manchester|Sheffield,5.0,2.0,1,1,1
BEA,110,18,9,06:29,00:09,23:55,36,4,Aberdeen|Edinburgh|Glasgow|Inverness,5.0,2.0,1,1,1
BEB,192,32,13,08:42,05:51,23:59,20,1,Liverpool,9.0,0.0,1,0,1
BEC,105,21,9,17:56,00:15,23:59,45,1,London,4.0,2.0,1,1,1
BEE,191,36,14,07:00,00:19,23:56,82,9,Birmingham|Cardiff|Coventry|Derby|Leicester|London|Nottingham|Reading|Southampton,10.0,5.0,1,1,1
BEF,344,51,25,17:40,00:11,23:59,25,1,London,15.0,4.0,1,1,1
BEG,69,12,5,07:15,05:11,23:14,16,0,,4.0,2.0,1,1,1
BEH,36,6,3,22:45,06:09,23:35,6,1,Coventry,2.0,1.0,0,0,0
BEJ,63,12,5,09:27,06:12,23:52,7,1,Newcastle,4.0,2.0,1,1,1
BEL,24,5,3,07:15,07:15,23:40,37,1,Inverness,1.0,0.0,0,0,0
BEM,29,6,3,07:20,07:20,21:46,23,2,Sheffield|York,2.0,1.0,0,0,0
BEN,16,3,2,07:18,06:01,22:01,16,1,Leeds,0.0,0.0,0,0,0
BEO,14,2,2,06:53,06:53,20:18,2,0,,0.0,0.0,0,0,0
BEP,36,6,3,22:41,06:13,23:31,6,1,Coventry,2.0,1.0,0,0,0
BER,21,2,3,16:04,06:16,22:50,38,2,Birmingham|London,0.0,0.0,0,0,0
BES,33,6,4,07:36,06:36,22:36,24,1,Manchester,2.0,0.0,0,0,0
BET,321,58,21,16:33,00:04,23:51,24,1,London,16.0,8.0,1,1,1
BEU,18,5,5,07:47,07:47,22:10,31,2,London|Southampton,0.0,0.0,0,0,0
BEV,74,14,8,07:37,05:53,23:38,34,3,London|Sheffield|York,4.0,2.0,1,1,1
BEX,118,21,9,07:46,00:45,23:47,34,2,Brighton|London,6.0,3.0,1,1,1
BEY,133,27,13,17:47,05:53,23:58,9,1,Leeds,6.0,3.0,1,1,1
BFA,1,0,1,11:30,11:30,17:45,1,0,,0.0,0.0,0,0,0
BFD,118,22,11,15:53,00:23,23:57,30,1,London,4.0,2.0,1,1,1
BFE,18,4,3,07:51,06:07,22:50,8,1,Plymouth,1.0,0.0,0,0,0
BFF,23,4,3,20:15,06:13,22:42,15,0,,1.0,0.0,0,0,0
BFN,84,12,7,05:35,00:38,23:59,33,1,London,4.0,2.0,1,1,1
BFR,661,114,43,07:46,00:01,23:53,148,4,Brighton|Cambridge|London|Peterborough,30.0,14.0,1,1,1
BGA,39,8,4,05:44,05:44,22:37,12,1,Norwich,2.0,1.0,0,0,0
BGD,112,21,7,07:11,00:01,23:23,30,1,Cardiff,7.0,3.0,1,1,1
BGE,134,24,11,06:10,00:08,23:40,36,3,Liverpool|Manchester|Preston,7.0,3.0,1,1,1
BGG,2,0,1,11:04,11:04,13:53,8,1,Sheffield,0.0,0.0,0,0,0
BGH,147,23,11,15:52,00:01,23:59,46,6,Leeds|Liverpool|London|Manchester|Peterborough|York,7.0,3.0,1,1,1
BGI,64,12,5,06:55,06:10,23:51,30,0,,4.0,2.0,1,1,1
BGL,17,4,2,06:43,06:43,21:41,6,0,,0.0,0.0,0,0,0
BGM,111,25,11,07:37,00:02,23:43,53,1,London,4.0,2.0,1,1,1
BGN,220,40,16,08:26,00:13,23:51,95,6,Bristol|Cardiff|London|Manchester|Reading|Swansea,10.0,3.0,1,1,1
BGS,82,12,8,21:11,00:28,23:43,15,1,Glasgow,4.0,2.0,1,1,1
BGV,73,12,6,20:19,00:11,23:50,12,0,,4.0,0.0,1,0,1
BHC,33,6,3,09:09,00:28,23:32,36,0,,2.0,0.0,0,0,0
BHD,54,9,5,21:29,00:05,23:27,30,1,Cardiff,3.0,1.0,0,0,0
BHG,95,18,9,07:20,00:07,23:42,41,1,Edinburgh,3.0,1.0,0,0,0
BHI,306,51,20,06:17,00:04,23:40,114,12,Birmingham|Carlisle|Coventry|Edinburgh|Glasgow|Inverness|Liverpool|London|Manchester|Preston|Reading|Southampton,16.0,6.0,1,1,1
BHK,99,23,9,06:23,00:19,23:56,14,1,London,4.0,2.0,1,1,1
BHM,818,142,55,06:26,00:02,23:54,236,25,Aberdeen|Birmingham|Bristol|Cambridge|Cardiff|Carlisle|Coventry|Derby|Edinburgh|Exeter|Glasgow|Leeds|Leicester|Liverpool|London|Manchester|Newcastle|Nottingham|Peterborough|Plymouth|Preston|Reading|Sheffield|Southampton|York,45.0,22.0,1,1,1
BHO,142,24,10,12:41,00:05,23:47,12,0,,8.0,4.0,1,1,1
BHR,14,3,4,17:01,06:59,20:36,33,1,Swansea,0.0,0.0,0,0,0
BHS,35,6,3,06:38,00:29,23:06,16,1,Sheffield,2.0,1.0,0,0,0
BIA,16,3,2,19:54,06:44,21:53,15,0,,1.0,0.0,0,0,0
BIC,124,24,12,17:39,00:14,23:44,17,1,London,6.0,3.0,1,1,1
BID,139,27,10,07:55,05:54,23:50,28,1,Liverpool,8.0,0.0,1,0,1
BIF,34,4,5,18:56,00:30,23:13,35,2,Manchester|Preston,1.0,0.0,0,0,0
BIG,74,13,6,07:02,06:09,23:40,30,2,London|Portsmouth,4.0,2.0,1,1,1
BIK,64,12,5,06:34,06:34,23:16,11,1,London,4.0,0.0,1,0,1
BIL,36,8,4,07:07,06:27,22:44,36,2,Carlisle|Newcastle,2.0,1.0,0,0,0
BIN,39,7,4,05:26,05:26,22:49,29,5,Liverpool|Manchester|Nottingham|Peterborough|Sheffield,2.0,0.0,0,0,0
BIO,64,12,5,06:52,06:14,23:48,30,0,,4.0,2.0,1,1,1
BIP,73,12,5,05:57,00:14,23:58,9,1,Brighton,2.0,1.0,0,0,0
BIS,211,37,16,08:14,00:07,23:59,30,2,Cambridge|London,10.0,4.0,1,1,1
BIT,78,12,6,07:52,00:05,23:46,16,1,London,3.0,0.0,0,0,0
BIW,100,14,8,23:00,00:01,23:53,33,2,London|Peterborough,3.0,1.0,0,0,0
BIY,159,30,14,07:56,05:36,23:43,34,2,Carlisle|Leeds,8.0,3.0,1,1,1
BKA,45,7,5,06:27,00:32,23:41,18,1,London,2.0,1.0,0,0,0
BKC,194,32,13,07:48,05:48,23:52,20,1,Liverpool,9.0,0.0,1,0,1
BKD,70,13,6,07:35,05:37,23:37,46,1,Birmingham,4.0,0.0,1,0,1
BKG,647,118,49,07:22,00:02,23:56,37,1,London,32.0,12.0,1,1,1
BKH,284,50,19,17:43,00:11,23:59,38,1,London,13.0,4.0,1,1,1
BKJ,190,35,12,06:35,00:14,23:58,26,1,London,10.0,4.0,1,1,1
BKL,257,46,17,06:15,00:05,23:59,53,1,London,12.0,6.0,1,1,1
BKM,157,33,15,07:55,00:13,23:48,24,3,Birmingham|Coventry|London,8.0,4.0,1,1,1
BKN,238,46,16,07:24,00:02,23:47,17,1,Liverpool,14.0,7.0,1,1,1
BKO,155,29,14,09:24,00:03,23:46,36,3,London|Portsmouth|Southampton,8.0,3.0,1,1,1
BKP,238,46,16,07:21,06:06,23:59,17,1,Liverpool,14.0,7.0,1,1,1
BKQ,432,78,29,07:45,00:05,23:55,33,1,Liverpool,22.0,9.0,1,1,1
BKR,74,12,6,15:23,00:04,23:44,39,1,Edinburgh,3.0,1.0,0,0,0
BKS,49,10,4,06:45,05:14,23:54,20,1,London,2.0,1.0,0,0,0
BKT,72,12,5,06:12,06:12,23:41,22,1,Birmingham,4.0,2.0,1,1,1
BKW,86,13,9,06:26,00:18,23:55,26,3,Birmingham|Coventry|London,4.0,2.0,1,1,1
BLA,13,3,4,21:40,06:28,22:35,20,6,Birmingham|Edinburgh|Glasgow|Inverness|London|Preston,0.0,0.0,0,0,0
BLB,52,9,4,08:02,05:20,23:18,11,1,London,2.0,1.0,0,0,0
BLD,58,11,6,18:41,05:57,23:27,8,0,,2.0,1.0,0,0,0
BLE,179,30,13,20:35,00:06,23:47,30,2,Leeds|Manchester,10.0,5.0,1,1,1
BLG,205,42,16,07:06,00:01,23:57,52,1,Edinburgh,12.0,4.0,1,1,1
BLH,175,26,17,11:50,00:06,23:57,35,2,Edinburgh|Glasgow,8.0,4.0,1,1,1
BLI,63,12,5,09:23,06:15,23:49,7,1,Newcastle,4.0,2.0,1,1,1
BLK,50,10,5,07:04,00:02,23:10,19,2,Manchester|Preston,2.0,1.0,0,0,0
BLL,38,8,5,18:48,06:33,22:43,25,2,Carlisle|Newcastle,2.0,1.0,0,0,0
BLM,75,12,8,22:15,06:24,23:52,16,1,London,4.0,2.0,1,1,1
BLN,144,24,9,06:12,06:02,23:59,16,0,,8.0,4.0,1,1,1
BLO,44,10,6,07:03,05:54,23:27,32,2,Carlisle|Newcastle,2.0,0.0,0,0,0
BLP,42,7,6,22:44,05:52,23:43,34,5,Derby|Leicester|London|Nottingham|Sheffield,2.0,0.0,0,0,0
BLS,39,6,4,08:48,06:42,23:26,4,0,,2.0,1.0,0,0,0
BLT,137,23,10,14:49,06:01,23:40,36,0,,7.0,3.0,1,1,1
BLV,73,12,8,16:58,00:02,23:42,18,2,Manchester|Sheffield,3.0,1.0,0,0,0
BLW,38,7,4,18:37,05:26,23:40,12,1,Nottingham,2.0,1.0,0,0,0
BLX,70,12,5,06:26,05:54,23:55,27,1,Birmingham,4.0,2.0,1,1,1
BLY,173,32,12,06:56,00:10,23:51,39,3,Birmingham|Coventry|London,9.0,4.0,1,1,1
BMB,42,8,4,07:34,05:29,23:52,29,3,Leeds|Preston|York,2.0,1.0,0,0,0
BMC,129,22,10,09:13,06:13,23:41,18,1,Manchester,6.0,2.0,1,1,1
BMD,90,16,8,16:47,00:03,23:34,32,2,Cambridge|London,4.0,1.0,1,0,1
BME,15,4,3,08:24,06:28,21:18,33,1,Swansea,0.0,0.0,0,0,0
BMF,11,4,4,06:57,06:57,20:49,22,0,,0.0,0.0,0,0,0
BMG,63,12,5,06:57,00:26,23:26,26,1,London,2.0,1.0,0,0,0
BMH,148,33,16,07:26,00:03,23:44,51,6,Birmingham|Coventry|London|Manchester|Reading|Southampton,7.0,3.0,1,1,1
BML,46,8,6,06:01,00:09,23:34,13,1,Manchester,2.0,0.0,0,0,0
BMN,42,7,3,05:20,00:12,23:52,2,0,,2.0,0.0,0,0,0
BMO,182,37,13,06:44,00:04,23:45,55,1,London,10.0,2.0,1,1,1
BMP,38,8,4,18:25,06:11,22:46,25,2,Carlisle|Newcastle,1.0,0.0,0,0,0
BMR,192,33,13,08:36,00:05,23:50,20,1,Liverpool,10.0,0.0,1,0,1
BMS,446,83,31,07:37,00:05,23:59,103,1,London,20.0,10.0,1,1,1
BMT,48,11,5,07:06,06:16,23:43,46,4,Bristol|Cardiff|Exeter|Plymouth,2.0,0.0,0,0,0
BMV,79,15,6,07:03,06:18,23:31,30,1,Birmingham,4.0,1.0,1,0,1
BMY,80,12,7,22:20,00:12,23:53,5,1,Reading,3.0,1.0,0,0,0
BNA,81,12,6,15:13,00:10,23:57,41,3,Liverpool|Manchester|Preston,4.0,1.0,1,0,1
BNC,36,6,3,08:21,06:05,23:54,17,1,Preston,2.0,1.0,0,0,0
BND,39,8,4,06:37,06:14,23:28,22,2,Cambridge|Norwich,1.0,0.0,0,0,0
BNE,52,10,6,19:01,00:05,23:14,4,0,,2.0,0.0,0,0,0
BNF,36,7,4,08:47,00:10,23:52,34,2,Cardiff|Swansea,0.0,0.0,0,0,0
BNG,91,17,9,20:12,00:18,23:25,60,4,Birmingham|Cardiff|London|Manchester,4.0,1.0,1,0,1
BNH,214,39,15,07:00,00:06,23:48,38,1,London,10.0,3.0,1,1,1
BNI,118,22,10,05:45,00:06,23:44,30,1,London,4.0,2.0,1,1,1
BNL,66,12,5,06:23,06:11,23:55,28,0,,4.0,0.0,1,0,1
BNM,172,28,13,21:48,00:11,23:53,23,2,London|Reading,8.0,4.0,1,1,1
BNP,38,7,5,16:50,06:19,22:41,41,1,Exeter,1.0,0.0,0,0,0
BNR,174,30,11,06:22,00:03,23:54,9,0,,9.0,4.0,1,1,1
BNS,234,47,19,05:43,00:08,23:56,45,1,London,8.0,2.0,1,1,1
BNT,116,21,11,18:51,06:19,23:53,18,2,Manchester|Sheffield,5.0,1.0,1,0,1
BNV,9,2,3,16:25,07:22,22:18,25,1,Glasgow,0.0,0.0,0,0,0
BNW,144,24,9,06:04,06:04,23:52,16,0,,8.0,4.0,1,1,1
BNY,138,25,10,06:46,05:22,23:49,38,3,Leeds|Nottingham|Sheffield,8.0,4.0,1,1,1
BOA,104,18,8,08:30,00:10,23:48,49,6,Bristol|Cardiff|London|Portsmouth|Reading|Southampton,5.0,2.0,1,1,1
BOC,19,3,3,14:58,06:30,22:06,30,1,Preston,0.0,0.0,0,0,0
BOD,87,15,8,17:07,06:09,23:19,55,12,Birmingham|Bristol|Derby|Edinburgh|Exeter|Leeds|London|Newcastle|Plymouth|Reading|Sheffield|York,5.0,1.0,1,0,1
BOE,52,12,5,06:29,05:31,23:50,25,2,London|Portsmouth,2.0,1.0,0,0,0
BOG,75,13,5,04:51,00:05,23:53,31,2,Brighton|London,4.0,0.0,1,0,1
BOH,47,10,5,06:02,06:02,23:48,25,2,Brighton|Portsmouth,2.0,1.0,0,0,0
BOM,192,33,13,08:34,00:07,23:52,20,1,Liverpool,10.0,0.0,1,0,1
BON,365,63,25,19:41,00:23,23:58,78,5,Carlisle|Edinburgh|Glasgow|Manchester|Preston,19.0,9.0,1,1,1
BOP,114,25,10,06:58,00:11,23:43,22,1,London,4.0,2.0,1,1,1
BOR,23,7,4,07:49,00:35,22:27,38,2,Birmingham|Cardiff,1.0,0.0,0,0,0
BOT,144,24,9,06:03,06:03,23:53,16,0,,8.0,4.0,1,1,1
BOW,35,7,5,20:37,05:03,23:47,14,1,Birmingham,0.0,0.0,0,0,0
BPA,86,16,7,06:55,00:26,23:56,29,1,London,4.0,2.0,1,1,1
BPB,37,6,3,07:22,05:32,23:29,9,1,Preston,2.0,0.0,0,0,0
BPK,106,23,9,07:07,00:10,23:42,18,1,London,4.0,2.0,1,1,1
BPL,14,4,2,06:37,06:37,17:56,5,0,,0.0,0.0,0,0,0
BPN,77,12,6,21:56,00:02,23:54,50,5,Leeds|Liverpool|Manchester|Preston|York,4.0,0.0,1,0,1
BPS,20,3,2,05:29,05:29,23:27,9,1,Preston,1.0,0.0,0,0,0
BPT,155,27,13,17:22,00:13,23:53,20,1,Glasgow,8.0,4.0,1,1,1
BPW,211,36,16,15:21,00:24,23:48,134,22,Aberdeen|Birmingham|Bristol|Cambridge|Cardiff|Derby|Edinburgh|Exeter|Glasgow|Leeds|Leicester|London|Manchester|Newcastle|Peterborough|Plymouth|Portsmouth|Reading|Sheffield|Southampton|Swansea|York,11.0,5.0,1,1,1
BRA,8,2,2,09:29,08:15,20:53,25,1,Inverness,0.0,0.0,0,0,0
BRC,50,5,6,13:03,06:24,23:53,20,2,Edinburgh|Glasgow,1.0,0.0,0,0,0
BRE,340,64,23,06:56,00:01,23:59,27,1,London,15.0,7.0,1,1,1
BRF,36,6,3,18:25,06:00,23:59,17,1,Preston,2.0,1.0,0,0,0
BRG,109,21,9,16:10,00:12,23:32,30,1,London,4.0,2.0,1,1,1
BRH,35,7,5,20:46,04:57,23:55,14,1,Birmingham,0.0,0.0,0,0,0
BRI,326,58,24,16:26,00:02,23:59,169,22,Aberdeen|Birmingham|Bristol|Cambridge|Cardiff|Derby|Edinburgh|Exeter|Glasgow|Leeds|Leicester|London|Manchester|Newcastle|Peterborough|Plymouth|Portsmouth|Reading|Sheffield|Southampton|Swansea|York,17.0,6.0,1,1,1
BRK,56,14,8,07:02,00:05,23:58,28,2,Brighton|London,2.0,1.0,0,0,0
BRL,10,3,2,07:38,07:38,22:25,12,1,Glasgow,0.0,0.0,0,0,0
BRM,17,3,2,07:47,07:47,22:55,26,0,,0.0,0.0,0,0,0
BRN,91,21,9,07:26,06:36,23:49,53,1,Edinburgh,4.0,2.0,1,1,1
BRO,11,3,3,08:18,08:18,21:36,26,2,Edinburgh|Glasgow,0.0,0.0,0,0,0
BRP,33,5,3,06:35,05:48,23:15,16,1,Norwich,1.0,0.0,0,0,0
BRR,111,16,12,13:27,05:46,23:36,23,2,Carlisle|Glasgow,5.0,2.0,1,1,1
BRS,73,12,4,06:14,00:01,23:47,4,0,,4.0,2.0,1,1,1
BRU,27,4,4,10:31,06:37,22:40,26,1,Bristol,0.0,0.0,0,0,0
BRV,145,24,9,06:29,05:56,23:58,24,1,Birmingham,7.0,3.0,1,1,1
BRW,129,24,8,06:16,06:16,23:49,18,0,,8.0,4.0,1,1,1
BRX,149,24,9,08:57,00:05,23:56,12,1,London,8.0,4.0,1,1,1
BRY,150,27,10,09:56,00:15,23:55,28,1,Cardiff,9.0,3.0,1,1,1
BSB,21,5,3,05:59,05:59,23:54,31,2,Derby|Nottingham,1.0,0.0,0,0,0
BSC,73,12,5,06:23,05:44,23:44,22,1,Birmingham,4.0,0.0,1,0,1
BSD,72,13,7,23:07,00:36,23:43,27,1,London,2.0,1.0,0,0,0
BSE,54,8,5,08:00,05:30,23:28,18,2,Cambridge|Peterborough,1.0,0.0,0,0,0
BSH,236,45,17,08:05,00:04,23:56,29,1,London,12.0,6.0,1,1,1
BSI,3,1,1,06:25,06:25,18:00,14,1,Glasgow,0.0,0.0,0,0,0
BSJ,34,5,3,05:55,05:55,22:41,11,0,,1.0,0.0,0,0,0
BSK,315,60,23,08:59,00:01,23:55,100,12,Birmingham|Coventry|Derby|Exeter|London|Manchester|Newcastle|Portsmouth|Reading|Sheffield|Southampton|York,15.0,4.0,1,1,1
BSL,9,1,3,16:27,06:29,23:09,25,1,Glasgow,0.0,0.0,0,0,0
BSM,102,24,12,07:19,00:29,23:49,36,2,London|Southampton,4.0,2.0,1,1,1
BSN,31,6,3,07:20,06:13,22:20,17,1,Nottingham,2.0,1.0,0,0,0
BSO,255,48,23,17:06,00:09,23:55,16,1,London,12.0,4.0,1,1,1
BSP,325,60,22,06:45,00:04,23:50,27,0,,16.0,4.0,1,1,1
BSR,117,19,9,06:21,00:51,23:28,57,1,London,5.0,0.0,1,0,1
BSS,86,12,9,21:19,00:06,23:37,18,1,Glasgow,4.0,2.0,1,1,1
BST,3,0,2,00:01,00:01,01:04,1,0,,0.0,0.0,0,0,0
BSU,61,12,5,06:22,06:22,23:06,9,1,Edinburgh,4.0,2.0,1,1,1
BSV,77,11,5,05:33,00:12,23:59,19,2,Manchester|Preston,3.0,1.0,0,0,0
BSW,143,26,10,06:41,00:10,23:50,55,2,Birmingham|London,8.0,0.0,1,0,1
BSY,325,60,22,06:46,00:03,23:48,27,0,,16.0,4.0,1,1,1
BTB,59,12,5,06:43,05:32,23:32,56,5,Derby|Liverpool|Manchester|Nottingham|Sheffield,3.0,1.0,0,0,0
BTD,41,8,4,07:46,05:43,23:56,17,3,Leeds|Sheffield|York,2.0,1.0,0,0,0
BTE,36,7,4,16:38,06:05,23:36,15,2,Portsmouth|Southampton,2.0,1.0,0,0,0
BTF,28,8,4,07:21,05:38,22:03,29,5,Liverpool|Manchester|Nottingham|Peterborough|Sheffield,0.0,0.0,0,0,0
BTG,114,20,8,06:15,06:15,23:43,32,1,Birmingham,6.0,3.0,1,1,1
BTH,198,35,14,13:11,00:02,23:53,74,9,Bristol|Cardiff|Exeter|London|Plymouth|Portsmouth|Reading|Southampton|Swansea,9.0,4.0,1,1,1
BTL,104,18,9,17:32,00:10,23:34,32,3,Leeds|Manchester|York,6.0,2.0,1,1,1
BTN,269,46,18,06:55,00:01,23:57,108,4,Cambridge|London|Portsmouth|Southampton,14.0,4.0,1,1,1
BTO,28,6,5,21:55,06:19,22:51,20,1,Reading,0.0,0.0,0,0,0
BTP,44,7,4,06:30,00:21,23:46,11,1,London,2.0,0.0,0,0,0
BTR,22,3,2,06:43,00:25,23:44,11,1,London,1.0,0.0,0,0,0
BTS,73,15,7,06:39,06:06,23:12,21,1,Edinburgh,3.0,1.0,0,0,0
BTT,12,3,2,06:22,06:22,23:07,27,1,Newcastle,0.0,0.0,0,0,0
BTY,66,14,6,08:32,00:03,23:35,12,1,London,2.0,1.0,0,0,0
BUA,5,1,1,06:05,06:05,20:30,3,0,,0.0,0.0,0,0,0
BUB,36,6,3,08:18,06:07,23:51,17,1,Preston,2.0,1.0,0,0,0
BUC,4,1,2,09:17,09:17,17:07,8,1,Norwich,0.0,0.0,0,0,0
BUD,35,4,5,18:38,06:25,22:57,13,2,Manchester|Preston,1.0,0.0,0,0,0
BUE,37,6,3,05:33,05:33,23:33,4,0,,2.0,1.0,0,0,0
BUG,251,38,20,22:36,00:03,23:59,60,3,Brighton|Cambridge|London,12.0,5.0,1,1,1
BUH,229,39,16,19:16,00:04,23:50,68,7,Leeds|Liverpool|London|Manchester|Peterborough|Sheffield|York,12.0,5.0,1,1,1
BUI,93,15,9,12:26,06:31,23:38,14,1,Glasgow,4.0,2.0,1,1,1
BUJ,35,6,3,05:48,00:04,22:45,40,2,Derby|Nottingham,2.0,1.0,0,0,0
BUK,15,3,3,18:22,06:37,21:09,33,1,Swansea,0.0,0.0,0,0,0
BUL,72,12,5,06:09,06:09,23:43,22,1,Birmingham,4.0,2.0,1,1,1
BUO,37,8,5,07:22,05:50,23:21,15,2,Portsmouth|Southampton,2.0,1.0,0,0,0
BUS,101,16,11,16:39,00:07,23:41,9,1,Glasgow,5.0,2.0,1,1,1
BUT,86,19,8,07:23,06:20,23:40,67,17,Aberdeen|Birmingham|Bristol|Cardiff|Coventry|Derby|Edinburgh|Exeter|Glasgow|Leeds|Newcastle|Nottingham|Plymouth|Reading|Sheffield|Southampton|York,4.0,2.0,1,1,1
BUU,52,8,4,08:03,05:29,23:20,11,1,London,2.0,1.0,0,0,0
BUW,133,26,13,17:52,05:58,23:55,9,1,Leeds,6.0,3.0,1,1,1
BUX,29,6,4,05:50,00:09,23:14,14,1,Manchester,1.0,0.0,0,0,0
BUY,78,17,9,07:25,06:03,23:49,13,2,Leeds|York,4.0,0.0,1,0,1
BVD,176,34,13,07:11,00:03,23:50,32,1,London,8.0,2.0,1,1,1
BWB,34,6,3,07:25,05:24,23:13,11,0,,1.0,0.0,0,0,0
BWD,92,22,9,06:47,06:06,23:59,47,6,Liverpool|Manchester|Norwich|Nottingham|Peterborough|Sheffield,4.0,2.0,1,1,1
BWE,31,5,3,16:24,00:04,23:10,2,0,,1.0,0.0,0,0,0
BWG,66,12,5,07:45,00:09,23:14,39,0,,4.0,2.0,1,1,1
BWK,78,12,7,06:04,06:04,23:52,76,16,Aberdeen|Birmingham|Bristol|Cardiff|Derby|Edinburgh|Exeter|Glasgow|Inverness|Leeds|London|Newcastle|Peterborough|Plymouth|Sheffield|York,3.0,1.0,0,0,0
BWN,70,12,5,06:23,05:57,23:57,27,1,Birmingham,4.0,2.0,1,1,1
BWO,39,8,3,06:17,06:17,23:16,6,0,,2.0,1.0,0,0,0
BWR,15,3,2,06:40,05:20,21:08,3,0,,1.0,0.0,0,0,0
BWS,33,6,3,07:04,05:45,22:17,16,2,Leicester|Nottingham,1.0,0.0,0,0,0
BWT,53,10,7,19:36,00:34,23:58,69,6,Bristol|Cardiff|Exeter|London|Plymouth|Reading,2.0,1.0,0,0,0
BXB,234,42,16,06:35,00:17,23:52,35,2,Cambridge|London,11.0,5.0,1,1,1
BXD,39,7,3,06:15,00:12,23:16,11,1,London,2.0,1.0,0,0,0
BXH,214,38,15,07:05,00:02,23:45,38,1,London,10.0,3.0,1,1,1
BXW,79,15,7,07:04,00:23,23:57,27,1,London,4.0,2.0,1,1,1
BXY,184,39,15,07:13,00:31,23:59,42,1,London,8.0,3.0,1,1,1
BYA,4,1,1,07:58,07:58,17:51,6,1,Norwich,0.0,0.0,0,0,0
BYB,32,6,2,07:01,07:01,22:24,27,2,Derby|Nottingham,2.0,1.0,0,0,0
BYC,25,4,3,09:03,05:42,21:07,15,0,,0.0,0.0,0,0,0
BYD,150,27,10,05:33,00:11,23:51,28,1,Cardiff,9.0,3.0,1,1,1
BYE,17,3,4,05:16,05:16,22:20,33,1,Swansea,0.0,0.0,0,0,0
BYF,39,8,4,06:28,05:52,23:39,34,4,Aberdeen|Edinburgh|Glasgow|Inverness,1.0,0.0,0,0,0
BYI,45,9,3,05:25,00:01,23:41,25,1,Cardiff,3.0,0.0,0,0,0
BYK,71,13,6,06:57,00:07,23:39,14,2,Leeds|Sheffield,3.0,1.0,0,0,0
BYL,3,1,1,06:18,06:18,18:07,14,1,Glasgow,0.0,0.0,0,0,0
BYM,93,15,7,19:50,00:44,23:59,46,4,Leeds|Manchester|Preston|York,5.0,1.0,1,0,1
BYN,85,15,8,16:56,05:41,23:55,18,2,Liverpool|Preston,3.0,1.0,0,0,0
BYS,9,2,2,07:37,07:37,20:37,26,1,Preston,0.0,0.0,0,0,0
CAA,36,6,3,22:50,06:04,23:40,6,1,Coventry,2.0,1.0,0,0,0
CAC,74,12,6,15:16,00:28,23:58,39,1,Edinburgh,4.0,2.0,1,1,1
CAD,150,27,10,05:33,00:08,23:48,28,1,Cardiff,9.0,3.0,1,1,1
CAG,13,3,2,07:54,06:03,22:48,15,3,Edinburgh|Glasgow|Inverness,0.0,0.0,0,0,0
CAK,49,9,6,17:25,00:01,22:43,35,2,Manchester|Preston,2.0,1.0,0,0,0
CAM,78,14,6,06:31,00:09,23:39,19,1,London,4.0,2.0,1,1,1
CAN,45,8,5,06:56,06:02,23:29,36,4,Aberdeen|Edinburgh|Glasgow|Inverness,1.0,0.0,0,0,0
CAO,70,12,5,06:04,00:05,23:13,27,1,Birmingham,4.0,2.0,1,1,1
CAP,12,2,2,08:44,08:44,19:14,3,0,,0.0,0.0,0,0,0
CAR,205,34,22,14:03,01:45,23:46,100,10,Birmingham|Coventry|Edinburgh|Glasgow|Leeds|Liverpool|London|Manchester|Newcastle|Preston,8.0,2.0,1,1,1
CAS,134,24,9,06:29,00:20,23:53,29,2,Leeds|Manchester,8.0,2.0,1,1,1
CAT,35,6,2,05:54,00:27,23:57,9,1,London,2.0,0.0,0,0,0
CAU,20,5,2,07:11,07:11,22:04,5,0,,0.0,0.0,0,0,0
CAY,139,30,12,07:51,00:01,23:58,44,1,Edinburgh,8.0,4.0,1,1,1
CBB,56,7,5,10:26,07:15,22:51,5,0,,2.0,1.0,0,0,0
CBC,35,6,3,05:51,05:51,22:54,33,0,,2.0,1.0,0,0,0
CBD,24,5,3,07:14,07:14,23:28,37,1,Inverness,0.0,0.0,0,0,0
CBE,52,10,5,07:17,05:19,23:50,20,1,London,2.0,1.0,0,0,0
CBG,313,52,22,16:18,00:05,23:56,102,6,Birmingham|Brighton|Leicester|London|Norwich|Peterborough,15.0,5.0,1,1,1
CBH,173,34,13,16:31,00:04,23:50,18,1,London,8.0,4.0,1,1,1
CBK,46,8,5,06:53,05:23,23:53,23,2,Exeter|London,2.0,1.0,0,0,0
CBL,237,38,17,12:07,00:08,23:58,60,2,Edinburgh|Glasgow,11.0,5.0,1,1,1
CBN,69,10,7,17:36,00:12,23:19,57,12,Birmingham|Bristol|Derby|Edinburgh|Exeter|Leeds|London|Newcastle|Plymouth|Reading|Sheffield|York,2.0,1.0,0,0,0
CBP,65,12,5,06:00,06:00,22:09,6,1,London,3.0,1.0,0,0,0
CBR,42,7,5,22:51,00:19,23:50,22,1,London,2.0,1.0,0,0,0
CBS,157,33,13,06:20,00:14,23:45,44,1,Edinburgh,7.0,3.0,1,1,1
CBW,88,16,7,07:40,00:22,23:35,38,1,London,4.0,1.0,1,0,1
CBX,68,13,6,07:03,00:15,23:21,20,1,Edinburgh,4.0,2.0,1,1,1
CBY,47,9,6,07:10,00:19,23:49,28,2,London|Reading,2.0,1.0,0,0,0
CCC,17,3,3,20:38,06:43,23:54,26,0,,0.0,0.0,0,0,0
CCH,196,34,13,07:35,00:10,23:56,53,4,Brighton|London|Portsmouth|Southampton,10.0,5.0,1,1,1
CCT,147,26,13,07:02,06:30,23:44,15,1,Glasgow,6.0,2.0,1,1,1
CDB,102,18,7,22:27,06:36,23:54,9,1,Cardiff,6.0,0.0,1,0,1
CDD,44,9,6,06:47,00:11,23:44,18,1,Edinburgh,2.0,1.0,0,0,0
CDF,728,126,46,07:13,00:02,23:58,249,17,Birmingham|Bristol|Derby|Edinburgh|Exeter|Leeds|London|Manchester|Newcastle|Nottingham|Plymouth|Portsmouth|Reading|Sheffield|Southampton|Swansea|York,40.0,8.0,1,1,1
CDI,94,18,10,13:52,05:32,23:29,38,1,Exeter,6.0,3.0,1,1,1
CDN,73,12,5,06:22,00:23,23:51,7,0,,4.0,2.0,1,1,1
CDO,89,16,10,21:41,00:09,23:57,20,1,Glasgow,3.0,1.0,0,0,0
CDQ,622,111,39,13:08,00:01,23:59,69,1,Cardiff,37.0,13.0,1,1,1
CDR,73,13,6,09:08,00:02,23:40,38,2,Edinburgh|Glasgow,4.0,2.0,1,1,1
CDS,167,29,12,07:49,00:01,23:59,49,3,Brighton|London|Peterborough,8.0,4.0,1,1,1
CDT,41,7,4,06:25,00:14,23:47,19,4,Birmingham|Cardiff|Derby|Nottingham,2.0,1.0,0,0,0
CDU,39,7,4,06:17,06:17,23:23,23,2,Bristol|Exeter,2.0,0.0,0,0,0
CDY,84,13,8,21:09,00:30,23:45,15,1,Glasgow,4.0,2.0,1,1,1
CEA,53,8,6,12:45,06:06,23:57,20,2,Edinburgh|Glasgow,2.0,1.0,0,0,0
CED,73,14,6,06:57,00:56,23:58,24,3,Birmingham|Coventry|London,4.0,2.0,1,1,1
CEF,56,13,6,07:11,06:00,23:56,14,1,Manchester,2.0,1.0,0,0,0
CEH,70,14,6,16:09,05:33,23:31,23,4,Birmingham|Cambridge|Leicester|Peterborough,3.0,1.0,0,0,0
CEL,66,12,6,07:39,00:09,23:30,12,1,Manchester,4.0,2.0,1,1,1
CEN,6,1,1,08:15,07:10,18:15,3,0,,0.0,0.0,0,0,0
CES,44,7,3,06:27,00:18,23:50,11,1,London,2.0,1.0,0,0,0
CET,65,9,5,16:00,06:12,23:07,20,1,London,2.0,0.0,0,0,0
CEY,130,25,11,07:06,05:49,23:58,32,2,Carlisle|Leeds,6.0,3.0,1,1,1
CFB,145,25,9,07:18,00:28,23:56,14,1,London,8.0,4.0,1,1,1
CFD,126,24,12,07:13,06:11,23:40,28,4,Leeds|Manchester|Sheffield|York,6.0,2.0,1,1,1
CFF,93,14,9,12:28,06:33,23:36,14,1,Glasgow,4.0,2.0,1,1,1
CFH,130,20,10,17:21,00:03,23:51,19,1,London,6.0,2.0,1,1,1
CFL,130,24,11,06:52,05:38,23:45,32,2,Carlisle|Leeds,6.0,3.0,1,1,1
CFN,71,10,6,19:29,05:25,23:32,29,1,Bristol,2.0,1.0,0,0,0
CFO,62,13,6,16:15,00:28,23:28,10,1,London,2.0,1.0,0,0,0
CFR,36,6,3,06:56,06:06,23:43,11,1,Southampton,2.0,0.0,0,0,0
CFS,23,5,3,08:25,07:05,22:47,8,0,,1.0,0.0,0,0,0
CFT,111,25,10,07:17,00:07,23:38,53,1,London,4.0,2.0,1,1,1
CGD,72,12,5,06:41,00:07,23:39,35,1,Edinburgh,3.0,1.0,0,0,0
CGM,78,15,7,07:22,05:59,23:43,34,3,London|Sheffield|York,4.0,1.0,1,0,1
CGN,150,27,10,09:38,00:05,23:58,28,1,Cardiff,9.0,3.0,1,1,1
CGT,29,6,3,06:30,06:30,22:46,2,0,,1.0,0.0,0,0,0
CGW,41,8,4,06:33,06:33,23:43,14,0,,2.0,1.0,0,0,0
CHC,223,45,18,16:04,00:08,23:57,52,1,Edinburgh,11.0,5.0,1,1,1
CHD,214,38,15,06:43,00:02,23:55,98,21,Aberdeen|Birmingham|Bristol|Cardiff|Derby|Edinburgh|Exeter|Glasgow|Leeds|Leicester|Liverpool|London|Manchester|Newcastle|Norwich|Nottingham|Peterborough|Plymouth|Reading|Sheffield|York,10.0,4.0,1,1,1
CHE,150,27,11,06:32,00:02,23:39,24,1,London,8.0,4.0,1,1,1
CHF,74,15,7,08:01,00:50,23:56,49,4,Leeds|Preston|Sheffield|York,2.0,1.0,0,0,0
CHG,70,12,6,17:51,00:01,23:59,27,1,London,2.0,1.0,0,0,0
CHH,74,12,6,21:37,06:15,23:34,30,2,London|Portsmouth,4.0,1.0,1,0,1
CHI,74,12,5,05:10,00:15,23:58,8,1,London,4.0,0.0,1,0,1
CHK,118,22,11,15:47,00:04,23:47,30,1,London,4.0,2.0,1,1,1
CHL,27,5,5,22:17,05:58,23:13,20,1,Reading,0.0,0.0,0,0,0
CHM,205,38,16,06:54,00:22,23:59,32,2,London|Norwich,10.0,5.0,1,1,1
CHN,264,45,17,08:32,00:11,23:56,48,2,Cambridge|London,14.0,6.0,1,1,1
CHO,79,12,6,10:13,00:42,23:53,9,2,London|Reading,4.0,2.0,1,1,1
CHP,73,12,5,06:28,00:29,23:57,7,0,,4.0,2.0,1,1,1
CHR,86,19,10,07:37,00:02,23:35,38,2,London|Southampton,3.0,1.0,0,0,0
CHT,2,1,1,07:04,06:40,19:09,8,1,Newcastle,0.0,0.0,0,0,0
CHU,144,26,12,06:44,00:01,23:54,21,1,Manchester,8.0,3.0,1,1,1
CHW,340,47,25,19:01,00:04,23:49,25,1,London,13.0,3.0,1,1,1
CHX,326,61,24,07:34,05:39,23:25,107,1,London,16.0,0.0,1,0,1
CHY,84,14,7,06:32,00:01,23:40,24,1,London,4.0,0.0,1,0,1
CIL,49,10,5,07:13,00:12,23:15,38,1,London,2.0,1.0,0,0,0
CIM,14,2,4,16:57,06:55,20:40,33,1,Swansea,0.0,0.0,0,0,0
CIR,329,61,23,07:42,00:01,23:47,27,0,,16.0,8.0,1,1,1
CIT,150,26,10,07:01,00:04,23:57,16,1,London,8.0,4.0,1,1,1
CKH,70,12,5,14:11,06:16,23:50,6,1,Glasgow,4.0,2.0,1,1,1
CKL,21,4,4,15:50,05:18,23:15,30,1,Preston,0.0,0.0,0,0,0
CKN,45,9,4,06:44,00:01,23:21,23,2,Exeter|London,2.0,1.0,0,0,0
CKS,101,16,9,13:11,00:10,23:42,9,1,Glasgow,5.0,2.0,1,1,1
CKT,74,12,6,22:20,00:09,23:55,6,1,Glasgow,4.0,2.0,1,1,1
CKY,114,21,9,06:37,00:10,23:40,19,1,Cardiff,6.0,1.0,1,0,1
CLA,115,19,8,15:28,00:39,23:58,24,1,London,6.0,2.0,1,1,1
CLC,51,8,6,10:27,06:32,22:42,57,5,Bristol|Exeter|London|Plymouth|Reading,1.0,0.0,0,0,0
CLD,90,18,8,07:44,00:23,23:47,29,1,London,4.0,2.0,1,1,1
CLE,33,4,4,13:13,00:03,23:03,62,5,Derby|Liverpool|Manchester|Nottingham|Sheffield,1.0,0.0,0,0,0
CLG,73,12,6,17:38,00:21,23:35,16,1,London,4.0,2.0,1,1,1
CLH,36,6,4,06:21,06:21,23:42,18,1,Manchester,2.0,0.0,0,0,0
CLI,4,2,2,08:36,08:36,18:20,18,1,Manchester,0.0,0.0,0,0,0
CLJ,2095,355,128,18:16,00:01,23:59,332,5,Brighton|Exeter|London|Portsmouth|Southampton,102.0,41.0,1,1,1
CLK,145,25,9,07:08,00:36,23:55,14,1,London,8.0,4.0,1,1,1
CLL,87,17,7,07:52,00:42,23:44,34,2,Brighton|London,4.0,2.0,1,1,1
CLM,53,12,7,06:20,05:36,23:25,53,5,Derby|Leicester|London|Nottingham|Peterborough,2.0,1.0,0,0,0
CLN,76,13,6,05:30,00:04,23:56,22,2,Leeds|Sheffield,4.0,2.0,1,1,1
CLP,145,24,9,07:23,00:10,23:56,18,0,,8.0,4.0,1,1,1
CLR,40,6,4,07:18,05:22,23:51,40,3,Cardiff|Manchester|Swansea,2.0,0.0,0,0,0
CLS,75,11,6,09:16,00:07,23:41,27,6,Carlisle|Leeds|Liverpool|Manchester|Newcastle|York,2.0,0.0,0,0,0
CLT,26,4,4,05:15,00:54,23:44,21,1,London,1.0,0.0,0,0,0
CLU,114,18,10,11:03,00:01,23:53,26,2,Edinburgh|Glasgow,5.0,1.0,1,0,1
CLV,21,3,3,15:58,06:21,22:44,38,2,Birmingham|London,1.0,0.0,0,0,0
CLW,62,13,6,16:18,00:24,23:24,10,1,London,2.0,1.0,0,0,0
CLY,56,11,6,06:15,00:09,23:27,35,6,Liverpool|Manchester|Norwich|Nottingham|Peterborough|Sheffield,2.0,1.0,0,0,0
CMA,9,2,1,07:16,07:16,18:46,2,0,,0.0,0.0,0,0,0
CMB,156,26,12,16:40,00:22,23:56,51,3,Cambridge|London|Norwich,8.0,3.0,1,1,1
CMD,326,62,23,07:29,00:03,23:48,27,0,,16.0,7.0,1,1,1
CME,2,1,1,08:13,08:13,17:36,13,0,,0.0,0.0,0,0,0
CMF,38,6,4,22:52,06:07,23:45,29,2,Derby|Nottingham,2.0,0.0,0,0,0
CMH,99,18,7,14:25,00:09,23:39,23,1,Cardiff,6.0,0.0,1,0,1
CML,64,12,5,06:18,06:18,23:43,30,0,,4.0,2.0,1,1,1
CMN,88,13,8,04:37,00:06,23:41,88,6,Bristol|Cardiff|London|Manchester|Reading|Swansea,2.0,0.0,0,0,0
CMO,114,18,8,09:45,00:17,23:47,28,2,Edinburgh|Glasgow,6.0,3.0,1,1,1
CMR,37,5,4,05:52,05:52,23:59,9,1,Norwich,1.0,0.0,0,0,0
CMS,363,59,23,16:15,00:03,23:59,88,7,Birmingham|Brighton|Cambridge|Leicester|London|Norwich|Peterborough,18.0,7.0,1,1,1
CMY,184,27,18,13:25,00:22,23:55,17,1,Glasgow,8.0,4.0,1,1,1
CNE,18,3,1,05:51,00:07,22:51,17,1,Preston,1.0,0.0,0,0,0
CNF,67,13,7,17:02,05:33,23:38,50,3,Leeds|Manchester|Preston,2.0,1.0,0,0,0
CNG,43,8,6,06:23,00:20,23:25,13,1,Manchester,2.0,1.0,0,0,0
CNL,86,14,8,06:40,00:25,23:55,26,3,Birmingham|Coventry|London,4.0,2.0,1,1,1
CNM,175,29,14,14:30,00:43,23:31,103,20,Aberdeen|Birmingham|Bristol|Cambridge|Cardiff|Derby|Edinburgh|Exeter|Glasgow|Leeds|Leicester|London|Manchester|Newcastle|Nottingham|Peterborough|Plymouth|Reading|Sheffield|York,8.0,3.0,1,1,1
CNN,626,108,39,07:37,00:04,23:57,52,0,,32.0,8.0,1,1,1
CNO,17,4,3,07:12,07:12,22:32,23,1,Bristol,1.0,0.0,0,0,0
CNP,238,46,16,07:24,06:09,23:57,17,1,Liverpool,14.0,0.0,1,0,1
CNR,21,4,4,09:33,06:33,22:08,37,2,Edinburgh|Glasgow,0.0,0.0,0,0,0
CNS,43,7,5,06:13,06:13,23:55,8,1,Sheffield,2.0,1.0,0,0,0
CNW,41,6,4,14:49,00:58,23:57,27,1,Manchester,2.0,1.0,0,0,0
CNY,44,8,4,06:04,05:53,23:50,21,2,Cambridge|Norwich,2.0,1.0,0,0,0
COA,132,26,10,06:38,00:17,23:47,44,1,Edinburgh,8.0,3.0,1,1,1
COB,89,17,7,06:24,00:39,23:46,34,2,Brighton|London,4.0,2.0,1,1,1
COC,1,0,1,23:29,23:29,23:29,3,0,,0.0,0.0,0,0,0
COE,4,2,2,14:06,08:24,14:57,5,0,,0.0,0.0,0,0,0
COH,39,7,3,06:44,00:05,23:10,11,1,London,2.0,1.0,0,0,0
COI,187,32,16,12:48,06:26,23:48,20,1,Glasgow,8.0,3.0,1,1,1
COL,227,39,16,16:12,00:06,23:58,40,3,London|Norwich|Peterborough,12.0,5.0,1,1,1
COM,11,3,2,07:31,07:31,22:50,27,1,Newcastle,0.0,0.0,0,0,0
CON,15,2,3,17:34,05:32,21:14,18,1,Glasgow,0.0,0.0,0,0,0
COO,52,10,5,19:04,00:32,23:57,4,0,,2.0,1.0,0,0,0
COP,33,6,3,06:36,06:36,23:16,37,1,Exeter,2.0,1.0,0,0,0
COR,39,7,3,06:10,00:04,23:25,8,1,London,2.0,0.0,0,0,0
COS,38,6,4,22:15,00:20,23:33,14,1,Birmingham,2.0,1.0,0,0,0
COT,46,8,5,07:22,00:58,23:53,31,3,Leeds|Manchester|York,2.0,1.0,0,0,0
COV,281,49,21,06:44,00:11,23:58,62,10,Birmingham|Carlisle|Edinburgh|Glasgow|Liverpool|London|Manchester|Preston|Reading|Southampton,14.0,7.0,1,1,1
COW,59,11,6,06:57,00:02,23:41,21,1,Edinburgh,2.0,0.0,0,0,0
COY,37,6,4,21:12,06:09,23:59,10,1,Cardiff,2.0,0.0,0,0,0
CPA,9,2,3,16:30,07:18,22:23,25,1,Glasgow,0.0,0.0,0,0,0
CPG,15,3,2,07:40,06:05,20:20,3,0,,1.0,0.0,0,0,0
CPH,175,33,12,07:09,00:03,23:53,30,1,Cardiff,11.0,5.0,1,1,1
CPK,148,24,9,06:38,00:08,23:53,18,1,London,8.0,4.0,1,1,1
CPM,114,20,9,07:10,00:49,23:40,56,8,Bristol|Cardiff|Exeter|London|Plymouth|Reading|Southampton|Swansea,5.0,2.0,1,1,1
CPN,4,2,2,07:27,07:27,18:24,13,1,Exeter,0.0,0.0,0,0,0
CPT,150,24,9,06:41,00:13,23:58,8,1,London,8.0,4.0,1,1,1
CPU,81,17,7,07:32,00:17,23:47,17,1,Liverpool,4.0,0.0,1,0,1
CPW,58,11,5,08:46,00:23,23:56,32,9,Birmingham|Cardiff|Derby|Edinburgh|Leeds|Newcastle|Nottingham|Sheffield|York,3.0,1.0,0,0,0
CPY,16,3,2,07:24,05:55,22:07,16,1,Leeds,0.0,0.0,0,0,0
CRA,130,24,9,06:24,05:52,23:41,46,1,Birmingham,8.0,0.0,1,0,1
CRB,43,7,4,06:10,06:10,23:47,32,2,Carlisle|Newcastle,2.0,1.0,0,0,0
CRD,144,24,9,05:57,05:57,23:54,24,1,Birmingham,8.0,4.0,1,1,1
CRE,406,70,32,12:05,00:03,23:45,182,16,Birmingham|Cardiff|Carlisle|Coventry|Derby|Edinburgh|Glasgow|Inverness|Liverpool|London|Manchester|Nottingham|Preston|Reading|Southampton|Swansea,21.0,10.0,1,1,1
CRF,53,8,6,12:41,06:02,23:59,20,2,Edinburgh|Glasgow,2.0,1.0,0,0,0
CRG,79,14,7,17:24,00:01,23:24,28,3,Leeds|Preston|York,4.0,2.0,1,1,1
CRH,142,25,10,20:51,00:15,23:55,12,0,,7.0,3.0,1,1,1
CRI,181,24,14,22:31,00:09,23:51,64,2,Brighton|London,7.0,3.0,1,1,1
CRK,42,8,6,21:55,00:16,22:52,48,4,Birmingham|Cardiff|Liverpool|Manchester,2.0,0.0,0,0,0
CRL,115,18,8,07:23,00:03,23:38,37,2,Manchester|Preston,5.0,2.0,1,1,1
CRM,37,7,4,08:01,05:59,23:36,8,1,Newcastle,1.0,0.0,0,0,0
CRN,52,10,5,06:36,05:14,23:58,20,1,Reading,2.0,1.0,0,0,0
CRO,146,25,9,07:05,00:07,23:56,11,2,Edinburgh|Glasgow,8.0,4.0,1,1,1
CRP,2,0,1,14:15,13:52,15:30,2,0,,0.0,0.0,0,0,0
CRR,11,3,3,08:32,08:32,21:20,26,2,Edinburgh|Glasgow,0.0,0.0,0,0,0
CRS,21,5,5,07:15,00:05,23:59,28,4,Carlisle|Edinburgh|Glasgow|London,0.0,0.0,0,0,0
CRT,49,10,5,17:56,00:16,23:14,38,1,London,2.0,1.0,0,0,0
CRU,6,1,1,07:10,07:10,21:00,1,0,,0.0,0.0,0,0,0
CRV,69,15,8,06:02,00:06,23:42,103,3,Cardiff|Manchester|Swansea,1.0,0.0,0,0,0
CRW,160,27,13,22:27,00:27,23:59,63,3,London|Peterborough|Portsmouth,8.0,3.0,1,1,1
CRY,184,39,15,07:18,00:02,23:54,42,1,London,8.0,4.0,1,1,1
CSA,190,36,14,08:39,00:09,23:53,87,6,Brighton|Bristol|Cardiff|London|Portsmouth|Southampton,8.0,3.0,1,1,1
CSB,178,37,14,06:44,00:25,23:49,28,1,London,8.0,4.0,1,1,1
CSD,73,12,5,05:57,00:28,23:43,16,1,London,4.0,2.0,1,1,1
CSG,129,24,8,06:12,06:12,23:53,18,0,,8.0,0.0,1,0,1
CSH,157,30,13,07:13,05:49,23:54,49,1,London,8.0,4.0,1,1,1
CSK,19,5,3,09:01,05:25,22:36,8,1,Plymouth,0.0,0.0,0,0,0
CSL,42,8,4,06:19,00:11,23:25,14,1,Birmingham,2.0,1.0,0,0,0
CSM,11,3,2,07:34,07:34,22:47,27,1,Newcastle,0.0,0.0,0,0,0
CSN,71,12,6,06:25,06:25,23:44,10,1,London,4.0,2.0,1,1,1
CSO,35,6,3,06:23,06:23,23:25,4,1,Preston,2.0,1.0,0,0,0
CSR,28,8,4,06:21,06:21,23:43,21,2,Liverpool|Manchester,1.0,0.0,0,0,0
CSS,35,6,3,16:34,06:27,23:42,10,1,London,2.0,0.0,0,0,0
CST,196,31,20,17:11,00:01,23:59,128,1,London,8.0,0.0,1,0,1
CSW,52,9,6,07:17,00:25,23:24,57,1,London,2.0,0.0,0,0,0
CSY,97,16,7,12:53,00:23,23:53,30,2,Birmingham|Liverpool,5.0,2.0,1,1,1
CTB,1,0,1,06:55,06:55,17:55,1,0,,0.0,0.0,0,0,0
CTE,68,12,5,07:51,06:06,23:50,27,0,,4.0,2.0,1,1,1
CTF,105,21,9,17:51,00:05,23:40,45,1,London,4.0,2.0,1,1,1
CTH,354,71,26,07:58,00:07,23:58,28,1,London,16.0,8.0,1,1,1
CTK,563,112,41,07:44,04:58,22:58,136,4,Brighton|Cambridge|London|Peterborough,28.0,14.0,1,1,1
CTL,63,11,6,20:01,06:54,23:02,13,2,Leeds|York,3.0,1.0,0,0,0
CTM,284,50,19,07:48,00:01,23:57,95,1,London,14.0,6.0,1,1,1
CTN,246,46,17,06:55,00:05,23:47,59,1,London,12.0,4.0,1,1,1
CTO,37,7,4,06:29,00:08,22:41,40,2,Derby|Nottingham,2.0,1.0,0,0,0
CTR,274,47,19,09:24,00:09,23:59,102,6,Birmingham|Cardiff|Leeds|Liverpool|London|Manchester,13.0,4.0,1,1,1
CTT,69,15,8,08:34,00:15,23:34,103,3,Cardiff|Manchester|Swansea,0.0,0.0,0,0,0
CTW,36,6,3,19:59,05:58,23:32,17,1,Preston,2.0,1.0,0,0,0
CUA,8,2,2,15:21,07:11,20:06,25,1,Inverness,0.0,0.0,0,0,0
CUB,69,11,6,09:55,00:21,23:56,40,1,Glasgow,3.0,1.0,0,0,0
CUD,43,8,5,22:17,00:20,23:45,15,1,Manchester,2.0,1.0,0,0,0
CUF,114,25,11,06:48,00:29,23:59,23,1,London,4.0,2.0,1,1,1
CUH,56,8,7,17:35,00:16,23:30,24,2,Edinburgh|Glasgow,2.0,1.0,0,0,0
CUL,36,5,3,09:30,07:00,20:30,1,0,,1.0,0.0,0,0,0
CUM,55,12,6,07:40,05:44,23:40,17,0,,2.0,1.0,0,0,0
CUP,65,12,6,10:02,00:19,23:04,47,12,Aberdeen|Birmingham|Bristol|Derby|Edinburgh|Exeter|Glasgow|Leeds|Newcastle|Plymouth|Sheffield|York,2.0,1.0,0,0,0
CUS,347,66,25,22:24,00:05,23:58,27,1,Reading,16.0,8.0,1,1,1
CUW,39,5,4,10:39,05:13,23:59,40,3,Cardiff|Manchester|Swansea,1.0,0.0,0,0,0
CUX,73,12,5,05:50,04:35,23:25,16,0,,4.0,2.0,1,1,1
CWB,120,21,9,08:51,00:47,23:46,56,5,Birmingham|Cardiff|Liverpool|London|Manchester,5.0,2.0,1,1,1
CWC,37,6,3,05:39,05:39,23:39,4,0,,2.0,1.0,0,0,0
CWD,34,6,3,07:54,06:10,22:54,12,1,Nottingham,2.0,1.0,0,0,0
CWE,19,3,4,22:20,05:58,23:05,21,3,Liverpool|Manchester|Sheffield,0.0,0.0,0,0,0
CWH,107,22,10,06:42,00:26,23:57,22,1,London,4.0,2.0,1,1,1
CWL,44,6,5,13:42,05:48,23:21,24,3,Birmingham|London|Reading,1.0,0.0,0,0,0
CWM,73,11,6,13:19,00:55,23:49,75,3,Cardiff|Manchester|Swansea,3.0,1.0,0,0,0
CWN,37,7,3,06:53,05:50,23:00,11,1,London,2.0,1.0,0,0,0
CWS,27,6,3,07:32,06:19,22:35,14,1,Birmingham,0.0,0.0,0,0,0
CWU,49,8,5,08:23,00:16,23:16,19,1,London,1.0,0.0,0,0,0
CWX,347,66,26,22:28,00:05,23:54,27,1,Reading,16.0,8.0,1,1,1
CYB,41,8,4,08:41,06:31,23:46,14,0,,2.0,1.0,0,0,0
CYK,132,24,9,06:42,05:54,23:58,64,1,Edinburgh,7.0,3.0,1,1,1
CYN,14,2,2,06:24,06:24,21:11,33,1,Swansea,0.0,0.0,0,0,0
CYP,274,48,17,06:20,00:03,23:59,36,1,London,16.0,4.0,1,1,1
CYS,274,48,18,13:07,00:01,23:55,34,1,Cardiff,16.0,4.0,1,1,1
CYT,39,6,4,22:42,05:40,23:42,20,1,Preston,2.0,1.0,0,0,0
DAG,73,15,7,06:56,06:16,23:21,21,1,Edinburgh,3.0,1.0,0,0,0
DAK,202,36,13,06:17,06:17,23:47,45,0,,12.0,6.0,1,1,1
DAL,14,2,3,18:55,06:03,21:21,18,1,Glasgow,0.0,0.0,0,0,0
DAM,99,20,9,07:05,00:06,23:35,23,1,Edinburgh,4.0,0.0,1,0,1
DAN,39,7,4,07:35,05:50,23:59,22,3,Leeds|Nottingham|Sheffield,2.0,1.0,0,0,0
DAR,271,46,19,08:08,00:01,23:44,113,20,Aberdeen|Birmingham|Bristol|Cardiff|Carlisle|Derby|Edinburgh|Exeter|Glasgow|Inverness|Leeds|Liverpool|London|Manchester|Newcastle|Peterborough|Plymouth|Reading|Sheffield|York,13.0,6.0,1,1,1
DAS,34,6,3,07:11,06:47,23:02,13,1,Birmingham,2.0,1.0,0,0,0
DAT,75,14,5,06:54,00:22,23:52,13,1,London,4.0,2.0,1,1,1
DBC,157,25,12,10:52,00:16,23:55,72,2,Edinburgh|Glasgow,7.0,3.0,1,1,1
DBD,35,6,3,06:26,06:26,23:54,16,1,Sheffield,2.0,1.0,0,0,0
DBE,139,24,10,14:50,00:13,23:52,49,1,Edinburgh,7.0,3.0,1,1,1
DBG,36,6,3,07:58,00:04,23:03,11,1,Southampton,2.0,1.0,0,0,0
DBL,77,14,7,07:12,00:02,23:59,43,7,Aberdeen|Birmingham|Edinburgh|Glasgow|Inverness|London|Preston,4.0,1.0,1,0,1
DBR,36,6,3,05:16,05:16,23:13,4,0,,1.0,0.0,0,0,0
DBY,329,59,24,06:49,00:02,23:58,124,18,Aberdeen|Birmingham|Bristol|Cardiff|Coventry|Edinburgh|Exeter|Glasgow|Leeds|Leicester|London|Newcastle|Nottingham|Plymouth|Reading|Sheffield|Southampton|York,17.0,7.0,1,1,1
DCG,8,0,2,12:21,06:04,20:16,16,1,Inverness,0.0,0.0,0,0,0
DCH,81,19,10,07:35,00:10,23:22,35,2,London|Southampton,4.0,2.0,1,1,1
DCT,98,18,7,13:40,06:25,23:54,23,1,Cardiff,6.0,0.0,1,0,1
DCW,18,3,2,06:51,06:51,22:55,23,1,Bristol,1.0,0.0,0,0,0
DDG,125,26,10,07:20,00:20,23:59,43,2,Birmingham|London,7.0,2.0,1,1,1
DDK,143,24,13,16:12,00:13,23:56,16,1,London,6.0,2.0,1,1,1
DDP,72,12,5,06:30,00:18,23:59,22,1,Birmingham,4.0,0.0,1,0,1
DEA,46,7,4,05:58,00:32,23:31,34,1,London,2.0,0.0,0,0,0
DEB,14,5,2,07:15,07:15,22:05,4,1,Peterborough,0.0,0.0,0,0,0
DEE,116,21,11,06:26,00:40,23:49,74,15,Aberdeen|Birmingham|Bristol|Derby|Edinburgh|Exeter|Glasgow|Inverness|Leeds|London|Newcastle|Peterborough|Plymouth|Sheffield|York,5.0,1.0,1,0,1
DEN,36,5,3,08:03,00:10,23:03,11,1,Southampton,1.0,0.0,0,0,0
DEP,176,33,12,07:02,00:07,23:44,59,1,London,8.0,2.0,1,1,1
DEW,210,37,16,21:27,00:10,23:38,62,5,Leeds|Liverpool|Manchester|Newcastle|York,12.0,5.0,1,1,1
DFD,337,56,20,06:38,00:07,23:59,65,1,London,17.0,6.0,1,1,1
DFE,74,13,7,20:07,06:26,23:51,24,2,Edinburgh|Glasgow,3.0,0.0,0,0,0
DFI,39,7,4,22:48,05:47,23:48,29,2,Derby|Nottingham,2.0,0.0,0,0,0
DFL,73,13,6,07:03,06:23,23:55,21,1,Edinburgh,3.0,0.0,0,0,0
DFP,2,1,1,07:30,05:00,19:45,1,0,,0.0,0.0,0,0,0
DFR,69,14,6,08:01,06:30,23:29,14,1,Glasgow,4.0,1.0,1,0,1
DGC,32,6,3,05:51,05:51,23:50,17,1,London,0.0,0.0,0,0,0
DGL,163,30,11,09:29,05:58,23:52,14,1,Cardiff,10.0,4.0,1,1,1
DGS,1,0,1,15:00,15:00,22:30,1,0,,0.0,0.0,0,0,0
DGT,195,37,15,07:32,05:55,23:59,100,3,Liverpool|Manchester|Preston,10.0,5.0,1,1,1
DGY,68,12,5,05:27,05:27,22:08,35,2,Birmingham|Liverpool,3.0,0.0,0,0,0
DHM,166,27,12,18:08,00:01,23:56,84,19,Aberdeen|Birmingham|Bristol|Cardiff|Carlisle|Derby|Edinburgh|Exeter|Glasgow|Leeds|Liverpool|London|Manchester|Newcastle|Peterborough|Plymouth|Reading|Sheffield|York,9.0,4.0,1,1,1
DHN,39,6,3,06:25,00:05,23:25,9,1,Leeds,1.0,0.0,0,0,0
DID,220,31,15,05:46,00:01,23:49,71,7,Bristol|Cardiff|Exeter|London|Plymouth|Reading|Swansea,10.0,5.0,1,1,1
DIG,74,12,6,10:29,00:38,23:53,42,3,Bristol|Cardiff|Exeter,3.0,0.0,0,0,0
DIN,25,5,3,07:08,07:08,23:23,37,1,Inverness,0.0,0.0,0,0,0
DIS,67,12,5,09:03,00:03,23:23,10,2,London|Norwich,4.0,2.0,1,1,1
DKD,22,3,3,20:46,06:02,23:03,20,6,Birmingham|Edinburgh|Glasgow|Inverness|London|Preston,0.0,0.0,0,0,0
DKG,75,14,6,07:01,00:01,23:40,27,1,London,4.0,1.0,1,0,1
DKT,28,5,5,22:02,06:12,22:58,20,1,Reading,1.0,0.0,0,0,0
DLG,12,3,2,07:02,07:02,21:21,12,0,,0.0,0.0,0,0,0
DLH,8,3,2,06:48,06:48,23:00,15,0,,0.0,0.0,0,0,0
DLJ,441,72,26,22:43,00:01,23:55,29,0,,24.0,8.0,1,1,1
DLK,329,61,22,07:10,00:09,23:54,27,0,,16.0,8.0,1,1,1
DLM,43,8,4,06:48,00:25,23:30,15,1,Manchester,2.0,1.0,0,0,0
DLR,139,24,9,06:08,00:18,23:56,49,1,Edinburgh,8.0,4.0,1,1,1
DLS,37,6,4,13:49,05:59,23:06,9,1,Carlisle,2.0,1.0,0,0,0
DLT,50,9,6,17:41,00:17,22:59,35,2,Manchester|Preston,1.0,0.0,0,0,0
DLW,12,2,5,21:37,06:40,22:10,20,6,Birmingham|Edinburgh|Glasgow|Inverness|London|Preston,0.0,0.0,0,0,0
DLY,93,16,9,21:19,00:17,23:47,26,1,Glasgow,4.0,2.0,1,1,1
DMC,138,24,9,07:31,00:06,23:35,55,1,Edinburgh,8.0,4.0,1,1,1
DMF,30,4,4,14:53,04:57,23:57,13,2,Carlisle|Glasgow,0.0,0.0,0,0,0
DMG,68,12,6,14:41,00:14,23:44,18,1,Cardiff,4.0,2.0,1,1,1
DMH,33,6,4,06:31,06:31,23:25,25,4,Bristol|Cardiff|Portsmouth|Southampton,0.0,0.0,0,0,0
DMK,372,70,24,06:37,00:06,23:58,95,1,London,18.0,5.0,1,1,1
DMP,51,11,5,07:03,00:56,23:31,55,1,London,2.0,0.0,0,0,0
DMR,248,43,17,10:39,00:03,23:59,100,2,Edinburgh|Glasgow,14.0,4.0,1,1,1
DMS,81,16,9,18:01,00:14,23:44,26,1,London,2.0,1.0,0,0,0
DMY,138,24,9,07:33,00:03,23:37,55,1,Edinburgh,8.0,4.0,1,1,1
DND,69,10,5,06:08,00:08,23:17,29,2,Carlisle|Newcastle,2.0,1.0,0,0,0
DNG,74,12,5,07:58,00:31,23:55,18,1,London,4.0,2.0,1,1,1
DNL,95,13,9,13:17,05:36,23:48,23,2,Carlisle|Glasgow,4.0,2.0,1,1,1
DNM,58,9,5,05:54,00:37,23:53,23,1,London,2.0,1.0,0,0,0
DNO,6,1,2,09:20,09:20,18:05,25,1,Inverness,0.0,0.0,0,0,0
DNS,150,27,10,09:43,00:03,23:43,28,1,Cardiff,9.0,3.0,1,1,1
DNT,14,3,2,06:49,06:49,19:44,19,2,Carlisle|Leeds,0.0,0.0,0,0,0
DNY,11,3,2,07:38,07:38,22:43,27,1,Newcastle,0.0,0.0,0,0,0
DOC,29,9,5,07:37,06:20,23:03,29,2,Exeter|Plymouth,1.0,0.0,0,0,0
DOD,35,6,3,06:10,06:10,23:34,16,1,Sheffield,2.0,1.0,0,0,0
DOG,16,3,2,06:57,06:57,22:55,6,0,,0.0,0.0,0,0,0
DOL,15,4,4,17:17,06:17,20:37,33,1,Swansea,0.0,0.0,0,0,0
DON,330,58,22,07:06,00:03,23:57,117,14,Aberdeen|Birmingham|Derby|Edinburgh|Inverness|Leeds|Liverpool|London|Manchester|Newcastle|Peterborough|Reading|Sheffield|York,16.0,8.0,1,1,1
DOR,68,14,8,22:00,05:14,23:35,50,6,Liverpool|Manchester|Norwich|Nottingham|Peterborough|Sheffield,2.0,1.0,0,0,0
DOT,40,8,5,07:10,06:25,23:34,32,2,Carlisle|Newcastle,1.0,0.0,0,0,0
DOW,63,10,6,18:33,00:22,23:59,16,2,Cambridge|London,2.0,1.0,0,0,0
DPD,78,12,7,05:30,00:38,23:47,20,1,Reading,3.0,1.0,0,0,0
DPS,4,0,1,04:30,01:30,22:30,1,0,,0.0,0.0,0,0,0
DPT,37,10,6,07:16,06:22,23:05,33,4,Exeter|London|Plymouth|Reading,0.0,0.0,0,0,0
DRF,70,14,6,07:49,06:25,23:22,31,2,Sheffield|York,4.0,2.0,1,1,1
DRG,65,11,5,05:58,05:58,22:12,6,1,London,3.0,1.0,0,0,0
DRI,19,3,3,15:19,06:10,22:31,30,1,Preston,0.0,0.0,0,0,0
DRM,42,8,4,07:26,06:10,23:40,9,1,Edinburgh,2.0,0.0,0,0,0
DRN,8,0,2,11:20,05:53,20:24,16,1,Inverness,0.0,0.0,0,0,0
DRO,46,10,7,06:32,05:24,23:51,27,7,Leeds|Liverpool|Manchester|Norwich|Nottingham|Peterborough|Sheffield,2.0,1.0,0,0,0
DRT,38,6,4,23:04,06:03,23:52,11,2,Leeds|Sheffield,2.0,1.0,0,0,0
DRU,95,18,9,06:24,00:24,23:54,41,1,Edinburgh,4.0,2.0,1,1,1
DSL,56,13,6,06:42,06:14,23:38,14,1,Manchester,2.0,1.0,0,0,0
DSM,33,6,3,06:50,06:03,22:59,16,1,Norwich,1.0,0.0,0,0,0
DST,66,12,5,06:28,00:03,23:41,28,0,,3.0,0.0,0,0,0
DSY,140,26,12,07:01,00:12,23:43,47,2,Leeds|Manchester,6.0,2.0,1,1,1
DTG,139,23,9,05:57,00:02,23:56,13,1,Manchester,7.0,3.0,1,1,1
DTW,115,22,9,06:56,05:20,23:56,55,1,Birmingham,6.0,3.0,1,1,1
DUD,148,24,10,06:11,00:05,23:54,44,1,Birmingham,8.0,2.0,1,1,1
DUL,26,5,3,07:21,06:07,23:04,10,1,Cambridge,1.0,0.0,0,0,0
DUM,75,12,7,21:51,00:04,23:52,6,1,Glasgow,4.0,2.0,1,1,1
DUN,42,8,6,06:44,06:12,23:37,49,12,Birmingham|Bristol|Derby|Edinburgh|Exeter|Leeds|London|Newcastle|Peterborough|Plymouth|Sheffield|York,0.0,0.0,0,0,0
DUO,24,6,2,06:35,06:35,22:10,1,0,,1.0,0.0,0,0,0
DUR,142,24,10,07:27,00:02,23:51,48,4,Brighton|London|Portsmouth|Southampton,7.0,3.0,1,1,1
DUU,12,3,2,07:10,07:10,18:24,4,0,,0.0,0.0,0,0,0
DVC,43,9,4,07:05,05:26,23:55,16,1,London,2.0,1.0,0,0,0
DVH,29,5,5,22:05,00:01,23:03,14,1,Manchester,1.0,0.0,0,0,0
DVN,83,16,8,17:18,00:10,23:43,14,1,Manchester,4.0,2.0,1,1,1
DVP,95,16,8,18:17,00:01,23:48,56,1,London,4.0,0.0,1,0,1
DVY,52,9,6,08:55,00:05,23:09,39,1,Birmingham,1.0,0.0,0,0,0
DWD,12,2,3,20:07,06:34,20:53,12,0,,0.0,0.0,0,0,0
DWL,111,19,9,10:14,00:30,23:49,81,8,Birmingham|Bristol|Cardiff|Exeter|London|Manchester|Plymouth|Reading,4.0,1.0,1,0,1
DWN,129,22,12,18:57,06:26,23:55,18,1,Manchester,6.0,2.0,1,1,1
DWW,60,12,7,18:47,05:15,23:53,61,6,Bristol|Cardiff|Exeter|London|Plymouth|Reading,2.0,1.0,0,0,0
DYC,63,10,7,16:59,06:23,23:36,21,3,Aberdeen|Edinburgh|Inverness,2.0,1.0,0,0,0
DYF,17,3,2,07:31,07:31,23:05,26,0,,0.0,0.0,0,0,0
DYP,223,49,20,16:50,00:12,23:58,31,1,London,8.0,4.0,1,1,1
DZY,33,6,3,20:13,07:03,22:59,33,1,Birmingham,2.0,1.0,0,0,0
EAD,467,80,31,06:12,00:02,23:54,59,1,London,24.0,10.0,1,1,1
EAG,148,25,12,10:23,06:01,23:59,47,7,Carlisle|Leeds|London|Manchester|Newcastle|Peterborough|York,8.0,4.0,1,1,1
EAL,421,65,28,22:08,00:02,23:58,45,2,London|Reading,19.0,9.0,1,1,1
EAR,79,13,7,06:42,00:36,23:35,19,1,London,4.0,2.0,1,1,1
EAS,12,3,2,07:16,07:16,19:02,4,0,,0.0,0.0,0,0,0
EBA,36,6,4,17:39,06:38,23:09,18,2,Liverpool|Preston,2.0,0.0,0,0,0
EBB,63,12,6,13:39,00:07,23:13,19,1,Cardiff,3.0,0.0,0,0,0
EBD,147,26,11,07:26,00:09,23:59,33,1,London,7.0,3.0,1,1,1
EBK,150,27,10,09:41,00:01,23:41,28,1,Cardiff,9.0,3.0,1,1,1
EBL,174,29,11,06:14,00:06,23:59,9,0,,9.0,4.0,1,1,1
EBN,136,23,9,06:09,00:07,23:51,36,2,Brighton|London,7.0,3.0,1,1,1
EBR,48,8,4,06:09,00:44,23:50,6,0,,2.0,1.0,0,0,0
EBT,39,7,3,06:45,05:42,23:45,15,1,London,2.0,1.0,0,0,0
EBV,114,21,9,06:59,00:02,23:16,19,1,Cardiff,6.0,3.0,1,1,1
ECC,53,11,5,08:05,00:15,23:49,24,2,Liverpool|Manchester,2.0,1.0,0,0,0
ECL,85,15,7,17:07,05:59,23:45,18,2,Liverpool|Preston,4.0,2.0,1,1,1
ECP,70,12,7,22:21,06:16,23:58,30,1,Cardiff,4.0,2.0,1,1,1
ECR,890,142,63,22:17,00:02,23:59,161,5,Brighton|Cambridge|London|Peterborough|Portsmouth,43.0,19.0,1,1,1
ECS,4,1,2,06:58,06:58,17:54,14,2,Cambridge|Norwich,0.0,0.0,0,0,0
EDA,179,26,10,04:22,00:05,23:59,2,0,,8.0,2.0,1,1,1
EDB,449,79,36,16:49,00:07,23:59,222,19,Aberdeen|Birmingham|Bristol|Cardiff|Carlisle|Coventry|Derby|Exeter|Glasgow|Inverness|Leeds|London|Manchester|Newcastle|Peterborough|Plymouth|Preston|Sheffield|York,24.0,7.0,1,1,1
EDG,169,28,13,06:17,00:24,23:59,54,3,Liverpool|Manchester|Preston,8.0,4.0,1,1,1
EDL,51,8,6,22:33,00:02,23:19,26,4,Liverpool|Manchester|Nottingham|Sheffield,2.0,1.0,0,0,0
EDN,145,25,9,07:03,00:02,23:42,14,1,London,7.0,3.0,1,1,1
EDP,170,32,13,07:38,00:05,23:49,49,1,Edinburgh,8.0,4.0,1,1,1
EDR,174,35,13,06:25,00:11,23:54,18,1,London,8.0,4.0,1,1,1
EDW,142,25,11,17:28,00:15,23:53,23,1,London,8.0,4.0,1,1,1
EDY,125,18,9,20:41,00:13,23:55,63,3,Liverpool|Manchester|Preston,6.0,1.0,1,0,1
EFF,118,19,9,06:21,00:32,23:49,24,1,London,5.0,2.0,1,1,1
EFL,69,12,5,07:03,04:59,23:02,16,0,,3.0,1.0,0,0,0
EGF,73,12,7,06:09,00:06,23:21,26,3,Leeds|Preston|York,3.0,1.0,0,0,0
EGG,34,4,4,10:03,05:54,23:06,37,1,Exeter,0.0,0.0,0,0,0
EGH,171,27,14,05:58,00:21,23:57,42,1,London,8.0,2.0,1,1,1
EGN,6,2,2,08:08,06:05,21:29,17,1,York,0.0,0.0,0,0,0
EGR,41,9,4,06:36,00:20,23:50,26,1,London,1.0,0.0,0,0,0
EGT,12,3,2,06:54,06:54,22:25,27,1,Newcastle,0.0,0.0,0,0,0
EGY,185,34,15,16:59,00:12,23:43,27,1,Edinburgh,7.0,0.0,1,0,1
EKB,61,12,5,06:27,06:27,23:02,9,1,Edinburgh,4.0,2.0,1,1,1
EKL,50,9,5,11:02,06:20,23:57,9,1,Glasgow,1.0,0.0,0,0,0
ELD,90,20,8,06:10,00:05,23:45,56,2,London|Peterborough,4.0,2.0,1,1,1
ELE,145,25,9,07:07,00:39,23:58,14,1,London,8.0,4.0,1,1,1
ELG,28,5,4,18:02,05:37,23:29,19,3,Aberdeen|Edinburgh|Inverness,1.0,0.0,0,0,0
ELO,2,0,1,06:55,06:55,17:11,14,1,Nottingham,0.0,0.0,0,0,0
ELP,38,7,4,06:33,00:07,23:37,35,1,Liverpool,2.0,0.0,0,0,0
ELR,76,12,7,05:31,05:31,23:59,22,2,Leeds|Sheffield,4.0,2.0,1,1,1
ELS,239,41,17,07:13,00:03,23:57,86,2,Brighton|London,11.0,5.0,1,1,1
ELT,28,5,4,06:51,06:51,23:32,11,2,Edinburgh|Newcastle,0.0,0.0,0,0,0
ELW,214,38,15,07:28,00:07,23:53,38,1,London,10.0,3.0,1,1,1
ELY,206,37,15,18:32,00:06,23:39,92,11,Birmingham|Cambridge|Derby|Leicester|Liverpool|London|Manchester|Norwich|Nottingham|Peterborough|Sheffield,10.0,5.0,1,1,1
EMA,54,9,5,05:47,00:47,23:58,1,1,Derby,3.0,0.0,0,0,0
EMD,136,20,13,06:07,00:09,23:54,36,7,Derby|Leicester|London|Norwich|Nottingham|Peterborough|Sheffield,6.0,3.0,1,1,1
EML,63,13,5,07:01,00:22,23:22,26,1,London,2.0,1.0,0,0,0
EMP,64,12,5,06:17,06:17,21:59,2,0,,4.0,2.0,1,1,1
EMS,143,24,10,16:23,00:06,23:44,50,3,Brighton|Portsmouth|Southampton,8.0,4.0,1,1,1
ENC,117,25,11,17:29,00:03,23:50,23,1,London,4.0,2.0,1,1,1
ENF,50,12,5,06:20,00:02,23:42,14,1,London,2.0,0.0,0,0,0
ENL,116,21,8,06:31,00:06,23:31,32,2,Cambridge|London,6.0,3.0,1,1,1
ENT,75,12,8,17:04,06:19,23:48,18,1,Manchester,4.0,0.0,1,0,1
EPD,40,6,6,22:08,00:05,23:59,16,1,London,2.0,0.0,0,0,0
EPH,278,54,19,06:24,00:04,23:57,80,1,London,12.0,6.0,1,1,1
EPS,197,37,16,06:49,00:09,23:45,40,1,London,10.0,4.0,1,1,1
ERA,192,32,13,08:40,00:10,23:55,20,1,Liverpool,9.0,0.0,1,0,1
ERB,1,0,1,23:55,23:55,23:55,1,0,,0.0,0.0,0,0,0
ERD,144,24,9,11:30,05:55,23:57,24,1,Birmingham,8.0,4.0,1,1,1
ERH,176,34,13,07:14,00:06,23:47,32,1,London,8.0,2.0,1,1,1
ERI,38,7,3,06:50,05:48,23:59,11,1,London,2.0,1.0,0,0,0
ERL,133,20,9,15:31,00:04,23:59,60,3,Leeds|Liverpool|Manchester,6.0,3.0,1,1,1
ESD,150,26,10,07:03,00:01,23:59,16,1,London,8.0,4.0,1,1,1
ESH,83,15,7,17:19,00:37,23:56,15,1,London,4.0,2.0,1,1,1
ESL,133,23,10,06:49,00:23,23:39,79,5,Brighton|Bristol|London|Portsmouth|Southampton,6.0,2.0,1,1,1
ESM,57,11,5,05:58,00:19,23:17,23,2,Cambridge|London,2.0,1.0,0,0,0
EST,127,24,10,15:54,00:08,23:51,41,1,Edinburgh,8.0,4.0,1,1,1
ESW,40,7,5,17:39,05:31,23:39,16,2,Cambridge|Peterborough,2.0,1.0,0,0,0
ETC,60,12,6,06:50,00:36,23:59,19,1,London,2.0,1.0,0,0,0
ETL,143,22,13,16:58,00:20,23:56,22,1,London,6.0,2.0,1,1,1
EUS,401,71,27,08:24,00:08,23:58,106,9,Birmingham|Carlisle|Coventry|Edinburgh|Glasgow|Inverness|Liverpool|Manchester|Preston,21.0,0.0,1,0,1
EVE,48,9,5,07:00,00:54,23:44,28,2,London|Reading,2.0,1.0,0,0,0
EWD,34,6,3,20:04,07:04,23:05,33,1,Birmingham,2.0,1.0,0,0,0
EWE,116,22,8,08:05,00:05,23:35,24,1,London,6.0,3.0,1,1,1
EWR,83,18,9,07:23,00:05,23:35,43,4,Brighton|London|Portsmouth|Southampton,4.0,2.0,1,1,1
EWW,85,16,8,06:41,00:13,23:41,20,1,London,4.0,2.0,1,1,1
EXC,153,26,12,17:25,00:02,23:48,67,4,Bristol|Cardiff|Exeter|London,7.0,1.0,1,0,1
EXD,305,50,23,14:43,00:05,23:51,150,15,Aberdeen|Birmingham|Bristol|Cardiff|Derby|Edinburgh|Glasgow|Leeds|London|Manchester|Newcastle|Plymouth|Reading|Sheffield|York,14.0,6.0,1,1,1
EXG,206,36,14,07:51,06:09,23:47,45,0,,11.0,5.0,1,1,1
EXM,37,5,4,19:25,00:12,23:20,42,3,Bristol|Cardiff|Exeter,1.0,0.0,0,0,0
EXN,55,12,6,20:09,00:02,23:27,42,3,Bristol|Cardiff|Exeter,2.0,0.0,0,0,0
EXR,223,48,20,16:39,00:02,23:52,31,1,London,8.0,4.0,1,1,1
EXT,52,10,5,16:34,00:10,23:09,34,3,Bristol|Cardiff|Exeter,2.0,0.0,0,0,0
EYN,78,12,5,11:35,00:11,23:41,33,1,London,4.0,2.0,1,1,1
FAL,30,6,2,06:30,06:26,23:22,7,0,,1.0,0.0,0,0,0
FAV,143,24,12,07:05,00:26,23:57,65,1,London,7.0,3.0,1,1,1
FAZ,127,24,9,07:05,00:09,23:49,7,0,,8.0,4.0,1,1,1
FBY,144,24,9,06:21,00:08,23:46,16,0,,8.0,4.0,1,1,1
FCN,214,38,15,07:11,00:10,23:56,38,1,London,10.0,3.0,1,1,1
FDX,685,133,48,07:35,00:04,23:59,40,1,Reading,32.0,16.0,1,1,1
FEA,33,5,3,20:00,05:56,23:21,7,1,Leeds,1.0,0.0,0,0,0
FEG,174,30,11,06:20,00:05,23:56,9,0,,9.0,4.0,1,1,1
FEL,244,40,19,06:09,00:04,23:46,49,1,London,12.0,6.0,1,1,1
FEN,34,5,3,07:21,05:20,23:16,11,0,,1.0,0.0,0,0,0
FER,99,18,7,14:29,00:05,23:35,23,1,Cardiff,6.0,0.0,1,0,1
FFA,17,3,4,05:49,05:49,21:48,33,1,Swansea,0.0,0.0,0,0,0
FFD,50,11,5,06:16,00:13,23:48,39,4,Bristol|Cardiff|Portsmouth|Southampton,1.0,0.0,0,0,0
FGH,9,1,2,06:50,01:30,23:00,31,3,Cardiff|Manchester|Swansea,0.0,0.0,0,0,0
FGT,24,7,5,06:44,05:59,20:04,58,3,London|Peterborough|Portsmouth,0.0,0.0,0,0,0
FGW,14,3,3,06:53,06:33,21:48,30,3,Cardiff|Manchester|Swansea,0.0,0.0,0,0,0
FIL,30,6,4,08:31,06:30,21:32,23,2,Sheffield|York,2.0,1.0,0,0,0
FIN,2,1,1,08:08,08:08,17:41,13,0,,0.0,0.0,0,0,0
FIT,164,32,14,07:08,00:26,23:54,83,7,Bristol|Cardiff|Exeter|Plymouth|Portsmouth|Southampton|Swansea,9.0,2.0,1,1,1
FKC,86,15,7,05:38,00:02,23:58,41,1,London,4.0,1.0,1,0,1
FKG,100,15,7,09:55,00:14,23:49,46,9,Birmingham|Edinburgh|Glasgow|Inverness|London|Newcastle|Peterborough|Preston|York,5.0,2.0,1,1,1
FKK,96,22,11,18:08,00:05,23:45,12,4,Edinburgh|Glasgow|London|Newcastle,4.0,2.0,1,1,1
FKW,86,16,7,18:01,00:01,23:59,41,1,London,3.0,1.0,0,0,0
FLD,53,8,6,12:59,06:20,23:49,20,2,Edinburgh|Glasgow,1.0,0.0,0,0,0
FLE,120,20,11,09:11,00:01,23:38,49,3,London|Portsmouth|Southampton,5.0,2.0,1,1,1
FLF,139,24,9,06:06,06:06,23:47,13,1,Manchester,8.0,4.0,1,1,1
FLI,48,11,5,06:19,06:19,23:46,21,2,Liverpool|Manchester,1.0,0.0,0,0,0
FLM,38,6,4,10:56,05:17,22:44,12,1,Carlisle,1.0,0.0,0,0,0
FLN,119,21,11,09:41,00:12,23:10,56,5,Birmingham|Cardiff|Liverpool|London|Manchester,6.0,3.0,1,1,1
FLT,195,31,13,22:54,00:13,23:57,65,2,Brighton|London,8.0,4.0,1,1,1
FLW,84,16,10,06:32,00:34,23:50,26,1,London,4.0,2.0,1,1,1
FLX,18,3,2,08:54,05:30,23:01,4,0,,1.0,0.0,0,0,0
FML,78,13,6,06:11,00:13,23:43,19,1,London,4.0,2.0,1,1,1
FMR,155,25,11,23:01,00:20,23:51,23,1,Brighton,7.0,3.0,1,1,1
FMT,60,11,4,06:23,06:23,23:25,7,0,,3.0,0.0,0,0,0
FNB,121,22,11,09:17,00:06,23:33,49,3,London|Portsmouth|Southampton,6.0,2.0,1,1,1
FNC,97,17,8,06:36,00:15,23:46,29,3,London|Portsmouth|Southampton,4.0,1.0,1,0,1
FNH,119,21,9,10:58,00:02,23:56,31,1,London,6.0,2.0,1,1,1
FNN,54,10,5,06:22,05:26,23:59,20,1,Reading,2.0,1.0,0,0,0
FNR,49,11,5,07:24,00:43,23:48,27,1,London,2.0,1.0,0,0,0
FNT,33,7,5,22:50,05:34,23:43,23,2,Exeter|London,0.0,0.0,0,0,0
FNV,55,14,6,06:35,06:35,23:45,14,1,Manchester,2.0,1.0,0,0,0
FNW,74,14,6,06:31,06:24,23:36,36,1,Manchester,4.0,2.0,1,1,1
FNY,325,59,23,06:50,00:12,23:58,27,0,,16.0,8.0,1,1,1
FOC,9,1,3,18:42,09:27,19:05,14,1,Glasgow,0.0,0.0,0,0,0
FOD,203,35,14,07:17,00:03,23:46,53,4,Brighton|London|Portsmouth|Southampton,10.0,5.0,1,1,1
FOG,354,72,26,07:35,00:06,23:56,28,1,London,16.0,8.0,1,1,1
FOH,380,64,22,07:16,00:01,23:56,39,1,London,20.0,8.0,1,1,1
FOK,108,18,7,06:06,00:02,23:46,24,1,Birmingham,6.0,2.0,1,1,1
FOR,35,5,4,17:50,05:24,23:42,19,3,Aberdeen|Edinburgh|Inverness,0.0,0.0,0,0,0
FOX,25,5,3,14:48,06:11,22:30,33,2,Manchester|Preston,0.0,0.0,0,0,0
FPK,506,94,36,17:05,00:01,23:54,101,4,Brighton|Cambridge|London|Peterborough,20.0,10.0,1,1,1
FRB,17,4,3,21:54,07:32,22:43,26,0,,0.0,0.0,0,0,0
FRD,96,15,8,21:32,00:21,23:55,44,3,Leeds|Liverpool|Manchester,4.0,1.0,1,0,1
FRE,144,24,9,06:20,00:10,23:48,16,0,,8.0,4.0,1,1,1
FRF,68,15,9,07:34,06:37,21:32,9,1,Manchester,3.0,1.0,0,0,0
FRI,41,7,4,06:28,05:36,23:45,19,1,London,2.0,1.0,0,0,0
FRL,43,6,5,22:12,00:12,23:43,14,1,Glasgow,1.0,0.0,0,0,0
FRM,205,37,15,20:53,00:11,23:58,87,6,Brighton|Bristol|Cardiff|London|Portsmouth|Southampton,10.0,4.0,1,1,1
FRN,13,3,2,07:42,06:35,22:51,25,1,Inverness,0.0,0.0,0,0,0
FRO,36,7,4,06:12,00:44,23:20,40,4,Bristol|Cardiff|London|Reading,1.0,0.0,0,0,0
FRS,8,2,2,13:46,07:27,21:42,25,1,Inverness,0.0,0.0,0,0,0
FRT,48,11,5,07:01,00:16,23:59,19,1,London,2.0,1.0,0,0,0
FRW,98,18,7,13:43,06:22,23:52,23,1,Cardiff,6.0,0.0,1,0,1
FRY,39,8,4,07:07,05:42,23:55,29,2,Sheffield|York,1.0,0.0,0,0,0
FSB,47,10,5,07:41,05:58,23:52,25,2,Brighton|Portsmouth,2.0,1.0,0,0,0
FSG,49,8,5,05:34,00:22,23:52,23,2,Brighton|Portsmouth,2.0,1.0,0,0,0
FSK,40,9,5,06:53,06:03,23:50,45,4,Derby|Leicester|London|Nottingham,2.0,1.0,0,0,0
FST,352,61,32,16:44,00:01,23:54,25,0,,16.0,0.0,1,0,1
FTM,86,14,8,21:01,00:37,23:52,15,1,Glasgow,3.0,1.0,0,0,0
FTN,341,64,25,07:28,00:01,23:53,102,6,Brighton|Bristol|Cardiff|London|Portsmouth|Southampton,16.0,6.0,1,1,1
FTW,10,2,2,07:44,07:44,22:12,26,2,Edinburgh|Glasgow,0.0,0.0,0,0,0
FWY,145,24,9,06:21,00:08,23:59,24,1,Birmingham,8.0,4.0,1,1,1
FXN,62,12,5,07:54,00:22,23:52,18,2,Cambridge|London,2.0,1.0,0,0,0
FYS,46,7,5,06:36,00:25,23:52,56,6,Bristol|Cardiff|London|Manchester|Reading|Swansea,0.0,0.0,0,0,0
FZH,177,33,18,18:22,05:50,23:20,27,1,Leeds,8.0,2.0,1,1,1
FZP,52,10,5,19:08,00:35,23:54,4,0,,2.0,1.0,0,0,0
FZW,75,12,6,22:06,00:02,23:56,16,2,Leeds|Sheffield,4.0,2.0,1,1,1
GAL,61,12,5,06:53,05:54,23:36,9,1,Edinburgh,4.0,2.0,1,1,1
GAR,127,24,10,15:48,00:05,23:53,41,1,Edinburgh,8.0,4.0,1,1,1
GBD,71,12,5,06:52,05:22,23:36,41,4,Leeds|Manchester|Sheffield|York,4.0,2.0,1,1,1
GBG,61,12,5,06:20,06:20,23:10,9,1,Edinburgh,4.0,2.0,1,1,1
GBK,44,8,4,06:23,00:15,23:53,15,1,Manchester,2.0,1.0,0,0,0
GBL,43,9,4,09:59,06:40,23:05,15,2,Leeds|Sheffield,2.0,1.0,0,0,0
GBS,142,24,10,07:24,05:18,23:59,48,4,Brighton|London|Portsmouth|Southampton,8.0,4.0,1,1,1
GCH,18,2,3,06:14,06:14,23:10,27,2,Edinburgh|Glasgow,0.0,0.0,0,0,0
GCL,207,37,14,06:34,06:18,23:52,47,0,,12.0,6.0,1,1,1
GCR,158,27,11,08:54,00:27,23:39,102,18,Birmingham|Bristol|Cambridge|Cardiff|Derby|Edinburgh|Exeter|Leeds|Leicester|London|Newcastle|Nottingham|Peterborough|Plymouth|Reading|Sheffield|Southampton|York,9.0,3.0,1,1,1
GCT,17,4,2,07:05,07:05,22:35,13,0,,1.0,0.0,0,0,0
GCW,12,3,2,07:14,07:14,21:33,12,0,,0.0,0.0,0,0,0
GDH,115,25,10,06:46,00:01,23:53,23,1,London,4.0,2.0,1,1,1
GDL,139,22,9,06:06,06:06,23:51,13,1,Manchester,6.0,2.0,1,1,1
GDN,48,8,4,06:03,00:38,23:57,6,0,,2.0,1.0,0,0,0
GDP,348,71,25,06:49,00:04,23:54,28,1,London,16.0,8.0,1,1,1
GEA,37,6,5,12:25,05:22,23:33,13,2,Carlisle|Glasgow,2.0,1.0,0,0,0
GER,125,22,10,22:14,00:24,23:50,31,2,Birmingham|London,6.0,2.0,1,1,1
GFD,32,6,2,06:14,06:07,22:03,6,1,London,1.0,0.0,0,0,0
GFF,40,6,5,21:27,06:26,23:57,27,1,Cardiff,2.0,1.0,0,0,0
GFN,99,16,9,13:15,00:14,23:45,9,1,Glasgow,4.0,2.0,1,1,1
GGJ,16,3,2,06:36,06:36,22:36,25,1,Inverness,0.0,0.0,0,0,0
GGV,31,5,4,15:04,05:28,22:34,30,2,Carlisle|Leeds,0.0,0.0,0,0,0
GIG,16,3,2,07:32,05:47,22:15,16,1,Leeds,0.0,0.0,0,0,0
GIL,52,12,5,07:16,00:15,22:52,28,2,Exeter|London,2.0,0.0,0,0,0
GIP,200,36,13,06:16,00:23,23:59,24,1,London,12.0,4.0,1,1,1
GIR,19,4,2,07:58,06:47,23:27,12,1,Glasgow,0.0,0.0,0,0,0
GKC,86,14,8,21:06,00:32,23:47,15,1,Glasgow,4.0,2.0,1,1,1
GKW,86,14,8,21:04,00:34,23:49,15,1,Glasgow,4.0,2.0,1,1,1
GLC,615,97,50,16:50,00:01,23:59,168,16,Birmingham|Bristol|Carlisle|Coventry|Derby|Edinburgh|Exeter|Leeds|Liverpool|London|Manchester|Newcastle|Plymouth|Preston|Sheffield|York,30.0,9.0,1,1,1
GLD,340,58,22,07:23,00:02,23:55,80,4,London|Portsmouth|Reading|Southampton,16.0,7.0,1,1,1
GLE,49,12,7,07:06,00:02,23:45,47,10,Aberdeen|Birmingham|Edinburgh|Glasgow|Inverness|London|Newcastle|Peterborough|Preston|York,1.0,0.0,0,0,0
GLF,9,1,3,16:54,06:56,22:45,25,1,Glasgow,0.0,0.0,0,0,0
GLG,93,16,9,21:15,00:13,23:43,26,1,Glasgow,4.0,2.0,1,1,1
GLH,38,8,6,07:24,06:16,23:45,10,1,Leeds,2.0,1.0,0,0,0
GLM,257,44,17,06:31,00:02,23:49,99,1,London,13.0,4.0,1,1,1
GLO,137,23,8,06:45,00:06,23:10,13,1,Manchester,7.0,0.0,1,0,1
GLQ,187,36,15,17:30,00:07,23:57,90,5,Aberdeen|Edinburgh|Inverness|London|Newcastle,9.0,1.0,1,0,1
GLS,12,3,2,07:54,06:50,22:32,27,1,Newcastle,0.0,0.0,0,0,0
GLT,42,8,5,06:40,00:18,23:59,24,1,Edinburgh,1.0,0.0,0,0,0
GLY,51,13,8,06:56,05:40,23:52,27,2,Brighton|London,2.0,1.0,0,0,0
GLZ,26,6,4,06:11,06:11,23:54,21,2,Liverpool|Manchester,0.0,0.0,0,0,0
GMB,73,14,6,09:22,05:13,23:55,62,5,Derby|Liverpool|Manchester|Nottingham|Sheffield,4.0,1.0,1,0,1
GMD,17,3,3,09:17,06:57,22:44,36,2,Derby|Nottingham,0.0,0.0,0,0,0
GMG,67,12,6,08:59,00:03,22:55,19,1,Cardiff,4.0,0.0,1,0,1
GMN,69,13,7,07:18,00:40,23:40,10,1,London,2.0,1.0,0,0,0
GMT,12,3,2,06:58,06:58,22:21,27,1,Newcastle,0.0,0.0,0,0,0
GMV,57,10,5,05:43,05:43,23:26,32,4,Birmingham|Bristol|London|Reading,2.0,0.0,0,0,0
GMY,354,70,26,07:51,00:01,23:56,28,1,London,16.0,8.0,1,1,1
GNB,2,0,1,10:40,10:40,14:22,8,1,Sheffield,0.0,0.0,0,0,0
GNF,88,18,9,17:24,00:06,23:31,17,3,Leeds|Manchester|York,2.0,1.0,0,0,0
GNH,228,39,14,06:46,00:01,23:45,65,1,London,12.0,6.0,1,1,1
GNL,194,32,13,07:54,05:47,23:54,20,1,Liverpool,9.0,0.0,1,0,1
GNR,25,5,3,14:52,06:14,22:34,33,2,Manchester|Preston,0.0,0.0,0,0,0
GNT,27,4,3,06:04,06:04,23:19,9,1,Norwich,0.0,0.0,0,0,0
GNW,176,34,13,07:16,00:10,23:42,59,1,London,8.0,2.0,1,1,1
GOB,43,7,6,22:01,00:10,22:57,48,4,Birmingham|Cardiff|Liverpool|Manchester,1.0,0.0,0,0,0
GOD,139,26,11,08:42,00:18,23:49,29,3,London|Portsmouth|Southampton,6.0,3.0,1,1,1
GOE,41,8,4,07:49,05:46,23:53,17,3,Leeds|Sheffield|York,2.0,1.0,0,0,0
GOF,3,1,1,06:15,06:15,18:10,14,1,Glasgow,0.0,0.0,0,0,0
GOL,8,2,2,08:25,08:25,20:43,25,1,Inverness,0.0,0.0,0,0,0
GOM,30,7,5,22:11,06:05,23:07,20,1,Reading,0.0,0.0,0,0,0
GOO,68,13,6,06:58,05:48,23:50,38,2,Leeds|Sheffield,4.0,2.0,1,1,1
GOR,79,13,6,22:59,00:38,23:49,9,2,London|Reading,4.0,2.0,1,1,1
GOS,50,9,7,17:17,05:28,23:53,35,2,Manchester|Preston,2.0,1.0,0,0,0
GOX,16,3,2,07:29,07:29,22:11,13,0,,1.0,0.0,0,0,0
GPK,114,25,10,06:50,00:05,23:48,22,1,London,4.0,2.0,1,1,1
GPO,394,72,27,07:34,00:04,23:54,39,0,,19.0,8.0,1,1,1
GQL,225,45,18,07:02,00:06,23:54,65,1,Edinburgh,12.0,6.0,1,1,1
GRA,172,32,14,11:15,00:01,22:59,73,13,Aberdeen|Derby|Edinburgh|Leeds|Liverpool|London|Manchester|Newcastle|Norwich|Nottingham|Peterborough|Sheffield|York,9.0,4.0,1,1,1
GRB,43,7,4,06:45,00:38,23:23,21,1,London,2.0,1.0,0,0,0
GRC,57,12,6,15:51,00:32,23:31,22,2,Cambridge|London,2.0,1.0,0,0,0
GRF,112,20,9,15:44,00:11,23:13,35,3,Leeds|Preston|York,6.0,3.0,1,1,1
GRH,67,12,5,06:13,00:05,23:23,8,1,Glasgow,4.0,2.0,1,1,1
GRK,45,8,6,20:58,00:41,23:56,15,1,Glasgow,2.0,0.0,0,0,0
GRL,111,20,9,06:19,00:19,23:58,49,4,Carlisle|Glasgow|London|Preston,5.0,2.0,1,1,1
GRN,51,8,8,22:51,06:34,23:43,26,4,Liverpool|Manchester|Nottingham|Sheffield,2.0,1.0,0,0,0
GRP,192,32,13,07:07,00:03,23:58,18,1,London,10.0,4.0,1,1,1
GRS,135,24,9,06:37,00:20,23:58,68,1,Edinburgh,8.0,4.0,1,1,1
GRT,56,10,6,20:38,00:05,23:38,30,3,Exeter|London|Reading,2.0,1.0,0,0,0
GRV,230,39,15,06:50,00:02,23:55,78,1,London,12.0,4.0,1,1,1
GRY,187,32,15,16:47,00:18,23:59,22,1,London,8.0,4.0,1,1,1
GSC,50,11,5,07:40,06:40,23:42,7,1,Glasgow,2.0,1.0,0,0,0
GSD,16,2,2,06:54,06:54,21:19,19,2,Carlisle|Leeds,0.0,0.0,0,0,0
GSL,9,2,1,05:41,05:38,22:24,8,1,Plymouth,0.0,0.0,0,0,0
GSN,39,8,3,06:20,06:20,23:20,6,0,,2.0,1.0,0,0,0
GST,93,18,10,07:58,06:24,23:38,24,1,Manchester,6.0,3.0,1,1,1
GSW,87,16,8,16:52,05:45,23:51,18,2,Liverpool|Preston,4.0,2.0,1,1,1
GSY,133,27,12,17:45,06:02,23:48,9,1,Leeds,6.0,3.0,1,1,1
GTA,13,3,2,09:53,07:07,23:13,27,1,Newcastle,0.0,0.0,0,0,0
GTH,14,2,3,06:50,06:50,20:45,33,1,Swansea,0.0,0.0,0,0,0
GTN,313,56,21,09:42,00:01,23:56,36,1,Cardiff,18.0,7.0,1,1,1
GTO,91,17,10,07:36,06:18,23:40,17,1,Manchester,2.0,1.0,0,0,0
GTR,66,12,6,07:44,00:14,23:26,12,1,Manchester,4.0,2.0,1,1,1
GTW,680,104,49,22:36,00:01,23:56,130,6,Brighton|Cambridge|London|Peterborough|Portsmouth|Reading,33.0,13.0,1,1,1
GTY,121,19,9,16:09,00:15,23:52,70,3,Liverpool|Manchester|Preston,6.0,2.0,1,1,1
GUI,217,40,15,06:33,05:41,23:44,18,1,Manchester,12.0,5.0,1,1,1
GUN,408,68,26,07:27,00:01,23:57,22,0,,20.0,4.0,1,1,1
GVE,8,2,2,13:47,07:29,18:55,16,1,Inverness,0.0,0.0,0,0,0
GVH,144,24,9,11:39,05:52,23:59,24,1,Birmingham,8.0,4.0,1,1,1
GWE,41,8,4,07:39,06:25,23:50,14,0,,2.0,1.0,0,0,0
GWN,70,10,6,15:01,00:22,23:58,80,3,Cardiff|Manchester|Swansea,1.0,0.0,0,0,0
GXX,23,6,2,06:35,06:35,22:35,1,0,,1.0,0.0,0,0,0
GYM,23,5,2,05:44,05:39,23:34,8,1,Norwich,1.0,0.0,0,0,0
GYP,38,6,4,06:01,06:01,23:23,27,1,Newcastle,2.0,1.0,0,0,0
HAB,73,15,7,07:30,05:23,23:40,57,5,Derby|Liverpool|Manchester|Nottingham|Sheffield,4.0,2.0,1,1,1
HAC,398,70,25,06:48,00:04,23:59,36,1,London,20.0,10.0,1,1,1
HAD,37,5,4,05:52,05:52,23:18,18,2,Cambridge|Norwich,1.0,0.0,0,0,0
HAF,75,12,6,22:00,05:12,23:58,31,1,London,4.0,0.0,1,0,1
HAG,80,16,8,08:01,05:40,23:34,46,1,Birmingham,4.0,0.0,1,0,1
HAI,73,12,6,09:43,04:38,23:22,16,0,,4.0,2.0,1,1,1
HAL,44,9,5,06:53,00:15,23:50,15,1,Manchester,2.0,1.0,0,0,0
HAM,81,19,9,07:36,06:29,23:49,35,2,London|Southampton,4.0,2.0,1,1,1
HAN,154,27,11,07:39,05:17,23:50,31,0,,8.0,4.0,1,1,1
HAP,55,12,5,06:07,00:30,23:44,27,1,London,2.0,1.0,0,0,0
HAS,33,5,3,06:42,05:55,23:08,16,1,Norwich,1.0,0.0,0,0,0
HAT,210,44,16,07:12,00:16,23:56,54,2,Cambridge|London,8.0,4.0,1,1,1
HAV,294,55,22,08:03,00:03,23:59,69,4,Brighton|London|Portsmouth|Southampton,14.0,7.0,1,1,1
HAY,406,61,27,22:19,00:01,23:59,41,2,London|Reading,19.0,9.0,1,1,1
HAZ,71,17,8,06:22,00:25,23:49,27,3,Liverpool|Manchester|Sheffield,3.0,1.0,0,0,0
HBB,5,2,2,07:49,07:49,18:58,14,1,Nottingham,0.0,0.0,0,0,0
HBD,233,41,16,06:31,01:01,23:55,54,4,Leeds|Manchester|Preston|York,11.0,4.0,1,1,1
HBF,1,0,1,23:22,23:22,23:22,4,0,,0.0,0.0,0,0,0
HBL,92,18,8,09:54,00:16,23:56,30,1,Manchester,6.0,2.0,1,1,1
HBN,70,13,7,23:04,00:40,23:46,27,1,London,2.0,1.0,0,0,0
HBP,78,18,10,06:57,00:03,23:23,13,2,Leeds|York,4.0,0.0,1,0,1
HBY,39,7,4,07:45,05:27,23:47,44,1,Birmingham,2.0,1.0,0,0,0
HCB,155,28,11,07:10,05:52,23:51,49,1,London,8.0,4.0,1,1,1
HCH,95,18,8,07:47,00:17,23:23,19,1,Manchester,6.0,3.0,1,1,1
HCN,82,13,8,06:42,00:11,23:43,30,1,London,4.0,1.0,1,0,1
HCT,36,6,3,20:07,06:06,23:40,17,1,Preston,2.0,1.0,0,0,0
HDB,40,8,5,18:53,06:33,22:48,25,2,Carlisle|Newcastle,2.0,1.0,0,0,0
HDE,52,12,5,06:34,05:36,23:46,25,2,London|Portsmouth,2.0,0.0,0,0,0
HDF,72,12,6,05:45,00:01,23:16,13,1,Manchester,4.0,0.0,1,0,1
HDG,119,18,8,21:11,00:19,23:58,44,3,Liverpool|Manchester|Preston,6.0,1.0,1,0,1
HDH,325,60,22,06:48,00:10,23:56,27,0,,16.0,8.0,1,1,1
HDL,148,24,9,06:33,00:03,23:48,18,1,London,7.0,3.0,1,1,1
HDM,87,19,8,07:30,00:03,23:57,38,2,Birmingham|London,4.0,2.0,1,1,1
HDN,463,76,28,08:18,00:01,23:57,18,1,London,24.0,11.0,1,1,1
HDW,113,28,10,07:00,00:04,23:49,18,1,London,4.0,2.0,1,1,1
HDY,78,17,9,07:28,06:05,23:47,13,2,Leeds|York,4.0,0.0,1,0,1
HEC,32,4,4,18:10,06:27,22:07,17,1,Nottingham,1.0,0.0,0,0,0
HED,39,7,4,07:06,00:01,23:59,12,2,Liverpool|Manchester,2.0,1.0,0,0,0
HEI,32,6,3,08:35,06:30,22:07,15,0,,2.0,1.0,0,0,0
HEL,3,1,1,08:02,08:02,20:03,10,1,Leeds,0.0,0.0,0,0,0
HEN,181,24,14,22:35,00:04,23:56,64,2,Brighton|London,8.0,4.0,1,1,1
HER,83,14,7,17:22,00:40,23:53,15,1,London,4.0,2.0,1,1,1
HES,39,8,4,07:12,05:37,23:59,29,2,Sheffield|York,1.0,0.0,0,0,0
HEV,37,7,3,06:49,05:46,23:05,11,1,London,2.0,1.0,0,0,0
HEW,37,8,4,06:59,06:12,23:26,36,2,Carlisle|Newcastle,2.0,1.0,0,0,0
HEX,74,13,6,07:47,06:05,23:42,32,2,Carlisle|Newcastle,3.0,1.0,0,0,0
HEZ,174,30,11,07:58,00:03,23:48,9,0,,8.0,4.0,1,1,1
HFD,92,15,8,18:01,00:17,23:33,99,6,Birmingham|Cardiff|London|Manchester|Reading|Swansea,3.0,1.0,0,0,0
HFE,42,9,4,07:06,00:33,23:57,17,1,London,2.0,0.0,0,0,0
HFN,96,18,8,06:31,00:09,23:46,23,1,London,4.0,2.0,1,1,1
HFS,54,9,5,07:17,06:12,23:38,41,3,Liverpool|Manchester|Sheffield,2.0,1.0,0,0,0
HFX,246,42,17,06:40,00:06,23:40,66,6,Leeds|London|Manchester|Peterborough|Preston|York,13.0,5.0,1,1,1
HGD,58,10,6,05:37,05:37,23:44,24,4,Exeter|London|Plymouth|Reading,1.0,0.0,0,0,0
HGF,134,26,12,06:58,00:08,23:35,47,2,Leeds|Manchester,6.0,2.0,1,1,1
HGG,585,96,34,22:45,00:02,23:59,29,0,,31.0,15.0,1,1,1
HGM,84,13,6,06:12,00:23,23:53,52,1,London,4.0,2.0,1,1,1
HGN,71,13,5,06:11,00:03,23:34,23,2,Liverpool|Manchester,4.0,2.0,1,1,1
HGR,323,58,22,08:16,00:06,23:54,46,1,London,16.0,8.0,1,1,1
HGS,145,27,12,06:17,00:09,23:57,53,2,Brighton|London,7.0,2.0,1,1,1
HGT,79,17,8,06:35,00:08,23:21,19,3,Leeds|London|York,4.0,0.0,1,0,1
HGY,187,36,13,06:35,00:03,23:50,32,1,London,8.0,4.0,1,1,1
HHB,2,0,2,13:20,13:13,14:15,4,0,,0.0,0.0,0,0,0
HHD,45,7,4,04:00,00:59,23:53,53,4,Birmingham|Cardiff|London|Manchester,1.0,0.0,0,0,0
HHE,401,61,32,22:47,00:06,23:57,82,3,Brighton|Cambridge|London,19.0,8.0,1,1,1
HHL,206,39,13,06:30,05:42,23:51,30,1,Cardiff,13.0,5.0,1,1,1
HHY,223,48,20,16:42,00:09,23:59,31,1,London,8.0,4.0,1,1,1
HIA,86,13,8,06:28,00:13,23:59,26,3,Birmingham|Coventry|London,4.0,2.0,1,1,1
HIB,133,25,10,07:13,00:08,23:43,21,1,London,4.0,2.0,1,1,1
HID,129,22,10,17:13,06:09,23:38,18,1,Manchester,6.0,2.0,1,1,1
HIG,49,9,6,06:29,00:27,23:51,65,6,Bristol|Cardiff|Exeter|London|Plymouth|Reading,2.0,1.0,0,0,0
HII,479,84,31,07:35,00:02,23:59,52,0,,23.0,8.0,1,1,1
HIL,144,24,9,06:28,00:17,23:55,16,0,,8.0,4.0,1,1,1
HIN,241,44,18,07:08,00:16,23:56,60,2,Leeds|Manchester,12.0,5.0,1,1,1
HIP,150,24,9,06:52,00:09,23:52,8,1,London,8.0,4.0,1,1,1
HIR,16,3,2,06:32,06:32,21:52,22,2,Carlisle|Leeds,0.0,0.0,0,0,0
HIT,267,40,16,00:04,00:04,23:57,59,4,Brighton|Cambridge|London|Peterborough,12.0,6.0,1,1,1
HKC,329,61,22,07:13,00:07,23:56,27,0,,14.0,7.0,1,1,1
HKH,74,12,6,22:23,00:20,23:57,6,1,Glasgow,4.0,2.0,1,1,1
HKM,68,13,6,06:08,05:24,23:38,53,5,Derby|Leicester|London|Nottingham|Peterborough,3.0,1.0,0,0,0
HKN,41,7,4,17:11,05:32,23:35,12,1,Nottingham,2.0,1.0,0,0,0
HKW,329,60,23,07:57,00:01,23:50,27,0,,16.0,8.0,1,1,1
HLB,69,14,7,07:24,01:10,23:56,40,1,London,2.0,1.0,0,0,0
HLC,36,6,3,05:55,00:10,23:43,35,1,Edinburgh,2.0,0.0,0,0,0
HLD,33,5,4,15:13,05:36,22:26,30,2,Carlisle|Leeds,1.0,0.0,0,0,0
HLE,90,15,10,21:39,00:07,23:59,31,1,Glasgow,4.0,2.0,1,1,1
HLF,91,21,9,15:58,06:39,23:51,53,1,Edinburgh,4.0,2.0,1,1,1
HLG,63,12,5,06:35,06:35,23:49,33,1,Birmingham,4.0,0.0,1,0,1
HLI,17,4,2,07:08,07:08,22:32,13,0,,1.0,0.0,0,0,0
HLL,103,18,8,20:57,05:57,23:46,10,1,Cardiff,6.0,2.0,1,1,1
HLM,35,6,3,07:33,00:34,23:47,18,1,London,2.0,1.0,0,0,0
HLN,184,25,14,22:58,00:08,23:59,60,2,Brighton|London,8.0,4.0,1,1,1
HLR,144,24,9,06:14,00:01,23:42,16,0,,8.0,4.0,1,1,1
HLS,220,45,17,07:17,00:13,23:35,82,4,Brighton|London|Portsmouth|Southampton,10.0,4.0,1,1,1
HLU,18,2,3,06:03,06:03,23:23,27,2,Edinburgh|Glasgow,0.0,0.0,0,0,0
HLW,91,17,10,21:37,00:02,23:36,31,1,Glasgow,4.0,2.0,1,1,1
HLY,56,9,6,12:39,00:03,23:35,29,2,Edinburgh|Glasgow,2.0,1.0,0,0,0
HMC,37,6,3,22:24,00:13,23:59,9,1,London,2.0,0.0,0,0,0
HMD,206,33,14,08:02,00:08,23:58,36,2,Brighton|London,9.0,3.0,1,1,1
HME,37,8,5,07:26,05:54,23:24,15,2,Portsmouth|Southampton,2.0,1.0,0,0,0
HML,157,34,15,07:51,00:14,23:41,24,3,Birmingham|Coventry|London,8.0,4.0,1,1,1
HMM,63,11,5,08:00,06:57,22:58,13,2,Leeds|York,2.0,1.0,0,0,0
HMN,329,62,22,07:16,00:05,23:58,27,0,,16.0,8.0,1,1,1
HMP,84,18,10,06:36,00:38,23:54,26,1,London,4.0,2.0,1,1,1
HMS,8,3,2,09:46,08:00,21:08,25,1,Inverness,0.0,0.0,0,0,0
HMT,36,5,3,05:58,05:58,23:33,15,0,,1.0,0.0,0,0,0
HMW,156,25,12,23:00,00:13,23:57,26,1,London,8.0,2.0,1,1,1
HMY,101,15,10,16:35,00:02,23:48,9,1,Glasgow,4.0,2.0,1,1,1
HNA,57,12,7,06:47,05:50,23:56,38,2,London|Southampton,2.0,1.0,0,0,0
HNB,80,13,8,06:44,00:33,23:20,57,1,London,4.0,0.0,1,0,1
HNC,137,24,10,19:57,05:55,23:46,36,0,,8.0,3.0,1,1,1
HND,46,10,5,07:02,00:11,23:56,28,2,London|Reading,2.0,1.0,0,0,0
HNF,70,12,5,06:08,00:09,23:17,27,1,Birmingham,4.0,2.0,1,1,1
HNG,140,27,10,06:52,00:19,23:48,30,1,Cardiff,9.0,4.0,1,1,1
HNH,320,56,21,22:34,00:06,23:56,50,1,London,16.0,8.0,1,1,1
HNK,42,9,6,17:34,05:55,22:58,23,4,Birmingham|Cambridge|Leicester|Peterborough,2.0,1.0,0,0,0
HNL,34,6,4,22:15,06:59,23:04,33,1,Birmingham,2.0,1.0,0,0,0
HNT,23,6,3,06:11,06:11,22:54,19,3,Aberdeen|Edinburgh|Inverness,0.0,0.0,0,0,0
HNW,137,24,9,06:28,05:58,23:43,36,0,,8.0,3.0,1,1,1
HNX,106,19,8,07:06,00:01,23:58,30,2,Liverpool|Manchester,6.0,1.0,1,0,1
HNY,7,2,1,06:15,06:15,18:20,5,0,,0.0,0.0,0,0,0
HOC,118,20,9,06:36,00:29,23:59,11,1,London,5.0,2.0,1,1,1
HOH,65,13,6,07:57,00:09,23:35,10,1,London,2.0,1.0,0,0,0
HOK,74,15,7,08:32,00:26,23:51,30,3,London|Portsmouth|Southampton,4.0,2.0,1,1,1
HOL,41,16,10,07:31,06:31,20:12,27,2,London|Southampton,2.0,1.0,0,0,0
HON,47,10,6,07:11,05:41,23:38,23,2,Exeter|London,2.0,0.0,0,0,0
HOO,193,34,13,08:06,00:12,23:57,20,1,Liverpool,10.0,0.0,1,0,1
HOP,51,8,6,22:39,06:31,23:53,26,4,Liverpool|Manchester|Nottingham|Sheffield,2.0,1.0,0,0,0
HOR,202,34,15,08:21,00:12,23:44,81,3,Brighton|London|Peterborough,8.0,2.0,1,1,1
HOT,70,9,4,05:59,00:14,23:38,4,1,Reading,2.0,0.0,0,0,0
HOU,117,22,11,06:18,00:02,23:50,30,1,London,4.0,2.0,1,1,1
HOV,217,36,14,07:19,00:02,23:56,51,4,Brighton|London|Portsmouth|Southampton,11.0,3.0,1,1,1
HOW,63,11,7,07:19,05:29,23:28,42,5,Leeds|Liverpool|London|Manchester|York,3.0,1.0,0,0,0
HOX,585,96,34,22:46,00:01,23:59,29,0,,32.0,16.0,1,1,1
HOY,35,6,3,06:41,00:37,23:03,16,1,Sheffield,2.0,1.0,0,0,0
HOZ,85,12,9,21:20,00:04,23:35,19,1,Glasgow,4.0,2.0,1,1,1
HPA,380,64,23,08:14,00:04,23:59,39,1,London,20.0,8.0,1,1,1
HPD,283,45,19,07:09,00:02,23:55,101,2,Brighton|London,12.0,6.0,1,1,1
HPE,41,8,4,06:35,06:35,23:41,14,0,,2.0,1.0,0,0,0
HPL,74,13,7,10:28,06:38,23:35,48,5,Carlisle|London|Newcastle|Peterborough|York,3.0,1.0,0,0,0
HPN,36,6,3,20:10,06:09,23:43,17,1,Preston,2.0,1.0,0,0,0
HPQ,49,11,6,07:09,05:29,23:52,37,2,Cambridge|London,2.0,1.0,0,0,0
HPT,15,3,3,08:21,06:32,21:14,33,1,Swansea,0.0,0.0,0,0,0
HRD,4,1,2,06:53,06:53,17:59,14,2,Cambridge|Norwich,0.0,0.0,0,0,0
HRE,37,7,4,06:43,06:43,23:24,36,2,Carlisle|Newcastle,2.0,1.0,0,0,0
HRH,161,24,11,21:31,00:04,23:59,79,3,London|Peterborough|Portsmouth,6.0,1.0,1,0,1
HRL,17,3,3,20:30,07:17,23:21,26,0,,0.0,0.0,0,0,0
HRM,70,12,7,23:00,00:44,23:51,27,1,London,2.0,1.0,0,0,0
HRN,187,36,13,06:33,00:04,23:50,32,1,London,8.0,4.0,1,1,1
HRO,340,65,23,06:52,00:04,23:57,27,1,London,16.0,8.0,1,1,1
HRR,38,6,4,15:35,05:39,23:40,12,1,Carlisle,1.0,0.0,0,0,0
HRS,87,19,10,07:16,06:10,23:44,19,3,Leeds|London|York,4.0,0.0,1,0,1
HRW,411,69,26,07:24,00:05,23:59,51,3,Birmingham|Coventry|London,21.0,8.0,1,1,1
HRY,142,24,10,09:05,00:12,23:52,12,0,,8.0,4.0,1,1,1
HSB,95,15,8,18:21,00:26,23:57,55,3,Leeds|Liverpool|Manchester,4.0,1.0,1,0,1
HSC,33,6,4,07:47,06:35,22:47,24,1,Manchester,2.0,0.0,0,0,0
HSD,73,12,6,22:46,05:38,23:43,22,1,Birmingham,4.0,0.0,1,0,1
HSG,51,8,6,06:38,06:38,23:46,26,4,Liverpool|Manchester|Nottingham|Sheffield,2.0,1.0,0,0,0
HSK,197,31,18,22:38,00:03,23:55,60,3,Brighton|Cambridge|London,8.0,3.0,1,1,1
HSL,128,24,11,08:33,00:05,23:26,29,3,London|Portsmouth|Southampton,5.0,2.0,1,1,1
HST,223,45,18,16:09,00:03,23:55,52,1,Edinburgh,12.0,4.0,1,1,1
HSW,41,8,4,06:57,06:04,23:08,14,0,,2.0,1.0,0,0,0
HSY,115,19,8,22:22,00:34,23:52,24,1,London,6.0,2.0,1,1,1
HTC,176,34,15,06:51,00:05,23:59,28,1,Manchester,10.0,4.0,1,1,1
HTE,148,24,9,06:35,00:05,23:50,18,1,London,8.0,4.0,1,1,1
HTF,41,8,4,07:45,00:04,23:04,15,3,Birmingham|Liverpool|London,2.0,1.0,0,0,0
HTH,98,18,8,07:29,00:35,23:59,12,1,Manchester,6.0,3.0,1,1,1
HTN,41,8,5,06:54,05:56,23:57,44,2,Birmingham|London,2.0,0.0,0,0,0
HTO,144,24,9,06:17,00:04,23:42,16,0,,8.0,4.0,1,1,1
HTW,53,8,6,12:50,06:11,23:52,20,2,Edinburgh|Glasgow,2.0,1.0,0,0,0
HTY,139,22,9,06:04,06:04,23:53,13,1,Manchester,6.0,2.0,1,1,1
HUB,30,6,4,08:27,06:25,21:37,23,2,Sheffield|York,2.0,1.0,0,0,0
HUD,353,62,23,06:26,00:11,23:55,63,6,Leeds|Liverpool|Manchester|Newcastle|Sheffield|York,18.0,9.0,1,1,1
HUL,154,25,13,05:57,00:08,23:56,68,7,Leeds|Liverpool|London|Manchester|Peterborough|Sheffield|York,7.0,2.0,1,1,1
HUN,100,14,8,22:40,00:20,23:50,33,2,London|Peterborough,4.0,2.0,1,1,1
HUP,27,8,4,06:26,06:26,23:38,21,2,Liverpool|Manchester,1.0,0.0,0,0,0
HUR,121,24,10,06:06,00:05,23:39,38,1,London,4.0,2.0,1,1,1
HUS,16,3,2,06:40,06:40,19:58,1,0,,1.0,0.0,0,0,0
HUT,42,9,6,07:25,06:20,23:27,31,2,Sheffield|York,1.0,0.0,0,0,0
HUU,9,2,2,06:20,06:20,22:20,1,0,,0.0,0.0,0,0,0
HUY,168,29,12,05:52,00:01,23:46,36,3,Liverpool|Manchester|Preston,8.0,2.0,1,1,1
HVF,27,3,4,10:34,05:32,23:42,37,3,Cardiff|Manchester|Swansea,1.0,0.0,0,0,0
HVH,2,0,1,14:15,08:00,22:00,1,0,,0.0,0.0,0,0,0
HVN,4,2,2,07:11,07:11,17:51,16,1,Nottingham,0.0,0.0,0,0,0
HWA,218,33,13,07:44,00:01,23:34,6,0,,9.0,3.0,1,1,1
HWB,41,9,4,06:54,06:17,23:20,14,0,,2.0,1.0,0,0,0
HWC,22,5,2,06:24,05:24,23:57,16,1,London,1.0,0.0,0,0,0
HWD,41,8,4,06:24,06:24,23:28,14,0,,1.0,0.0,0,0,0
HWE,109,16,6,05:20,00:06,23:45,6,0,,5.0,0.0,1,0,1
HWH,60,12,6,08:25,06:26,22:36,25,2,Carlisle|Newcastle,3.0,1.0,0,0,0
HWI,81,14,6,07:30,00:14,23:59,26,2,Manchester|Preston,4.0,2.0,1,1,1
HWM,93,17,7,08:34,00:01,23:37,28,2,Cambridge|London,4.0,2.0,1,1,1
HWN,237,41,16,08:28,00:15,23:58,30,2,Cambridge|London,12.0,5.0,1,1,1
HWV,123,18,12,22:42,00:07,23:57,31,1,London,6.0,0.0,1,0,1
HWW,39,7,3,06:14,06:14,23:14,6,0,,2.0,1.0,0,0,0
HWX,178,29,11,11:39,00:38,23:49,5,0,,9.0,4.0,1,1,1
HWY,157,27,13,08:36,00:05,23:50,43,2,Birmingham|London,7.0,2.0,1,1,1
HXM,36,5,3,05:25,00:24,23:02,9,1,Norwich,1.0,0.0,0,0,0
HXX,398,60,28,22:22,00:04,23:52,32,1,London,20.0,6.0,1,1,1
HYB,44,8,5,16:31,00:04,23:33,28,2,London|Reading,1.0,0.0,0,0,0
HYC,77,16,7,06:26,06:26,21:42,9,1,Manchester,3.0,1.0,0,0,0
HYD,27,6,3,06:47,00:09,23:47,8,0,,0.0,0.0,0,0,0
HYH,82,14,6,06:27,00:26,23:32,22,1,London,4.0,1.0,1,0,1
HYK,118,22,8,07:39,00:02,23:32,14,1,Liverpool,6.0,0.0,1,0,1
HYL,56,7,7,18:30,00:20,23:27,57,12,Birmingham|Bristol|Derby|Edinburgh|Exeter|Leeds|London|Newcastle|Plymouth|Reading|Sheffield|York,1.0,0.0,0,0,0
HYM,719,122,50,16:03,00:01,23:59,183,19,Aberdeen|Birmingham|Bristol|Carlisle|Coventry|Derby|Edinburgh|Exeter|Glasgow|Inverness|Leeds|London|Manchester|Newcastle|Peterborough|Plymouth|Preston|Sheffield|York,38.0,18.0,1,1,1
HYN,429,83,30,07:42,00:04,23:52,82,1,Edinburgh,24.0,12.0,1,1,1
HYR,82,12,6,05:52,00:22,23:52,34,1,London,4.0,2.0,1,1,1
HYS,75,13,5,05:43,00:08,23:39,14,1,London,4.0,0.0,1,0,1
HYT,77,16,7,06:29,06:29,21:39,9,1,Manchester,3.0,1.0,0,0,0
HYW,73,12,5,06:06,00:18,23:36,16,1,London,4.0,2.0,1,1,1
IBS,2,1,1,08:10,08:10,18:20,1,0,,0.0,0.0,0,0,0
IFD,354,71,26,07:40,00:01,23:51,28,1,London,16.0,8.0,1,1,1
IFI,86,12,9,23:00,00:02,23:58,61,3,London|Peterborough|Portsmouth,4.0,2.0,1,1,1
IGD,15,3,3,19:25,06:49,23:05,25,1,Inverness,0.0,0.0,0,0,0
IHS,19,4,3,17:53,07:30,18:45,2,0,,0.0,0.0,0,0,0
ILK,65,13,7,17:44,00:03,23:48,9,1,Leeds,3.0,0.0,0,0,0
ILN,53,10,6,07:23,05:53,23:21,23,7,Leeds|Liverpool|Manchester|Norwich|Nottingham|Peterborough|Sheffield,2.0,1.0,0,0,0
IMW,225,44,19,07:02,00:03,23:50,32,0,,10.0,1.0,1,0,1
INB,24,5,3,08:57,05:43,23:27,1,0,,1.0,0.0,0,0,0
INC,163,30,12,07:49,05:52,23:09,51,2,Leeds|Manchester,10.0,5.0,1,1,1
INE,4,0,2,06:03,06:03,19:13,15,1,Liverpool,0.0,0.0,0,0,0
ING,32,7,3,07:15,00:36,23:54,19,2,Aberdeen|Glasgow,2.0,1.0,0,0,0
INH,8,2,2,15:20,07:10,20:07,25,1,Inverness,0.0,0.0,0,0,0
INK,248,41,18,07:39,00:03,23:58,67,14,Aberdeen|Birmingham|Bristol|Derby|Edinburgh|Exeter|Glasgow|Leeds|London|Newcastle|Peterborough|Plymouth|Sheffield|York,12.0,5.0,1,1,1
INP,69,13,6,08:12,06:31,23:40,14,1,Glasgow,4.0,2.0,1,1,1
INR,43,8,4,06:39,06:39,23:21,21,3,Aberdeen|Edinburgh|Inverness,1.0,0.0,0,0,0
INS,23,5,3,07:26,06:26,23:09,19,3,Aberdeen|Edinburgh|Inverness,0.0,0.0,0,0,0
INT,84,15,8,15:45,00:15,23:45,24,1,London,4.0,2.0,1,1,1
INV,44,7,5,10:50,00:12,23:55,82,9,Aberdeen|Birmingham|Edinburgh|Glasgow|London|Newcastle|Peterborough|Preston|York,1.0,0.0,0,0,0
IPS,150,25,11,06:39,00:03,23:49,46,4,Cambridge|London|Norwich|Peterborough,7.0,3.0,1,1,1
IRL,80,15,8,06:14,06:14,23:54,38,3,Liverpool|Manchester|Sheffield,4.0,2.0,1,1,1
IRV,90,14,9,21:32,00:02,23:33,18,1,Glasgow,4.0,2.0,1,1,1
ISL,118,22,11,15:42,00:27,23:57,30,1,London,4.0,2.0,1,1,1
ISP,23,5,3,07:25,06:10,23:53,14,1,London,1.0,0.0,0,0,0
IVA,61,10,5,09:06,00:01,23:24,20,3,Aberdeen|Edinburgh|Inverness,2.0,0.0,0,0,0
IVR,121,23,11,22:41,00:13,23:49,22,2,London|Reading,4.0,2.0,1,1,1
IVY,36,6,4,07:51,05:46,23:59,47,5,Bristol|Exeter|London|Plymouth|Reading,0.0,0.0,0,0,0
JCH,38,6,4,05:57,05:57,23:28,27,1,Newcastle,2.0,1.0,0,0,0
JEQ,130,24,9,06:50,06:04,23:46,46,1,Birmingham,8.0,0.0,1,0,1
JHN,177,30,17,22:12,00:30,23:59,26,1,Glasgow,8.0,3.0,1,1,1
JOH,27,3,4,10:41,05:39,23:34,37,3,Cardiff|Manchester|Swansea,1.0,0.0,0,0,0
JOR,135,24,9,06:42,00:24,23:48,68,1,Edinburgh,7.0,3.0,1,1,1
KBC,7,1,2,09:22,09:22,21:30,25,1,Inverness,0.0,0.0,0,0,0
KBF,25,5,3,06:07,06:07,22:25,33,2,Manchester|Preston,0.0,0.0,0,0,0
KBK,46,7,6,17:21,06:09,23:57,35,2,Manchester|Preston,2.0,1.0,0,0,0
KBN,150,24,10,06:07,00:05,23:56,18,1,London,8.0,4.0,1,1,1
KBS,27,7,3,07:10,06:10,20:41,2,0,,1.0,0.0,0,0,0
KBW,95,17,7,06:12,00:20,23:44,41,2,Cambridge|London,4.0,2.0,1,1,1
KBX,41,8,4,06:31,05:39,23:42,19,1,London,2.0,1.0,0,0,0
KCK,74,12,5,06:00,00:26,23:50,14,1,London,4.0,2.0,1,1,1
KDB,214,38,14,07:17,00:03,23:50,38,1,London,10.0,3.0,1,1,1
KDG,113,21,10,06:29,00:34,23:32,40,3,Derby|Manchester|Nottingham,6.0,3.0,1,1,1
KDY,127,23,11,17:38,05:57,23:19,58,13,Aberdeen|Birmingham|Bristol|Derby|Edinburgh|Exeter|Leeds|London|Newcastle|Peterborough|Plymouth|Sheffield|York,5.0,2.0,1,1,1
KEH,22,4,3,18:22,05:56,23:09,19,3,Aberdeen|Edinburgh|Inverness,0.0,0.0,0,0,0
KEI,160,30,13,07:44,05:43,23:49,39,4,Carlisle|Leeds|London|Peterborough,7.0,3.0,1,1,1
KEL,83,15,7,06:25,00:39,23:54,25,1,London,4.0,2.0,1,1,1
KEM,41,7,4,21:08,05:41,23:55,20,3,London|Reading|Southampton,2.0,1.0,0,0,0
KEN,37,5,5,18:34,06:21,23:01,13,2,Manchester|Preston,1.0,0.0,0,0,0
KET,162,25,11,17:37,00:04,23:56,16,4,Derby|Leicester|London|Nottingham,8.0,4.0,1,1,1
KEY,30,9,5,08:03,06:18,23:01,29,2,Exeter|Plymouth,1.0,0.0,0,0,0
KGE,55,7,7,17:37,00:22,23:24,24,2,Edinburgh|Glasgow,2.0,1.0,0,0,0
KGH,69,12,6,06:41,06:01,23:14,17,1,Edinburgh,3.0,1.0,0,0,0
KGL,84,17,8,07:42,00:35,23:43,24,3,Birmingham|Coventry|London,4.0,2.0,1,1,1
KGM,47,9,6,07:19,00:02,23:39,28,2,London|Reading,2.0,1.0,0,0,0
KGN,12,4,2,07:44,07:44,22:17,27,1,Exeter,0.0,0.0,0,0,0
KGP,93,15,9,12:30,06:34,23:34,14,1,Glasgow,3.0,1.0,0,0,0
KGS,49,9,5,17:38,00:05,23:49,39,2,Birmingham|London,1.0,0.0,0,0,0
KGT,22,5,3,07:27,06:05,23:05,28,2,Cardiff|Swansea,0.0,0.0,0,0,0
KGX,235,33,17,05:31,00:01,23:59,112,9,Aberdeen|Cambridge|Edinburgh|Glasgow|Inverness|Leeds|Newcastle|Peterborough|York,10.0,0.0,1,0,1
KID,100,18,7,07:22,05:33,23:42,46,1,Birmingham,6.0,0.0,1,0,1
KIH,63,12,5,06:36,06:36,23:26,4,1,Birmingham,4.0,2.0,1,1,1
KIL,8,3,2,09:32,07:45,21:20,25,1,Inverness,0.0,0.0,0,0,0
KIN,27,6,4,21:21,06:24,22:26,28,9,Birmingham|Edinburgh|Glasgow|Inverness|London|Newcastle|Peterborough|Preston|York,1.0,0.0,0,0,0
KIR,127,24,9,07:09,00:13,23:53,7,0,,8.0,4.0,1,1,1
KIT,47,8,5,05:34,05:34,23:39,16,2,London|Reading,2.0,0.0,0,0,0
KIV,39,7,4,23:00,06:02,23:44,22,3,Leeds|Nottingham|Sheffield,2.0,1.0,0,0,0
KKB,41,7,4,17:19,05:42,23:24,12,1,Nottingham,2.0,1.0,0,0,0
KKD,252,47,17,07:16,00:02,23:56,22,0,,15.0,7.0,1,1,1
KKH,93,15,9,12:23,06:28,23:41,14,1,Glasgow,4.0,2.0,1,1,1
KKM,144,22,10,21:57,00:04,23:55,40,4,Leeds|Manchester|Preston|York,6.0,3.0,1,1,1
KKN,56,8,7,17:29,00:10,23:36,24,2,Edinburgh|Glasgow,2.0,1.0,0,0,0
KKS,53,9,5,08:09,06:20,23:42,33,1,Sheffield,2.0,1.0,0,0,0
KLB,27,7,3,08:30,00:01,22:00,4,1,Peterborough,0.0,0.0,0,0,0
KLD,11,3,2,07:23,07:23,22:58,27,1,Newcastle,0.0,0.0,0,0,0
KLF,70,13,7,18:19,06:16,23:27,12,1,Leeds,4.0,2.0,1,1,1
KLM,95,12,10,13:16,05:26,23:56,23,2,Carlisle|Glasgow,3.0,1.0,0,0,0
KLN,30,5,3,04:49,00:37,23:38,16,2,Cambridge|London,1.0,0.0,0,0,0
KLS,16,5,2,06:45,06:45,19:10,1,0,,1.0,0.0,0,0,0
KLY,75,12,5,06:17,00:17,23:46,9,1,London,4.0,2.0,1,1,1
KMH,34,5,3,05:48,05:48,22:48,11,0,,1.0,0.0,0,0,0
KMK,72,11,8,21:06,00:01,23:25,25,2,Carlisle|Glasgow,2.0,1.0,0,0,0
KML,56,10,5,05:54,00:01,23:28,4,0,,2.0,1.0,0,0,0
KMP,66,10,5,12:58,00:41,23:57,16,1,London,2.0,0.0,0,0,0
KMS,38,8,4,22:19,00:08,23:08,24,1,London,2.0,1.0,0,0,0
KNA,64,12,6,19:52,06:45,23:11,13,2,Leeds|York,4.0,0.0,1,0,1
KND,73,12,5,06:34,00:03,23:31,7,0,,4.0,2.0,1,1,1
KNE,29,7,4,17:09,05:53,23:18,15,2,Cambridge|Peterborough,1.0,0.0,0,0,0
KNF,44,9,5,07:17,00:34,23:56,15,1,Manchester,2.0,1.0,0,0,0
KNG,155,25,12,22:58,00:15,23:55,26,1,London,8.0,2.0,1,1,1
KNI,16,3,2,06:46,05:20,21:03,33,1,Swansea,0.0,0.0,0,0,0
KNL,465,76,28,09:03,00:01,23:56,18,1,London,23.0,11.0,1,1,1
KNN,177,30,11,06:27,05:59,23:56,27,1,Birmingham,10.0,4.0,1,1,1
KNO,37,8,5,07:15,06:08,23:54,15,1,Leeds,2.0,0.0,0,0,0
KNR,325,61,22,06:43,00:06,23:52,27,0,,15.0,4.0,1,1,1
KNS,87,11,10,16:38,05:54,23:26,15,1,Glasgow,3.0,1.0,0,0,0
KNT,315,54,21,17:07,00:04,23:57,18,1,London,16.0,8.0,1,1,1
KNU,15,3,2,06:35,06:35,20:55,33,1,Swansea,0.0,0.0,0,0,0
KNW,36,6,2,06:47,05:47,23:56,6,1,Coventry,2.0,1.0,0,0,0
KPA,225,44,18,06:41,00:09,23:58,32,0,,9.0,1.0,1,0,1
KPT,66,12,5,07:42,00:06,23:11,39,0,,4.0,2.0,1,1,1
KRK,25,3,4,14:30,07:18,23:26,13,2,Carlisle|Glasgow,0.0,0.0,0,0,0
KSL,70,12,6,06:33,06:22,23:34,23,1,Manchester,4.0,2.0,1,1,1
KSN,50,9,5,18:08,00:13,23:05,20,1,London,2.0,1.0,0,0,0
KSW,16,3,2,06:45,06:45,21:07,19,2,Carlisle|Leeds,0.0,0.0,0,0,0
KTH,156,29,10,06:42,00:17,23:47,15,1,London,8.0,4.0,1,1,1
KTL,2,0,1,10:53,10:53,14:03,8,1,Sheffield,0.0,0.0,0,0,0
KTN,207,29,17,22:22,00:03,23:49,86,2,Brighton|London,8.0,4.0,1,1,1
KTR,62,11,6,15:57,06:32,23:27,21,3,Aberdeen|Edinburgh|Inverness,2.0,1.0,0,0,0
KTW,325,60,22,06:57,00:06,23:51,27,0,,15.0,7.0,1,1,1
KVD,50,11,5,06:34,06:34,23:48,7,1,Glasgow,2.0,1.0,0,0,0
KVP,40,6,4,06:05,06:05,23:41,22,3,Leeds|Nottingham|Sheffield,1.0,0.0,0,0,0
KWB,118,22,11,15:50,00:01,23:50,30,1,London,4.0,2.0,1,1,1
KWD,64,12,5,06:59,06:07,23:55,30,0,,3.0,1.0,0,0,0
KWG,408,69,26,07:24,00:06,23:59,22,0,,20.0,4.0,1,1,1
KWK,28,6,2,06:00,06:00,22:13,1,0,,2.0,0.0,0,0,0
KWL,46,7,5,16:13,00:19,23:46,56,6,Bristol|Cardiff|London|Manchester|Reading|Swansea,0.0,0.0,0,0,0
KWN,178,29,17,21:28,00:21,23:58,26,1,Glasgow,8.0,3.0,1,1,1
KYL,6,0,2,11:59,05:45,20:34,17,1,Inverness,0.0,0.0,0,0,0
KYN,77,19,10,07:40,05:59,23:52,49,6,Bristol|Cardiff|London|Portsmouth|Reading|Southampton,4.0,1.0,1,0,1
LAA,8,2,1,06:43,06:43,18:58,3,0,,0.0,0.0,0,0,0
LAC,217,36,14,07:07,00:02,23:48,51,4,Brighton|London|Portsmouth|Southampton,11.0,5.0,1,1,1
LAD,145,25,9,07:21,00:25,23:59,14,1,London,8.0,4.0,1,1,1
LAG,19,2,3,22:00,06:06,22:58,12,1,Nottingham,0.0,0.0,0,0,0
LAI,255,44,23,17:18,00:06,23:58,16,1,London,12.0,3.0,1,1,1
LAM,22,5,3,07:16,06:36,22:34,28,2,Cardiff|Swansea,0.0,0.0,0,0,0
LAN,212,34,18,16:53,05:13,23:28,82,10,Birmingham|Carlisle|Coventry|Edinburgh|Glasgow|Leeds|Liverpool|London|Manchester|Preston,7.0,3.0,1,1,1
LAP,14,4,2,06:57,06:57,22:00,22,1,Exeter,0.0,0.0,0,0,0
LAR,57,8,5,15:10,00:18,23:48,15,1,Glasgow,2.0,0.0,0,0,0
LAS,36,7,6,20:55,00:22,23:41,34,2,Cardiff|Swansea,0.0,0.0,0,0,0
LAU,41,8,4,07:15,06:03,23:58,34,4,Aberdeen|Edinburgh|Glasgow|Inverness,1.0,0.0,0,0,0
LAW,70,12,5,06:40,00:01,23:17,27,1,Birmingham,4.0,2.0,1,1,1
LAY,46,8,5,22:26,00:16,23:25,19,2,Manchester|Preston,2.0,0.0,0,0,0
LBG,1652,309,117,17:32,00:01,23:59,276,4,Brighton|Cambridge|London|Peterborough,79.0,39.0,1,1,1
LBK,87,17,9,05:26,00:20,23:48,34,3,Birmingham|Coventry|London,4.0,2.0,1,1,1
LBO,130,21,11,06:28,01:35,23:59,37,7,Derby|Leicester|London|Norwich|Nottingham|Peterborough|Sheffield,4.0,2.0,1,1,1
LBR,17,3,2,07:28,07:28,23:10,26,0,,0.0,0.0,0,0,0
LBT,157,26,11,08:08,00:17,23:47,25,5,Carlisle|Edinburgh|Glasgow|London|Preston,8.0,4.0,1,1,1
LBZ,161,31,12,06:51,00:03,23:58,28,3,Birmingham|Coventry|London,8.0,3.0,1,1,1
LCB,1,1,1,09:40,09:40,17:20,1,0,,0.0,0.0,0,0,0
LCC,8,1,2,14:41,07:18,19:03,16,1,Inverness,0.0,0.0,0,0,0
LCG,44,9,6,06:51,00:07,23:40,18,1,Edinburgh,2.0,0.0,0,0,0
LCK,35,6,3,06:46,00:50,22:57,16,1,Sheffield,2.0,1.0,0,0,0
LCL,9,1,3,16:37,06:39,23:00,25,1,Glasgow,0.0,0.0,0,0,0
LCN,88,17,8,06:40,00:17,23:47,70,7,Derby|Leeds|Leicester|London|Nottingham|Peterborough|Sheffield,4.0,1.0,1,0,1
LCP,22,4,3,10:50,07:29,19:49,2,0,,1.0,0.0,0,0,0
LCS,9,2,3,16:40,07:05,22:33,25,1,Glasgow,0.0,0.0,0,0,0
LDN,17,3,2,07:23,07:23,23:14,26,0,,0.0,0.0,0,0,0
LDS,882,153,59,17:05,00:04,23:59,240,19,Aberdeen|Birmingham|Bristol|Cardiff|Carlisle|Derby|Edinburgh|Exeter|Glasgow|Liverpool|London|Manchester|Newcastle|Nottingham|Peterborough|Plymouth|Preston|Sheffield|York,49.0,18.0,1,1,1
LDY,82,15,7,06:09,00:13,23:38,57,12,Aberdeen|Birmingham|Bristol|Derby|Edinburgh|Exeter|Glasgow|Leeds|Newcastle|Plymouth|Sheffield|York,3.0,1.0,0,0,0
LEA,191,24,14,00:03,00:03,23:48,69,2,Brighton|London,8.0,3.0,1,1,1
LEB,136,24,9,08:30,05:57,23:14,18,0,,7.0,3.0,1,1,1
LED,44,5,5,13:35,05:40,23:15,24,3,Birmingham|London|Reading,1.0,0.0,0,0,0
LEE,178,35,13,06:33,00:12,23:43,37,1,London,8.0,3.0,1,1,1
LEG,127,21,9,05:32,00:02,23:56,40,5,Leeds|Liverpool|Manchester|Newcastle|York,6.0,3.0,1,1,1
LEH,79,12,6,05:48,00:03,23:33,22,2,Birmingham|Coventry,4.0,2.0,1,1,1
LEI,237,40,18,06:15,01:24,23:55,49,7,Birmingham|Cambridge|Derby|London|Nottingham|Peterborough|Sheffield,12.0,5.0,1,1,1
LEL,26,6,3,07:10,07:10,22:56,5,0,,1.0,0.0,0,0,0
LEM,142,24,10,20:04,05:51,23:59,12,0,,8.0,4.0,1,1,1
LEN,70,12,7,22:56,00:48,23:54,27,1,London,2.0,1.0,0,0,0
LEO,59,10,6,05:51,00:02,23:46,75,3,Cardiff|Manchester|Swansea,2.0,1.0,0,0,0
LER,142,24,10,20:03,05:48,23:58,12,0,,8.0,4.0,1,1,1
LES,343,49,25,18:59,00:02,23:46,25,1,London,15.0,4.0,1,1,1
LET,184,35,14,22:47,00:03,23:59,39,3,Brighton|Cambridge|London,7.0,3.0,1,1,1
LEU,191,37,15,08:27,00:01,23:41,55,14,Aberdeen|Birmingham|Bristol|Derby|Edinburgh|Exeter|Glasgow|Leeds|London|Newcastle|Peterborough|Plymouth|Sheffield|York,9.0,1.0,1,0,1
LEV,35,6,3,06:17,00:20,23:17,20,1,Edinburgh,2.0,0.0,0,0,0
LEW,522,88,32,07:52,00:02,23:57,66,1,London,26.0,11.0,1,1,1
LEY,110,18,8,17:52,00:16,23:55,33,3,Liverpool|Manchester|Preston,6.0,3.0,1,1,1
LFD,81,16,8,17:57,00:11,23:41,26,1,London,2.0,1.0,0,0,0
LGB,86,14,8,21:20,00:19,23:48,20,1,Glasgow,3.0,1.0,0,0,0
LGD,38,9,4,06:27,05:59,23:13,5,1,Norwich,1.0,0.0,0,0,0
LGE,166,30,13,21:32,00:08,23:59,66,7,Birmingham|Cardiff|Derby|Leicester|London|Nottingham|Sheffield,7.0,3.0,1,1,1
LGF,80,16,7,07:09,00:09,23:44,30,1,London,4.0,2.0,1,1,1
LGG,73,13,5,06:03,06:03,23:37,44,1,Birmingham,4.0,0.0,1,0,1
LGJ,168,29,15,23:00,00:02,23:59,43,1,London,8.0,4.0,1,1,1
LGK,67,12,5,06:48,06:18,23:29,19,1,Newcastle,4.0,2.0,1,1,1
LGM,44,8,4,05:48,05:48,23:26,22,7,Leeds|Liverpool|Manchester|Norwich|Nottingham|Peterborough|Sheffield,2.0,1.0,0,0,0
LGN,32,6,3,13:09,06:55,22:30,27,2,Derby|Nottingham,2.0,1.0,0,0,0
LGO,15,3,4,17:06,06:29,20:49,33,1,Swansea,0.0,0.0,0,0,0
LGS,107,18,10,12:35,06:28,23:34,15,1,Glasgow,3.0,0.0,0,0,0
LGW,15,2,2,11:27,06:17,20:39,19,2,Carlisle|Leeds,0.0,0.0,0,0,0
LHA,15,2,3,18:48,05:57,21:16,18,1,Glasgow,0.0,0.0,0,0,0
LHD,157,27,12,07:07,00:18,23:52,34,1,London,8.0,4.0,1,1,1
LHE,9,2,3,16:36,07:12,22:29,25,1,Glasgow,0.0,0.0,0,0,0
LHM,11,3,2,07:44,07:44,22:37,27,1,Newcastle,0.0,0.0,0,0,0
LHO,72,13,7,06:22,06:22,23:53,18,1,Manchester,4.0,1.0,1,0,1
LHS,350,72,31,07:05,00:05,23:58,25,1,London,16.0,6.0,1,1,1
LHW,85,12,9,21:16,00:08,23:39,19,1,Glasgow,4.0,2.0,1,1,1
LIC,72,12,5,05:57,05:57,23:47,22,1,Birmingham,4.0,2.0,1,1,1
LID,34,5,4,07:30,05:38,22:58,11,0,,1.0,0.0,0,0,0
LIF,36,6,3,22:38,06:00,23:28,22,1,Birmingham,2.0,0.0,0,0,0
LIH,48,9,4,05:49,00:54,23:40,6,0,,2.0,1.0,0,0,0
LIN,149,24,10,09:29,00:04,23:59,26,2,Edinburgh|Glasgow,7.0,3.0,1,1,1
LIP,68,14,8,06:30,00:08,23:20,29,3,London|Portsmouth|Southampton,2.0,1.0,0,0,0
LIS,68,14,7,06:09,00:02,23:14,29,3,London|Portsmouth|Southampton,2.0,1.0,0,0,0
LIT,83,16,7,05:11,00:15,23:46,54,4,Brighton|London|Portsmouth|Southampton,4.0,1.0,1,0,1
LIV,294,52,20,06:49,00:04,23:41,143,13,Birmingham|Carlisle|Glasgow|Leeds|London|Manchester|Newcastle|Norwich|Nottingham|Peterborough|Preston|Sheffield|York,16.0,2.0,1,1,1
LKE,50,9,4,06:54,05:51,22:36,7,0,,3.0,1.0,0,0,0
LLA,17,3,2,07:39,07:39,23:00,26,0,,0.0,0.0,0,0,0
LLC,17,3,3,20:39,07:03,23:30,26,0,,0.0,0.0,0,0,0
LLD,34,6,3,06:40,05:35,22:04,35,2,Birmingham|Liverpool,1.0,0.0,0,0,0
LLE,94,13,8,09:30,00:06,23:33,85,6,Bristol|Cardiff|London|Manchester|Reading|Swansea,1.0,0.0,0,0,0
LLF,41,5,4,14:41,00:08,23:00,27,1,Manchester,1.0,0.0,0,0,0
LLG,17,2,5,06:05,06:05,21:34,33,1,Swansea,0.0,0.0,0,0,0
LLH,17,3,4,05:20,05:20,22:16,33,1,Swansea,0.0,0.0,0,0,0
LLI,17,3,4,05:42,05:42,21:56,33,1,Swansea,0.0,0.0,0,0,0
LLJ,140,25,11,08:57,00:55,23:54,66,5,Birmingham|Cardiff|Liverpool|London|Manchester,6.0,2.0,1,1,1
LLL,17,3,4,05:55,05:55,21:45,33,1,Swansea,0.0,0.0,0,0,0
LLM,14,2,2,06:47,06:47,20:49,33,1,Swansea,0.0,0.0,0,0,0
LLN,274,48,18,13:11,00:05,23:59,34,1,Cardiff,16.0,4.0,1,1,1
LLO,15,3,4,17:33,05:56,20:27,33,1,Swansea,0.0,0.0,0,0,0
LLP,12,3,2,07:22,07:22,18:50,2,0,,1.0,0.0,0,0,0
LLR,96,19,9,08:43,00:14,23:41,48,2,Cardiff|Swansea,5.0,2.0,1,1,1
LLS,206,39,14,07:16,05:46,23:54,30,1,Cardiff,13.0,5.0,1,1,1
LLT,15,4,4,17:11,06:23,20:43,33,1,Swansea,0.0,0.0,0,0,0
LLV,15,2,3,06:17,06:17,21:23,33,1,Swansea,0.0,0.0,0,0,0
LLW,17,4,3,22:01,07:24,22:34,26,0,,0.0,0.0,0,0,0
LLY,68,12,6,14:46,00:19,23:49,18,1,Cardiff,4.0,2.0,1,1,1
LMR,118,21,10,06:32,05:49,23:58,43,4,Leeds|London|Manchester|Peterborough,6.0,2.0,1,1,1
LMS,172,33,15,07:39,00:02,23:39,74,10,Birmingham|Coventry|Derby|London|Manchester|Newcastle|Reading|Sheffield|Southampton|York,9.0,3.0,1,1,1
LNB,144,28,10,07:00,00:01,23:49,30,1,Cardiff,9.0,4.0,1,1,1
LND,41,8,4,08:07,06:16,23:33,9,1,Edinburgh,2.0,1.0,0,0,0
LNG,63,13,6,06:44,06:35,21:14,20,1,London,4.0,2.0,1,1,1
LNK,46,7,5,10:59,00:12,23:51,8,1,Glasgow,2.0,0.0,0,0,0
LNR,17,2,5,06:08,06:08,21:29,33,1,Swansea,0.0,0.0,0,0,0
LNW,14,2,2,06:42,06:42,20:58,33,1,Swansea,0.0,0.0,0,0,0
LNY,160,24,14,21:56,00:15,23:47,22,2,London|Reading,7.0,3.0,1,1,1
LNZ,95,22,10,08:00,00:02,23:57,9,2,Edinburgh|Glasgow,3.0,1.0,0,0,0
LOB,144,24,9,06:39,06:06,23:51,24,1,Birmingham,8.0,4.0,1,1,1
LOC,63,12,9,18:12,06:01,22:37,27,7,Carlisle|Edinburgh|Glasgow|Liverpool|London|Manchester|Preston,3.0,1.0,0,0,0
LOF,173,34,13,16:33,00:02,23:52,18,1,London,8.0,4.0,1,1,1
LOH,42,8,4,07:30,05:26,23:55,29,3,Leeds|Preston|York,2.0,1.0,0,0,0
LOO,13,2,1,07:33,07:25,21:55,5,0,,0.0,0.0,0,0,0
LOS,55,10,7,17:33,06:18,23:24,34,5,Bristol|Exeter|London|Plymouth|Reading,2.0,0.0,0,0,0
LOT,73,12,5,06:49,00:17,23:56,19,2,Manchester|Preston,4.0,2.0,1,1,1
LOW,44,11,6,06:42,05:52,23:59,45,4,Derby|Leicester|London|Nottingham,2.0,1.0,0,0,0
LPG,61,11,6,08:55,00:26,23:17,49,3,Birmingham|Cardiff|Manchester,2.0,1.0,0,0,0
LPR,30,5,4,17:44,05:39,22:22,30,2,Carlisle|Leeds,0.0,0.0,0,0,0
LPT,44,9,7,06:06,06:06,23:05,17,1,Manchester,2.0,1.0,0,0,0
LPW,46,9,5,11:29,06:01,23:52,41,2,Birmingham|London,3.0,1.0,0,0,0
LPY,129,24,8,06:25,06:10,23:56,18,0,,8.0,0.0,1,0,1
LRB,117,19,7,07:25,00:27,23:57,20,1,Brighton,6.0,3.0,1,1,1
LRD,118,19,9,06:28,00:03,23:58,24,1,London,6.0,2.0,1,1,1
LRG,9,3,2,08:52,07:02,20:18,25,1,Inverness,0.0,0.0,0,0,0
LRH,34,6,3,09:03,06:01,23:57,27,0,,2.0,0.0,0,0,0
LSK,90,16,8,12:12,06:02,23:26,61,12,Birmingham|Bristol|Derby|Edinburgh|Exeter|Leeds|London|Newcastle|Plymouth|Reading|Sheffield|York,5.0,2.0,1,1,1
LSN,95,19,9,16:26,00:02,23:30,41,1,Edinburgh,4.0,2.0,1,1,1
LST,509,81,39,16:53,00:01,23:59,109,2,Cambridge|Norwich,25.0,0.0,1,0,1
LSW,118,23,8,07:33,06:03,23:52,14,1,Liverpool,7.0,0.0,1,0,1
LSX,685,133,48,07:35,00:01,23:58,40,1,Reading,32.0,16.0,1,1,1
LSY,145,25,9,07:15,00:31,23:53,14,1,London,8.0,4.0,1,1,1
LTG,44,9,5,07:07,00:05,23:29,15,1,Manchester,2.0,1.0,0,0,0
LTH,114,21,9,06:19,00:24,23:53,19,1,Cardiff,6.0,1.0,1,0,1
LTK,36,7,3,00:27,00:27,23:33,17,1,London,1.0,0.0,0,0,0
LTL,122,22,12,06:12,00:03,23:45,47,2,Leeds|Manchester,6.0,2.0,1,1,1
LTM,37,6,3,07:09,05:45,23:42,9,1,Preston,2.0,1.0,0,0,0
LTN,354,57,24,22:37,00:01,23:55,101,4,Brighton|Derby|Leicester|London,16.0,8.0,1,1,1
LTP,63,10,6,18:42,00:13,23:46,16,2,Cambridge|London,2.0,1.0,0,0,0
LTR,30,6,3,06:48,06:48,23:48,3,0,,1.0,0.0,0,0,0
LTS,2,2,1,07:52,07:52,09:12,4,0,,0.0,0.0,0,0,0
LTT,73,14,5,06:22,00:01,23:31,20,1,Liverpool,4.0,0.0,1,0,1
LTV,70,10,6,06:16,05:50,23:27,17,3,Liverpool|London|Preston,2.0,0.0,0,0,0
LUD,69,11,7,06:11,05:41,23:57,75,3,Cardiff|Manchester|Swansea,3.0,1.0,0,0,0
LUT,326,52,22,22:41,00:04,23:59,105,2,Brighton|London,14.0,6.0,1,1,1
LUX,17,4,2,06:37,06:37,21:46,6,0,,0.0,0.0,0,0,0
LVC,480,86,31,08:15,00:05,23:59,67,1,Liverpool,27.0,12.0,1,1,1
LVG,90,13,10,11:17,00:06,23:27,20,2,Edinburgh|Glasgow,4.0,1.0,1,0,1
LVJ,433,78,29,07:57,00:02,23:54,33,0,,21.0,8.0,1,1,1
LVL,218,39,15,07:38,05:38,23:58,32,1,Liverpool,10.0,4.0,1,1,1
LVM,175,32,14,06:26,00:15,23:58,28,1,Manchester,10.0,4.0,1,1,1
LVN,93,16,8,06:41,00:04,23:38,63,3,London|Peterborough|Portsmouth,4.0,2.0,1,1,1
LVS,1,0,1,19:15,18:15,19:15,1,0,,0.0,0.0,0,0,0
LVT,206,39,14,22:27,05:48,23:57,30,1,Cardiff,13.0,6.0,1,1,1
LWH,115,20,9,06:27,00:34,23:47,44,4,Bristol|Cardiff|Portsmouth|Southampton,5.0,1.0,1,0,1
LWM,55,9,5,20:54,00:02,23:22,25,1,Cardiff,3.0,0.0,0,0,0
LWR,13,2,2,06:54,05:36,21:13,12,0,,0.0,0.0,0,0,0
LWS,232,37,14,08:43,00:01,23:59,36,2,Brighton|London,11.0,5.0,1,1,1
LWT,38,6,4,06:34,05:24,23:41,28,2,Cambridge|Norwich,2.0,0.0,0,0,0
LYC,55,12,6,20:11,00:04,23:25,42,3,Bristol|Cardiff|Exeter,2.0,0.0,0,0,0
LYD,49,8,4,06:39,00:05,23:29,19,4,Birmingham|Cardiff|Derby|Nottingham,2.0,1.0,0,0,0
LYE,73,12,5,06:27,05:49,23:45,44,1,Birmingham,4.0,2.0,1,1,1
LYM,74,11,6,10:45,00:07,23:24,42,3,Bristol|Cardiff|Exeter,3.0,0.0,0,0,0
LYP,47,8,4,06:05,06:05,22:36,3,0,,2.0,0.0,0,0,0
LYT,66,12,4,06:07,06:07,22:38,2,0,,3.0,1.0,0,0,0
LZB,15,2,2,11:20,06:10,20:34,19,2,Carlisle|Leeds,0.0,0.0,0,0,0
MAC,192,35,15,06:47,00:01,23:48,49,8,Birmingham|Bristol|Coventry|Exeter|London|Manchester|Reading|Southampton,11.0,5.0,1,1,1
MAG,125,24,9,07:34,00:09,23:48,18,0,,8.0,4.0,1,1,1
MAI,261,48,21,06:41,00:01,23:50,33,2,London|Reading,10.0,5.0,1,1,1
MAL,71,12,6,06:19,06:19,23:49,10,1,London,4.0,2.0,1,1,1
MAN,943,155,59,16:02,00:03,23:58,332,22,Birmingham|Bristol|Cardiff|Carlisle|Coventry|Edinburgh|Exeter|Glasgow|Leeds|Liverpool|London|Manchester|Newcastle|Norwich|Nottingham|Peterborough|Preston|Reading|Sheffield|Southampton|Swansea|York,48.0,14.0,1,1,1
MAO,82,13,7,05:50,00:16,23:45,19,1,London,4.0,2.0,1,1,1
MAR,99,16,9,06:27,00:41,23:22,57,1,London,4.0,0.0,1,0,1
MAS,77,14,7,07:50,05:48,23:47,14,1,Newcastle,4.0,2.0,1,1,1
MAT,19,3,2,20:41,06:13,23:54,29,2,Derby|Nottingham,1.0,0.0,0,0,0
MAU,81,12,6,15:11,00:08,23:59,41,3,Liverpool|Manchester|Preston,4.0,1.0,1,0,1
MAX,107,18,10,12:41,06:23,23:40,15,1,Glasgow,4.0,0.0,1,0,1
MAY,29,5,4,17:44,06:32,23:43,12,1,Glasgow,1.0,0.0,0,0,0
MBK,36,6,3,07:41,06:15,23:45,11,1,Southampton,2.0,0.0,0,0,0
MBR,205,37,15,09:41,05:50,23:49,76,7,Carlisle|Leeds|London|Manchester|Newcastle|Peterborough|York,11.0,5.0,1,1,1
MBT,46,10,4,06:34,00:06,23:08,20,1,Exeter,2.0,0.0,0,0,0
MCB,127,23,9,08:42,00:24,23:54,23,1,Brighton,6.0,3.0,1,1,1
MCE,91,16,7,07:07,00:14,23:31,32,2,Carlisle|Newcastle,5.0,2.0,1,1,1
MCH,62,16,7,07:18,05:47,22:39,45,9,Birmingham|Cambridge|Leicester|Liverpool|Manchester|Norwich|Nottingham|Peterborough|Sheffield,3.0,1.0,0,0,0
MCM,25,4,3,13:38,05:46,22:52,16,1,Leeds,1.0,0.0,0,0,0
MCN,46,8,5,08:05,00:13,23:03,44,1,Birmingham,0.0,0.0,0,0,0
MCO,408,70,27,15:56,00:05,23:59,187,13,Carlisle|Edinburgh|Glasgow|Leeds|Liverpool|Manchester|Newcastle|Norwich|Nottingham|Peterborough|Preston|Sheffield|York,21.0,3.0,1,1,1
MCV,537,94,36,17:09,00:06,23:52,113,5,Leeds|Liverpool|Manchester|Newcastle|York,30.0,11.0,1,1,1
MDB,73,13,6,05:29,04:53,23:08,16,0,,2.0,1.0,0,0,0
MDE,96,16,7,06:14,00:31,23:37,30,1,London,3.0,1.0,0,0,0
MDG,46,8,6,06:42,00:36,23:47,12,2,London|Reading,2.0,1.0,0,0,0
MDL,30,5,4,06:46,06:46,23:34,14,1,Manchester,0.0,0.0,0,0,0
MDN,18,4,3,07:04,07:04,22:44,23,1,Bristol,0.0,0.0,0,0,0
MDS,82,13,6,05:59,00:04,23:33,34,1,London,4.0,2.0,1,1,1
MDW,73,13,6,06:59,04:56,23:05,20,1,London,2.0,1.0,0,0,0
MEC,93,17,8,08:25,06:08,23:52,24,1,Manchester,5.0,2.0,1,1,1
MEL,62,12,5,07:48,00:16,23:48,18,2,Cambridge|London,2.0,1.0,0,0,0
MEN,19,5,4,06:49,06:49,23:11,28,4,Exeter|London|Plymouth|Reading,0.0,0.0,0,0,0
MEO,118,22,8,07:43,05:58,23:58,14,1,Liverpool,6.0,0.0,1,0,1
MEP,79,15,7,07:33,00:13,23:43,30,1,London,4.0,1.0,1,0,1
MER,36,6,4,21:39,00:28,23:32,23,1,Cardiff,2.0,0.0,0,0,0
MES,33,5,3,06:28,06:28,22:35,16,1,Norwich,1.0,0.0,0,0,0
MEV,99,17,7,12:21,00:14,23:16,23,1,Cardiff,5.0,0.0,1,0,1
MEW,67,11,6,09:02,00:06,22:58,19,1,Cardiff,3.0,1.0,0,0,0
MEX,43,7,5,06:13,06:13,23:51,8,1,Sheffield,2.0,1.0,0,0,0
MEY,68,12,5,07:54,06:03,23:53,27,0,,4.0,2.0,1,1,1
MFA,17,4,3,21:50,07:34,22:44,26,0,,0.0,0.0,0,0,0
MFF,17,2,3,20:47,06:57,23:38,26,0,,0.0,0.0,0,0,0
MFH,15,1,3,11:00,05:50,23:26,37,3,Cardiff|Manchester|Swansea,0.0,0.0,0,0,0
MFL,187,32,16,12:46,06:28,23:46,20,1,Glasgow,7.0,2.0,1,1,1
MFT,41,7,4,17:02,05:51,23:20,12,1,Nottingham,2.0,1.0,0,0,0
MGM,30,6,3,07:21,00:02,21:58,8,1,Peterborough,2.0,1.0,0,0,0
MGN,80,13,6,05:46,00:06,23:36,22,2,Birmingham|Coventry,4.0,2.0,1,1,1
MHM,164,26,11,17:04,00:07,23:55,49,3,Brighton|London|Peterborough,8.0,3.0,1,1,1
MHR,83,13,7,17:58,01:08,23:32,10,3,Leicester|London|Nottingham,4.0,2.0,1,1,1
MHS,301,52,21,06:33,00:02,23:53,100,6,Leeds|Liverpool|Manchester|Nottingham|Sheffield|York,16.0,7.0,1,1,1
MIA,196,30,13,05:25,00:02,23:59,132,9,Carlisle|Edinburgh|Glasgow|Leeds|Liverpool|Manchester|Preston|Sheffield|York,9.0,1.0,1,0,1
MIC,51,9,5,09:03,00:02,23:33,29,3,London|Portsmouth|Southampton,2.0,1.0,0,0,0
MIH,134,24,9,08:20,00:10,23:47,29,2,Leeds|Manchester,8.0,2.0,1,1,1
MIJ,155,28,11,07:21,05:55,23:50,49,1,London,8.0,4.0,1,1,1
MIK,80,16,7,06:35,00:05,23:56,28,3,Leeds|Preston|York,4.0,2.0,1,1,1
MIL,239,41,16,07:08,00:01,23:59,86,2,Brighton|London,11.0,5.0,1,1,1
MIM,79,16,8,18:15,00:24,23:31,31,2,London|Reading,3.0,1.0,0,0,0
MIN,87,13,9,21:23,00:02,23:38,19,1,Glasgow,3.0,1.0,0,0,0
MIR,167,27,13,17:42,00:03,23:42,45,5,Leeds|London|Manchester|Peterborough|York,8.0,3.0,1,1,1
MIS,43,9,5,07:21,05:41,23:43,26,2,Cambridge|London,1.0,0.0,0,0,0
MKC,317,53,28,06:27,00:16,23:59,61,9,Birmingham|Carlisle|Coventry|Edinburgh|Glasgow|Liverpool|London|Manchester|Preston,16.0,7.0,1,1,1
MKM,20,3,3,06:29,06:29,22:56,17,1,Southampton,0.0,0.0,0,0,0
MKR,19,4,3,05:56,05:56,22:09,31,2,Derby|Nottingham,1.0,0.0,0,0,0
MKT,102,17,8,06:19,00:44,23:59,28,1,London,5.0,2.0,1,1,1
MLB,34,5,4,07:27,05:41,22:55,11,0,,1.0,0.0,0,0,0
MLD,44,8,5,07:27,00:30,23:26,15,1,Manchester,2.0,1.0,0,0,0
MLF,57,12,6,06:09,00:22,23:53,29,3,London|Portsmouth|Southampton,2.0,1.0,0,0,0
MLG,9,1,3,09:55,06:03,23:37,27,1,Glasgow,0.0,0.0,0,0,0
MLH,42,8,4,07:47,05:43,23:43,29,3,Leeds|Preston|York,2.0,1.0,0,0,0
MLM,23,4,3,14:57,06:10,22:39,37,2,Manchester|Preston,0.0,0.0,0,0,0
MLN,44,10,5,17:07,06:36,23:54,53,1,Edinburgh,2.0,0.0,0,0,0
MLS,12,3,2,11:02,07:02,19:16,4,0,,0.0,0.0,0,0,0
MLT,72,12,6,06:42,06:06,23:29,16,3,Leeds|Manchester|York,4.0,2.0,1,1,1
MLW,26,5,3,08:06,00:13,23:03,4,0,,0.0,0.0,0,0,0
MLY,104,18,9,17:27,00:48,23:55,32,3,Leeds|Manchester|York,6.0,3.0,1,1,1
MMO,38,7,4,06:48,05:36,22:38,32,6,Birmingham|Cambridge|Leicester|Norwich|Nottingham|Peterborough,2.0,1.0,0,0,0
MNC,82,15,8,06:13,00:06,23:39,54,11,Aberdeen|Birmingham|Bristol|Derby|Edinburgh|Exeter|Leeds|Newcastle|Plymouth|Sheffield|York,3.0,1.0,0,0,0
MNE,24,5,4,17:42,06:24,22:13,23,4,Birmingham|Cambridge|Leicester|Peterborough,1.0,0.0,0,0,0
MNG,133,23,10,06:56,00:14,23:48,27,3,London|Norwich|Peterborough,6.0,2.0,1,1,1
MNN,133,27,12,17:38,06:01,23:51,9,1,Leeds,6.0,3.0,1,1,1
MNP,354,71,26,07:38,00:08,23:58,28,1,London,16.0,8.0,1,1,1
MNR,118,22,8,07:41,05:56,23:59,14,1,Liverpool,6.0,0.0,1,0,1
MNS,125,24,9,07:37,00:11,23:51,18,0,,8.0,4.0,1,1,1
MOB,44,9,5,07:22,00:26,23:54,15,1,Manchester,2.0,1.0,0,0,0
MOG,108,21,10,16:34,00:01,23:53,31,0,,4.0,0.0,1,0,1
MON,33,6,4,09:41,05:56,23:34,30,3,Aberdeen|Glasgow|Inverness,1.0,0.0,0,0,0
MOO,26,5,3,07:22,07:22,23:35,37,1,Inverness,1.0,0.0,0,0,0
MOR,80,12,7,22:18,00:17,23:47,5,1,Reading,3.0,1.0,0,0,0
MOS,37,6,3,07:05,05:50,23:47,9,1,Preston,2.0,1.0,0,0,0
MOT,154,27,12,06:33,00:05,23:53,24,1,London,8.0,4.0,1,1,1
MOV,63,12,5,06:37,06:37,23:29,4,1,Birmingham,4.0,2.0,1,1,1
MPK,74,12,6,22:18,00:07,23:57,6,1,Glasgow,4.0,2.0,1,1,1
MPL,116,21,11,17:45,06:09,23:51,18,2,Manchester|Sheffield,5.0,2.0,1,1,1
MPT,73,14,8,20:03,05:40,23:28,64,14,Aberdeen|Birmingham|Bristol|Derby|Edinburgh|Exeter|Glasgow|Leeds|London|Newcastle|Peterborough|Plymouth|Sheffield|York,2.0,1.0,0,0,0
MRB,22,5,3,07:25,06:28,22:43,28,2,Cardiff|Swansea,0.0,0.0,0,0,0
MRD,32,6,3,06:40,06:40,22:20,37,1,Exeter,2.0,1.0,0,0,0
MRF,619,111,39,07:35,00:03,23:57,68,1,Liverpool,34.0,16.0,1,1,1
MRN,80,13,6,06:33,00:01,23:53,30,1,London,4.0,1.0,1,0,1
MRP,44,8,4,08:00,05:55,23:53,17,3,Leeds|Sheffield|York,1.0,0.0,0,0,0
MRR,9,1,2,09:31,06:14,23:26,25,1,Glasgow,0.0,0.0,0,0,0
MRS,36,7,3,00:23,00:23,23:29,17,1,London,1.0,0.0,0,0,0
MRT,118,23,8,07:31,06:01,23:54,14,1,Liverpool,7.0,0.0,1,0,1
MRW,51,12,5,08:22,06:04,23:58,21,1,London,2.0,0.0,0,0,0
MRY,39,5,4,15:51,05:09,22:41,12,1,Carlisle,1.0,0.0,0,0,0
MSD,76,14,6,06:17,00:11,23:56,43,2,Leeds|Manchester,4.0,2.0,1,1,1
MSH,101,18,8,17:45,06:04,23:54,31,3,Birmingham|Liverpool|Manchester,6.0,3.0,1,1,1
MSK,67,12,5,06:50,06:16,23:27,19,1,Newcastle,4.0,2.0,1,1,1
MSL,88,18,9,17:20,00:20,23:59,17,3,Leeds|Manchester|York,2.0,1.0,0,0,0
MSN,89,19,9,17:32,00:24,23:55,20,3,Leeds|Manchester|York,2.0,1.0,0,0,0
MSO,134,24,9,08:16,05:45,23:55,29,2,Leeds|Manchester,8.0,2.0,1,1,1
MSR,45,10,5,07:10,00:37,23:35,54,1,London,2.0,1.0,0,0,0
MSS,70,12,6,06:29,06:27,23:39,26,1,Manchester,4.0,2.0,1,1,1
MST,34,6,4,06:11,00:11,23:03,19,1,Cardiff,2.0,0.0,0,0,0
MSW,38,7,3,07:07,05:56,23:25,12,1,Nottingham,2.0,1.0,0,0,0
MTA,99,18,7,14:32,00:02,23:32,23,1,Cardiff,6.0,0.0,1,0,1
MTB,38,6,3,07:30,06:10,23:49,29,2,Derby|Nottingham,2.0,0.0,0,0,0
MTC,155,28,11,07:24,05:58,23:54,49,1,London,8.0,4.0,1,1,1
MTG,178,36,13,06:39,00:09,23:47,37,1,London,8.0,3.0,1,1,1
MTH,242,38,21,15:24,00:02,23:55,114,17,Birmingham|Bristol|Carlisle|Coventry|Derby|Edinburgh|Exeter|Glasgow|Leeds|Liverpool|London|Manchester|Newcastle|Plymouth|Preston|Sheffield|York,11.0,3.0,1,1,1
MTL,116,25,9,05:53,00:25,23:54,42,1,London,4.0,0.0,1,0,1
MTM,46,8,5,07:39,00:23,23:37,34,1,London,2.0,0.0,0,0,0
MTN,55,17,9,07:43,00:02,23:29,35,2,London|Southampton,2.0,1.0,0,0,0
MTO,37,6,4,14:12,06:16,23:26,27,1,Newcastle,2.0,1.0,0,0,0
MTP,72,12,5,08:07,05:20,23:37,29,1,Bristol,4.0,1.0,1,0,1
MTS,82,15,7,10:20,06:13,23:47,64,15,Aberdeen|Birmingham|Bristol|Derby|Edinburgh|Exeter|Glasgow|Inverness|Leeds|London|Newcastle|Peterborough|Plymouth|Sheffield|York,4.0,2.0,1,1,1
MTV,64,12,5,06:50,06:16,23:46,30,0,,4.0,2.0,1,1,1
MUB,53,12,5,08:08,06:28,23:21,9,1,Edinburgh,3.0,1.0,0,0,0
MUI,97,21,10,07:12,06:32,23:41,10,1,Glasgow,4.0,2.0,1,1,1
MVL,69,13,7,08:14,05:46,23:29,32,4,Birmingham|Bristol|London|Reading,2.0,1.0,0,0,0
MYB,151,25,13,17:07,00:01,23:57,52,1,Birmingham,6.0,0.0,1,0,1
MYH,51,12,6,07:35,06:36,23:46,7,1,Glasgow,2.0,1.0,0,0,0
MYL,354,72,26,07:33,00:04,23:58,28,1,London,16.0,8.0,1,1,1
MYT,140,26,10,07:06,01:11,23:58,42,3,Leeds|Manchester|York,8.0,4.0,1,1,1
MZH,176,34,13,07:19,00:09,23:42,59,1,London,8.0,2.0,1,1,1
NAN,56,11,6,06:46,00:07,23:25,60,4,Birmingham|Cardiff|Manchester|Swansea,2.0,0.0,0,0,0
NAR,22,5,3,07:17,05:55,23:15,28,2,Cardiff|Swansea,0.0,0.0,0,0,0
NAY,32,6,3,08:38,06:33,22:03,15,0,,2.0,1.0,0,0,0
NBA,135,38,14,06:58,00:01,23:52,41,1,London,4.0,2.0,1,1,1
NBC,145,25,9,07:12,00:34,23:52,14,1,London,8.0,4.0,1,1,1
NBE,114,21,9,13:57,00:17,23:47,19,1,Cardiff,6.0,1.0,1,0,1
NBN,60,12,4,06:53,00:13,23:43,10,1,Liverpool,4.0,0.0,1,0,1
NBR,41,8,5,07:33,06:04,23:06,23,4,Birmingham|Cambridge|Leicester|Peterborough,2.0,1.0,0,0,0
NBT,153,25,11,22:52,00:22,23:52,26,1,London,8.0,2.0,1,1,1
NBW,22,5,3,07:53,06:02,23:49,7,1,Edinburgh,1.0,0.0,0,0,0
NBY,89,16,9,18:00,00:50,23:34,37,4,Exeter|London|Plymouth|Reading,3.0,1.0,0,0,0
NCE,17,3,3,09:15,06:55,22:47,36,2,Derby|Nottingham,0.0,0.0,0,0,0
NCK,25,3,4,13:33,07:27,23:18,13,2,Carlisle|Glasgow,1.0,0.0,0,0,0
NCL,307,53,21,08:21,00:05,23:53,142,19,Aberdeen|Birmingham|Bristol|Cardiff|Carlisle|Derby|Edinburgh|Exeter|Glasgow|Inverness|Leeds|Liverpool|London|Manchester|Peterborough|Plymouth|Reading|Sheffield|York,16.0,7.0,1,1,1
NCM,79,13,6,22:01,00:03,23:42,20,1,Reading,3.0,1.0,0,0,0
NCO,74,12,6,10:32,00:35,23:56,42,3,Bristol|Cardiff|Exeter,4.0,0.0,1,0,1
NCT,63,13,5,07:01,06:01,23:43,47,4,Derby|Leicester|London|Nottingham,4.0,1.0,1,0,1
NCZ,174,30,11,08:06,00:11,23:56,9,0,,8.0,4.0,1,1,1
NDL,142,25,10,16:48,00:17,23:51,23,1,London,8.0,4.0,1,1,1
NEG,61,12,5,06:24,06:24,23:05,9,1,Edinburgh,4.0,2.0,1,1,1
NEH,184,40,15,07:04,00:06,23:50,42,1,London,8.0,4.0,1,1,1
NEI,47,9,5,06:58,06:28,23:37,10,1,Glasgow,2.0,0.0,0,0,0
NEL,36,6,3,08:29,00:02,22:57,17,1,Preston,2.0,1.0,0,0,0
NEM,267,46,18,22:58,00:05,23:58,30,1,London,14.0,6.0,1,1,1
NES,41,9,4,07:01,06:09,23:13,14,0,,2.0,1.0,0,0,0
NET,10,2,2,06:14,06:14,19:52,18,1,Nottingham,0.0,0.0,0,0,0
NEW,61,12,5,06:26,06:26,23:03,9,1,Edinburgh,4.0,2.0,1,1,1
NFA,52,10,4,05:40,05:40,23:10,11,1,London,2.0,1.0,0,0,0
NFD,145,24,9,06:15,06:02,23:53,24,1,Birmingham,8.0,4.0,1,1,1
NFL,158,24,10,17:50,00:06,23:50,55,1,London,8.0,4.0,1,1,1
NFN,42,9,5,06:29,06:29,23:18,31,2,Sheffield|York,1.0,0.0,0,0,0
NGT,49,10,5,07:30,00:11,23:53,35,1,London,2.0,1.0,0,0,0
NHD,180,35,13,17:45,00:04,23:49,57,1,London,8.0,4.0,1,1,1
NHE,73,12,5,05:21,04:45,23:15,16,0,,4.0,2.0,1,1,1
NHL,16,3,2,07:34,07:34,22:06,13,0,,1.0,0.0,0,0,0
NIT,87,13,9,11:59,05:49,23:31,15,1,Glasgow,4.0,2.0,1,1,1
NLN,33,6,4,07:40,06:40,22:40,24,1,Manchester,2.0,0.0,0,0,0
NLR,12,2,2,06:56,06:56,21:15,12,0,,0.0,0.0,0,0,0
NLS,95,18,8,07:29,05:15,23:57,65,6,Bristol|Cardiff|Exeter|London|Plymouth|Reading,5.0,1.0,1,0,1
NLT,49,9,5,08:37,00:24,23:42,22,1,London,1.0,0.0,0,0,0
NLW,207,34,15,19:42,00:02,23:53,71,5,Leeds|Liverpool|Manchester|Newcastle|York,10.0,5.0,1,1,1
NMC,81,16,8,07:34,06:04,23:58,18,2,Manchester|Sheffield,3.0,1.0,0,0,0
NMK,36,7,4,17:09,06:02,23:10,10,1,Cambridge,2.0,1.0,0,0,0
NMN,56,13,6,06:38,06:11,23:42,14,1,Manchester,2.0,1.0,0,0,0
NMP,91,17,9,06:39,00:02,23:34,35,3,Birmingham|Coventry|London,4.0,2.0,1,1,1
NMT,40,7,5,17:52,05:17,23:52,16,2,Cambridge|Peterborough,2.0,1.0,0,0,0
NNG,96,18,8,07:30,00:12,23:51,59,9,Aberdeen|Edinburgh|Inverness|Leeds|London|Newcastle|Nottingham|Peterborough|York,5.0,2.0,1,1,1
NNP,99,18,7,13:19,05:41,23:49,47,2,Cardiff|Swansea,6.0,0.0,1,0,1
NNT,28,5,4,17:20,06:05,23:21,36,2,Carlisle|Newcastle,1.0,0.0,0,0,0
NOA,86,12,9,21:38,00:18,23:49,18,1,Glasgow,4.0,2.0,1,1,1
NOP,63,12,5,06:31,06:31,23:34,7,1,Newcastle,4.0,2.0,1,1,1
NOR,93,19,9,06:53,06:21,23:25,26,5,Leeds|Manchester|Nottingham|Sheffield|York,4.0,2.0,1,1,1
NOT,254,45,18,09:52,00:16,23:50,153,14,Birmingham|Cardiff|Coventry|Derby|Leeds|Leicester|Liverpool|London|Manchester|Norwich|Peterborough|Reading|Sheffield|Southampton,14.0,6.0,1,1,1
NPD,216,37,16,07:07,00:03,23:43,42,4,Leeds|Manchester|Preston|York,12.0,6.0,1,1,1
NQU,99,21,9,07:04,00:02,23:38,23,1,Edinburgh,3.0,0.0,0,0,0
NQY,17,3,2,08:22,07:14,21:12,22,4,Exeter|London|Plymouth|Reading,1.0,0.0,0,0,0
NRB,221,46,17,07:53,00:02,23:40,32,1,London,10.0,5.0,1,1,1
NRC,46,8,7,06:33,00:46,23:37,12,2,London|Reading,1.0,0.0,0,0,0
NRD,32,6,3,08:27,06:22,22:15,15,0,,2.0,1.0,0,0,0
NRN,35,5,4,09:16,05:13,23:52,19,3,Aberdeen|Edinburgh|Inverness,1.0,0.0,0,0,0
NRT,9,2,2,07:34,07:34,20:34,26,1,Preston,0.0,0.0,0,0,0
NRW,137,26,13,07:55,00:08,23:57,74,8,Cambridge|Derby|Liverpool|London|Manchester|Nottingham|Peterborough|Sheffield,6.0,2.0,1,1,1
NSB,36,6,3,09:12,05:57,23:36,32,2,Brighton|London,1.0,0.0,0,0,0
NSD,38,7,4,18:48,05:37,23:30,12,1,Nottingham,2.0,1.0,0,0,0
NSG,124,29,12,16:49,00:26,23:57,41,1,London,4.0,2.0,1,1,1
NSH,116,25,9,05:51,00:27,23:56,42,1,London,4.0,0.0,1,0,1
NTA,186,28,17,18:36,00:18,23:54,110,16,Aberdeen|Birmingham|Bristol|Cardiff|Derby|Edinburgh|Exeter|Glasgow|Leeds|London|Manchester|Newcastle|Plymouth|Reading|Sheffield|York,8.0,4.0,1,1,1
NTC,28,3,6,09:55,08:25,23:32,24,1,Exeter,0.0,0.0,0,0,0
NTH,127,23,11,08:35,00:14,23:49,59,6,Bristol|Cardiff|London|Manchester|Reading|Swansea,3.0,1.0,0,0,0
NTL,43,9,5,07:28,05:56,23:26,29,3,London|Portsmouth|Southampton,2.0,1.0,0,0,0
NTN,185,32,14,12:20,06:06,23:44,50,1,Glasgow,10.0,4.0,1,1,1
NTR,126,21,9,06:09,00:34,23:59,32,6,Leeds|London|Manchester|Newcastle|Peterborough|York,6.0,3.0,1,1,1
NUF,48,8,4,05:58,00:03,23:25,6,0,,2.0,1.0,0,0,0
NUM,110,18,7,06:03,06:03,23:56,21,1,London,6.0,3.0,1,1,1
NUN,181,30,14,12:51,05:49,23:27,57,9,Birmingham|Cambridge|Carlisle|Coventry|Leicester|London|Manchester|Peterborough|Preston,9.0,4.0,1,1,1
NUT,46,10,5,07:34,05:59,23:45,25,2,Brighton|Portsmouth,2.0,1.0,0,0,0
NVH,57,11,5,06:00,00:30,23:54,10,1,Brighton,2.0,0.0,0,0,0
NVN,83,12,7,23:01,00:02,23:56,10,1,Brighton,4.0,2.0,1,1,1
NVR,44,9,5,07:00,00:34,23:59,15,1,Manchester,1.0,0.0,0,0,0
NWA,37,4,3,05:35,00:14,23:48,9,1,Norwich,0.0,0.0,0,0,0
NWB,315,55,21,18:00,00:01,23:53,18,1,London,16.0,8.0,1,1,1
NWD,433,74,27,08:03,00:04,23:55,77,1,London,24.0,11.0,1,1,1
NWE,57,11,6,15:53,00:24,23:22,23,2,Cambridge|London,2.0,1.0,0,0,0
NWH,63,12,5,09:20,06:19,23:45,7,1,Newcastle,4.0,2.0,1,1,1
NWI,44,9,4,06:28,00:08,23:25,15,1,Manchester,2.0,1.0,0,0,0
NWM,86,18,9,07:51,01:37,23:52,38,2,London|Southampton,4.0,2.0,1,1,1
NWN,139,24,9,06:08,06:08,23:49,13,1,Manchester,8.0,4.0,1,1,1
NWP,315,52,21,07:30,00:01,23:56,182,18,Birmingham|Bristol|Cardiff|Derby|Edinburgh|Exeter|Leeds|London|Manchester|Newcastle|Nottingham|Plymouth|Portsmouth|Reading|Sheffield|Southampton|Swansea|York,14.0,7.0,1,1,1
NWR,11,2,4,21:25,06:29,22:21,20,6,Birmingham|Edinburgh|Glasgow|Inverness|London|Preston,0.0,0.0,0,0,0
NWT,27,6,4,19:08,06:26,22:28,14,1,Birmingham,0.0,0.0,0,0,0
NWX,308,59,23,07:31,00:03,23:50,57,1,London,16.0,3.0,1,1,1
NXG,380,64,23,08:09,00:01,23:55,39,1,London,20.0,8.0,1,1,1
OBN,19,4,4,08:56,05:17,22:40,20,1,Glasgow,0.0,0.0,0,0,0
OCK,130,20,10,17:26,00:09,23:55,19,1,London,6.0,2.0,1,1,1
OHL,73,12,5,06:20,05:56,23:38,44,1,Birmingham,4.0,2.0,1,1,1
OKE,46,10,6,13:25,07:05,22:17,11,1,Exeter,2.0,0.0,0,0,0
OKL,124,28,12,16:46,00:29,23:59,41,1,London,4.0,2.0,1,1,1
OKM,39,8,4,06:37,05:51,22:27,32,6,Birmingham|Cambridge|Leicester|Norwich|Nottingham|Peterborough,2.0,1.0,0,0,0
OKN,38,6,4,22:18,00:34,23:45,14,1,Birmingham,2.0,1.0,0,0,0
OLD,223,48,20,16:42,00:04,23:50,31,1,London,8.0,4.0,1,1,1
OLF,71,16,7,07:43,00:01,23:58,40,4,Bristol|Cardiff|Portsmouth|Southampton,3.0,1.0,0,0,0
OLT,68,14,6,06:16,05:44,23:38,34,1,Birmingham,4.0,0.0,1,0,1
OLY,35,6,3,07:28,00:38,23:51,18,1,London,2.0,1.0,0,0,0
OMS,79,15,5,06:46,00:01,23:36,22,1,Preston,5.0,1.0,1,0,1
OPK,125,24,9,07:26,00:01,23:56,18,0,,8.0,4.0,1,1,1
ORE,71,12,5,08:22,00:06,23:26,45,2,Brighton|London,4.0,1.0,1,0,1
ORN,125,24,9,07:31,00:05,23:51,18,0,,8.0,4.0,1,1,1
ORP,296,56,21,06:20,00:09,23:57,67,1,London,14.0,4.0,1,1,1
ORR,56,12,6,07:26,06:25,20:04,23,1,Manchester,2.0,0.0,0,0,0
OTF,190,33,13,17:10,00:02,23:48,57,1,London,8.0,3.0,1,1,1
OUN,39,7,4,06:38,05:42,23:28,18,2,Cambridge|Norwich,2.0,1.0,0,0,0
OUS,35,4,3,10:35,05:30,23:33,16,1,Norwich,1.0,0.0,0,0,0
OUT,75,11,5,06:19,00:12,23:38,16,2,Leeds|Sheffield,2.0,1.0,0,0,0
OVE,73,14,5,06:20,00:03,23:33,20,1,Liverpool,4.0,0.0,1,0,1
OVR,56,10,6,19:17,00:37,23:43,30,3,Exeter|London|Reading,2.0,1.0,0,0,0
OXF,231,42,17,06:31,00:01,23:59,78,11,Birmingham|Bristol|Coventry|Derby|London|Manchester|Newcastle|Reading|Sheffield|Southampton|York,11.0,4.0,1,1,1
OXN,126,19,13,17:36,06:06,23:08,37,9,Birmingham|Carlisle|Coventry|Edinburgh|Glasgow|Liverpool|London|Manchester|Preston,5.0,2.0,1,1,1
OXP,78,13,7,07:52,00:01,23:58,16,1,London,3.0,0.0,0,0,0
OXS,73,11,5,06:00,00:24,23:39,16,1,London,3.0,1.0,0,0,0
OXT,121,25,10,06:03,00:02,23:36,38,1,London,4.0,2.0,1,1,1
PAD,316,47,23,05:03,00:01,23:59,117,6,Bristol|Cardiff|Exeter|Plymouth|Reading|Swansea,15.0,0.0,1,0,1
PAL,117,25,11,17:10,00:11,23:43,23,1,London,4.0,2.0,1,1,1
PAN,77,13,6,07:04,00:15,23:58,9,2,London|Reading,3.0,1.0,0,0,0
PAR,89,15,8,11:09,06:18,23:31,61,12,Birmingham|Bristol|Derby|Edinburgh|Exeter|Leeds|London|Newcastle|Plymouth|Reading|Sheffield|York,4.0,2.0,1,1,1
PAT,45,7,4,13:09,00:16,23:46,23,2,Liverpool|Manchester,2.0,1.0,0,0,0
PBL,93,17,8,07:50,06:22,23:39,24,1,Manchester,5.0,2.0,1,1,1
PBO,290,54,21,06:40,00:01,23:37,152,16,Aberdeen|Birmingham|Cambridge|Derby|Edinburgh|Inverness|Leeds|Leicester|Liverpool|London|Manchester|Newcastle|Norwich|Nottingham|Sheffield|York,15.0,7.0,1,1,1
PBR,210,44,16,07:04,00:02,23:46,54,2,Cambridge|London,8.0,4.0,1,1,1
PBY,77,9,7,09:42,00:12,23:39,85,6,Bristol|Cardiff|London|Manchester|Reading|Swansea,2.0,1.0,0,0,0
PCD,96,19,9,08:34,00:18,23:45,48,2,Cardiff|Swansea,5.0,2.0,1,1,1
PCN,37,6,4,21:38,00:01,23:35,6,1,Glasgow,2.0,0.0,0,0,0
PDG,45,9,5,08:13,00:02,23:15,21,2,Liverpool|Manchester,2.0,1.0,0,0,0
PDT,17,3,2,07:28,06:25,22:15,3,0,,1.0,0.0,0,0,0
PDW,124,23,10,06:58,00:27,23:59,45,1,London,6.0,2.0,1,1,1
PDX,530,96,37,17:37,00:06,23:59,40,1,Reading,26.0,9.0,1,1,1
PEA,6,3,2,06:27,06:27,21:38,27,2,Derby|Nottingham,0.0,0.0,0,0,0
PEB,9,4,3,08:18,08:18,17:36,18,1,Brighton,0.0,0.0,0,0,0
PEG,3,1,1,07:52,07:52,19:59,8,1,Newcastle,0.0,0.0,0,0,0
PEM,56,12,6,10:15,06:21,20:09,23,1,Manchester,4.0,2.0,1,1,1
PEN,97,18,6,06:35,06:02,23:50,14,1,Cardiff,6.0,0.0,1,0,1
PER,99,18,7,14:05,00:28,23:58,23,1,Cardiff,6.0,0.0,1,0,1
PES,17,3,2,07:24,07:24,23:11,26,0,,0.0,0.0,0,0,0
PET,327,60,22,06:54,00:05,23:58,52,1,London,16.0,8.0,1,1,1
PEV,85,16,8,08:20,00:32,23:52,34,2,Brighton|London,4.0,1.0,1,0,1
PEW,24,5,3,07:18,06:15,22:04,38,4,Exeter|London|Plymouth|Reading,0.0,0.0,0,0,0
PFL,143,26,13,17:42,00:22,23:52,16,1,London,6.0,2.0,1,1,1
PFM,77,13,7,07:20,06:03,23:49,23,3,Leeds|London|Peterborough,4.0,1.0,1,0,1
PFR,6,2,1,08:14,08:14,17:31,12,2,Sheffield|York,0.0,0.0,0,0,0
PFY,151,24,11,21:47,00:12,23:55,48,5,Leeds|Liverpool|Manchester|Preston|York,7.0,3.0,1,1,1
PGM,140,27,10,07:51,00:23,23:52,30,1,Cardiff,9.0,4.0,1,1,1
PGN,45,6,6,18:20,00:02,23:55,51,7,Birmingham|Bristol|Cardiff|Exeter|London|Manchester|Reading,2.0,0.0,0,0,0
PGR,29,7,3,07:24,07:24,22:28,8,0,,2.0,1.0,0,0,0
PHG,17,3,3,22:10,06:58,22:36,26,0,,0.0,0.0,0,0,0
PHR,48,9,4,05:46,00:50,23:44,6,0,,2.0,1.0,0,0,0
PIN,46,8,5,06:49,05:19,23:57,23,2,Exeter|London,2.0,1.0,0,0,0
PIR,63,12,5,06:34,06:34,23:24,4,1,Birmingham,4.0,2.0,1,1,1
PIT,25,4,3,10:33,06:16,22:47,28,9,Birmingham|Edinburgh|Glasgow|Inverness|London|Newcastle|Peterborough|Preston|York,1.0,0.0,0,0,0
PKG,63,12,5,12:32,06:02,23:52,13,2,Birmingham|Liverpool,4.0,2.0,1,1,1
PKS,102,24,13,07:15,00:32,23:52,36,2,London|Southampton,4.0,2.0,1,1,1
PKT,39,7,4,06:44,06:12,23:11,6,0,,2.0,1.0,0,0,0
PLC,65,12,6,06:49,00:17,23:46,30,1,London,2.0,1.0,0,0,0
PLD,217,36,14,07:16,00:20,23:59,51,4,Brighton|London|Portsmouth|Southampton,11.0,5.0,1,1,1
PLE,187,32,16,12:52,06:22,23:52,20,1,Glasgow,7.0,2.0,1,1,1
PLG,150,24,11,21:41,00:04,23:42,29,2,Brighton|London,7.0,3.0,1,1,1
PLK,8,0,2,13:22,06:02,20:21,16,1,Inverness,0.0,0.0,0,0,0
PLM,44,9,5,07:11,00:01,23:32,15,1,Manchester,2.0,1.0,0,0,0
PLN,40,8,4,07:35,00:20,23:40,34,4,Aberdeen|Edinburgh|Glasgow|Inverness,2.0,1.0,0,0,0
PLS,39,6,4,22:45,05:37,23:45,20,1,Preston,2.0,1.0,0,0,0
PLT,54,9,5,21:37,00:13,23:35,30,1,Cardiff,3.0,1.0,0,0,0
PLU,246,46,17,07:04,00:26,23:56,59,1,London,12.0,3.0,1,1,1
PLW,107,18,11,22:19,06:21,23:43,15,1,Glasgow,4.0,0.0,1,0,1
PLY,96,18,10,08:16,00:32,23:56,83,13,Aberdeen|Birmingham|Bristol|Derby|Edinburgh|Exeter|Glasgow|Leeds|London|Newcastle|Reading|Sheffield|York,4.0,2.0,1,1,1
PMA,5,2,2,07:39,07:39,20:56,13,1,Exeter,0.0,0.0,0,0,0
PMB,22,5,3,07:12,06:40,22:30,28,2,Cardiff|Swansea,0.0,0.0,0,0,0
PMD,11,2,2,19:05,06:50,22:23,28,2,Cardiff|Swansea,0.0,0.0,0,0,0
PMH,147,31,13,07:45,00:08,23:53,94,6,Brighton|Bristol|Cardiff|London|Portsmouth|Southampton,6.0,2.0,1,1,1
PMP,41,8,4,06:29,05:20,23:46,25,1,London,2.0,1.0,0,0,0
PMR,467,84,30,17:25,00:01,23:56,96,1,London,24.0,8.0,1,1,1
PMS,298,56,23,07:50,00:05,23:53,101,5,Brighton|Bristol|Cardiff|London|Southampton,14.0,6.0,1,1,1
PMT,148,23,10,07:10,00:05,23:47,26,2,Edinburgh|Glasgow,7.0,3.0,1,1,1
PMW,41,6,4,14:45,00:03,22:56,27,1,Manchester,2.0,1.0,0,0,0
PNA,22,5,3,07:31,06:21,22:49,28,2,Cardiff|Swansea,0.0,0.0,0,0,0
PNC,17,3,3,20:30,00:01,21:08,26,0,,0.0,0.0,0,0,0
PNE,156,29,10,06:44,00:17,23:45,15,1,London,8.0,4.0,1,1,1
PNF,41,8,4,06:33,06:33,23:37,14,0,,2.0,0.0,0,0,0
PNL,77,17,9,07:02,06:14,23:58,13,2,Leeds|York,3.0,1.0,0,0,0
PNM,60,11,4,06:20,06:20,23:28,7,0,,3.0,0.0,0,0,0
PNQ,1,1,1,09:15,09:15,19:15,1,0,,0.0,0.0,0,0,0
PNR,114,22,11,16:58,05:59,22:38,30,9,Birmingham|Carlisle|Coventry|Edinburgh|Glasgow|Liverpool|London|Manchester|Preston,5.0,1.0,1,0,1
PNS,35,6,3,06:19,06:19,23:40,16,1,Sheffield,2.0,1.0,0,0,0
PNW,159,28,10,07:11,00:13,23:58,30,1,London,8.0,4.0,1,1,1
PNY,15,4,4,17:21,06:12,20:32,33,1,Swansea,0.0,0.0,0,0,0
PNZ,39,6,4,15:52,00:34,23:40,60,12,Birmingham|Bristol|Derby|Edinburgh|Exeter|Leeds|London|Newcastle|Plymouth|Reading|Sheffield|York,2.0,0.0,0,0,0
POK,84,18,9,07:37,00:06,23:38,38,2,London|Southampton,3.0,1.0,0,0,0
POL,57,11,6,19:47,00:41,23:49,42,3,Bristol|Cardiff|Exeter,2.0,0.0,0,0,0
PON,75,12,5,05:29,00:01,23:36,32,2,Cambridge|London,4.0,2.0,1,1,1
POO,107,27,12,07:11,00:36,23:55,36,2,London|Southampton,5.0,1.0,1,0,1
POP,63,12,5,07:51,06:49,22:50,13,2,Leeds|York,4.0,2.0,1,1,1
POR,68,12,6,14:37,00:10,23:40,18,1,Cardiff,4.0,2.0,1,1,1
POT,33,4,3,20:04,06:00,23:25,7,1,Leeds,1.0,0.0,0,0,0
PPD,304,53,20,13:33,00:01,23:57,34,1,Cardiff,17.0,4.0,1,1,1
PPK,51,12,6,07:42,06:42,23:42,7,1,Glasgow,2.0,1.0,0,0,0
PPL,54,8,7,18:14,00:50,23:55,66,3,Cardiff|Manchester|Swansea,1.0,0.0,0,0,0
PRA,86,12,9,21:43,00:13,23:44,18,1,Glasgow,4.0,2.0,1,1,1
PRB,46,8,6,06:11,00:32,23:53,13,1,Manchester,2.0,1.0,0,0,0
PRE,392,63,27,12:18,00:03,23:55,143,11,Birmingham|Carlisle|Coventry|Edinburgh|Glasgow|Inverness|Leeds|Liverpool|London|Manchester|York,17.0,7.0,1,1,1
PRH,17,3,3,20:43,07:01,23:34,26,0,,0.0,0.0,0,0,0
PRI,70,12,6,22:26,05:35,23:21,29,1,Bristol,4.0,2.0,1,1,1
PRL,118,20,9,06:56,00:08,23:38,11,1,London,6.0,0.0,1,0,1
PRN,39,5,4,15:44,05:49,23:30,12,1,Carlisle,1.0,0.0,0,0,0
PRP,195,31,16,05:57,00:06,23:51,60,3,Brighton|Cambridge|London,8.0,2.0,1,1,1
PRR,104,16,10,22:35,00:01,23:56,35,2,Birmingham|London,4.0,2.0,1,1,1
PRS,25,4,3,05:45,00:53,23:48,24,2,Birmingham|Cardiff,1.0,0.0,0,0,0
PRT,120,21,10,09:48,00:24,23:23,56,5,Birmingham|Cardiff|Liverpool|London|Manchester,6.0,2.0,1,1,1
PRU,87,16,7,08:59,00:01,23:17,32,2,Carlisle|Newcastle,4.0,2.0,1,1,1
PRW,44,8,4,06:37,06:09,23:40,7,0,,2.0,1.0,0,0,0
PRY,72,12,5,22:42,06:12,23:46,22,1,Birmingham,4.0,0.0,1,0,1
PSC,86,16,7,06:47,06:01,23:51,18,2,Liverpool|Preston,4.0,2.0,1,1,1
PSE,271,49,21,07:44,00:07,23:58,25,1,London,12.0,4.0,1,1,1
PSH,44,8,4,07:12,01:00,23:47,28,2,London|Reading,1.0,0.0,0,0,0
PSL,192,32,13,08:40,00:01,23:46,20,1,Liverpool,9.0,0.0,1,0,1
PSN,48,11,6,07:09,06:13,23:40,46,4,Bristol|Cardiff|Exeter|Plymouth,2.0,0.0,0,0,0
PST,42,9,4,07:29,06:21,23:28,9,1,Edinburgh,2.0,1.0,0,0,0
PSW,1,0,1,06:48,06:48,06:48,5,0,,0.0,0.0,0,0,0
PTA,116,22,10,08:40,00:01,23:31,57,6,Bristol|Cardiff|London|Manchester|Reading|Swansea,2.0,1.0,0,0,0
PTB,99,17,7,12:28,00:21,23:24,23,1,Cardiff,5.0,0.0,1,0,1
PTC,146,29,11,06:13,00:04,23:23,79,5,Brighton|Bristol|London|Portsmouth|Southampton,6.0,2.0,1,1,1
PTD,17,3,4,05:25,05:25,22:11,33,1,Swansea,0.0,0.0,0,0,0
PTF,17,3,4,05:33,05:33,22:04,33,1,Swansea,0.0,0.0,0,0,0
PTG,155,27,12,17:13,00:26,23:41,20,1,Glasgow,8.0,4.0,1,1,1
PTH,109,19,9,10:43,00:03,23:26,76,10,Aberdeen|Birmingham|Edinburgh|Glasgow|Inverness|London|Newcastle|Peterborough|Preston|York,6.0,0.0,1,0,1
PTK,429,82,30,07:55,00:02,23:49,82,1,Edinburgh,24.0,12.0,1,1,1
PTL,87,11,9,12:01,05:52,23:28,15,1,Glasgow,3.0,1.0,0,0,0
PTM,38,8,4,06:53,06:52,23:46,29,0,,1.0,0.0,0,0,0
PTR,118,25,12,08:14,00:21,23:57,29,3,London|Portsmouth|Southampton,4.0,2.0,1,1,1
PTT,97,21,11,07:20,06:35,23:33,10,1,Glasgow,4.0,1.0,1,0,1
PTW,103,18,11,17:28,00:15,23:46,27,1,Glasgow,4.0,2.0,1,1,1
PUL,74,13,6,06:55,06:02,23:47,30,2,London|Portsmouth,4.0,2.0,1,1,1
PUO,78,12,6,05:53,00:07,23:36,18,1,London,4.0,2.0,1,1,1
PUR,293,43,17,08:18,00:03,23:59,90,3,Brighton|London|Peterborough,14.0,6.0,1,1,1
PUT,319,62,26,06:05,00:08,23:59,56,1,London,12.0,4.0,1,1,1
PWE,107,18,10,12:37,06:26,23:36,15,1,Glasgow,4.0,0.0,1,0,1
PWL,9,2,2,06:29,00:06,21:18,26,0,,0.0,0.0,0,0,0
PWW,184,27,17,13:22,00:19,23:52,17,1,Glasgow,8.0,3.0,1,1,1
PWY,43,8,5,21:36,00:22,23:19,53,6,Bristol|Cardiff|Exeter|Plymouth|Portsmouth|Southampton,2.0,0.0,0,0,0
PYC,96,18,10,19:27,00:09,23:36,48,2,Cardiff|Swansea,5.0,2.0,1,1,1
PYE,114,21,9,06:24,05:55,23:57,19,1,Cardiff,6.0,1.0,1,0,1
PYG,332,55,30,21:41,00:02,23:55,42,1,Glasgow,16.0,8.0,1,1,1
PYJ,86,14,8,21:30,00:08,23:58,20,1,Glasgow,3.0,1.0,0,0,0
PYL,41,8,5,23:06,00:08,23:58,48,3,Cardiff|Manchester|Swansea,1.0,0.0,0,0,0
PYN,60,12,4,06:43,06:16,23:33,7,0,,2.0,1.0,0,0,0
PYP,12,2,3,20:04,06:37,20:56,12,0,,0.0,0.0,0,0,0
PYT,46,6,6,06:04,00:17,23:38,13,1,Manchester,2.0,0.0,0,0,0
QBR,56,12,5,05:48,00:35,23:52,4,0,,2.0,1.0,0,0,0
QLV,14,3,2,06:42,06:42,18:53,3,0,,0.0,0.0,0,0,0
QPK,187,32,16,12:50,06:24,23:50,20,1,Glasgow,7.0,2.0,1,1,1
QPW,462,76,28,08:33,00:02,23:59,18,1,London,24.0,4.0,1,1,1
QRB,167,26,12,05:59,00:08,23:59,38,1,London,8.0,2.0,1,1,1
QRP,287,49,19,17:22,00:03,23:59,40,1,London,16.0,4.0,1,1,1
QUI,30,7,4,15:24,07:06,21:18,6,0,,1.0,0.0,0,0,0
QYD,99,17,7,12:45,00:08,23:10,23,1,Cardiff,5.0,0.0,1,0,1
RAD,55,12,6,17:15,05:40,23:44,17,0,,2.0,1.0,0,0,0
RAI,189,31,13,18:26,00:07,23:58,75,1,London,10.0,2.0,1,1,1
RAM,120,22,11,06:58,00:47,23:57,57,1,London,5.0,0.0,1,0,1
RAN,11,3,3,08:45,08:45,21:08,26,2,Edinburgh|Glasgow,0.0,0.0,0,0,0
RAU,7,3,2,07:45,06:41,20:56,15,1,Nottingham,0.0,0.0,0,0,0
RAV,20,3,2,06:17,06:17,22:19,30,1,Preston,0.0,0.0,0,0,0
RAY,383,64,25,07:25,00:02,23:59,48,1,London,20.0,8.0,1,1,1
RBR,60,11,6,06:46,00:04,23:15,19,1,London,2.0,1.0,0,0,0
RBU,50,9,4,06:25,00:15,23:15,3,0,,2.0,0.0,0,0,0
RCA,114,21,9,06:31,00:05,23:43,19,1,Cardiff,6.0,1.0,1,0,1
RCC,105,18,8,18:58,06:03,23:35,32,4,Leeds|Manchester|Newcastle|York,6.0,2.0,1,1,1
RCD,291,50,20,06:37,00:01,23:58,67,2,Leeds|Manchester,16.0,6.0,1,1,1
RCE,67,12,5,06:44,06:21,23:32,19,1,Newcastle,4.0,2.0,1,1,1
RDA,72,12,6,22:36,05:22,23:35,29,1,Bristol,4.0,1.0,1,0,1
RDB,38,7,3,06:38,06:12,23:49,21,1,Southampton,2.0,0.0,0,0,0
RDC,36,6,3,06:05,06:05,23:53,18,1,Birmingham,2.0,0.0,0,0,0
RDD,76,16,6,06:48,00:24,23:48,25,1,London,2.0,1.0,0,0,0
RDF,34,7,4,07:38,05:55,22:20,28,4,Liverpool|Manchester|Nottingham|Sheffield,1.0,0.0,0,0,0
RDG,619,105,40,21:56,00:04,23:51,162,14,Birmingham|Bristol|Cardiff|Coventry|Derby|Exeter|London|Manchester|Newcastle|Plymouth|Sheffield|Southampton|Swansea|York,31.0,13.0,1,1,1
RDH,354,52,22,22:37,00:02,23:53,96,4,Brighton|London|Peterborough|Reading,16.0,6.0,1,1,1
RDM,43,7,4,06:13,06:13,23:51,32,2,Carlisle|Newcastle,2.0,1.0,0,0,0
RDN,116,21,10,16:54,06:22,23:57,18,2,Manchester|Sheffield,5.0,2.0,1,1,1
RDR,372,66,25,13:35,00:02,23:59,34,1,Cardiff,22.0,4.0,1,1,1
RDT,239,41,17,07:16,00:07,23:53,86,2,Brighton|London,11.0,5.0,1,1,1
RDW,129,21,11,06:08,00:03,23:45,17,2,London|Reading,5.0,2.0,1,1,1
RDZ,73,12,6,22:36,00:42,23:56,36,1,London,4.0,0.0,1,0,1
REC,174,35,13,06:39,00:01,23:57,18,1,London,8.0,4.0,1,1,1
RED,85,13,8,11:43,00:06,23:13,52,12,Birmingham|Bristol|Derby|Edinburgh|Exeter|Leeds|London|Newcastle|Plymouth|Reading|Sheffield|York,3.0,1.0,0,0,0
REE,46,7,4,05:58,05:25,23:46,21,2,Cambridge|Norwich,2.0,1.0,0,0,0
REI,114,17,8,05:35,00:46,23:58,26,2,London|Reading,5.0,2.0,1,1,1
RET,44,11,8,06:41,05:50,23:04,49,9,Aberdeen|Edinburgh|Leeds|London|Newcastle|Nottingham|Peterborough|Sheffield|York,0.0,0.0,0,0,0
RFD,118,21,10,17:59,00:03,23:33,11,1,London,6.0,2.0,1,1,1
RFY,194,32,13,07:52,05:43,23:57,20,1,Liverpool,9.0,0.0,1,0,1
RGL,74,12,6,05:42,00:20,23:27,38,2,Birmingham|London,4.0,1.0,1,0,1
RGP,80,12,7,22:56,00:23,23:41,5,1,Reading,3.0,1.0,0,0,0
RGT,70,11,5,06:05,00:16,23:23,27,1,Birmingham,3.0,1.0,0,0,0
RGW,72,13,7,06:17,06:17,23:57,18,1,Manchester,4.0,1.0,1,0,1
RHD,17,3,2,06:39,06:39,21:46,22,2,Carlisle|Leeds,0.0,0.0,0,0,0
RHI,103,18,8,21:03,06:03,23:52,10,1,Cardiff,6.0,2.0,1,1,1
RHL,120,20,9,08:57,00:34,23:33,56,5,Birmingham|Cardiff|Liverpool|London|Manchester,6.0,2.0,1,1,1
RHM,73,12,5,06:19,00:20,23:48,7,0,,4.0,2.0,1,1,1
RHO,23,5,4,07:57,00:43,22:35,38,2,Birmingham|Cardiff,0.0,0.0,0,0,0
RHY,35,6,4,21:15,00:17,23:39,30,1,Cardiff,2.0,0.0,0,0,0
RIA,73,12,5,06:11,05:45,23:52,26,1,Cardiff,4.0,0.0,1,0,1
RIC,58,10,5,06:23,00:19,23:23,10,1,London,2.0,1.0,0,0,0
RID,34,5,4,07:35,05:34,23:03,11,0,,1.0,0.0,0,0,0
RIL,127,24,9,07:18,00:07,23:47,7,0,,8.0,4.0,1,1,1
RIS,36,6,3,19:56,05:55,23:30,17,1,Preston,2.0,1.0,0,0,0
RKT,30,6,3,06:33,06:33,23:53,8,1,Peterborough,2.0,1.0,0,0,0
RLG,118,21,10,07:17,00:25,23:55,11,1,London,6.0,3.0,1,1,1
RLN,62,14,7,08:23,00:31,23:45,29,3,London|Portsmouth|Southampton,1.0,0.0,0,0,0
RMB,12,2,3,20:12,06:30,20:49,12,0,,0.0,0.0,0,0,0
RMC,89,14,8,06:02,00:02,23:47,30,5,Leeds|Liverpool|Manchester|Sheffield|York,4.0,2.0,1,1,1
RMD,482,87,32,06:14,00:01,23:59,83,1,London,22.0,4.0,1,1,1
RMF,443,81,30,08:30,00:01,23:55,50,1,London,22.0,10.0,1,1,1
RMK,29,7,3,06:44,06:44,22:59,2,0,,1.0,0.0,0,0,0
RML,194,37,16,17:18,00:22,23:47,26,2,Manchester|Sheffield,10.0,3.0,1,1,1
RNF,56,12,6,07:34,06:33,19:55,23,1,Manchester,2.0,0.0,0,0,0
RNH,52,9,4,05:59,00:06,23:52,24,2,Liverpool|Manchester,2.0,1.0,0,0,0
RNM,143,26,13,16:16,00:17,23:53,16,1,London,6.0,2.0,1,1,1
RNR,26,5,3,05:58,05:58,23:26,9,1,Norwich,1.0,0.0,0,0,0
ROB,134,24,11,05:59,00:05,23:43,36,3,Liverpool|Manchester|Preston,7.0,3.0,1,1,1
ROC,17,4,3,06:47,06:47,21:37,6,0,,0.0,0.0,0,0,0
ROE,585,96,34,22:51,00:01,23:58,29,0,,32.0,16.0,1,1,1
ROG,8,2,2,08:33,08:33,20:31,25,1,Inverness,0.0,0.0,0,0,0
ROL,17,4,3,06:06,06:06,20:15,39,2,Derby|Nottingham,1.0,0.0,0,0,0
ROM,96,18,9,07:53,05:45,23:59,32,4,Bristol|Cardiff|Portsmouth|Southampton,5.0,1.0,1,0,1
ROO,48,7,6,17:47,00:24,23:05,35,2,Manchester|Preston,1.0,0.0,0,0,0
ROR,114,21,9,06:28,00:01,23:47,19,1,Cardiff,6.0,1.0,1,0,1
ROS,73,13,6,07:10,06:30,23:54,21,1,Edinburgh,4.0,0.0,1,0,1
ROW,133,24,10,06:17,05:59,23:34,50,2,Birmingham|London,8.0,0.0,1,0,1
RRB,74,13,8,16:56,06:27,23:59,18,2,Manchester|Sheffield,3.0,1.0,0,0,0
RRN,67,12,5,06:07,00:06,23:17,8,1,Glasgow,4.0,2.0,1,1,1
RSB,2,1,1,08:15,05:30,19:30,1,0,,0.0,0.0,0,0,0
RSG,92,15,7,19:53,00:54,23:53,45,2,Manchester|Preston,5.0,1.0,1,0,1
RSH,38,8,4,06:14,06:14,21:54,9,1,Manchester,1.0,0.0,0,0,0
RSN,19,3,3,06:16,06:16,22:38,8,2,Edinburgh|Newcastle,0.0,0.0,0,0,0
RTN,67,12,5,07:27,00:21,23:25,36,0,,4.0,2.0,1,1,1
RTR,284,49,19,07:39,00:02,23:57,95,1,London,14.0,6.0,1,1,1
RTY,14,3,2,06:25,06:25,20:40,1,0,,1.0,0.0,0,0,0
RUA,42,8,5,22:14,00:22,22:57,48,4,Birmingham|Cardiff|Liverpool|Manchester,2.0,1.0,0,0,0
RUE,62,9,5,06:52,00:06,23:41,49,3,Leeds|Liverpool|Manchester,2.0,1.0,0,0,0
RUF,35,6,3,06:29,06:29,23:20,4,1,Preston,2.0,1.0,0,0,0
RUG,225,39,18,06:56,00:33,23:59,49,8,Birmingham|Carlisle|Coventry|Glasgow|Liverpool|London|Manchester|Preston,9.0,4.0,1,1,1
RUN,161,28,13,18:10,00:31,23:51,32,3,Birmingham|Liverpool|London,8.0,3.0,1,1,1
RUS,12,4,2,07:11,07:11,22:08,27,1,Newcastle,0.0,0.0,0,0,0
RUT,205,37,14,06:43,06:14,23:59,47,0,,12.0,6.0,1,1,1
RVB,105,21,8,05:57,00:17,23:57,45,1,London,4.0,2.0,1,1,1
RWC,3,1,2,18:59,07:50,19:50,10,1,Leeds,0.0,0.0,0,0,0
RYB,11,3,2,09:31,08:04,21:46,26,2,Edinburgh|Glasgow,0.0,0.0,0,0,0
RYD,50,9,4,06:32,05:27,23:20,7,0,,3.0,1.0,0,0,0
RYE,36,6,3,05:44,05:44,23:48,15,0,,2.0,1.0,0,0,0
RYH,84,17,7,06:44,00:20,23:48,17,1,London,4.0,2.0,1,1,1
RYN,83,13,6,05:35,00:25,23:54,29,2,Cambridge|London,3.0,1.0,0,0,0
RYP,43,7,3,06:03,05:29,23:17,8,0,,2.0,1.0,0,0,0
RYR,50,9,4,06:54,05:23,23:23,7,0,,3.0,1.0,0,0,0
RYS,169,30,13,17:37,00:07,23:59,39,3,Brighton|Cambridge|London,6.0,3.0,1,1,1
SAA,20,3,2,06:09,06:04,23:08,6,0,,1.0,0.0,0,0,0
SAB,22,0,4,10:13,10:13,17:08,7,0,,0.0,0.0,0,0,0
SAC,351,57,24,07:26,00:14,23:58,101,2,Brighton|London,16.0,6.0,1,1,1
SAD,162,27,14,05:44,00:03,23:49,80,8,Birmingham|Carlisle|Coventry|Edinburgh|Glasgow|London|Manchester|Preston,8.0,2.0,1,1,1
SAE,130,25,11,06:45,05:31,23:39,32,2,Carlisle|Leeds,6.0,3.0,1,1,1
SAF,90,19,8,07:35,00:08,23:41,56,2,London|Peterborough,4.0,2.0,1,1,1
SAH,32,6,3,06:26,05:51,22:57,9,1,Norwich,1.0,0.0,0,0,0
SAJ,227,46,19,07:32,05:46,23:33,37,1,London,12.0,3.0,1,1,1
SAL,142,28,11,08:40,00:17,23:52,71,7,Bristol|Cardiff|Exeter|London|Portsmouth|Reading|Southampton,6.0,2.0,1,1,1
SAM,16,3,3,06:46,05:42,22:51,24,1,Sheffield,0.0,0.0,0,0,0
SAN,50,9,4,06:14,05:47,22:40,7,0,,3.0,1.0,0,0,0
SAO,113,22,10,16:08,00:13,23:53,1,0,,6.0,0.0,1,0,1
SAR,46,8,7,22:16,05:41,23:14,29,1,Bristol,2.0,1.0,0,0,0
SAS,37,6,3,07:16,05:38,23:35,9,1,Preston,2.0,1.0,0,0,0
SAT,168,31,12,07:10,00:05,23:50,22,0,,8.0,4.0,1,1,1
SAU,72,10,7,11:15,05:53,23:38,57,12,Birmingham|Bristol|Derby|Edinburgh|Exeter|Leeds|London|Newcastle|Plymouth|Reading|Sheffield|York,2.0,1.0,0,0,0
SAV,41,7,4,10:08,06:06,23:30,55,2,Birmingham|London,2.0,0.0,0,0,0
SAW,125,22,9,08:01,00:05,23:41,30,2,Cambridge|London,6.0,2.0,1,1,1
SAX,33,6,3,06:11,06:11,22:53,16,1,Norwich,1.0,0.0,0,0,0
SAY,244,47,18,07:19,00:06,23:59,78,1,London,10.0,5.0,1,1,1
SBE,65,12,6,18:18,06:40,23:15,13,2,Leeds|York,4.0,0.0,1,0,1
SBF,14,4,3,16:11,07:08,21:08,24,2,Exeter|Plymouth,0.0,0.0,0,0,0
SBJ,237,42,15,06:30,00:02,23:54,51,2,Birmingham|London,14.0,6.0,1,1,1
SBK,34,6,3,07:11,07:11,23:42,12,0,,2.0,1.0,0,0,0
SBM,141,25,10,08:19,00:02,23:46,23,1,London,8.0,4.0,1,1,1
SBP,389,65,24,07:06,00:04,23:59,18,1,London,20.0,8.0,1,1,1
SBR,11,3,2,09:39,07:57,21:53,26,2,Edinburgh|Glasgow,0.0,0.0,0,0,0
SBS,21,4,4,15:40,05:31,23:05,30,1,Preston,0.0,0.0,0,0,0
SBT,107,18,6,05:55,05:53,23:59,1,0,,6.0,0.0,1,0,1
SBU,75,12,6,15:37,00:14,23:42,16,1,London,4.0,2.0,1,1,1
SBV,19,4,3,07:59,05:04,22:58,8,1,Plymouth,0.0,0.0,0,0,0
SBY,169,28,13,19:37,00:05,23:49,54,7,Leeds|Liverpool|London|Manchester|Peterborough|Sheffield|York,8.0,4.0,1,1,1
SCA,51,8,5,17:54,05:41,23:53,37,4,Leeds|Manchester|Sheffield|York,2.0,0.0,0,0,0
SCF,77,12,6,05:45,00:14,23:59,22,2,Birmingham|Coventry,4.0,2.0,1,1,1
SCG,159,25,10,06:04,00:04,23:45,55,1,London,8.0,4.0,1,1,1
SCH,135,24,9,06:39,00:28,23:51,68,1,Edinburgh,8.0,4.0,1,1,1
SCN,7,1,1,06:51,06:51,17:46,5,0,,0.0,0.0,0,0,0
SCR,18,4,3,06:58,06:58,21:25,6,0,,1.0,0.0,0,0,0
SCS,51,10,5,07:13,05:10,23:58,34,3,Bristol|Cardiff|Exeter,2.0,1.0,0,0,0
SCT,7,1,2,13:24,08:52,21:59,25,1,Inverness,0.0,0.0,0,0,0
SCU,46,10,4,07:48,05:47,23:17,24,3,Liverpool|Manchester|Sheffield,2.0,1.0,0,0,0
SCY,159,28,11,07:00,00:05,23:34,53,1,London,8.0,3.0,1,1,1
SDA,77,14,6,06:45,04:42,23:19,20,1,London,4.0,2.0,1,1,1
SDB,95,18,8,07:52,00:22,23:18,19,1,Manchester,6.0,3.0,1,1,1
SDC,585,96,34,22:48,00:01,23:58,29,0,,32.0,16.0,1,1,1
SDE,585,96,35,22:54,00:01,23:57,29,0,,32.0,16.0,1,1,1
SDF,22,5,3,07:29,06:07,23:02,28,2,Cardiff|Swansea,0.0,0.0,0,0,0
SDG,46,9,4,05:45,00:41,23:41,38,1,London,2.0,1.0,0,0,0
SDH,31,5,3,06:34,06:34,21:24,12,1,London,1.0,0.0,0,0,0
SDL,399,72,25,06:58,00:02,23:59,36,0,,24.0,12.0,1,1,1
SDM,98,15,8,11:19,00:11,23:52,9,1,Glasgow,4.0,2.0,1,1,1
SDN,87,17,7,07:29,00:31,23:39,55,3,London|Portsmouth|Southampton,4.0,1.0,1,0,1
SDP,20,5,2,07:15,07:15,22:00,5,0,,0.0,0.0,0,0,0
SDR,42,7,3,00:12,00:12,22:59,21,1,London,2.0,1.0,0,0,0
SDW,46,7,4,05:52,00:38,23:38,34,1,London,2.0,0.0,0,0,0
SDY,90,12,8,22:55,00:05,23:49,33,2,London|Peterborough,4.0,2.0,1,1,1
SEA,45,7,5,17:41,06:34,23:15,42,5,Carlisle|London|Newcastle|Peterborough|York,2.0,1.0,0,0,0
SEB,174,30,11,06:05,00:02,23:56,9,0,,10.0,5.0,1,1,1
SEC,36,8,4,07:00,06:33,22:39,36,2,Carlisle|Newcastle,2.0,1.0,0,0,0
SED,57,11,5,06:20,00:41,23:40,22,2,Cambridge|London,2.0,1.0,0,0,0
SEE,39,8,4,07:07,00:05,23:07,9,1,Brighton,2.0,1.0,0,0,0
SEF,38,6,3,05:54,00:03,23:55,9,1,Brighton,1.0,0.0,0,0,0
SEG,50,10,5,16:35,05:24,23:41,20,1,London,2.0,1.0,0,0,0
SEH,78,12,5,11:32,00:15,23:45,33,1,London,4.0,2.0,1,1,1
SEJ,63,12,5,06:24,06:24,23:40,7,1,Newcastle,4.0,2.0,1,1,1
SEL,20,3,3,15:26,05:44,22:55,30,1,Preston,0.0,0.0,0,0,0
SEM,102,17,8,08:59,05:46,23:47,37,4,Leeds|Manchester|Sheffield|York,4.0,1.0,1,0,1
SEN,72,12,5,06:16,06:16,23:41,22,1,Birmingham,4.0,2.0,1,1,1
SER,96,14,9,16:00,00:24,23:31,55,12,Birmingham|Bristol|Derby|Edinburgh|Exeter|Leeds|London|Newcastle|Plymouth|Reading|Sheffield|York,4.0,1.0,1,0,1
SES,37,6,3,06:10,06:10,23:58,8,1,Leeds,2.0,1.0,0,0,0
SET,18,2,2,10:02,06:24,22:00,22,2,Carlisle|Leeds,0.0,0.0,0,0,0
SEV,278,51,20,07:17,00:11,23:59,85,1,London,12.0,4.0,1,1,1
SFA,151,29,12,07:15,00:20,23:57,33,1,London,8.0,3.0,1,1,1
SFD,333,62,24,07:59,05:37,23:23,66,2,Leeds|Manchester,18.0,8.0,1,1,1
SFI,61,11,6,17:01,06:29,22:59,9,1,Edinburgh,3.0,1.0,0,0,0
SFL,144,24,9,06:06,06:06,23:53,16,0,,8.0,4.0,1,1,1
SFN,70,13,7,06:32,00:25,23:38,14,1,Birmingham,4.0,2.0,1,1,1
SFO,143,22,13,17:58,00:06,23:59,22,1,London,5.0,2.0,1,1,1
SFR,42,7,5,21:38,05:54,23:26,20,1,Reading,2.0,1.0,0,0,0
SGB,275,47,18,06:11,00:06,23:44,90,3,Birmingham|Liverpool|London,15.0,6.0,1,1,1
SGL,80,14,8,16:57,00:15,23:37,23,1,Edinburgh,4.0,0.0,1,0,1
SGM,52,9,6,14:00,05:49,23:19,28,4,Exeter|London|Plymouth|Reading,1.0,0.0,0,0,0
SGN,65,12,5,06:02,06:02,22:07,6,1,London,3.0,1.0,0,0,0
SGR,246,45,17,07:08,00:09,23:54,59,1,London,12.0,4.0,1,1,1
SHB,34,6,3,19:14,06:02,23:03,12,1,Nottingham,2.0,1.0,0,0,0
SHC,33,5,3,19:56,05:52,23:17,7,1,Leeds,1.0,0.0,0,0,0
SHD,32,6,3,20:00,06:38,21:59,15,0,,2.0,1.0,0,0,0
SHE,49,10,5,06:57,00:30,22:36,28,2,Exeter|London,2.0,0.0,0,0,0
SHF,405,70,27,20:11,00:02,23:58,191,20,Aberdeen|Birmingham|Bristol|Cardiff|Derby|Edinburgh|Exeter|Glasgow|Leeds|Leicester|Liverpool|London|Manchester|Newcastle|Norwich|Nottingham|Peterborough|Plymouth|Reading|York,21.0,7.0,1,1,1
SHH,70,12,6,22:28,05:33,23:23,29,1,Bristol,4.0,2.0,1,1,1
SHI,111,18,8,06:03,00:09,23:42,4,1,Reading,5.0,1.0,1,0,1
SHJ,52,9,4,05:53,00:51,23:59,24,2,Liverpool|Manchester,2.0,1.0,0,0,0
SHL,107,18,10,12:39,06:25,23:38,15,1,Glasgow,4.0,0.0,1,0,1
SHM,18,3,2,06:17,06:06,23:48,9,1,Norwich,1.0,0.0,0,0,0
SHN,25,4,2,06:07,05:54,22:33,7,0,,1.0,0.0,0,0,0
SHO,36,7,4,07:31,05:59,23:30,15,2,Portsmouth|Southampton,2.0,1.0,0,0,0
SHP,41,9,4,06:41,00:06,23:36,26,1,London,2.0,0.0,0,0,0
SHR,166,29,13,18:56,00:05,23:53,136,5,Birmingham|Cardiff|Liverpool|Manchester|Swansea,7.0,1.0,1,0,1
SHS,90,12,10,12:53,06:14,23:48,20,2,Edinburgh|Glasgow,3.0,1.0,0,0,0
SHT,113,20,9,13:36,00:06,23:23,47,2,Liverpool|Manchester,6.0,2.0,1,1,1
SHU,41,7,4,21:04,00:15,23:01,20,3,London|Reading|Southampton,2.0,0.0,0,0,0
SHW,56,12,7,08:00,00:16,23:28,51,3,London|Portsmouth|Southampton,2.0,1.0,0,0,0
SHY,284,58,25,18:28,05:29,23:36,46,4,Carlisle|Leeds|London|Peterborough,14.0,5.0,1,1,1
SIA,119,20,9,06:30,00:05,23:59,11,1,London,6.0,2.0,1,1,1
SIC,19,3,3,15:02,06:25,21:56,30,1,Preston,0.0,0.0,0,0,0
SID,184,39,15,06:43,00:03,23:53,42,1,London,8.0,4.0,1,1,1
SIE,36,9,4,07:46,06:34,23:05,29,2,Sheffield|York,0.0,0.0,0,0,0
SIH,82,13,6,05:57,00:06,23:35,34,1,London,4.0,2.0,1,1,1
SIL,34,6,3,07:08,05:49,23:05,16,2,Leicester|Nottingham,2.0,1.0,0,0,0
SIN,139,25,10,07:35,00:01,23:39,58,2,Edinburgh|Glasgow,8.0,4.0,1,1,1
SIP,6,1,2,17:55,07:52,23:49,21,2,London|Reading,0.0,0.0,0,0,0
SIT,179,30,13,18:16,00:06,23:48,44,1,London,9.0,3.0,1,1,1
SIV,28,3,3,16:33,07:18,22:48,5,0,,1.0,0.0,0,0,0
SJP,56,11,7,19:50,00:44,23:46,42,3,Bristol|Cardiff|Exeter,2.0,0.0,0,0,0
SJS,150,24,9,09:21,00:01,23:44,8,1,London,8.0,4.0,1,1,1
SKE,36,7,6,20:50,00:18,23:45,34,2,Cardiff|Swansea,0.0,0.0,0,0,0
SKG,15,3,2,08:17,06:58,21:17,17,1,Nottingham,1.0,0.0,0,0,0
SKI,97,19,9,06:56,00:04,23:49,39,4,Carlisle|Leeds|London|Peterborough,4.0,0.0,1,0,1
SKM,69,14,7,07:29,00:50,23:50,10,1,London,2.0,1.0,0,0,0
SKN,20,5,2,07:08,07:08,22:07,5,0,,0.0,0.0,0,0,0
SKS,44,8,5,06:09,06:09,23:55,32,2,Carlisle|Newcastle,2.0,1.0,0,0,0
SKW,174,35,13,06:38,00:14,23:59,18,1,London,8.0,4.0,1,1,1
SLA,55,7,6,12:37,00:25,23:22,24,2,Edinburgh|Glasgow,2.0,1.0,0,0,0
SLB,39,6,4,22:27,05:54,23:22,30,4,Leeds|Manchester|Newcastle|York,2.0,0.0,0,0,0
SLD,450,80,30,07:52,00:08,23:52,84,3,Leeds|Manchester|Preston,26.0,12.0,1,1,1
SLH,12,4,2,07:06,07:06,22:13,27,1,Newcastle,0.0,0.0,0,0,0
SLK,35,6,3,06:13,06:13,23:30,16,1,Sheffield,2.0,1.0,0,0,0
SLL,17,4,2,07:11,07:11,22:30,13,0,,1.0,0.0,0,0,0
SLO,315,44,24,22:01,00:02,23:58,30,2,London|Reading,14.0,5.0,1,1,1
SLQ,190,32,14,06:22,00:25,23:54,53,2,Brighton|London,9.0,4.0,1,1,1
SLR,61,11,5,09:16,06:36,22:17,25,2,Nottingham|Peterborough,3.0,1.0,0,0,0
SLS,152,31,12,06:52,00:03,23:56,44,1,Edinburgh,8.0,4.0,1,1,1
SLT,87,16,8,21:30,00:28,23:59,17,1,Glasgow,4.0,1.0,1,0,1
SLV,174,35,13,06:27,00:09,23:52,18,1,London,8.0,4.0,1,1,1
SLW,6,3,2,07:02,07:02,18:02,9,1,Preston,0.0,0.0,0,0,0
SLY,145,24,9,06:27,00:02,23:53,24,1,Birmingham,8.0,4.0,1,1,1
SMA,98,18,7,17:59,05:52,23:40,46,1,Birmingham,6.0,0.0,1,0,1
SMB,114,18,10,06:14,00:05,23:51,47,2,Leeds|Manchester,6.0,2.0,1,1,1
SMD,37,7,4,06:23,06:05,22:13,30,6,Birmingham|Cambridge|Leicester|Norwich|Nottingham|Peterborough,1.0,0.0,0,0,0
SMG,116,24,10,06:31,00:01,23:45,42,1,London,4.0,0.0,1,0,1
SMH,174,35,14,16:48,00:01,23:58,18,1,London,8.0,4.0,1,1,1
SMK,122,21,10,17:16,00:57,23:52,25,4,Cambridge|London|Norwich|Peterborough,7.0,2.0,1,1,1
SML,70,12,6,22:32,05:29,23:27,29,1,Bristol,4.0,1.0,1,0,1
SMN,26,4,2,05:25,05:25,23:26,11,1,London,1.0,0.0,0,0,0
SMO,82,13,6,06:00,00:01,23:31,34,1,London,4.0,2.0,1,1,1
SMQ,1,0,1,16:30,12:00,16:30,1,0,,0.0,0.0,0,0,0
SMR,72,12,5,06:39,00:08,23:19,22,1,Birmingham,4.0,0.0,1,0,1
SMT,84,17,8,07:03,00:23,23:47,17,1,London,4.0,2.0,1,1,1
SMY,190,33,13,17:19,00:01,23:58,74,1,London,8.0,4.0,1,1,1
SNA,73,12,5,05:53,00:03,23:46,16,2,Leeds|Sheffield,4.0,2.0,1,1,1
SND,52,10,5,07:14,05:18,23:54,20,1,Reading,2.0,1.0,0,0,0
SNE,38,7,3,05:54,05:54,22:52,6,0,,2.0,1.0,0,0,0
SNF,449,83,33,07:27,00:07,23:57,66,1,London,22.0,7.0,1,1,1
SNG,87,15,9,06:11,00:08,23:41,26,1,London,4.0,2.0,1,1,1
SNH,128,23,10,11:57,05:52,23:44,25,4,Carlisle|Glasgow|Liverpool|Preston,6.0,3.0,1,1,1
SNI,3,1,1,07:55,07:55,19:56,10,1,Leeds,0.0,0.0,0,0,0
SNK,4,2,2,07:28,07:28,17:48,10,1,Liverpool,0.0,0.0,0,0,0
SNL,85,16,8,07:24,00:10,23:38,20,1,London,4.0,2.0,1,1,1
SNN,140,26,12,07:48,00:07,23:54,47,2,Leeds|Manchester,8.0,3.0,1,1,1
SNO,100,15,9,22:43,00:12,23:42,33,2,London|Peterborough,4.0,2.0,1,1,1
SNR,81,16,7,05:46,00:21,23:45,26,1,London,2.0,1.0,0,0,0
SNS,245,39,20,05:56,00:02,23:59,49,1,London,12.0,4.0,1,1,1
SNW,105,20,8,07:19,05:40,23:17,36,3,Brighton|Portsmouth|Southampton,5.0,2.0,1,1,1
SNY,75,13,6,08:31,00:19,23:49,13,1,London,4.0,2.0,1,1,1
SOA,211,34,16,09:09,00:27,23:44,91,12,Birmingham|Brighton|Bristol|Coventry|Derby|London|Manchester|Newcastle|Reading|Sheffield|Southampton|York,8.0,3.0,1,1,1
SOB,142,24,9,06:38,00:09,23:43,50,3,Brighton|Portsmouth|Southampton,8.0,4.0,1,1,1
SOC,297,40,21,18:25,00:09,23:54,25,1,London,12.0,4.0,1,1,1
SOE,270,38,21,18:05,00:11,23:56,25,1,London,12.0,3.0,1,1,1
SOF,52,9,4,06:14,05:24,23:14,11,1,London,2.0,1.0,0,0,0
SOG,48,10,5,07:07,00:24,23:55,19,1,London,2.0,1.0,0,0,0
SOH,150,24,10,06:05,00:03,23:58,18,1,London,7.0,3.0,1,1,1
SOI,61,12,5,07:02,06:03,23:27,9,1,Edinburgh,4.0,2.0,1,1,1
SOJ,16,2,2,08:38,06:49,22:33,10,1,Peterborough,0.0,0.0,0,0,0
SOK,315,55,21,17:58,00:02,23:58,18,1,London,16.0,8.0,1,1,1
SOL,143,29,11,07:17,00:25,23:54,43,2,Birmingham|London,8.0,3.0,1,1,1
SOM,42,10,6,06:52,05:58,23:46,25,4,Leeds|Liverpool|Manchester|York,1.0,0.0,0,0,0
SON,133,28,11,07:01,05:47,23:54,34,2,Carlisle|Leeds,6.0,3.0,1,1,1
SOO,195,33,14,18:38,00:24,23:58,76,1,London,10.0,4.0,1,1,1
SOP,119,21,9,08:30,00:04,23:58,40,1,Manchester,7.0,0.0,1,0,1
SOR,48,11,5,07:35,00:54,23:37,27,1,London,2.0,1.0,0,0,0
SOT,290,53,21,12:05,00:10,23:57,80,10,Birmingham|Bristol|Coventry|Derby|Exeter|London|Manchester|Nottingham|Reading|Southampton,16.0,6.0,1,1,1
SOU,308,55,22,19:54,00:36,23:57,129,13,Birmingham|Brighton|Bristol|Cardiff|Coventry|Derby|London|Manchester|Newcastle|Portsmouth|Reading|Sheffield|York,16.0,7.0,1,1,1
SOV,60,12,6,06:25,00:16,23:46,11,1,London,3.0,0.0,0,0,0
SOW,151,30,13,06:37,00:03,23:22,49,4,Leeds|Manchester|Preston|York,8.0,4.0,1,1,1
SOY,2,1,1,07:00,07:00,20:10,1,0,,0.0,0.0,0,0,0
SPA,30,5,3,07:03,06:52,23:29,8,1,Peterborough,1.0,0.0,0,0,0
SPB,217,41,18,06:36,00:06,23:59,32,0,,10.0,1.0,1,0,1
SPF,7,2,2,06:56,06:56,23:00,12,1,Edinburgh,0.0,0.0,0,0,0
SPH,50,9,5,06:58,00:08,23:00,20,1,London,2.0,1.0,0,0,0
SPI,192,32,13,08:38,00:03,23:48,20,1,Liverpool,9.0,0.0,1,0,1
SPK,41,7,4,16:56,05:46,23:21,12,1,Nottingham,2.0,1.0,0,0,0
SPL,625,112,41,07:36,00:11,23:59,136,4,Brighton|Cambridge|London|Peterborough,28.0,14.0,1,1,1
SPN,4,2,1,08:08,08:08,17:43,10,2,Cambridge|Norwich,0.0,0.0,0,0,0
SPO,45,9,5,06:59,00:06,23:15,36,3,Birmingham|Derby|Nottingham,2.0,0.0,0,0,0
SPP,1,1,1,07:26,07:26,07:26,8,1,Norwich,0.0,0.0,0,0,0
SPR,100,18,8,09:24,00:02,23:54,36,1,Glasgow,5.0,2.0,1,1,1
SPS,67,12,5,06:40,00:09,23:19,8,1,Glasgow,4.0,2.0,1,1,1
SPT,617,115,42,16:20,00:10,23:59,175,15,Birmingham|Bristol|Cardiff|Coventry|Exeter|Liverpool|London|Manchester|Norwich|Nottingham|Peterborough|Reading|Sheffield|Southampton|Swansea,34.0,15.0,1,1,1
SPU,82,14,8,06:32,00:05,23:48,30,1,London,4.0,1.0,1,0,1
SPY,35,6,3,06:30,00:04,23:12,16,1,Sheffield,2.0,1.0,0,0,0
SQE,585,96,34,22:44,00:05,23:59,29,0,,32.0,16.0,1,1,1
SQH,25,3,4,14:35,07:13,23:31,13,2,Carlisle|Glasgow,0.0,0.0,0,0,0
SQU,37,6,3,06:36,05:34,23:32,9,1,Preston,2.0,1.0,0,0,0
SRA,863,139,67,17:07,00:01,23:59,115,2,London|Norwich,43.0,20.0,1,1,1
SRC,221,46,17,07:16,00:29,23:59,32,1,London,10.0,5.0,1,1,1
SRD,115,22,9,07:02,00:31,23:43,44,4,Bristol|Cardiff|Portsmouth|Southampton,6.0,3.0,1,1,1
SRG,47,10,5,07:33,00:46,23:55,21,1,London,2.0,1.0,0,0,0
SRH,131,24,10,16:48,00:01,23:48,21,1,London,8.0,2.0,1,1,1
SRI,63,12,5,06:37,06:37,23:47,33,1,Birmingham,4.0,0.0,1,0,1
SRL,63,12,5,06:29,06:29,23:55,33,1,Birmingham,4.0,0.0,1,0,1
SRN,72,12,8,17:49,06:37,23:55,11,1,Manchester,3.0,1.0,0,0,0
SRO,39,7,4,23:08,06:10,23:36,22,3,Leeds|Nottingham|Sheffield,2.0,1.0,0,0,0
SRR,67,12,6,11:46,06:29,23:51,19,1,Cardiff,4.0,0.0,1,0,1
SRS,226,42,17,08:14,00:08,23:55,42,1,London,9.0,4.0,1,1,1
SRT,255,46,16,06:15,00:11,23:55,53,1,London,12.0,6.0,1,1,1
SRU,48,8,5,17:13,00:28,23:58,16,1,London,1.0,0.0,0,0,0
SRY,80,12,8,05:13,00:03,23:59,23,1,London,4.0,0.0,1,0,1
SSA,1,0,1,00:20,00:20,00:20,4,0,,0.0,0.0,0,0,0
SSC,20,3,3,15:23,06:04,22:43,30,1,Preston,0.0,0.0,0,0,0
SSD,107,17,8,22:11,00:09,23:58,40,6,Birmingham|Cambridge|Leicester|London|Norwich|Peterborough,5.0,0.0,1,0,1
SSE,217,35,14,07:12,00:05,23:58,51,4,Brighton|London|Portsmouth|Southampton,11.0,5.0,1,1,1
SSM,35,6,3,06:34,00:14,23:10,16,1,Sheffield,2.0,1.0,0,0,0
SSS,28,6,3,05:43,00:42,23:47,4,0,,1.0,0.0,0,0,0
SST,94,17,8,07:45,00:15,23:32,24,2,Cambridge|London,4.0,2.0,1,1,1
STA,324,56,24,12:22,05:31,23:59,80,13,Birmingham|Bristol|Carlisle|Coventry|Edinburgh|Exeter|Glasgow|Liverpool|London|Manchester|Preston|Reading|Southampton,16.0,6.0,1,1,1
STC,8,0,2,12:52,06:33,19:52,16,1,Inverness,0.0,0.0,0,0,0
STD,41,8,4,17:35,00:10,22:56,20,3,London|Reading|Southampton,2.0,0.0,0,0,0
STE,233,38,16,21:43,00:14,23:48,49,1,London,12.0,6.0,1,1,1
STF,8,0,2,12:31,06:14,20:09,16,1,Inverness,0.0,0.0,0,0,0
STG,240,42,18,08:10,00:04,23:56,68,11,Aberdeen|Birmingham|Carlisle|Edinburgh|Glasgow|Inverness|London|Newcastle|Peterborough|Preston|York,11.0,3.0,1,1,1
STH,62,12,5,07:52,00:20,23:50,18,2,Cambridge|London,2.0,1.0,0,0,0
STI,174,30,11,05:53,00:01,23:54,9,0,,10.0,5.0,1,1,1
STJ,103,21,11,06:53,00:07,23:55,73,9,Birmingham|Bristol|Cardiff|Derby|Exeter|Nottingham|Plymouth|Portsmouth|Southampton,4.0,1.0,1,0,1
STK,62,11,5,08:18,06:19,22:52,42,2,Carlisle|Newcastle,3.0,1.0,0,0,0
STL,344,51,26,22:55,00:02,23:59,41,2,London|Reading,15.0,7.0,1,1,1
STM,129,24,8,06:17,06:17,23:49,18,0,,8.0,4.0,1,1,1
STN,75,15,7,07:27,00:12,23:49,64,15,Aberdeen|Birmingham|Bristol|Derby|Edinburgh|Exeter|Glasgow|Inverness|Leeds|London|Newcastle|Peterborough|Plymouth|Sheffield|York,3.0,1.0,0,0,0
STO,142,24,10,20:44,00:08,23:48,12,0,,7.0,3.0,1,1,1
STP,195,31,14,16:37,00:12,23:59,49,4,Derby|Leicester|Nottingham|Sheffield,10.0,4.0,1,1,1
STR,5,2,1,07:04,07:04,23:00,12,1,Glasgow,0.0,0.0,0,0,0
STS,63,12,7,16:17,05:42,23:26,37,5,Bristol|Exeter|London|Plymouth|Reading,2.0,1.0,0,0,0
STT,95,13,11,13:12,05:31,23:52,23,2,Carlisle|Glasgow,4.0,2.0,1,1,1
STU,43,8,4,06:57,00:26,23:24,38,1,London,1.0,0.0,0,0,0
STV,87,15,9,21:27,00:25,23:55,17,1,Glasgow,4.0,1.0,1,0,1
STW,95,17,11,06:27,00:03,23:38,26,1,London,4.0,0.0,1,0,1
STY,79,14,7,10:10,06:09,23:34,55,2,Birmingham|London,4.0,2.0,1,1,1
STZ,174,30,11,06:09,05:40,23:59,9,0,,9.0,4.0,1,1,1
SUC,82,13,6,05:54,00:08,23:37,34,1,London,4.0,2.0,1,1,1
SUD,8,2,2,16:37,06:42,19:33,6,1,London,0.0,0.0,0,0,0
SUG,14,2,2,06:33,06:33,21:04,33,1,Swansea,0.0,0.0,0,0,0
SUM,50,11,5,06:38,06:38,23:44,7,1,Glasgow,2.0,1.0,0,0,0
SUN,242,42,16,07:37,05:42,23:57,57,5,Carlisle|London|Newcastle|Peterborough|York,13.0,1.0,1,0,1
SUO,325,61,24,22:20,00:12,23:59,72,1,London,16.0,6.0,1,1,1
SUP,84,13,6,06:33,00:10,23:54,2,0,,4.0,2.0,1,1,1
SUR,416,65,28,09:42,00:01,23:55,85,3,London|Portsmouth|Southampton,19.0,8.0,1,1,1
SUT,145,24,9,06:03,05:46,23:59,24,1,Birmingham,8.0,4.0,1,1,1
SUU,84,18,11,06:45,00:43,23:59,26,1,London,4.0,2.0,1,1,1
SUY,19,3,2,05:26,05:26,23:26,4,0,,1.0,0.0,0,0,0
SVB,24,4,5,22:10,05:48,23:08,29,1,Bristol,1.0,0.0,0,0,0
SVG,349,50,25,23:01,00:13,23:59,106,10,Aberdeen|Brighton|Cambridge|Edinburgh|Glasgow|Leeds|London|Newcastle|Peterborough|York,15.0,7.0,1,1,1
SVK,354,70,26,07:43,00:02,23:54,28,1,London,16.0,8.0,1,1,1
SVL,35,4,5,18:43,06:30,22:52,13,2,Manchester|Preston,1.0,0.0,0,0,0
SVR,49,9,7,17:07,05:55,23:43,35,2,Manchester|Preston,2.0,1.0,0,0,0
SVS,178,35,13,06:34,00:02,23:56,18,1,London,8.0,4.0,1,1,1
SWA,104,17,8,06:54,00:12,23:46,85,5,Bristol|Cardiff|London|Manchester|Reading,4.0,1.0,1,0,1
SWB,22,6,3,08:45,07:15,21:40,4,1,Peterborough,1.0,0.0,0,0,0
SWD,36,7,6,06:52,05:30,23:31,51,5,Derby|Leicester|London|Nottingham|Peterborough,1.0,0.0,0,0,0
SWE,4,2,2,07:54,07:54,16:10,14,1,Nottingham,0.0,0.0,0,0,0
SWG,46,8,4,06:52,05:00,23:32,30,2,London|Southampton,2.0,0.0,0,0,0
SWI,208,36,15,07:20,00:01,23:42,61,8,Bristol|Cardiff|Exeter|London|Plymouth|Reading|Southampton|Swansea,9.0,4.0,1,1,1
SWK,148,24,9,06:51,00:01,23:55,39,3,Brighton|Portsmouth|Southampton,8.0,3.0,1,1,1
SWL,39,6,3,05:24,05:24,23:57,4,0,,1.0,0.0,0,0,0
SWM,158,24,10,17:48,00:08,23:48,55,1,London,8.0,4.0,1,1,1
SWN,87,15,7,06:10,00:02,23:52,22,3,Leeds|Sheffield|York,4.0,2.0,1,1,1
SWO,49,10,5,16:59,00:04,23:04,20,1,London,2.0,1.0,0,0,0
SWR,34,5,3,05:45,05:45,22:51,11,0,,1.0,0.0,0,0,0
SWS,31,5,4,07:28,06:24,23:11,21,4,Birmingham|Cambridge|Leicester|Peterborough,0.0,0.0,0,0,0
SWT,89,19,9,17:36,00:34,23:59,20,3,Leeds|Manchester|York,2.0,1.0,0,0,0
SWW,30,5,3,06:45,05:33,20:55,3,0,,1.0,0.0,0,0,0
SWY,57,12,7,07:55,05:59,23:47,38,2,London|Southampton,2.0,1.0,0,0,0
SXY,43,7,5,15:45,06:51,22:53,15,2,Leeds|Sheffield,2.0,1.0,0,0,0
SYA,39,6,4,05:49,05:49,23:08,28,2,Liverpool|Manchester,2.0,1.0,0,0,0
SYB,165,29,12,06:13,00:29,23:53,54,5,Leeds|Liverpool|Manchester|Newcastle|York,7.0,3.0,1,1,1
SYD,380,64,23,08:20,00:05,23:58,39,1,London,20.0,8.0,1,1,1
SYH,156,29,10,06:42,00:13,23:47,15,1,London,8.0,4.0,1,1,1
SYL,118,22,11,15:40,00:25,23:55,30,1,London,4.0,2.0,1,1,1
SYS,34,6,3,07:14,05:55,23:00,16,2,Leicester|Nottingham,2.0,1.0,0,0,0
SYT,37,6,4,06:44,05:48,23:22,18,2,Cambridge|Norwich,2.0,1.0,0,0,0
TAB,171,30,11,06:57,05:42,23:42,38,1,Birmingham,10.0,3.0,1,1,1
TAC,15,2,2,00:19,00:19,23:35,4,0,,0.0,0.0,0,0,0
TAD,73,12,5,06:37,00:07,23:34,7,0,,4.0,0.0,1,0,1
TAF,372,66,25,13:01,00:03,23:48,34,1,Cardiff,22.0,4.0,1,1,1
TAH,87,18,8,07:29,06:20,23:28,59,16,Birmingham|Bristol|Cardiff|Coventry|Derby|Edinburgh|Exeter|Glasgow|Leeds|Newcastle|Nottingham|Plymouth|Reading|Sheffield|Southampton|York,4.0,2.0,1,1,1
TAI,13,3,3,19:07,06:29,22:45,25,1,Inverness,0.0,0.0,0,0,0
TAL,17,3,3,20:36,07:05,23:27,26,0,,0.0,0.0,0,0,0
TAM,70,10,6,05:57,05:57,23:20,17,3,Liverpool|London|Preston,2.0,0.0,0,0,0
TAP,118,23,10,22:43,00:01,23:55,22,2,London|Reading,4.0,2.0,1,1,1
TAT,35,6,2,05:44,00:10,23:38,7,0,,2.0,0.0,0,0,0
TAU,157,24,15,19:24,00:09,23:51,121,16,Aberdeen|Birmingham|Bristol|Cardiff|Derby|Edinburgh|Exeter|Glasgow|Leeds|London|Manchester|Newcastle|Plymouth|Reading|Sheffield|York,7.0,3.0,1,1,1
TAY,15,2,3,18:33,05:44,21:03,18,1,Glasgow,0.0,0.0,0,0,0
TBD,392,59,28,22:31,00:23,23:59,108,5,Brighton|Cambridge|London|Peterborough|Portsmouth,18.0,8.0,1,1,1
TBR,26,5,3,06:20,05:36,19:10,1,0,,1.0,0.0,0,0,0
TBW,106,19,8,06:56,00:06,23:50,21,1,London,4.0,1.0,1,0,1
TBY,200,36,14,08:33,05:56,23:55,75,7,Carlisle|Leeds|London|Manchester|Newcastle|Peterborough|York,12.0,6.0,1,1,1
TCR,685,133,48,07:35,00:04,23:59,40,1,Reading,32.0,16.0,1,1,1
TDU,67,12,6,08:49,06:26,23:54,19,1,Cardiff,4.0,0.0,1,0,1
TED,156,25,11,22:45,00:11,23:59,26,1,London,8.0,2.0,1,1,1
TEN,24,5,3,07:40,06:18,22:54,28,2,Cardiff|Swansea,0.0,0.0,0,0,0
TEO,75,12,5,08:35,00:19,23:47,16,1,London,3.0,1.0,0,0,0
TEY,49,10,5,07:39,00:20,23:43,35,1,London,2.0,1.0,0,0,0
TFC,108,20,9,06:37,00:31,23:43,45,2,Birmingham|Manchester,5.0,2.0,1,1,1
TGM,111,18,10,18:29,00:25,23:44,81,8,Birmingham|Bristol|Cardiff|Exeter|London|Manchester|Plymouth|Reading,4.0,2.0,1,1,1
TGS,103,18,8,20:59,05:59,23:49,10,1,Cardiff,6.0,2.0,1,1,1
THA,85,16,9,06:34,00:41,23:42,16,2,London|Reading,3.0,1.0,0,0,0
THB,99,16,9,13:18,00:16,23:48,9,1,Glasgow,3.0,1.0,0,0,0
THC,41,8,4,07:52,05:49,23:50,17,3,Leeds|Sheffield|York,2.0,1.0,0,0,0
THD,73,12,5,08:42,00:02,23:40,9,1,London,4.0,0.0,1,0,1
THE,85,16,9,06:46,00:27,23:56,16,2,London|Reading,3.0,1.0,0,0,0
THH,85,15,7,17:10,05:56,23:40,18,2,Liverpool|Preston,4.0,2.0,1,1,1
THI,87,14,7,08:59,00:07,23:40,27,6,Leeds|London|Manchester|Newcastle|Peterborough|York,4.0,2.0,1,1,1
THL,86,13,8,06:37,00:22,23:52,26,3,Birmingham|Coventry|London,4.0,2.0,1,1,1
THO,17,4,3,07:19,07:19,22:25,23,1,Bristol,1.0,0.0,0,0,0
THP,93,19,9,07:03,00:41,23:51,39,1,London,4.0,2.0,1,1,1
THS,8,1,1,06:50,06:50,22:23,25,1,Inverness,0.0,0.0,0,0,0
THT,60,6,7,16:43,00:04,23:44,9,1,Glasgow,1.0,0.0,0,0,0
THU,19,5,3,05:56,05:56,18:46,31,2,Derby|Nottingham,1.0,0.0,0,0,0
THW,130,24,9,06:54,06:08,23:42,46,1,Birmingham,8.0,0.0,1,0,1
TIL,169,28,15,16:52,00:21,23:56,23,1,London,7.0,2.0,1,1,1
TIP,72,12,5,06:27,00:20,23:56,22,1,Birmingham,4.0,0.0,1,0,1
TIR,54,9,5,21:32,00:08,23:30,30,1,Cardiff,3.0,1.0,0,0,0
TIS,53,11,6,08:22,00:04,23:03,28,2,Exeter|London,2.0,1.0,0,0,0
TLB,17,3,2,07:34,07:34,23:03,26,0,,0.0,0.0,0,0,0
TLC,13,3,2,07:08,05:24,21:27,12,0,,0.0,0.0,0,0,0
TLH,81,12,8,22:51,00:25,23:48,9,2,London|Reading,2.0,1.0,0,0,0
TLK,33,6,3,20:07,07:07,22:53,33,1,Birmingham,2.0,1.0,0,0,0
TLS,88,13,8,06:40,00:45,23:38,22,1,London,4.0,1.0,1,0,1
TMC,49,10,5,08:04,00:23,22:44,28,2,Exeter|London,2.0,0.0,0,0,0
TNA,16,3,2,07:25,07:25,22:15,13,0,,1.0,0.0,0,0,0
TNF,17,4,3,22:08,07:17,22:28,26,0,,0.0,0.0,0,0,0
TNN,37,7,4,07:23,06:10,23:32,24,1,Sheffield,2.0,1.0,0,0,0
TNP,68,12,6,14:43,00:16,23:46,18,1,Cardiff,4.0,2.0,1,1,1
TNS,19,3,4,22:11,06:06,23:08,21,3,Liverpool|Manchester|Sheffield,0.0,0.0,0,0,0
TOD,234,39,16,06:20,00:19,23:56,54,2,Leeds|Manchester,13.0,5.0,1,1,1
TOK,36,5,3,09:03,05:31,23:59,15,0,,1.0,0.0,0,0,0
TOL,71,12,6,06:22,06:22,23:47,10,1,London,4.0,2.0,1,1,1
TOM,443,79,29,17:17,00:08,23:53,34,2,Cambridge|London,24.0,12.0,1,1,1
TON,243,46,19,07:38,00:02,23:50,65,1,London,9.0,4.0,1,1,1
TOO,82,12,6,05:49,00:19,23:49,34,1,London,4.0,2.0,1,1,1
TOP,74,12,7,10:37,00:31,23:59,42,3,Bristol|Cardiff|Exeter,4.0,0.0,1,0,1
TOT,105,16,9,15:18,00:06,23:15,80,14,Aberdeen|Birmingham|Bristol|Derby|Edinburgh|Exeter|Glasgow|Leeds|London|Newcastle|Plymouth|Reading|Sheffield|York,5.0,0.0,1,0,1
TPB,270,38,20,17:08,00:14,23:58,25,1,London,11.0,3.0,1,1,1
TPC,5,2,2,07:19,07:19,17:43,16,1,Nottingham,0.0,0.0,0,0,0
TPN,68,12,6,14:23,00:26,23:56,18,1,Cardiff,4.0,2.0,1,1,1
TQY,88,13,11,18:26,00:07,23:49,51,7,Birmingham|Bristol|Cardiff|Exeter|London|Manchester|Reading,4.0,2.0,1,1,1
TRA,28,8,4,06:29,06:29,23:36,21,2,Liverpool|Manchester,1.0,0.0,0,0,0
TRB,34,6,3,14:10,00:07,23:07,18,1,Cardiff,2.0,0.0,0,0,0
TRD,99,17,7,12:25,00:18,23:20,23,1,Cardiff,5.0,0.0,1,0,1
TRE,372,66,25,13:44,00:07,23:53,34,1,Cardiff,22.0,4.0,1,1,1
TRF,372,66,24,13:27,00:11,23:57,34,1,Cardiff,22.0,4.0,1,1,1
TRH,68,12,5,13:37,00:06,23:36,18,1,Cardiff,4.0,2.0,1,1,1
TRI,124,25,10,07:26,00:08,23:53,24,3,Birmingham|Coventry|London,6.0,2.0,1,1,1
TRM,36,6,4,08:35,05:25,23:04,4,0,,2.0,1.0,0,0,0
TRN,110,19,11,17:22,00:09,23:40,27,1,Glasgow,5.0,2.0,1,1,1
TRO,124,22,10,08:58,00:25,23:58,59,6,Bristol|Cardiff|London|Portsmouth|Reading|Southampton,6.0,2.0,1,1,1
TRR,77,12,7,09:54,00:10,23:46,41,5,Bristol|Cardiff|Exeter|London|Reading,3.0,1.0,0,0,0
TRS,40,7,5,17:33,05:35,23:33,16,2,Cambridge|Peterborough,2.0,1.0,0,0,0
TRU,102,17,8,10:34,05:36,23:55,62,12,Birmingham|Bristol|Derby|Edinburgh|Exeter|Leeds|London|Newcastle|Plymouth|Reading|Sheffield|York,5.0,2.0,1,1,1
TRW,16,3,2,08:29,07:28,22:29,6,0,,1.0,0.0,0,0,0
TRY,68,12,6,14:15,00:29,23:59,18,1,Cardiff,4.0,2.0,1,1,1
TTF,79,15,8,08:27,06:06,23:35,47,8,Cambridge|Derby|Liverpool|Manchester|Norwich|Nottingham|Peterborough|Sheffield,4.0,1.0,1,0,1
TTH,221,46,18,07:53,00:05,23:37,32,1,London,10.0,5.0,1,1,1
TTN,58,14,7,08:04,01:19,23:52,38,2,London|Southampton,2.0,1.0,0,0,0
TUH,301,49,20,06:08,00:11,23:52,55,1,London,16.0,8.0,1,1,1
TUL,11,3,2,09:21,08:15,21:36,26,2,Edinburgh|Glasgow,0.0,0.0,0,0,0
TUR,75,12,5,08:37,00:17,23:45,16,1,London,3.0,1.0,0,0,0
TUT,32,6,2,06:39,06:39,22:24,27,2,Derby|Nottingham,2.0,1.0,0,0,0
TVP,100,14,9,12:11,00:24,23:29,95,16,Aberdeen|Birmingham|Bristol|Cardiff|Derby|Edinburgh|Exeter|Glasgow|Leeds|London|Manchester|Newcastle|Plymouth|Reading|Sheffield|York,3.0,1.0,0,0,0
TWB,31,6,3,05:50,05:50,23:42,9,1,Edinburgh,2.0,0.0,0,0,0
TWI,287,55,24,06:03,00:04,23:57,61,1,London,12.0,4.0,1,1,1
TWN,125,24,9,07:40,00:15,23:54,18,0,,8.0,4.0,1,1,1
TWY,273,42,19,22:16,00:02,23:57,41,2,London|Reading,12.0,4.0,1,1,1
TYC,23,7,4,07:54,00:40,22:32,38,2,Birmingham|Cardiff,0.0,0.0,0,0,0
TYG,17,3,3,20:35,07:09,23:26,26,0,,0.0,0.0,0,0,0
TYL,13,2,3,18:37,06:22,21:40,18,1,Glasgow,0.0,0.0,0,0,0
TYS,98,19,7,07:30,05:50,23:44,44,1,Birmingham,6.0,0.0,1,0,1
TYW,17,4,3,22:24,07:14,22:27,26,0,,0.0,0.0,0,0,0
UCK,19,4,2,06:33,00:17,23:22,11,1,London,1.0,0.0,0,0,0
UDD,149,23,14,12:30,00:02,23:43,35,2,Edinburgh|Glasgow,6.0,2.0,1,1,1
UHA,95,20,9,07:29,00:15,23:57,41,1,Edinburgh,4.0,2.0,1,1,1
UHL,142,24,10,20:54,00:18,23:58,12,0,,8.0,4.0,1,1,1
UIG,5,2,2,09:30,09:30,18:40,1,0,,0.0,0.0,0,0,0
ULC,16,3,2,07:20,07:20,22:19,13,0,,1.0,0.0,0,0,0
ULL,19,7,4,07:19,06:26,22:57,43,4,Leeds|Preston|Sheffield|York,0.0,0.0,0,0,0
ULP,4,0,2,10:00,09:30,17:30,2,0,,0.0,0.0,0,0,0
ULV,50,9,7,17:32,00:09,22:51,35,2,Manchester|Preston,1.0,0.0,0,0,0
UMB,34,6,3,06:08,06:08,22:49,37,1,Exeter,2.0,1.0,0,0,0
UNI,219,40,15,07:40,00:04,23:56,76,12,Birmingham|Cambridge|Cardiff|Derby|Edinburgh|Leeds|Leicester|Newcastle|Nottingham|Peterborough|Sheffield|York,12.0,6.0,1,1,1
UPH,84,18,11,06:44,00:01,23:30,26,1,London,4.0,2.0,1,1,1
UPL,56,12,6,10:05,06:29,19:59,23,1,Manchester,2.0,0.0,0,0,0
UPM,405,67,32,17:18,00:01,23:57,24,1,London,20.0,8.0,1,1,1
UPT,41,8,4,07:13,05:57,23:01,14,0,,2.0,1.0,0,0,0
UPW,73,19,10,07:28,00:16,23:16,57,3,Bristol|London|Southampton,3.0,1.0,0,0,0
URM,78,14,8,06:19,06:19,23:59,38,3,Liverpool|Manchester|Sheffield,4.0,2.0,1,1,1
UTT,32,6,2,06:49,06:49,22:14,27,2,Derby|Nottingham,2.0,1.0,0,0,0
UTY,11,3,2,08:02,08:02,21:54,26,2,Edinburgh|Glasgow,0.0,0.0,0,0,0
UWL,76,16,6,06:52,00:28,23:52,25,1,London,2.0,1.0,0,0,0
VAL,32,7,6,17:41,00:49,22:41,49,3,Birmingham|Cardiff|Manchester,0.0,0.0,0,0,0
VIC,601,101,39,22:11,00:01,23:57,204,3,Brighton|London|Portsmouth,29.0,2.0,1,1,1
VIR,171,28,13,06:10,00:01,23:55,42,1,London,8.0,2.0,1,1,1
VXH,928,166,59,17:29,00:01,23:59,108,2,London|Portsmouth,44.0,18.0,1,1,1
WAC,145,26,11,07:35,00:07,23:45,59,6,Liverpool|Manchester|Norwich|Nottingham|Peterborough|Sheffield,8.0,3.0,1,1,1
WAD,73,13,7,07:00,00:02,23:49,20,1,London,2.0,1.0,0,0,0
WAE,654,130,49,07:39,05:36,23:28,107,1,London,32.0,16.0,1,1,1
WAF,52,11,5,16:41,06:24,23:25,9,1,Edinburgh,3.0,1.0,0,0,0
WAL,150,24,12,09:40,00:13,23:54,49,3,London|Portsmouth|Southampton,8.0,3.0,1,1,1
WAM,46,8,5,18:32,00:28,23:32,34,1,London,2.0,0.0,0,0,0
WAN,79,14,6,06:10,00:01,23:33,21,1,Reading,4.0,2.0,1,1,1
WAO,125,24,9,07:24,06:13,23:59,18,0,,8.0,4.0,1,1,1
WAR,84,17,8,07:07,00:27,23:51,17,1,London,4.0,0.0,1,0,1
WAS,80,12,6,22:43,00:43,23:43,22,1,London,4.0,2.0,1,1,1
WAT,717,116,46,17:17,00:01,23:59,180,3,Exeter|Portsmouth|Southampton,34.0,0.0,1,0,1
WAV,134,23,10,06:06,00:20,23:46,36,3,Liverpool|Manchester|Preston,6.0,3.0,1,1,1
WAW,76,13,7,06:01,00:10,23:24,33,3,Liverpool|Manchester|Sheffield,4.0,2.0,1,1,1
WBC,91,16,7,18:42,00:27,23:56,33,2,Cambridge|London,3.0,1.0,0,0,0
WBD,3,1,1,08:06,08:06,20:07,10,1,Leeds,0.0,0.0,0,0,0
WBE,30,5,4,07:55,06:51,22:35,3,0,,1.0,0.0,0,0,0
WBL,45,10,5,06:49,05:50,23:38,25,2,Brighton|Portsmouth,1.0,0.0,0,0,0
WBO,82,12,6,05:58,00:28,23:58,34,1,London,4.0,2.0,1,1,1
WBP,225,44,19,07:05,00:01,23:53,32,0,,9.0,1.0,1,0,1
WBQ,157,24,13,12:27,05:57,23:50,78,10,Birmingham|Carlisle|Coventry|Edinburgh|Glasgow|Leeds|Liverpool|London|Manchester|Preston,8.0,3.0,1,1,1
WBR,56,13,5,06:06,06:06,23:49,14,1,Manchester,2.0,1.0,0,0,0
WBY,163,24,11,05:32,00:03,23:56,58,2,London|Portsmouth,7.0,3.0,1,1,1
WCB,176,33,13,07:21,00:07,23:44,59,1,London,8.0,2.0,1,1,1
WCF,340,46,25,18:58,00:06,23:51,25,1,London,13.0,4.0,1,1,1
WCH,56,10,6,19:52,00:42,23:48,30,3,Exeter|London|Reading,2.0,1.0,0,0,0
WCK,4,1,1,06:18,06:18,22:53,25,1,Inverness,0.0,0.0,0,0,0
WCL,90,12,10,12:45,00:02,23:32,20,2,Edinburgh|Glasgow,3.0,1.0,0,0,0
WCM,33,5,3,06:21,06:21,22:42,16,1,Norwich,1.0,0.0,0,0,0
WCP,85,16,8,07:28,00:07,23:35,20,1,London,4.0,2.0,1,1,1
WCR,97,21,11,07:08,06:38,23:36,10,1,Glasgow,4.0,2.0,1,1,1
WCT,41,6,4,09:27,06:15,23:51,4,0,,1.0,0.0,0,0,0
WCX,84,14,9,22:34,00:05,23:29,25,1,London,3.0,1.0,0,0,0
WCY,281,55,20,06:46,00:10,23:59,51,1,London,14.0,4.0,1,1,1
WDB,33,5,3,06:34,06:34,22:31,16,1,Norwich,1.0,0.0,0,0,0
WDD,3,1,1,07:46,07:46,19:53,8,1,Newcastle,0.0,0.0,0,0,0
WDE,33,6,3,20:09,07:07,22:56,33,1,Birmingham,2.0,1.0,0,0,0
WDH,39,7,4,07:30,05:55,23:54,22,3,Leeds|Nottingham|Sheffield,2.0,1.0,0,0,0
WDL,86,14,8,21:16,00:23,23:44,20,1,Glasgow,4.0,2.0,1,1,1
WDM,18,3,3,18:06,06:36,22:47,13,2,Manchester|Preston,0.0,0.0,0,0,0
WDN,83,15,10,06:22,00:35,23:46,41,2,Leeds|Manchester,4.0,2.0,1,1,1
WDO,178,36,14,06:37,00:18,23:56,28,1,London,8.0,4.0,1,1,1
WDS,76,15,7,07:25,06:00,23:44,19,2,Leeds|Sheffield,4.0,2.0,1,1,1
WDT,181,28,14,22:09,00:10,23:52,23,2,London|Reading,7.0,3.0,1,1,1
WDU,156,29,10,06:50,00:11,23:50,15,1,London,8.0,4.0,1,1,1
WEA,252,41,15,06:17,05:15,23:51,36,1,London,13.0,6.0,1,1,1
WEE,37,6,3,07:56,05:52,23:26,21,1,London,2.0,1.0,0,0,0
WEH,539,103,48,07:17,00:01,23:51,25,1,London,23.0,8.0,1,1,1
WEL,85,13,9,17:54,00:22,23:54,16,5,Derby|Leicester|London|Nottingham|Sheffield,4.0,2.0,1,1,1
WEM,36,7,5,06:20,00:48,23:49,51,4,Birmingham|Cardiff|Manchester|Swansea,1.0,0.0,0,0,0
WEO,12,3,2,06:35,06:35,17:58,4,0,,0.0,0.0,0,0,0
WER,2,1,1,08:06,08:06,15:49,4,0,,0.0,0.0,0,0,0
WES,229,46,18,07:28,00:08,23:46,73,1,Edinburgh,12.0,6.0,1,1,1
WET,76,17,9,07:07,06:18,23:52,13,2,Leeds|York,4.0,2.0,1,1,1
WEY,51,12,7,07:24,00:21,23:20,57,3,Bristol|London|Southampton,2.0,0.0,0,0,0
WFF,95,16,8,08:49,05:49,23:59,51,3,Carlisle|London|Preston,4.0,1.0,1,0,1
WFH,148,24,9,06:44,00:13,23:58,18,1,London,8.0,4.0,1,1,1
WFI,46,10,5,06:44,05:11,23:18,19,1,Norwich,2.0,0.0,0,0,0
WFJ,351,67,25,08:01,00:05,23:52,84,8,Birmingham|Carlisle|Coventry|Glasgow|Liverpool|London|Manchester|Preston,17.0,7.0,1,1,1
WFL,30,6,3,07:47,06:47,21:26,17,1,Nottingham,2.0,1.0,0,0,0
WFN,40,8,4,06:23,05:54,23:23,6,0,,2.0,1.0,0,0,0
WGA,52,9,5,06:35,00:58,23:18,57,1,London,1.0,0.0,0,0,0
WGC,148,27,11,06:09,00:21,23:52,70,2,Cambridge|London,6.0,1.0,1,0,1
WGN,187,35,16,07:38,00:05,23:37,75,10,Birmingham|Carlisle|Coventry|Edinburgh|Glasgow|Leeds|Liverpool|London|Manchester|Preston,9.0,3.0,1,1,1
WGR,142,24,10,20:11,05:43,23:59,12,0,,8.0,4.0,1,1,1
WGT,37,6,4,14:29,06:08,22:57,9,1,Carlisle,2.0,1.0,0,0,0
WGV,138,18,8,06:06,00:06,23:45,4,1,Reading,5.0,2.0,1,1,1
WGW,193,36,14,07:54,00:02,23:43,59,2,Leeds|Manchester,12.0,5.0,1,1,1
WHA,46,9,4,06:30,00:38,23:38,38,1,London,2.0,1.0,0,0,0
WHC,150,24,9,09:19,00:03,23:46,8,1,London,8.0,4.0,1,1,1
WHD,325,60,23,06:52,00:01,23:46,27,0,,15.0,7.0,1,1,1
WHE,72,11,7,06:26,06:26,23:48,18,1,Manchester,3.0,1.0,0,0,0
WHG,105,18,7,18:49,00:06,23:51,25,1,Manchester,6.0,3.0,1,1,1
WHI,80,14,8,06:49,00:17,23:27,57,1,London,4.0,0.0,1,0,1
WHL,174,35,13,06:29,00:07,23:51,18,1,London,8.0,4.0,1,1,1
WHM,32,6,4,15:44,05:28,23:48,23,2,Exeter|London,0.0,0.0,0,0,0
WHN,50,8,4,06:02,00:08,23:49,24,2,Liverpool|Manchester,2.0,1.0,0,0,0
WHP,340,54,22,05:24,00:06,23:59,88,2,Brighton|London,15.0,6.0,1,1,1
WHR,145,22,14,16:36,00:01,23:42,16,1,London,6.0,2.0,1,1,1
WHS,75,12,5,06:23,00:23,23:53,9,1,London,4.0,2.0,1,1,1
WHT,103,18,8,21:04,06:04,23:54,10,1,Cardiff,6.0,2.0,1,1,1
WHX,684,133,48,07:35,00:01,23:58,40,1,Reading,32.0,16.0,1,1,1
WHY,75,12,5,06:21,00:21,23:50,9,1,London,4.0,2.0,1,1,1
WIA,34,6,3,07:07,06:50,22:59,13,1,Birmingham,2.0,1.0,0,0,0
WIC,149,28,13,07:12,00:20,23:50,17,1,London,7.0,3.0,1,1,1
WID,88,15,7,07:19,00:07,23:30,46,6,Liverpool|Manchester|Norwich|Nottingham|Peterborough|Sheffield,4.0,2.0,1,1,1
WIH,117,25,11,17:13,00:08,23:46,23,1,London,4.0,2.0,1,1,1
WIJ,793,138,48,07:09,00:03,23:59,45,1,London,40.0,15.0,1,1,1
WIL,17,3,2,06:46,06:46,23:46,16,4,Birmingham|Cardiff|Derby|Nottingham,0.0,0.0,0,0,0
WIM,647,98,42,21:09,00:01,23:58,171,4,Exeter|London|Portsmouth|Southampton,32.0,14.0,1,1,1
WIN,207,39,17,08:06,00:12,23:35,71,11,Birmingham|Coventry|Derby|London|Manchester|Newcastle|Portsmouth|Reading|Sheffield|Southampton|York,9.0,2.0,1,1,1
WIS,27,6,3,09:10,06:10,23:27,4,1,Peterborough,1.0,0.0,0,0,0
WIV,83,13,6,06:23,00:30,23:28,22,1,London,4.0,1.0,1,0,1
WKB,43,6,5,22:17,00:07,23:36,14,1,Glasgow,2.0,0.0,0,0,0
WKD,140,26,12,07:43,00:17,23:59,47,2,Leeds|Manchester,8.0,3.0,1,1,1
WKF,238,41,16,13:36,00:07,23:49,82,15,Aberdeen|Birmingham|Bristol|Cardiff|Derby|Edinburgh|Exeter|Glasgow|Leeds|London|Newcastle|Peterborough|Plymouth|Sheffield|York,12.0,5.0,1,1,1
WKG,39,6,4,08:55,05:29,23:50,12,1,Carlisle,0.0,0.0,0,0,0
WKI,59,12,4,06:51,00:07,23:37,14,1,Liverpool,3.0,0.0,0,0,0
WKK,191,34,15,15:33,00:07,23:30,49,7,Leeds|London|Manchester|Nottingham|Peterborough|Sheffield|York,10.0,4.0,1,1,1
WKM,160,25,13,06:34,00:06,23:55,37,2,London|Reading,8.0,4.0,1,1,1
WLC,114,21,9,09:05,00:08,23:33,33,2,Cambridge|London,6.0,3.0,1,1,1
WLD,50,9,5,15:53,00:21,23:22,19,1,London,2.0,1.0,0,0,0
WLE,26,7,6,07:21,05:58,22:28,35,8,Birmingham|Cambridge|Leicester|Liverpool|Manchester|Nottingham|Peterborough|Sheffield,1.0,0.0,0,0,0
WLF,116,20,9,16:29,00:36,23:56,40,3,Cambridge|London|Norwich,6.0,2.0,1,1,1
WLG,120,23,8,07:27,00:08,23:38,10,1,Liverpool,7.0,0.0,1,0,1
WLI,213,38,15,07:08,00:12,23:59,38,1,London,10.0,3.0,1,1,1
WLM,97,21,11,07:10,06:35,23:38,10,1,Glasgow,4.0,2.0,1,1,1
WLN,108,21,9,06:44,00:40,23:51,45,2,Birmingham|Manchester,6.0,3.0,1,1,1
WLO,144,24,9,06:05,06:05,23:56,16,0,,8.0,4.0,1,1,1
WLP,27,6,4,18:53,06:46,22:13,14,1,Birmingham,1.0,0.0,0,0,0
WLS,106,21,9,07:34,05:50,23:32,45,3,Brighton|Portsmouth|Southampton,5.0,2.0,1,1,1
WLT,179,37,15,06:57,00:22,23:52,28,1,London,8.0,4.0,1,1,1
WLV,120,23,8,07:29,00:07,23:37,10,1,Liverpool,7.0,0.0,1,0,1
WLW,93,17,7,06:15,00:24,23:46,19,2,Cambridge|London,4.0,2.0,1,1,1
WLY,77,16,7,06:23,06:23,21:45,9,1,Manchester,3.0,1.0,0,0,0
WMA,110,21,9,16:17,00:19,23:25,30,1,London,4.0,2.0,1,1,1
WMB,347,60,23,07:03,00:02,23:58,30,1,London,17.0,8.0,1,1,1
WMC,57,8,5,13:50,06:13,23:37,55,2,Birmingham|London,2.0,1.0,0,0,0
WMD,45,8,5,17:04,05:45,23:57,41,7,Cambridge|Liverpool|Manchester|Norwich|Nottingham|Peterborough|Sheffield,2.0,1.0,0,0,0
WME,73,12,5,06:25,00:26,23:54,7,0,,4.0,2.0,1,1,1
WMG,106,23,9,07:09,00:13,23:43,18,1,London,4.0,2.0,1,1,1
WMI,67,12,6,08:43,06:32,23:47,19,1,Cardiff,4.0,0.0,1,0,1
WML,213,39,16,16:48,00:02,23:50,93,7,Birmingham|Cardiff|Coventry|Liverpool|London|Manchester|Swansea,12.0,6.0,1,1,1
WMN,71,12,7,09:14,05:31,23:21,41,4,Bristol|Cardiff|Portsmouth|Southampton,1.0,0.0,0,0,0
WMR,68,14,6,07:21,05:38,23:45,34,1,Birmingham,4.0,0.0,1,0,1
WMS,48,9,4,07:15,06:27,23:45,15,1,Glasgow,3.0,1.0,0,0,0
WMW,142,24,10,20:01,00:03,23:49,12,0,,8.0,4.0,1,1,1
WNC,55,9,3,05:40,05:36,23:56,1,0,,3.0,0.0,0,0,0
WND,69,14,7,07:19,00:46,23:46,10,1,London,2.0,1.0,0,0,0
WNE,29,7,3,08:07,06:24,23:24,17,4,Birmingham|Cardiff|Derby|Nottingham,1.0,0.0,0,0,0
WNF,74,15,7,08:36,00:22,23:56,30,3,London|Portsmouth|Southampton,4.0,2.0,1,1,1
WNG,98,18,7,13:45,06:20,23:50,23,1,Cardiff,6.0,0.0,1,0,1
WNH,35,6,3,07:22,00:44,23:57,18,1,London,2.0,1.0,0,0,0
WNL,69,13,6,07:58,06:27,23:26,14,1,Glasgow,4.0,1.0,1,0,1
WNM,55,11,6,07:33,05:33,23:35,62,6,Bristol|Cardiff|Exeter|London|Plymouth|Reading,2.0,1.0,0,0,0
WNN,16,3,2,07:12,06:06,21:56,16,1,Leeds,0.0,0.0,0,0,0
WNP,142,24,10,20:08,05:46,23:57,12,0,,8.0,4.0,1,1,1
WNR,38,7,3,06:56,00:26,23:56,13,1,London,2.0,0.0,0,0,0
WNS,81,14,7,06:37,00:32,23:30,33,1,London,4.0,2.0,1,1,1
WNT,222,46,19,18:28,00:02,23:43,45,1,London,4.0,0.0,1,0,1
WNW,200,36,13,06:13,00:26,23:56,24,1,London,12.0,4.0,1,1,1
WNY,44,7,3,06:24,00:15,23:52,11,1,London,2.0,1.0,0,0,0
WOB,34,5,3,07:29,05:28,23:09,11,0,,1.0,0.0,0,0,0
WOF,116,22,9,07:27,05:59,23:38,77,4,Birmingham|Bristol|London|Reading,5.0,1.0,1,0,1
WOH,76,16,6,06:56,00:32,23:56,25,1,London,2.0,1.0,0,0,0
WOK,541,95,41,09:23,00:01,23:58,123,4,Exeter|London|Portsmouth|Southampton,26.0,10.0,1,1,1
WOL,89,15,7,06:37,00:23,23:52,27,3,Birmingham|Coventry|London,4.0,2.0,1,1,1
WOM,76,12,7,05:28,05:28,23:54,22,2,Leeds|Sheffield,4.0,2.0,1,1,1
WON,20,4,2,05:33,05:33,23:50,19,1,London,1.0,0.0,0,0,0
WOO,61,17,9,07:49,06:20,23:55,35,2,London|Southampton,2.0,1.0,0,0,0
WOP,70,11,7,10:13,01:41,23:12,79,16,Aberdeen|Birmingham|Bristol|Cambridge|Cardiff|Derby|Edinburgh|Exeter|Glasgow|Leeds|Leicester|Newcastle|Nottingham|Peterborough|Sheffield|York,3.0,1.0,0,0,0
WOR,123,20,9,07:45,00:09,23:36,66,6,Bristol|Cardiff|Exeter|London|Plymouth|Reading,6.0,2.0,1,1,1
WOS,112,22,9,06:41,00:01,23:59,75,4,Birmingham|Bristol|London|Reading,5.0,2.0,1,1,1
WPE,585,96,35,22:56,00:03,23:59,29,0,,32.0,16.0,1,1,1
WPH,43,8,4,06:07,01:06,23:54,27,2,London|Reading,2.0,0.0,0,0,0
WPL,58,13,6,06:22,05:19,23:59,37,3,London|Portsmouth|Southampton,2.0,1.0,0,0,0
WRB,43,9,4,07:09,05:35,23:44,26,2,Cambridge|London,2.0,1.0,0,0,0
WRE,25,3,3,06:03,00:01,23:31,24,2,Birmingham|Cardiff,0.0,0.0,0,0,0
WRH,213,36,14,07:13,00:08,23:46,51,4,Brighton|London|Portsmouth|Southampton,12.0,6.0,1,1,1
WRK,58,10,6,06:15,06:15,23:31,39,3,Leeds|Nottingham|Sheffield,3.0,1.0,0,0,0
WRL,42,10,5,18:41,06:01,22:55,25,2,Carlisle|Newcastle,2.0,1.0,0,0,0
WRM,81,20,9,07:56,06:27,23:49,35,2,London|Southampton,4.0,2.0,1,1,1
WRN,35,5,3,06:01,06:01,23:52,9,1,Norwich,1.0,0.0,0,0,0
WRP,72,13,5,06:38,00:01,23:39,36,2,Birmingham|London,4.0,2.0,1,1,1
WRS,7,2,1,06:14,06:14,20:22,17,1,York,0.0,0.0,0,0,0
WRT,32,5,3,06:02,06:02,23:08,9,1,Norwich,1.0,0.0,0,0,0
WRU,41,7,6,22:54,00:32,23:39,24,1,London,1.0,0.0,0,0,0
WRW,96,20,8,07:01,00:04,23:34,45,2,Birmingham|London,4.0,2.0,1,1,1
WRX,98,18,9,09:06,00:10,23:56,64,5,Birmingham|Cardiff|Liverpool|London|Manchester,5.0,1.0,1,0,1
WRY,75,13,6,08:34,00:16,23:46,13,1,London,4.0,2.0,1,1,1
WSA,69,11,5,06:27,06:06,23:51,23,2,Liverpool|Manchester,3.0,1.0,0,0,0
WSB,145,21,11,06:22,00:35,23:54,74,8,Bristol|Cardiff|Exeter|London|Plymouth|Portsmouth|Reading|Southampton,6.0,2.0,1,1,1
WSE,36,6,3,08:53,05:39,23:52,15,0,,2.0,1.0,0,0,0
WSF,36,6,2,05:44,00:09,23:09,12,2,Birmingham|Liverpool,2.0,1.0,0,0,0
WSH,114,18,10,15:43,00:07,23:56,26,2,Edinburgh|Glasgow,5.0,2.0,1,1,1
WSL,105,18,7,06:52,05:46,23:49,37,3,Birmingham|Coventry|London,6.0,2.0,1,1,1
WSM,107,16,8,05:30,00:15,23:48,77,8,Birmingham|Bristol|Cardiff|Exeter|London|Manchester|Plymouth|Reading,4.0,2.0,1,1,1
WSR,83,16,9,17:21,00:15,23:45,14,1,Manchester,4.0,2.0,1,1,1
WST,150,24,9,06:49,00:06,23:49,8,1,London,8.0,4.0,1,1,1
WSU,82,13,6,05:52,00:11,23:40,34,1,London,4.0,2.0,1,1,1
WSW,189,41,16,07:09,00:07,23:52,27,1,London,8.0,2.0,1,1,1
WTA,55,7,7,17:39,00:20,23:26,24,2,Edinburgh|Glasgow,2.0,1.0,0,0,0
WTB,6,2,1,07:24,07:16,22:04,27,1,Newcastle,0.0,0.0,0,0,0
WTC,50,9,5,06:11,01:00,23:55,60,4,Birmingham|Cardiff|Manchester|Swansea,1.0,0.0,0,0,0
WTE,49,9,4,06:26,06:26,23:57,33,1,Birmingham,3.0,1.0,0,0,0
WTG,63,10,5,06:56,00:19,23:29,16,2,Cambridge|London,2.0,1.0,0,0,0
WTH,30,5,4,15:30,05:08,23:25,18,1,Carlisle,1.0,0.0,0,0,0
WTI,79,13,7,06:39,00:34,23:32,19,1,London,4.0,2.0,1,1,1
WTL,65,10,7,10:46,00:06,23:24,52,3,Cardiff|Manchester|Swansea,2.0,1.0,0,0,0
WTM,171,31,14,06:48,00:01,23:50,32,2,London|Norwich,8.0,3.0,1,1,1
WTN,110,25,10,08:52,00:31,23:59,31,1,London,4.0,2.0,1,1,1
WTO,19,4,4,17:19,07:35,21:03,18,4,Birmingham|Derby|Leicester|Nottingham,1.0,0.0,0,0,0
WTR,69,12,5,07:09,05:05,23:07,16,0,,4.0,2.0,1,1,1
WTS,38,6,4,22:32,06:02,23:35,29,2,Derby|Nottingham,2.0,1.0,0,0,0
WTT,72,12,5,22:40,06:10,23:48,22,1,Birmingham,4.0,0.0,1,0,1
WTY,57,12,6,06:20,00:21,23:57,29,3,London|Portsmouth|Southampton,2.0,1.0,0,0,0
WVF,170,25,16,22:41,00:01,23:57,72,3,Brighton|Cambridge|London,8.0,4.0,1,1,1
WVH,361,63,25,06:42,00:02,23:48,116,13,Birmingham|Bristol|Carlisle|Coventry|Edinburgh|Exeter|Glasgow|Liverpool|London|Manchester|Preston|Reading|Southampton,20.0,9.0,1,1,1
WWA,246,47,17,07:02,00:24,23:59,59,1,London,11.0,3.0,1,1,1
WWC,347,65,24,07:37,00:01,23:53,27,1,Reading,16.0,8.0,1,1,1
WWD,176,34,13,06:59,00:01,23:51,32,1,London,8.0,2.0,1,1,1
WWI,145,25,9,07:00,00:04,23:39,14,1,London,8.0,4.0,1,1,1
WWL,20,4,3,21:52,06:14,22:50,12,1,Nottingham,0.0,0.0,0,0,0
WWO,142,24,10,07:19,00:05,23:48,48,4,Brighton|London|Portsmouth|Southampton,8.0,4.0,1,1,1
WWR,145,24,9,11:29,00:12,23:58,18,0,,8.0,4.0,1,1,1
WWW,33,6,3,20:13,06:55,23:07,33,1,Birmingham,2.0,1.0,0,0,0
WXC,15,3,2,08:28,08:26,21:52,14,0,,0.0,0.0,0,0,0
WYB,190,31,14,09:36,00:08,23:57,67,3,London|Portsmouth|Southampton,10.0,3.0,1,1,1
WYE,49,10,5,07:19,00:05,23:22,38,1,London,2.0,1.0,0,0,0
WYL,144,24,9,05:56,05:56,23:56,24,1,Birmingham,8.0,4.0,1,1,1
WYM,45,9,5,06:27,00:05,23:21,32,2,Carlisle|Newcastle,2.0,0.0,0,0,0
WYT,34,6,3,20:02,07:02,23:07,33,1,Birmingham,2.0,1.0,0,0,0
XAA,6,1,1,06:43,06:43,19:33,4,0,,0.0,0.0,0,0,0
XAV,14,3,2,08:02,06:48,23:22,1,0,,0.0,0.0,0,0,0
XAZ,4,1,1,06:28,06:28,19:10,3,0,,0.0,0.0,0,0,0
XBV,21,4,2,05:40,00:19,22:30,4,0,,1.0,0.0,0,0,0
XCF,18,3,1,05:35,05:35,23:23,1,0,,1.0,0.0,0,0,0
XCG,32,8,6,07:00,07:00,19:35,7,0,,0.0,0.0,0,0,0
XCV,7,1,2,06:20,06:20,19:26,3,0,,0.0,0.0,0,0,0
XDY,42,7,4,09:49,00:07,22:42,4,0,,2.0,1.0,0,0,0
XEE,10,2,1,06:28,06:28,20:12,3,0,,0.0,0.0,0,0,0
XLB,26,6,3,06:40,05:35,23:18,1,1,Leeds,1.0,0.0,0,0,0
XRO,35,7,3,06:25,06:25,23:20,20,2,Leeds|Sheffield,1.0,0.0,0,0,0
XSC,13,3,2,06:45,06:45,20:03,2,0,,0.0,0.0,0,0,0
YAE,65,12,6,08:03,06:29,23:08,42,2,Bristol|Exeter,2.0,1.0,0,0,0
YAL,69,12,6,18:44,05:08,23:11,16,0,,4.0,2.0,1,1,1
YAT,98,17,8,07:36,00:03,23:50,65,6,Bristol|Cardiff|Exeter|London|Plymouth|Reading,5.0,1.0,1,0,1
YEO,33,6,3,06:31,06:31,23:20,37,1,Exeter,2.0,1.0,0,0,0
YET,18,4,3,07:16,07:16,22:28,23,1,Bristol,1.0,0.0,0,0,0
YMH,14,2,1,06:55,06:45,21:05,1,0,,0.0,0.0,0,0,0
YNW,68,12,6,14:12,00:02,23:03,18,1,Cardiff,4.0,2.0,1,1,1
YOK,132,24,9,06:44,05:56,23:56,64,1,Edinburgh,8.0,4.0,1,1,1
YRD,63,12,5,06:32,06:32,23:52,33,1,Birmingham,4.0,2.0,1,1,1
YRK,485,83,33,07:46,00:02,23:54,165,19,Aberdeen|Birmingham|Bristol|Cardiff|Derby|Edinburgh|Exeter|Glasgow|Inverness|Leeds|Liverpool|London|Manchester|Newcastle|Peterborough|Plymouth|Preston|Reading|Sheffield,25.0,8.0,1,1,1
YRM,67,12,6,06:33,06:11,23:45,17,3,Leeds|Manchester|York,4.0,2.0,1,1,1
YRT,25,4,3,05:40,00:43,23:54,24,2,Birmingham|Cardiff,1.0,0.0,0,0,0
YSM,141,27,10,06:55,00:09,23:57,30,1,Cardiff,9.0,4.0,1,1,1
YSR,68,12,6,14:22,00:23,23:53,18,1,Cardiff,4.0,2.0,1,1,1
YST,23,3,3,15:35,07:48,21:07,2,0,,1.0,0.0,0,0,0
YVJ,66,13,6,06:54,00:09,23:31,29,2,Exeter|London,3.0,1.0,0,0,0
YVP,42,7,5,06:58,05:41,22:21,38,2,Bristol|London,1.0,0.0,0,0,0
ZCW,585,96,34,22:46,00:01,23:57,29,0,,32.0,16.0,1,1,1
ZET,2,0,2,05:20,05:20,05:46,3,0,,0.0,0.0,0,0,0
ZFD,605,112,41,07:41,00:06,23:58,136,4,Brighton|Cambridge|London|Peterborough,28.0,14.0,1,1,1
ZLW,585,96,34,22:52,00:01,23:59,29,0,,32.0,16.0,1,1,1
